20241015,门头沟,滨河西区,101126937511,永兴小区  中间楼层  全明格局 两室一厅必看好房,225万,28327元/平,中楼层 (共6层) 2室1厅 | 79.43平米 | 南,https://ke-image.ljcdn.com/110000-inspection/08897aee-278d-4e0c-976d-ce2db6367398_1000.jpg!m_fill,w_280,h_210,f_jpg?from=ke.com
20241015,门头沟,滨河西区,101126895617,承泽苑中间层两居室南北通透精装修。必看好房,276万,34197元/平,中楼层 (共6层) 2室1厅 | 80.71平米 | 南 北,https://ke-image.ljcdn.com/110000-inspection/709c1ddb-0ad5-4088-a482-ac68f2bece48_1000.jpg!m_fill,w_280,h_210,f_jpg?from=ke.com
20241015,门头沟,滨河西区,101126829929,永兴小区 低楼层 精装修 大两居室必看好房,245万,29687元/平,底层 (共6层) 2室1厅 | 82.53平米 | 南 北,https://ke-image.ljcdn.com/110000-inspection/b756807f-cb82-47eb-a59a-eda94a358a70_1000.jpg!m_fill,w_280,h_210,f_jpg?from=ke.com
20241015,门头沟,滨河西区,101126804340,永兴小区  南北通透户型好采光好视野好必看好房,199万,25210元/平,顶层 (共6层) | 1996年 | 2室1厅 | 78.94平米 | 南 北,https://ke-image.ljcdn.com/110000-inspection/pc1_8ZUdfjZI5.jpg!m_fill,w_280,h_210,f_jpg?from=ke.com
20241015,门头沟,滨河西区,101126665692,新桥南大街 出行购物都方便  南北通透必看好房,183万,30114元/平,底层 (共6层) 2室1厅 | 60.77平米 | 南 北,https://ke-image.ljcdn.com/110000-inspection/ad332507-fb2f-4c97-83dc-81c45965b0e6_1000.jpg!m_fill,w_280,h_210,f_jpg?from=ke.com
20241015,门头沟,滨河西区,101126958327,低楼层经典户型南北通透两居室必看好房,195万,28364元/平,低楼层 (共6层) | 1997年 | 2室1厅 | 68.75平米 | 南 北,https://ke-image.ljcdn.com/110000-inspection/a88ff113-d5f1-4fac-aa36-c7b79348fe7e_1000.jpg!m_fill,w_280,h_210,f_jpg?from=ke.com
20241015,门头沟,滨河西区,101126844865,葡东小区 2室1厅 南 北必看好房,205万,29819元/平,底层 (共6层) 2室1厅 | 68.75平米 | 南 北,https://ke-image.ljcdn.com/110000-inspection/179dd4b1-694b-4af1-81b7-b812e3d1b803_1000.jpg!m_fill,w_280,h_210,f_jpg?from=ke.com
20241015,门头沟,滨河西区,101126820670,滨河德露苑户型方正合理明厨明卫,258万,31096元/平,低楼层 (共7层) | 1999年 | 2室1厅 | 82.97平米 | 南 北,https://ke-image.ljcdn.com/110000-inspection/pc1_zn1cRFRaq.jpg!m_fill,w_280,h_210,f_jpg?from=ke.com
20241015,门头沟,滨河西区,101126658230,滨河绮霞苑 大2居 南北通透 视野开阔必看好房,341万,36969元/平,高楼层 (共18层) 2室1厅 | 92.24平米 | 南 北,https://ke-image.ljcdn.com/110000-inspection/pc1_gRvUjQWDC.jpg!m_fill,w_280,h_210,f_jpg?from=ke.com
20241015,门头沟,滨河西区,101126609237,合景领汇长安   精装修   南北通透必看好房,348万,43096元/平,低楼层 (共10层) 3室2厅 | 80.75平米 | 南 北,https://ke-image.ljcdn.com/110000-inspection/25ec1e04-dc83-4f1f-bb29-c6efa1546830_1000.jpg!m_fill,w_280,h_210,f_jpg?from=ke.com
20241015,门头沟,滨河西区,101126539029,月季园东里 1室1厅 南必看好房,110万,26398元/平,顶层 (共6层) | 1993年 | 1室1厅 | 41.67平米 | 南,https://ke-image.ljcdn.com/110000-inspection/pc1_1sYTozyF7_1.jpg!m_fill,w_280,h_210,f_jpg?from=ke.com
20241015,门头沟,滨河西区,101126362230,德露苑 2室1厅 南,227万,31793元/平,中楼层 (共6层) 2室1厅 | 71.4平米 | 南,https://ke-image.ljcdn.com/110000-inspection/ed3ebc9c-c32b-4f77-9cd4-7c78d81dbabc_1000.jpg!m_fill,w_280,h_210,f_jpg?from=ke.com
20241015,门头沟,滨河西区,101126318455,月季园东里小两居 满五唯一  带电梯必看好房,149万,26219元/平,高楼层 (共6层) 2室1厅 | 56.83平米 | 东 西,https://ke-image.ljcdn.com/110000-inspection/pc1_R0MNmBKxK_1.jpg!m_fill,w_280,h_210,f_jpg?from=ke.com
20241015,门头沟,滨河西区,101126168167,葡东小区 南北通透 精装修 中间楼层必看好房,219万,31855元/平,中楼层 (共6层) | 1997年 | 2室1厅 | 68.75平米 | 南 北,https://ke-image.ljcdn.com/110000-inspection/e6c52ce3-d1eb-4c18-a070-9f47946292e9_1000.jpg!m_fill,w_280,h_210,f_jpg?from=ke.com
20241015,门头沟,滨河西区,101126151584,门头沟月季园 2室1厅 南 北必看好房,178万,28962元/平,中楼层 (共6层) | 1990年 | 2室1厅 | 61.46平米 | 南 北,https://ke-image.ljcdn.com/110000-inspection/pc1_0cYRPKzBn_1.jpg!m_fill,w_280,h_210,f_jpg?from=ke.com
20241015,门头沟,滨河西区,101126039542,门头沟区双峪路小区两居室南北通透看房方便。,155万,28747元/平,中楼层 (共5层) 2室1厅 | 53.92平米 | 南 北,https://ke-image.ljcdn.com/110000-inspection/f569a49c-42b5-4865-81ed-35c8cfd0ac27_1000.jpg!m_fill,w_280,h_210,f_jpg?from=ke.com
20241015,门头沟,滨河西区,101126003920,葡山公园边正规2居室明厨明卫价位合适满五唯一,159万,25008元/平,中楼层 (共6层) 2室1厅 | 63.58平米 | 北 南,https://ke-image.ljcdn.com/110000-inspection/pc1_vVuU05LzG_1.jpg!m_fill,w_280,h_210,f_jpg?from=ke.com
20241015,门头沟,滨河西区,101125956360,南北通透的三居室交通便利有幼儿园和超市商城。必看好房,296万,31080元/平,高楼层 (共6层) | 2002年 | 3室1厅 | 95.24平米 | 南 北,https://ke-image.ljcdn.com/110000-inspection/23f3ffd4-8160-4755-8996-18a9956c299d_1000.jpg!m_fill,w_280,h_210,f_jpg?from=ke.com
20241015,门头沟,滨河西区,101125955749,合景·领汇长安 南北通透  精装小洋房 近地铁必看好房,456万,52139元/平,中楼层 (共10层) 3室2厅 | 87.46平米 | 南 北,https://ke-image.ljcdn.com/110000-inspection/pc1_y4o1COQya_1.jpg!m_fill,w_280,h_210,f_jpg?from=ke.com
20241015,门头沟,滨河西区,101125396816,月季园小区南北通透带客厅两居室明厨明卫必看好房,208万,23640元/平,中楼层 (共6层) | 1993年 | 2室1厅 | 87.99平米 | 南 北,https://ke-image.ljcdn.com/110000-inspection/387e90f8-9206-49fe-a8e7-43b8610b0685_1000.jpg!m_fill,w_280,h_210,f_jpg?from=ke.com
20241015,门头沟,滨河西区,101124907075,滨河居住区绮霞苑满五年位置好人车分流,268万,35724元/平,底层 (共15层) | 2003年 | 2室1厅 | 75.02平米 | 南,https://ke-image.ljcdn.com/110000-inspection/7b7e789e-1c60-4055-9b18-dd1ab8c12c1f_1000.jpg!m_fill,w_280,h_210,f_jpg?from=ke.com
20241015,门头沟,滨河西区,101124163710,滨河西区皓月园正规两室一厅户型方正,265万,32444元/平,中楼层 (共14层) | 2006年 | 2室1厅 | 81.68平米 | 东,https://ke-image.ljcdn.com/110000-inspection/b309a23c-c915-481c-9e1b-bd73f8e30ecb_1000.jpg!m_fill,w_280,h_210,f_jpg?from=ke.com
20241015,门头沟,滨河西区,101123875657,滨河含晖苑四居室中高楼层户型方正,514万,34947元/平,中楼层 (共10层) 4室1厅 | 147.08平米 | 南 北,https://ke-image.ljcdn.com/110000-inspection/pc1_BN6bsX5mE.jpg!m_fill,w_280,h_210,f_jpg?from=ke.com
20241015,门头沟,滨河西区,101123576626,门头沟月季园 2室1厅 南 北必看好房,155万,23883元/平,顶层 (共6层) 2室1厅 | 64.9平米 | 南 北,https://ke-image.ljcdn.com/110000-inspection/bc68b580-6ccf-4832-a71c-7d085a2b3116_1000.jpg!m_fill,w_280,h_210,f_jpg?from=ke.com
20241015,门头沟,滨河西区,101127021570,月季园东里 社区环境优美 小区管严格 配套完善必看好房,159万,27979元/平,底层 (共6层) | 1995年 | 2室1厅 | 56.83平米 | 东 西,https://ke-image.ljcdn.com/110000-inspection/6679c552-7837-433f-8096-b61a96ac4e6a_1000.jpg!m_fill,w_280,h_210,f_jpg?from=ke.com
20241015,门头沟,滨河西区,101126986610,永兴小区低楼层两居室 进出方便必看好房,215万,25964元/平,底层 (共6层) 2室1厅 | 82.81平米 | 东 西,https://ke-image.ljcdn.com/110000-inspection/pc1_5eh90DFLI.jpg!m_fill,w_280,h_210,f_jpg?from=ke.com
20241015,门头沟,滨河西区,101126982277,永兴小区东西通透两居室 采光充足 全天有阳光必看好房,200万,24152元/平,高楼层 (共6层) 2室1厅 | 82.81平米 | 东 西,https://ke-image.ljcdn.com/110000-inspection/pc1_ZImQtVyxI.jpg!m_fill,w_280,h_210,f_jpg?from=ke.com
20241015,门头沟,滨河西区,101126752397,倚山嘉园电梯房一室一厅落地阳台。必看好房,205万,28580元/平,中楼层 (共11层) | 2005年 | 1室1厅 | 71.73平米 | 东,https://ke-image.ljcdn.com/110000-inspection/f90b6ec9-e4a0-4103-8e4e-4285ee0a610e_1000.jpg!m_fill,w_280,h_210,f_jpg?from=ke.com
20241015,门头沟,滨河西区,101126555816,永兴小区全明格局二居室中楼层精装修必看好房,229万,30420元/平,中楼层 (共6层) 2室1厅 | 75.28平米 | 南 北,https://ke-image.ljcdn.com/110000-inspection/pc1_0OFQiAbil.jpg!m_fill,w_280,h_210,f_jpg?from=ke.com
20241015,门头沟,滨河西区,101126488640,永兴小区边户中间楼层客厅带窗采光好必看好房,228万,30287元/平,中楼层 (共6层) 2室1厅 | 75.28平米 | 东 南 北,https://ke-image.ljcdn.com/110000-inspection/pc1_Ul95Rs6dM.jpg!m_fill,w_280,h_210,f_jpg?from=ke.com
20241015,门头沟,滨河西区,101126418161,房子满五唯一   无遮挡  交通便利必看好房,416万,25351元/平,顶层 (共6层) 4室2厅 | 164.1平米 | 南 北,https://ke-image.ljcdn.com/110000-inspection/pc1_UqBdCmHun_1.jpg!m_fill,w_280,h_210,f_jpg?from=ke.com
20241015,门头沟,滨河西区,101126412853,绮霞苑高楼层三居室 精装修 南北通透必看好房,356万,35147元/平,顶层 (共15层) | 2003年 | 3室1厅 | 101.29平米 | 南 北,https://ke-image.ljcdn.com/110000-inspection/pc1_GwKOZZVfX_1.jpg!m_fill,w_280,h_210,f_jpg?from=ke.com
20241015,门头沟,滨河西区,101126235351,滨河临镜苑 南北通透 安静 出入方便必看好房,339万,40903元/平,底层 (共6层) 2室1厅 | 82.88平米 | 南 北,https://ke-image.ljcdn.com/110000-inspection/1f26c636-b1ea-4bdd-92ff-86402c202baf_1000.jpg!m_fill,w_280,h_210,f_jpg?from=ke.com
20241015,门头沟,滨河西区,101126174935,门头沟月季园 4室1厅 南 北必看好房,348万,38067元/平,底层 (共6层) 4室1厅 | 91.42平米 | 南 北,https://ke-image.ljcdn.com/110000-inspection/eb5cf694-1241-4d8a-baf9-1343ac06f30c_1000.jpg!m_fill,w_280,h_210,f_jpg?from=ke.com
20241015,门头沟,滨河西区,101126171653,双峪路小区 南北通透小三居 小区安静 适合居住必看好房,149万,26330元/平,中楼层 (共5层) | 1981年 | 2室1厅 | 56.59平米 | 南 北,https://ke-image.ljcdn.com/110000-inspection/pc1_8OpWDRSlW.jpg!m_fill,w_280,h_210,f_jpg?from=ke.com
20241015,门头沟,滨河西区,101125827244,月季园东里有电梯 户型合理 配套齐全必看好房,183万,31689元/平,高楼层 (共6层) 2室1厅 | 57.75平米 | 南 北,https://ke-image.ljcdn.com/110000-inspection/4394cb77-a264-4ea0-849a-03500a1df8ef_1000.jpg!m_fill,w_280,h_210,f_jpg?from=ke.com
20241015,门头沟,滨河西区,101125437514,新桥南大街小区环境好封闭管理集中供暖,125万,22156元/平,顶层 (共6层) | 1991年 | 2室1厅 | 56.42平米 | 南 北,https://ke-image.ljcdn.com/110000-inspection/4979235d-b660-464b-bb01-21d6f9475c80_1000.jpg!m_fill,w_280,h_210,f_jpg?from=ke.com
20241015,门头沟,滨河西区,101125298725,滨河居住区承泽苑南向正规一居室,168万,27110元/平,顶层 (共6层) 1室1厅 | 61.97平米 | 南,https://ke-image.ljcdn.com/110000-inspection/pc1_pttPtbzWx.jpg!m_fill,w_280,h_210,f_jpg?from=ke.com
20241015,门头沟,滨河西区,101125264926,滨河晗晖苑 满五唯一 复式格局必看好房,487万,30273元/平,中楼层 (共14层) 3室2厅 | 160.87平米 | 南 北,https://ke-image.ljcdn.com/110000-inspection/3ddc9412-c9e4-4332-8648-9f9eb4b312ae_1000.jpg!m_fill,w_280,h_210,f_jpg?from=ke.com
20241015,门头沟,滨河西区,101124605103,门头沟月季园 2室1厅 南 北必看好房,178万,26727元/平,低楼层 (共6层) 2室1厅 | 66.6平米 | 南 北,https://ke-image.ljcdn.com/110000-inspection/pc1_98OLM8Pzh_1.jpg!m_fill,w_280,h_210,f_jpg?from=ke.com
20241015,门头沟,滨河西区,101124107452,滨河西区皓月园小户型满五唯一诚心出售电梯房必看好房,128万,24682元/平,顶层 (共14层) 1室1厅 | 51.86平米 | 北,https://ke-image.ljcdn.com/110000-inspection/1d2da218-2468-436b-a20c-87f9417b7530_1000.jpg!m_fill,w_280,h_210,f_jpg?from=ke.com
20241015,门头沟,滨河西区,101123789112,倚山嘉园 满五唯一 楼层好 视野宽阔 交通便利必看好房,293万,30986元/平,中楼层 (共14层) | 2005年 | 2室1厅 | 94.56平米 | 南,https://ke-image.ljcdn.com/110000-inspection/pc1_hathvrcie.jpg!m_fill,w_280,h_210,f_jpg?from=ke.com
20241015,门头沟,滨河西区,101123217789,永兴嘉园 2+1户型 精装修 无遮挡必看好房,399万,29969元/平,中楼层 (共14层) 3室2厅 | 133.14平米 | 东 北,https://ke-image.ljcdn.com/110000-inspection/eed2d97f-8a05-4220-a884-ead14c775165_1000.jpg!m_fill,w_280,h_210,f_jpg?from=ke.com
20241015,门头沟,滨河西区,101127050744,月季园东里 2室1厅 南 北新上,178万,31006元/平,中楼层 (共6层) 2室1厅 | 57.41平米 | 南 北,https://ke-image.ljcdn.com/110000-inspection/bb5280cc-2c05-4052-8c40-ed5bf135e48d_1000.jpg!m_fill,w_280,h_210,f_jpg?from=ke.com
20241015,门头沟,滨河西区,101127031468,含晖苑 2室1厅 南 北新上,398万,41463元/平,中楼层 (共10层) 2室1厅 | 95.99平米 | 南 北,https://ke-image.ljcdn.com/110000-inspection/335a30e6-ece7-4a56-bbda-05358dfe529c_1000.jpg!m_fill,w_280,h_210,f_jpg?from=ke.com
20241015,门头沟,滨河西区,101127008996,霁月园 2室1厅 西 北新上,200万,29168元/平,顶层 (共6层) 2室1厅 | 68.57平米 | 西 北,https://ke-image.ljcdn.com/110000-inspection/pc1_qBT52sDgY.jpg!m_fill,w_280,h_210,f_jpg?from=ke.com
20241015,门头沟,滨河西区,101126997411,月季园1号院 2室1厅 南 北新上,178万,27139元/平,高楼层 (共6层) | 1995年 | 2室1厅 | 65.59平米 | 南 北,https://ke-image.ljcdn.com/110000-inspection/89e5b3f6-d619-4351-8607-abdeb17844ba_1000.jpg!m_fill,w_280,h_210,f_jpg?from=ke.com
20241015,门头沟,滨河西区,101126987741,德露苑 3室1厅 南 北新上,260万,32235元/平,中楼层 (共6层) | 1997年 | 3室1厅 | 80.66平米 | 南 北,https://ke-image.ljcdn.com/110000-inspection/514964f5-533a-4a99-9303-4f8c047a395a_1000.jpg!m_fill,w_280,h_210,f_jpg?from=ke.com
20241015,门头沟,滨河西区,101126981330,德露苑 2室1厅 南 北新上,225万,25202元/平,高楼层 (共6层) 2室1厅 | 89.28平米 | 南 北,https://ke-image.ljcdn.com/110000-inspection/d1a8d4f0-3d90-418d-b8e2-4981db7d2d70_1000.jpg!m_fill,w_280,h_210,f_jpg?from=ke.com
20241015,门头沟,滨河西区,101126966678,德露苑 3室1厅 南 北新上,315万,32262元/平,中楼层 (共6层) 3室1厅 | 97.64平米 | 南 北,https://ke-image.ljcdn.com/110000-inspection/e966efee-7405-40d8-90bc-e69b0462bc7c_1000.jpg!m_fill,w_280,h_210,f_jpg?from=ke.com
20241015,门头沟,滨河西区,101126932044,葡东小区 2室1厅 南 北新上,170万,25063元/平,高楼层 (共6层) 2室1厅 | 67.83平米 | 南 北,https://ke-image.ljcdn.com/110000-inspection/4ef29cb8-728a-49c9-b299-bb559f8f53b4_1000.jpg!m_fill,w_280,h_210,f_jpg?from=ke.com
20241015,门头沟,滨河西区,101126922681,滨河居住区绮霞苑南北通透采光好,260万,35126元/平,高楼层 (共6层) 2室2厅 | 74.02平米 | 南 北,https://ke-image.ljcdn.com/110000-inspection/f79acbea-d01c-4732-92ce-2660e1ddedce_1000.jpg!m_fill,w_280,h_210,f_jpg?from=ke.com
20241015,门头沟,滨河西区,101126877973,滨河西区霁月园位置好户型合理,225万,32737元/平,高楼层 (共6层) | 2006年 | 2室1厅 | 68.73平米 | 西 北,https://ke-image.ljcdn.com/110000-inspection/f88d8033-041e-40d7-8607-f77332e3975e_1000.jpg!m_fill,w_280,h_210,f_jpg?from=ke.com
20241015,门头沟,滨河西区,101126820703,德露苑 2室2厅 南 北,290万,29217元/平,中楼层 (共6层) 2室2厅 | 99.26平米 | 南 北,https://ke-image.ljcdn.com/110000-inspection/d277bc17-03c2-4eab-8360-866c0f1900f7_1000.jpg!m_fill,w_280,h_210,f_jpg?from=ke.com
20241015,门头沟,滨河西区,101126809660,葡东小区 2室2厅 南,130万,17490元/平,地下室 (共6层) | 2000年 | 2室2厅 | 74.33平米 | 南,https://ke-image.ljcdn.com/110000-inspection/dbeeb70e-e874-4c2a-a114-e6946c6b64b2_1000.jpg!m_fill,w_280,h_210,f_jpg?from=ke.com
20241015,门头沟,滨河西区,101126791709,门头沟月季园 2室1厅 南 北房主自荐,160万,24673元/平,顶层 (共6层) | 1990年 | 2室1厅 | 64.85平米 | 南 北,https://ke-image.ljcdn.com/110000-inspection/a6355e5b-6b7a-46cf-bf02-dc631e56d4c3_1000.jpg!m_fill,w_280,h_210,f_jpg?from=ke.com
20241015,门头沟,滨河西区,101126753724,葡东小区 2室2厅 南 北,140万,19870元/平,地下室 (共6层) 2室2厅 | 70.46平米 | 南 北,https://ke-image.ljcdn.com/110000-inspection/pc1_0nUlXcuBB.jpg!m_fill,w_280,h_210,f_jpg?from=ke.com
20241015,门头沟,滨河西区,101126732979,德露苑 2室1厅 南 北,290万,31267元/平,中楼层 (共6层) 2室1厅 | 92.75平米 | 南 北,https://ke-image.ljcdn.com/110000-inspection/pc1_npXTLJfO8_1.jpg!m_fill,w_280,h_210,f_jpg?from=ke.com
20241015,门头沟,滨河西区,101126707229,永兴嘉园 东向 小户型 现状好 无遮挡,145万,31876元/平,低楼层 (共14层) 1室0厅 | 45.49平米 | 东,https://ke-image.ljcdn.com/110000-inspection/pc1_1YILYI56Q_1.jpg!m_fill,w_280,h_210,f_jpg?from=ke.com
20241015,门头沟,滨河西区,101126676556,户型方正 房子满五唯一  前后无遮挡,180万,24175元/平,顶层 (共6层) 2室1厅 | 74.46平米 | 南 北,https://ke-image.ljcdn.com/110000-inspection/pc1_JxhdGevHA_1.jpg!m_fill,w_280,h_210,f_jpg?from=ke.com
20241015,门头沟,滨河西区,101126675418,门头沟月季园 2室1厅 南 北,178万,27427元/平,中楼层 (共6层) 2室1厅 | 64.9平米 | 南 北,https://ke-image.ljcdn.com/110000-inspection/pc1_jl3EPVu7g_1.jpg!m_fill,w_280,h_210,f_jpg?from=ke.com
20241015,门头沟,滨河西区,101126641023,永兴嘉园 2室1厅 东南,350万,36854元/平,中楼层 (共14层) 2室1厅 | 94.97平米 | 东南,https://ke-image.ljcdn.com/110000-inspection/pc1_j8TjOfMsq_1.jpg!m_fill,w_280,h_210,f_jpg?from=ke.com
20241015,门头沟,滨河西区,101126638747,滨河居住区临镜苑带电梯的两居室,358万,39173元/平,低楼层 (共12层) | 2008年 | 2室1厅 | 91.39平米 | 东 西,https://ke-image.ljcdn.com/110000-inspection/afbfeebf-4384-4c05-b2bb-09d0520205fd_1000.jpg!m_fill,w_280,h_210,f_jpg?from=ke.com
20241015,门头沟,滨河西区,101126608927,绮霞苑 南北通透 两居室 采光佳 无遮挡,199万,33474元/平,顶层 (共6层) | 2002年 | 1室1厅 | 59.45平米 | 南 北,https://ke-image.ljcdn.com/110000-inspection/pc1_fYhft6BnH_1.jpg!m_fill,w_280,h_210,f_jpg?from=ke.com
20241015,门头沟,滨河西区,101126608869,绮霞苑3居  精装修 视野开阔 交通便利,373万,39346元/平,高楼层 (共6层) 3室2厅 | 94.8平米 | 南 北,https://ke-image.ljcdn.com/110000-inspection/pc1_lu2XsPGjf_1.jpg!m_fill,w_280,h_210,f_jpg?from=ke.com
20241015,门头沟,滨河西区,101126512203,月季园1号院 2室1厅 东,165万,24708元/平,高楼层 (共6层) 2室1厅 | 66.78平米 | 东,https://ke-image.ljcdn.com/110000-inspection/pc1_5HAxZOHnB.jpg!m_fill,w_280,h_210,f_jpg?from=ke.com
20241015,门头沟,滨河西区,101126499294,新桥南大街 2室2厅 南 北,220万,28457元/平,顶层 (共6层) | 1989年 | 2室2厅 | 77.31平米 | 南 北,https://ke-image.ljcdn.com/110000-inspection/bdb85c88-2a3f-499e-96ad-7b855a343e5f_1000.jpg!m_fill,w_280,h_210,f_jpg?from=ke.com
20241015,门头沟,滨河西区,101126457885,门头沟月季园 优质两居室 安静 格局明亮 户型方正,149万,23848元/平,顶层 (共6层) 2室1厅 | 62.48平米 | 南 北,https://ke-image.ljcdn.com/110000-inspection/c0095038-8102-4a51-bd36-a07939c376e5_1000.jpg!m_fill,w_280,h_210,f_jpg?from=ke.com
20241015,门头沟,滨河西区,101126428110,皓月园 3室1厅 南 北,413万,34698元/平,低楼层 (共16层) 3室1厅 | 119.03平米 | 南 北,https://ke-image.ljcdn.com/110000-inspection/pc1_cGqPNNstn_1.jpg!m_fill,w_280,h_210,f_jpg?from=ke.com
20241015,门头沟,滨河西区,101126351914,月季园东里 社区环境优美 小区管严格 配套完善,169万,26839元/平,顶层 (共6层) | 1993年 | 2室1厅 | 62.97平米 | 南 北,https://ke-image.ljcdn.com/110000-inspection/pc1_eBNIh4HcP_1.jpg!m_fill,w_280,h_210,f_jpg?from=ke.com
20241015,门头沟,滨河西区,101126338124,滨河西区 皓月园 正规一居室 房间大房主自荐,159万,30120元/平,高楼层 (共6层) 1室1厅 | 52.79平米 | 西 北,https://ke-image.ljcdn.com/110000-inspection/3cf4f99c-12b4-4a14-bf22-66890b878a9c_1000.jpg!m_fill,w_280,h_210,f_jpg?from=ke.com
20241015,门头沟,滨河西区,101126296849,临镜苑 3室1厅 南 北,430万,39270元/平,低楼层 (共12层) 3室1厅 | 109.5平米 | 南 北,https://ke-image.ljcdn.com/110000-inspection/bd04d258-bc9a-42da-8d44-ca93d7ac4586_1000.jpg!m_fill,w_280,h_210,f_jpg?from=ke.com
20241015,门头沟,滨河西区,101126236331,次顶层三居室 楼层好 楼间距够采光好 视野宽阔,349万,32007元/平,高楼层 (共6层) 3室1厅 | 109.04平米 | 南 北,https://ke-image.ljcdn.com/110000-inspection/pc1_43EZBZHs6_1.jpg!m_fill,w_280,h_210,f_jpg?from=ke.com
20241015,门头沟,滨河西区,101126143282,门头沟月季园 2室1厅 南,163万,26122元/平,中楼层 (共6层) 2室1厅 | 62.4平米 | 南,https://ke-image.ljcdn.com/110000-inspection/6d9d7fa6-3bb9-4859-afdd-18e0223b3e6a_1000.jpg!m_fill,w_280,h_210,f_jpg?from=ke.com
20241015,门头沟,滨河西区,101126129238,门头沟月季园 2室1厅 南 北,247万,27418元/平,低楼层 (共6层) 2室1厅 | 90.09平米 | 南 北,https://ke-image.ljcdn.com/110000-inspection/c147dd6f-ab38-4c14-bc0e-d89523d72f8c_1000.jpg!m_fill,w_280,h_210,f_jpg?from=ke.com
20241015,门头沟,滨河西区,101126111449,滨河德露苑两居室南北通透业主诚心出售,273万,30572元/平,高楼层 (共6层) 2室2厅 | 89.3平米 | 南 北,https://ke-image.ljcdn.com/110000-inspection/pc1_9rcH98ZZz_1.jpg!m_fill,w_280,h_210,f_jpg?from=ke.com
20241015,门头沟,滨河西区,101126106140,门头沟月季园 1室1厅 南,145万,30656元/平,中楼层 (共6层) 1室1厅 | 47.3平米 | 南,https://ke-image.ljcdn.com/110000-inspection/9bde6d89-34a6-42f8-a8b7-09b1a0ebda97_1000.jpg!m_fill,w_280,h_210,f_jpg?from=ke.com
20241015,门头沟,滨河西区,101126075126,葡东南区 2室1厅 东 西,199万,23421元/平,顶层 (共6层) 2室1厅 | 84.97平米 | 东 西,https://ke-image.ljcdn.com/110000-inspection/d0e1e84f-6426-4a56-b5d1-0d20cfb201f6_1000.jpg!m_fill,w_280,h_210,f_jpg?from=ke.com
20241015,门头沟,滨河西区,101125999547,永兴嘉园 1室0厅 东,152万,33363元/平,高楼层 (共14层) 1室0厅 | 45.56平米 | 东,https://ke-image.ljcdn.com/110000-inspection/pc1_qf2VHUNXC_1.jpg!m_fill,w_280,h_210,f_jpg?from=ke.com
20241015,门头沟,滨河西区,101125994496,滨河含晖苑 三室两卫 南北通透,428万,35928元/平,底层 (共6层) 3室2厅 | 119.13平米 | 南 北,https://ke-image.ljcdn.com/110000-inspection/996e7921-b8ec-4822-bbc3-ed0e98464ee8_1000.jpg!m_fill,w_280,h_210,f_jpg?from=ke.com
20241015,门头沟,滨河西区,101125881418,葡东小区 2室2厅 南,220万,28639元/平,中楼层 (共6层) | 2002年 | 2室2厅 | 76.82平米 | 南,https://ke-image.ljcdn.com/110000-inspection/pc1_OonLtNgL1.jpg!m_fill,w_280,h_210,f_jpg?from=ke.com
20241015,门头沟,滨河西区,101125819109,绮霞苑 2室1厅 南 北,340万,37224元/平,低楼层 (共16层) | 2003年 | 2室1厅 | 91.34平米 | 南 北,https://ke-image.ljcdn.com/110000-inspection/pc1_nsK0sVdoL.jpg!m_fill,w_280,h_210,f_jpg?from=ke.com
20241015,门头沟,滨河西区,101125809838,门头沟区双峪路小区  两居室 看房方便,138万,27441元/平,中楼层 (共5层) 2室1厅 | 50.29平米 | 南 北,https://ke-image.ljcdn.com/110000-inspection/bd5b0a47-ed01-4171-aeea-87823406cd12_1000.jpg!m_fill,w_280,h_210,f_jpg?from=ke.com
20241015,门头沟,滨河西区,101125802407,永兴小区满五唯一南北通透精装修  出行方便,205万,24840元/平,顶层 (共6层) 2室1厅 | 82.53平米 | 南 北,https://ke-image.ljcdn.com/110000-inspection/pc1_32IVoXDV7_1.jpg!m_fill,w_280,h_210,f_jpg?from=ke.com
20241015,门头沟,滨河西区,101125713734,滨河路3号 2室1厅 东 西,189万,26587元/平,高楼层 (共6层) 2室1厅 | 71.09平米 | 东 西,https://ke-image.ljcdn.com/110000-inspection/f73b4eea-decd-4b8f-8019-3f06e951b615_1000.jpg!m_fill,w_280,h_210,f_jpg?from=ke.com
20241015,门头沟,滨河西区,101125659633,滨河承泽苑两居室生活配套齐全交通便利,190万,26251元/平,中楼层 (共6层) 2室1厅 | 72.38平米 | 东 南 西,https://ke-image.ljcdn.com/110000-inspection/pc1_sJhrYbIDb_1.jpg!m_fill,w_280,h_210,f_jpg?from=ke.com
20241015,门头沟,滨河西区,101125567719,新桥南大街 1室1厅 南,122万,28965元/平,高楼层 (共6层) 1室1厅 | 42.12平米 | 南,https://ke-image.ljcdn.com/110000-inspection/9d00fce8-3af3-43a6-9d82-a9b2a0e36842_1000.jpg!m_fill,w_280,h_210,f_jpg?from=ke.com
20241015,门头沟,滨河西区,101125537422,葡东小区 2室1厅 南 北,218万,29231元/平,中楼层 (共6层) 2室1厅 | 74.58平米 | 南 北,https://ke-image.ljcdn.com/110000-inspection/b1028869-512b-4508-9bff-a5d67397dbe9_1000.jpg!m_fill,w_280,h_210,f_jpg?from=ke.com
20241015,门头沟,滨河西区,101125527737,滨河德露苑三居室户型方正格局合理,343万,30915元/平,中楼层 (共6层) | 1999年 | 3室1厅 | 110.95平米 | 东 南 北,https://ke-image.ljcdn.com/110000-inspection/pc1_lZzDe6uuV_1.jpg!m_fill,w_280,h_210,f_jpg?from=ke.com
20241015,门头沟,滨河西区,101125514125,葡东小区 2室2厅 南,129万,17351元/平,地下室 (共6层) | 2000年 | 2室2厅 | 74.35平米 | 南,https://ke-image.ljcdn.com/110000-inspection/pc1_qAL60ZCUQ_1.jpg!m_fill,w_280,h_210,f_jpg?from=ke.com
20241015,门头沟,滨河西区,101125502157,月季园东里 满五年唯一房子 精装修 现状好 无抵押,164万,28858元/平,顶层 (共6层) | 1993年 | 2室1厅 | 56.83平米 | 南 北,https://ke-image.ljcdn.com/110000-inspection/ab6e92eb-dfce-4fad-a6c3-f5e8ea974392_1000.jpg!m_fill,w_280,h_210,f_jpg?from=ke.com
20241015,门头沟,滨河西区,101125476058,精装大两居室南北通透视野好无遮挡,210万,24959元/平,顶层 (共6层) 2室1厅 | 84.14平米 | 南 北,https://ke-image.ljcdn.com/110000-inspection/72445bca-88da-4c07-9001-c3a7fa14e561_1000.jpg!m_fill,w_280,h_210,f_jpg?from=ke.com
20241015,门头沟,滨河西区,101125433033,石龙北路26号院 2室1厅 南 北,220万,24775元/平,顶层 (共6层) 2室1厅 | 88.8平米 | 南 北,https://ke-image.ljcdn.com/110000-inspection/pc1_Iq7YzeTvY_1.jpg!m_fill,w_280,h_210,f_jpg?from=ke.com
20241015,门头沟,滨河西区,101125425718,葡东南区装修好业主诚心出售房主自荐,194万,22832元/平,中楼层 (共6层) 2室1厅 | 84.97平米 | 东 西,https://ke-image.ljcdn.com/110000-inspection/1344ecc5-11c2-47e1-8864-bafa5b11b6ed_1000.jpg!m_fill,w_280,h_210,f_jpg?from=ke.com
20241015,门头沟,滨河西区,101125405285,永兴嘉园 1室0厅 北房主自荐,159万,33467元/平,中楼层 (共14层) 1室0厅 | 47.51平米 | 北,https://ke-image.ljcdn.com/110000-inspection/f6e8d1aa-c2f1-4776-9c8a-f649f7ba0d3b_1000.jpg!m_fill,w_280,h_210,f_jpg?from=ke.com
20241015,门头沟,滨河西区,101125375026,葡东小区两居室南北通透户型方正,195万,28364元/平,顶层 (共6层) 2室1厅 | 68.75平米 | 南 北,https://ke-image.ljcdn.com/110000-inspection/pc1_2Xy1QR1fl_1.jpg!m_fill,w_280,h_210,f_jpg?from=ke.com
20241015,门头沟,滨河西区,101125231343,新桥南大街 2室1厅 南 北,150万,24120元/平,顶层 (共6层) 2室1厅 | 62.19平米 | 南 北,https://ke-image.ljcdn.com/110000-inspection/pc1_1FnUVBPgo.jpg!m_fill,w_280,h_210,f_jpg?from=ke.com
20241015,门头沟,滨河西区,101125182438,葡东小区业主换房诚心出售。,178万,27809元/平,中楼层 (共6层) 2室1厅 | 64.01平米 | 南 北,https://ke-image.ljcdn.com/110000-inspection/pc1_SfTDCOWty.jpg!m_fill,w_280,h_210,f_jpg?from=ke.com
20241015,门头沟,滨河西区,101125170879,桥户营站中骏世界城板楼一层南北通透全明格局,245万,32939元/平,底层 (共6层) 2室1厅 | 74.38平米 | 南 北,https://ke-image.ljcdn.com/110000-inspection/pc1_NVRCToJHI.jpg!m_fill,w_280,h_210,f_jpg?from=ke.com
20241015,门头沟,滨河西区,101125152785,南北通透格局精装修 采光充足视野开阔交通便利,242万,28762元/平,低楼层 (共6层) 2室1厅 | 84.14平米 | 南 北,https://ke-image.ljcdn.com/110000-inspection/67870f31-1658-481a-8174-5a41c59ba712_1000.jpg!m_fill,w_280,h_210,f_jpg?from=ke.com
20241015,门头沟,滨河西区,101125099215,门头沟月季园 1室1厅 南,145万,30878元/平,中楼层 (共6层) | 1990年 | 1室1厅 | 46.96平米 | 南,https://ke-image.ljcdn.com/110000-inspection/pc1_2rKHKHgrA.jpg!m_fill,w_280,h_210,f_jpg?from=ke.com
20241015,门头沟,滨河西区,101125077230,葡东小区 三居室  中间楼层 南北通透房主自荐,299万,30206元/平,中楼层 (共6层) 3室1厅 | 98.99平米 | 南 北,https://ke-image.ljcdn.com/110000-inspection/a6865dd9-b476-43a7-abf0-9d27b69fe19f_1000.jpg!m_fill,w_280,h_210,f_jpg?from=ke.com
20241015,门头沟,滨河西区,101125039762,新桥南大街 双卧朝南 采光好 交通便利房主自荐,163万,24886元/平,高楼层 (共6层) 2室1厅 | 65.5平米 | 南 北,https://ke-image.ljcdn.com/110000-inspection/46a57d9f-2985-4338-b41d-336d398dfe4f_1000.jpg!m_fill,w_280,h_210,f_jpg?from=ke.com
20241015,门头沟,滨河西区,101125035536,滨河西区皓月园 正规一居室  采光好  通风好,167万,31599元/平,高楼层 (共6层) 1室1厅 | 52.85平米 | 西北,https://ke-image.ljcdn.com/110000-inspection/pc1_fquRjP1T9.jpg!m_fill,w_280,h_210,f_jpg?from=ke.com
20241015,门头沟,滨河西区,101124963820,绮霞苑两居室一层满五年唯一随时可以签约可看,263万,40074元/平,底层 (共6层) | 2003年 | 2室1厅 | 65.63平米 | 西南,https://ke-image.ljcdn.com/110000-inspection/pc1_sIQeEK5A8_1.jpg!m_fill,w_280,h_210,f_jpg?from=ke.com
20241015,门头沟,滨河西区,101124880001,滨河东区南北通透双卧朝南两居室户型方正满五唯一,235万,26322元/平,高楼层 (共6层) 2室1厅 | 89.28平米 | 南 北,https://ke-image.ljcdn.com/110000-inspection/efa28d76-921c-4b4b-ac8f-a9b46f3f1031_1000.jpg!m_fill,w_280,h_210,f_jpg?from=ke.com
20241015,门头沟,滨河西区,101124865372,门头沟月季园 2室1厅 南 北,158万,24680元/平,高楼层 (共6层) 2室1厅 | 64.02平米 | 南 北,https://ke-image.ljcdn.com/110000-inspection/pc1_OIYzmU5ci.jpg!m_fill,w_280,h_210,f_jpg?from=ke.com
20241015,门头沟,滨河西区,101124863819,葡东小区 两居室  南北通透 随时看房房主自荐,159万,25955元/平,顶层 (共6层) 2室1厅 | 61.26平米 | 南 北,https://ke-image.ljcdn.com/110000-inspection/pc1_cgABAhCqd.jpg!m_fill,w_280,h_210,f_jpg?from=ke.com
20241015,门头沟,滨河西区,101124728919,葡南向户小区安静 交通便利 设施齐全 两室一厅,207万,30518元/平,底层 (共6层) 2室1厅 | 67.83平米 | 南,https://ke-image.ljcdn.com/110000-inspection/e4ad4110-b6a1-47d1-811f-d072cfe08240_1000.jpg!m_fill,w_280,h_210,f_jpg?from=ke.com
20241015,门头沟,滨河西区,101124658107,德露苑 2室1厅 南 北,226万,28514元/平,顶层 (共6层) | 2000年 | 2室1厅 | 79.26平米 | 南 北,https://ke-image.ljcdn.com/110000-inspection/pc1_Fps8y6oXO_1.jpg!m_fill,w_280,h_210,f_jpg?from=ke.com
20241015,门头沟,滨河西区,101124653721,永兴嘉园 3室1厅 西南房主自荐,399万,28874元/平,顶层 (共14层) 3室1厅 | 138.19平米 | 西南,https://ke-image.ljcdn.com/110000-inspection/pc1_7T51kpfst.jpg!m_fill,w_280,h_210,f_jpg?from=ke.com
20241015,门头沟,滨河西区,101124641555,滨河路3号正规两居出售低楼层看房方便,207万,29521元/平,底层 (共6层) 2室1厅 | 70.12平米 | 东 北 西,https://ke-image.ljcdn.com/110000-inspection/pc1_rew98oZ7n_1.jpg!m_fill,w_280,h_210,f_jpg?from=ke.com
20241015,门头沟,滨河西区,101124632859,德露苑 两居室 满五唯一采光好  视野好  大客厅房主自荐,239万,26456元/平,高楼层 (共6层) | 1999年 | 2室1厅 | 90.34平米 | 南 北,https://ke-image.ljcdn.com/110000-inspection/pc1_9RUNDW8Bh_1.jpg!m_fill,w_280,h_210,f_jpg?from=ke.com
20241015,门头沟,滨河西区,101124532325,葡东南区 2室1厅 南 北,113万,13769元/平,地下室 (共6层) | 2001年 | 2室1厅 | 82.07平米 | 南 北,https://ke-image.ljcdn.com/110000-inspection/c43be7ad-ead0-4b11-b9f5-285398f200bc_1000.jpg!m_fill,w_280,h_210,f_jpg?from=ke.com
20241015,门头沟,滨河西区,101124511677,门头沟月季园 2室1厅 南 北,169万,26045元/平,高楼层 (共6层) 2室1厅 | 64.89平米 | 南 北,https://ke-image.ljcdn.com/110000-inspection/c1338508-318f-4584-bba9-554ef39e30be_1000.jpg!m_fill,w_280,h_210,f_jpg?from=ke.com
20241015,门头沟,滨河西区,101124504400,石龙北路26号院 2室1厅 南 北,299万,33912元/平,顶层 (共6层) 2室1厅 | 88.17平米 | 南 北,https://ke-image.ljcdn.com/110000-inspection/pc1_W1gNRC1vx_1.jpg!m_fill,w_280,h_210,f_jpg?from=ke.com
20241015,门头沟,滨河西区,101124499482,德露苑 2室1厅 南 北,280万,30069元/平,低楼层 (共7层) | 1999年 | 2室1厅 | 93.12平米 | 南 北,https://ke-image.ljcdn.com/110000-inspection/pc1_WO7hs9v57.jpg!m_fill,w_280,h_210,f_jpg?from=ke.com
20241015,门头沟,滨河西区,101124490521,石龙北路20号院 2室1厅 南 北,183万,24443元/平,顶层 (共6层) 2室1厅 | 74.87平米 | 南 北,https://ke-image.ljcdn.com/110000-inspection/pc1_NaKFBeDEI.jpg!m_fill,w_280,h_210,f_jpg?from=ke.com
20241015,门头沟,滨河西区,101124477609,德露苑 2室1厅 北 南,248万,26656元/平,中楼层 (共7层) | 1999年 | 2室1厅 | 93.04平米 | 北 南,https://ke-image.ljcdn.com/110000-inspection/30f1ddcd-cb6a-4281-a56a-7038feba1c90_1000.jpg!m_fill,w_280,h_210,f_jpg?from=ke.com
20241015,门头沟,滨河西区,101124463047,门头沟月季园 2室1厅 南 北,163万,25501元/平,顶层 (共6层) 2室1厅 | 63.92平米 | 南 北,https://ke-image.ljcdn.com/110000-inspection/pc1_56Dabmxw4_1.jpg!m_fill,w_280,h_210,f_jpg?from=ke.com
20241015,门头沟,滨河西区,101124410192,永兴小区南北通透户型好采光好视野好,242万,30680元/平,中楼层 (共6层) 2室1厅 | 78.88平米 | 南 北,https://ke-image.ljcdn.com/110000-inspection/6193b31e-68a1-465d-a1c7-7cce4eadccb6_1000.jpg!m_fill,w_280,h_210,f_jpg?from=ke.com
20241015,门头沟,滨河西区,101124387497,霁月园 2室1厅 南,259万,32011元/平,高楼层 (共6层) 2室1厅 | 80.91平米 | 南,https://ke-image.ljcdn.com/110000-inspection/pc1_XwO4sJY3x.jpg!m_fill,w_280,h_210,f_jpg?from=ke.com
20241015,门头沟,滨河西区,101124382223,德露苑 一居室 低楼层 南北通透房主自荐,196万,28977元/平,底层 (共7层) 1室1厅 | 67.64平米 | 南 北,https://ke-image.ljcdn.com/110000-inspection/pc1_zqMqlTfSk_1.jpg!m_fill,w_280,h_210,f_jpg?from=ke.com
20241015,门头沟,滨河西区,101124353583,滨河西区霁月园 南北通透 精装修 视野宽阔 采光充足,364万,32983元/平,高楼层 (共6层) 3室1厅 | 110.36平米 | 南 北,https://ke-image.ljcdn.com/110000-inspection/pc1_jt13sgpYP.jpg!m_fill,w_280,h_210,f_jpg?from=ke.com
20241015,门头沟,滨河西区,101124319358,葡东小区 南北通透   两居室 随时看房主自荐,169万,26581元/平,高楼层 (共6层) 2室1厅 | 63.58平米 | 南 北,https://ke-image.ljcdn.com/110000-inspection/008b6e96-7125-4ed1-b585-484414904732_1000.jpg!m_fill,w_280,h_210,f_jpg?from=ke.com
20241015,门头沟,滨河西区,101124217277,葡东南区 房龄新能贷款纯西向一室一厅 对葡山公园车站,150万,29337元/平,顶层 (共6层) | 2004年 | 1室1厅 | 51.13平米 | 西,https://ke-image.ljcdn.com/110000-inspection/pc1_phUr2WDmJ_1.jpg!m_fill,w_280,h_210,f_jpg?from=ke.com
20241015,门头沟,滨河西区,101124216944,德露苑南北通透一居室 使用率高 满五年唯一商品房主自荐,180万,26643元/平,高楼层 (共7层) | 1999年 | 1室1厅 | 67.56平米 | 南 北,https://ke-image.ljcdn.com/110000-inspection/pc1_onvY96wGT_1.jpg!m_fill,w_280,h_210,f_jpg?from=ke.com
20241015,门头沟,滨河西区,101124215083,新桥南大街 2室1厅 南 北房主自荐,163万,27036元/平,高楼层 (共6层) | 1991年 | 2室1厅 | 60.29平米 | 南 北,https://ke-image.ljcdn.com/110000-inspection/3aea8cc9-acc4-448f-9b1d-cba721aea6e6_1000.jpg!m_fill,w_280,h_210,f_jpg?from=ke.com
20241015,门头沟,滨河西区,101124214518,葡东小区低楼层  户型方正 无遮挡,169万,26029元/平,低楼层 (共6层) | 1996年 | 2室1厅 | 64.93平米 | 南 西,https://ke-image.ljcdn.com/110000-inspection/e8c094be-3d23-4c4c-b604-c28c46dec829_1000.jpg!m_fill,w_280,h_210,f_jpg?from=ke.com
20241015,门头沟,滨河西区,101124214365,永兴嘉园 全南三居室 随时可看,481万,34949元/平,低楼层 (共14层) 3室1厅 | 137.63平米 | 南 西,https://ke-image.ljcdn.com/110000-inspection/pc1_MmxsyZfO3_1.jpg!m_fill,w_280,h_210,f_jpg?from=ke.com
20241015,门头沟,滨河西区,101124156563,皓月园 2室1厅 南,189万,33357元/平,低楼层 (共14层) | 2006年 | 2室1厅 | 56.66平米 | 南,https://ke-image.ljcdn.com/110000-inspection/pc1_DoMzoZKYc_1.jpg!m_fill,w_280,h_210,f_jpg?from=ke.com
20241015,门头沟,滨河西区,101124086508,月季园小区经典一层南向一居室明厨明卫现状好房主自荐,180万,42868元/平,底层 (共6层) 1室1厅 | 41.99平米 | 南,https://ke-image.ljcdn.com/110000-inspection/pc1_43C8pGTlk.jpg!m_fill,w_280,h_210,f_jpg?from=ke.com
20241015,门头沟,滨河西区,101124062113,滨河东区南北通透两居室精装修拎包入住诚信出售,278万,31100元/平,底层 (共6层) 2室1厅 | 89.39平米 | 南 北,https://ke-image.ljcdn.com/110000-inspection/pc1_fUvdOYRbZ_1.jpg!m_fill,w_280,h_210,f_jpg?from=ke.com
20241015,门头沟,滨河西区,101124057303,滨河东区德露苑成熟社区南北通透两居室拎包入住,270万,30242元/平,高楼层 (共6层) 2室1厅 | 89.28平米 | 南 北,https://ke-image.ljcdn.com/110000-inspection/98de9020-a933-45e2-a7f4-8fa8c9be514b_1000.jpg!m_fill,w_280,h_210,f_jpg?from=ke.com
20241015,门头沟,滨河西区,101124048408,滨河临镜苑 南北通透 户型方正 精装修,295万,35530元/平,高楼层 (共6层) | 2003年 | 2室1厅 | 83.03平米 | 南 北,https://ke-image.ljcdn.com/110000-inspection/a22204aa-9dbd-48f7-b5f2-f318c2da1a82_1000.jpg!m_fill,w_280,h_210,f_jpg?from=ke.com
20241015,门头沟,滨河西区,101124004460,此房满五唯一南北通透格局小区环境好成熟社区,175万,26833元/平,中楼层 (共6层) 2室1厅 | 65.22平米 | 南 北,https://ke-image.ljcdn.com/110000-inspection/pc1_QLEjElWRF.jpg!m_fill,w_280,h_210,f_jpg?from=ke.com
20241015,门头沟,滨河西区,101123993650,永兴嘉园 3室2厅 东 北房主自荐,356万,26613元/平,顶层 (共14层) | 2006年 | 3室2厅 | 133.77平米 | 东 北,https://ke-image.ljcdn.com/110000-inspection/pc1_ZAWR5OPzy.jpg!m_fill,w_280,h_210,f_jpg?from=ke.com
20241015,门头沟,滨河西区,101123869562,皓月园 2室1厅 南,218万,35915元/平,中楼层 (共14层) | 2006年 | 2室1厅 | 60.7平米 | 南,https://ke-image.ljcdn.com/110000-inspection/pc1_4ikeNb5FN.jpg!m_fill,w_280,h_210,f_jpg?from=ke.com
20241015,门头沟,滨河西区,101123836970,滨河居住区承泽苑四居室中间楼层无遮挡,396万,30476元/平,中楼层 (共6层) 4室1厅 | 129.94平米 | 南 北,https://ke-image.ljcdn.com/110000-inspection/cb079dd5-a873-4d3e-9faa-5987956606e6_1000.jpg!m_fill,w_280,h_210,f_jpg?from=ke.com
20241015,门头沟,滨河西区,101123638598,永兴嘉园 东向一居 带电梯 商品房小区,158万,34879元/平,高楼层 (共14层) | 2006年 | 1室1厅 | 45.3平米 | 东,https://ke-image.ljcdn.com/110000-inspection/pc1_bqaoa3UgY.jpg!m_fill,w_280,h_210,f_jpg?from=ke.com
20241015,门头沟,滨河西区,101123625321,德露苑精装修 中楼层南北两居室明厨明卫满五唯一房主自荐,235万,28263元/平,中楼层 (共6层) 2室1厅 | 83.15平米 | 南 北,https://ke-image.ljcdn.com/110000-inspection/pc1_JXQNyFQRH.jpg!m_fill,w_280,h_210,f_jpg?from=ke.com
20241015,门头沟,滨河西区,101123589695,绮霞苑三居室高楼层视野好随时可看诚意出售,245万,34634元/平,顶层 (共6层) 3室1厅 | 70.74平米 | 南 北,https://ke-image.ljcdn.com/110000-inspection/pc1_LmyDXSaqN.jpg!m_fill,w_280,h_210,f_jpg?from=ke.com
20241015,门头沟,滨河西区,101123581115,石龙北路20号院 2室1厅 南 北,189万,25676元/平,底层 (共6层) 2室1厅 | 73.61平米 | 南 北,https://ke-image.ljcdn.com/110000-inspection/pc1_HRgJfj533.jpg!m_fill,w_280,h_210,f_jpg?from=ke.com
20241015,门头沟,滨河西区,101123486966,此房精装修。满五年唯一住房低楼层适合居住,223万,37676元/平,底层 (共6层) 2室1厅 | 59.19平米 | 南,https://ke-image.ljcdn.com/110000-inspection/853a16b0-9d0c-4187-9efc-f549a3530a40_1000.jpg!m_fill,w_280,h_210,f_jpg?from=ke.com
20241015,门头沟,滨河西区,101123463524,滨河居住区绮霞苑 中间楼层南北通透三居室,325万,34125元/平,中楼层 (共6层) 3室2厅 | 95.24平米 | 南 北,https://ke-image.ljcdn.com/110000-inspection/pc1_NSwVIpLmk_1.jpg!m_fill,w_280,h_210,f_jpg?from=ke.com
20241015,门头沟,滨河西区,101123435364,滨河承泽苑 户型方正 全南向 一居室 没遮挡 采光好,215万,34695元/平,低楼层 (共6层) 1室1厅 | 61.97平米 | 南,https://ke-image.ljcdn.com/110000-inspection/7949ff6c-ff9b-4eb8-877b-8b8a17ab1ad4_1000.jpg!m_fill,w_280,h_210,f_jpg?from=ke.com
20241015,门头沟,滨河西区,101123292316,房子满五唯一商品房南北通透三面采光 楼层好,177万,26577元/平,中楼层 (共6层) 2室1厅 | 66.6平米 | 东 南 北,https://ke-image.ljcdn.com/110000-inspection/208900b2-4a0b-426f-8309-c1a7c6c9dfbd_1000.jpg!m_fill,w_280,h_210,f_jpg?from=ke.com
20241015,门头沟,滨河西区,101123241295,滨河绮霞苑3居  南北通透 视野宽阔,428万,36582元/平,低楼层 (共18层) | 2003年 | 3室1厅 | 117平米 | 南 北,https://ke-image.ljcdn.com/110000-inspection/06f649b8-62dc-43c8-be38-6e297bbcc244_1000.jpg!m_fill,w_280,h_210,f_jpg?from=ke.com
20241015,门头沟,滨河西区,101123186164,此房满五 明厨明卫全明格局现状好可直接入住,161万,24781元/平,顶层 (共6层) 2室1厅 | 64.97平米 | 南 北,https://ke-image.ljcdn.com/110000-inspection/24fa0106-3f80-440a-9465-2fff8057e91d_1000.jpg!m_fill,w_280,h_210,f_jpg?from=ke.com
20241015,门头沟,滨河西区,101123068380,阜石路下口 高楼层 无遮挡 浪费空间,213万,28968元/平,顶层 (共6层) 2室2厅 | 73.53平米 | 南,https://ke-image.ljcdn.com/110000-inspection/pc1_FWqNHk9QX.jpg!m_fill,w_280,h_210,f_jpg?from=ke.com
20241015,门头沟,滨河西区,101123063979,葡东小区南向两居出售看房方便。,170万,25063元/平,顶层 (共6层) | 1997年 | 2室1厅 | 67.83平米 | 西南,https://ke-image.ljcdn.com/110000-inspection/pc1_IxPrt4sXL.jpg!m_fill,w_280,h_210,f_jpg?from=ke.com
20241015,门头沟,滨河西区,101123046163,房子满五唯一 明厨明卫全明格局 现状好可直接入住,152万,24648元/平,顶层 (共6层) 2室1厅 | 61.67平米 | 南,https://ke-image.ljcdn.com/110000-inspection/pc1_Rt63ih9Vh.jpg!m_fill,w_280,h_210,f_jpg?from=ke.com
20241015,门头沟,滨河西区,101122168753,滨河德露苑大三居精装修视野开阔,359万,32282元/平,中楼层 (共7层) 3室1厅 | 111.21平米 | 南 北 西,https://ke-image.ljcdn.com/110000-inspection/pc1_kiWxmHs66_1.jpg!m_fill,w_280,h_210,f_jpg?from=ke.com
20241015,门头沟,滨河西区,101121917230,滨河路3号业主诚心出售看房方便,107万,15961元/平,地下室 (共6层) | 1994年 | 2室1厅 | 67.04平米 | 东 西,https://ke-image.ljcdn.com/110000-inspection/pc1_t3f5wWk6i.jpg!m_fill,w_280,h_210,f_jpg?from=ke.com
20241015,门头沟,滨河西区,101121612164,葡山公园边的两居室 南北通透户型方正 拎包入住,138万,16124元/平,地下室 (共6层) | 2002年 | 2室1厅 | 85.59平米 | 南 北,https://ke-image.ljcdn.com/110000-inspection/0e325124-11df-45af-9ae9-43363bf9fda2_1000.jpg!m_fill,w_280,h_210,f_jpg?from=ke.com
20241015,门头沟,滨河西区,101121598584,滨河居住区绮霞苑南北通透的三居室,448万,37657元/平,高楼层 (共15层) | 2003年 | 3室2厅 | 118.97平米 | 南 北,https://ke-image.ljcdn.com/110000-inspection/pc1_HsW9qOaoM.jpg!m_fill,w_280,h_210,f_jpg?from=ke.com
20241015,门头沟,滨河西区,101121249984,月季园小区经典南北通透三居室明厨明卫,216万,26997元/平,高楼层 (共6层) 3室1厅 | 80.01平米 | 南 北,https://ke-image.ljcdn.com/110000-inspection/pc1_HMjFtKDmM.jpg!m_fill,w_280,h_210,f_jpg?from=ke.com
20241015,门头沟,滨河西区,101120609634,石龙北路20号院两居室视好佳户型好,197万,24113元/平,顶层 (共6层) 2室1厅 | 81.7平米 | 东 西,https://ke-image.ljcdn.com/110000-inspection/pc1_Q6e6hsWOo.jpg!m_fill,w_280,h_210,f_jpg?from=ke.com
20241015,门头沟,滨河西区,101127036898,葡东小区 2室1厅 南 北新上,155万,21986元/平,地下室 (共6层) | 2000年 | 2室1厅 | 70.5平米 | 南 北,https://ke-image.ljcdn.com/110000-inspection/pc1_DhB2qJhhf.jpg!m_fill,w_280,h_210,f_jpg?from=ke.com
20241015,门头沟,滨河西区,101127030986,滨河临镜苑 南北通透 交通便利 配套齐全 2居室新上,335万,42465元/平,底层 (共6层) 2室1厅 | 78.89平米 | 南 北,https://ke-image.ljcdn.com/110000-inspection/30233e52-467d-43f2-aa65-87674885c528_1000.jpg!m_fill,w_280,h_210,f_jpg?from=ke.com
20241015,门头沟,滨河西区,101127022822,德露苑 3室1厅 东 南 北新上,330万,29744元/平,底层 (共6层) | 1999年 | 3室1厅 | 110.95平米 | 东 南 北,https://ke-image.ljcdn.com/110000-inspection/1567575b-3842-4883-b654-53e23b759bd6_1000.jpg!m_fill,w_280,h_210,f_jpg?from=ke.com
20241015,门头沟,滨河西区,101126977017,德露苑小区 两居室 南北通透 中间楼栋新上,245万,29511元/平,高楼层 (共6层) | 1998年 | 2室1厅 | 83.02平米 | 南 北,https://ke-image.ljcdn.com/110000-inspection/0e20a037-1f00-42b3-81bd-7a7cc412df8d_1000.jpg!m_fill,w_280,h_210,f_jpg?from=ke.com
20241015,门头沟,滨河西区,101126942057,葡东小区 中间楼层 精装修 靠谱出售新上,225万,33172元/平,中楼层 (共6层) | 1996年 | 2室1厅 | 67.83平米 | 南 北,https://ke-image.ljcdn.com/110000-inspection/pc1_JxViBHhiY_1.jpg!m_fill,w_280,h_210,f_jpg?from=ke.com
20241015,门头沟,滨河西区,101126886389,滨河晗晖苑南北通透的四居室。,720万,38926元/平,底层 (共6层) 3室3厅 | 184.97平米 | 南 北,https://ke-image.ljcdn.com/110000-inspection/pc1_uFLvxd3O7.jpg!m_fill,w_280,h_210,f_jpg?from=ke.com
20241015,门头沟,滨河西区,101126884514,滨河德露苑两居室业主诚心出售,198万,29531元/平,底层 (共6层) | 2000年 | 1室1厅 | 67.05平米 | 南 北,https://ke-image.ljcdn.com/110000-inspection/f6620c32-4385-41d7-945b-5578b401e6ec_1000.jpg!m_fill,w_280,h_210,f_jpg?from=ke.com
20241015,门头沟,滨河西区,101126869196,葡东小区南北通透明厨明卫两居室,162万,25309元/平,顶层 (共6层) | 1996年 | 2室1厅 | 64.01平米 | 南 北,https://ke-image.ljcdn.com/110000-inspection/pc1_Gj3IMKZIq.jpg!m_fill,w_280,h_210,f_jpg?from=ke.com
20241015,门头沟,滨河西区,101126866134,德露苑 2室1厅 南 北,230万,24742元/平,高楼层 (共7层) 2室1厅 | 92.96平米 | 南 北,https://ke-image.ljcdn.com/110000-inspection/pc1_dZjNF6aDH.jpg!m_fill,w_280,h_210,f_jpg?from=ke.com
20241015,门头沟,滨河西区,101126843081,滨河含晖苑电梯好楼层南北通透2007楼龄,375万,39988元/平,低楼层 (共14层) | 2007年 | 2室1厅 | 93.78平米 | 南 北,https://ke-image.ljcdn.com/110000-inspection/a32dca97-a28a-4d04-8c8c-eaed2b2eb77b_1000.jpg!m_fill,w_280,h_210,f_jpg?from=ke.com
20241015,门头沟,滨河西区,101126840017,葡东小区 中间楼层 南向采光好,163万,28637元/平,中楼层 (共6层) | 2000年 | 1室1厅 | 56.92平米 | 南,https://ke-image.ljcdn.com/110000-inspection/pc1_OPSF6XMaV_1.jpg!m_fill,w_280,h_210,f_jpg?from=ke.com
20241015,门头沟,滨河西区,101126807430,滨河西区皓月园 高楼层 视野开阔,145万,31264元/平,高楼层 (共14层) | 2006年 | 1室0厅 | 46.38平米 | 北,https://ke-image.ljcdn.com/110000-inspection/pc1_Cm4O6KvlW.jpg!m_fill,w_280,h_210,f_jpg?from=ke.com
20241015,门头沟,滨河西区,101126796317,临镜苑 5室2厅 南 北,620万,36954元/平,高楼层 (共18层) 5室2厅 | 167.78平米 | 南 北,https://ke-image.ljcdn.com/110000-inspection/1c08f604-a858-4423-b966-4eb048061f27_1000.jpg!m_fill,w_280,h_210,f_jpg?from=ke.com
20241015,门头沟,滨河西区,101126757940,临镜苑 电梯房 低楼层 2居室,318万,34524元/平,低楼层 (共12层) | 2008年 | 2室1厅 | 92.11平米 | 东 西,https://ke-image.ljcdn.com/110000-inspection/58c53684-b303-4b01-8059-95709b9944e9_1000.jpg!m_fill,w_280,h_210,f_jpg?from=ke.com
20241015,门头沟,滨河西区,101126757248,霁月园 2室1厅 东,180万,31191元/平,顶层 (共6层) 2室1厅 | 57.71平米 | 东,https://ke-image.ljcdn.com/110000-inspection/pc1_wx7PxtZ9Z.jpg!m_fill,w_280,h_210,f_jpg?from=ke.com
20241015,门头沟,滨河西区,101126744715,含晖苑大复式五居室满五唯一,520万,23563元/平,高楼层 (共6层) 5室2厅 | 220.69平米 | 南 北,https://ke-image.ljcdn.com/110000-inspection/20a405e7-bea7-4450-b3a6-685b8473f768_1000.jpg!m_fill,w_280,h_210,f_jpg?from=ke.com
20241015,门头沟,滨河西区,101126715216,葡东小区南北通透业主自住诚心出售。,259万,32051元/平,中楼层 (共6层) 2室1厅 | 80.81平米 | 南 北,https://ke-image.ljcdn.com/110000-inspection/56b5a690-716a-403a-94de-9518a3f169e2_1000.jpg!m_fill,w_280,h_210,f_jpg?from=ke.com
20241015,门头沟,滨河西区,101126689626,滨河南路3号院户型方正合理采光通风好房主自荐,185万,26384元/平,高楼层 (共6层) 2室1厅 | 70.12平米 | 东 西,https://ke-image.ljcdn.com/110000-inspection/890ace70-9b2e-4de7-bdda-974d932e93b9_1000.jpg!m_fill,w_280,h_210,f_jpg?from=ke.com
20241015,门头沟,滨河西区,101126623527,门头沟月季园 全明格局 南向 精装两居室,159万,25259元/平,高楼层 (共6层) 2室1厅 | 62.95平米 | 南,https://ke-image.ljcdn.com/110000-inspection/pc1_YEwK2ipsF.jpg!m_fill,w_280,h_210,f_jpg?from=ke.com
20241015,门头沟,滨河西区,101126605678,滨河临镜苑 快四沿线 南北通透  采光好,440万,35570元/平,底层 (共12层) | 2008年 | 3室2厅 | 123.7平米 | 南 北,https://ke-image.ljcdn.com/110000-inspection/9d18b9fc-0a7f-4e14-9540-63bf04e17201_1000.jpg!m_fill,w_280,h_210,f_jpg?from=ke.com
20241015,门头沟,滨河西区,101126599686,倚山嘉园复式楼出售540万价格可谈,540万,29904元/平,顶层 (共6层) | 2009年 | 4室2厅 | 180.58平米 | 南 北,https://ke-image.ljcdn.com/110000-inspection/081f22a8-04de-4c72-a1e7-0c46efaa53d2_1000.jpg!m_fill,w_280,h_210,f_jpg?from=ke.com
20241015,门头沟,滨河西区,101126532359,新桥南大街集中供暖配套设施齐全交通便利,151万,24383元/平,顶层 (共6层) | 1988年 | 2室1厅 | 61.93平米 | 南 北,https://ke-image.ljcdn.com/110000-inspection/24301c46-6f3d-49d3-a329-bbe513c7af9d_1000.jpg!m_fill,w_280,h_210,f_jpg?from=ke.com
20241015,门头沟,滨河西区,101126510927,皓月园 1室1厅 东 北,183万,31552元/平,顶层 (共14层) | 2006年 | 1室1厅 | 58平米 | 东 北,https://ke-image.ljcdn.com/110000-inspection/pc1_EXFdf9bwo.jpg!m_fill,w_280,h_210,f_jpg?from=ke.com
20241015,门头沟,滨河西区,101126493466,门头沟月季园 2室1厅 南 北,179万,29774元/平,底层 (共6层) | 1992年 | 2室1厅 | 60.12平米 | 南 北,https://ke-image.ljcdn.com/110000-inspection/pc1_QayJBLH4U.jpg!m_fill,w_280,h_210,f_jpg?from=ke.com
20241015,门头沟,滨河西区,101126492899,门头沟月季园 1室1厅 南,127万,26687元/平,顶层 (共6层) | 1990年 | 1室1厅 | 47.59平米 | 南,https://ke-image.ljcdn.com/110000-inspection/pc1_f5BYc0UYg_1.jpg!m_fill,w_280,h_210,f_jpg?from=ke.com
20241015,门头沟,滨河西区,101126347255,滨河西区皓月园 正规南向一居室,235万,35445元/平,高楼层 (共16层) | 2005年 | 1室1厅 | 66.3平米 | 南,https://ke-image.ljcdn.com/110000-inspection/pc1_IMDql4qax.jpg!m_fill,w_280,h_210,f_jpg?from=ke.com
20241015,门头沟,滨河西区,101126336265,滨河德露苑中间楼层诚心出售看房方便,496万,32900元/平,中楼层 (共7层) 3室2厅 | 150.76平米 | 南 北,https://ke-image.ljcdn.com/110000-inspection/9aae508c-db86-4567-8e02-ea8fa2f9d90c_1000.jpg!m_fill,w_280,h_210,f_jpg?from=ke.com
20241015,门头沟,滨河西区,101126332407,葡东南区 3室1厅 南 北,206万,21703元/平,顶层 (共6层) | 2001年 | 3室1厅 | 94.92平米 | 南 北,https://ke-image.ljcdn.com/110000-inspection/72fe6e4b-bb7c-4405-b651-caf0a0884aa7_1000.jpg!m_fill,w_280,h_210,f_jpg?from=ke.com
20241015,门头沟,滨河西区,101126252681,倚山嘉园 南北通透格局视野宽阔采光充,420万,24310元/平,顶层 (共6层) 4室1厅 | 172.77平米 | 南 北,https://ke-image.ljcdn.com/110000-inspection/pc1_zQ0IYCJ1n.jpg!m_fill,w_280,h_210,f_jpg?from=ke.com
20241015,门头沟,滨河西区,101126250542,临镜苑 2室2厅 南 北,425万,43465元/平,高楼层 (共18层) | 2008年 | 2室2厅 | 97.78平米 | 南 北,https://ke-image.ljcdn.com/110000-inspection/pc1_MKBWkGlee.jpg!m_fill,w_280,h_210,f_jpg?from=ke.com
20241015,门头沟,滨河西区,101126235702,临镜苑 近快4 南北通透 户型方正 南向落地窗,288万,34724元/平,高楼层 (共6层) 2室1厅 | 82.94平米 | 南 北,https://ke-image.ljcdn.com/110000-inspection/b0bbbe1b-cfc5-42fa-9cf8-778c7087456a_1000.jpg!m_fill,w_280,h_210,f_jpg?from=ke.com
20241015,门头沟,滨河西区,101126204708,滨河临镜苑 少有户型 南北通透 跃层5居,658万,33803元/平,高楼层 (共18层) 5室3厅 | 194.66平米 | 南 北,https://ke-image.ljcdn.com/110000-inspection/pc1_De6jq98Yw.jpg!m_fill,w_280,h_210,f_jpg?from=ke.com
20241015,门头沟,滨河西区,101126184404,霁月园 5室2厅 南 北,500万,23539元/平,顶层 (共6层) 5室2厅 | 212.42平米 | 南 北,https://ke-image.ljcdn.com/110000-inspection/pc1_38OBCPqnq_1.jpg!m_fill,w_280,h_210,f_jpg?from=ke.com
20241015,门头沟,滨河西区,101126175540,满五年唯一皓月园在售一层带下跃的三室两卫户型南北向,545万,32410元/平,底层 (共16层) | 2005年 | 3室2厅 | 168.16平米 | 南 北,https://ke-image.ljcdn.com/110000-inspection/pc1_yuaNrLnhI.jpg!m_fill,w_280,h_210,f_jpg?from=ke.com
20241015,门头沟,滨河西区,101126166039,永兴小区 满五年  南北通透 采光好视野好无遮挡,215万,27164元/平,顶层 (共6层) 2室1厅 | 79.15平米 | 南 北,https://ke-image.ljcdn.com/110000-inspection/pc1_mtLw1ipZS.jpg!m_fill,w_280,h_210,f_jpg?from=ke.com
20241015,门头沟,滨河西区,101126153490,德露苑 双卧朝阳  中间楼层  大客厅 南北透通房主自荐,293万,31492元/平,中楼层 (共7层) | 1999年 | 2室1厅 | 93.04平米 | 南 北,https://ke-image.ljcdn.com/110000-inspection/2f6cce23-65d0-4172-a2e0-09045d4050b2_1000.jpg!m_fill,w_280,h_210,f_jpg?from=ke.com
20241015,门头沟,滨河西区,101126116767,倚山嘉园满五唯一住宅两梯三户看房方便。,306万,30739元/平,低楼层 (共14层) | 2005年 | 2室1厅 | 99.55平米 | 南 北,https://ke-image.ljcdn.com/110000-inspection/e40d3b9e-9854-40b2-8f0e-b519aaa1ceec_1000.jpg!m_fill,w_280,h_210,f_jpg?from=ke.com
20241015,门头沟,滨河西区,101126095783,滨河西区皓月园南向正规一室一厅 小区环境优美配套齐,219万,36851元/平,高楼层 (共14层) | 2006年 | 1室1厅 | 59.43平米 | 南,https://ke-image.ljcdn.com/110000-inspection/pc1_rpB06qBnh_1.jpg!m_fill,w_280,h_210,f_jpg?from=ke.com
20241015,门头沟,滨河西区,101126008255,滨河含晖苑四居室复式户型方正南北通透。房主自荐,525万,32640元/平,顶层 (共6层) | 2007年 | 4室1厅 | 160.85平米 | 南 北,https://ke-image.ljcdn.com/110000-inspection/bd0bf9dd-9833-4322-a038-96b789a1c25b_1000.jpg!m_fill,w_280,h_210,f_jpg?from=ke.com
20241015,门头沟,滨河西区,101125958582,双峪路小区 中间楼层 采光好 无遮挡 出行便利,155万,31986元/平,中楼层 (共5层) 2室1厅 | 48.46平米 | 南,https://ke-image.ljcdn.com/110000-inspection/18c4f8d0-c3ef-4746-85bc-4080dc47f874_1000.jpg!m_fill,w_280,h_210,f_jpg?from=ke.com
20241015,门头沟,滨河西区,101125951734,永兴小区中间楼层南北朝向精装修采光好,276万,36664元/平,中楼层 (共6层) 2室1厅 | 75.28平米 | 南 北,https://ke-image.ljcdn.com/110000-inspection/pc1_65dAc6Vrd_1.jpg!m_fill,w_280,h_210,f_jpg?from=ke.com
20241015,门头沟,滨河西区,101125948962,倚山嘉园 南北通透格局楼层好视野宽阔采光充房主自荐,305万,30638元/平,中楼层 (共14层) | 2005年 | 2室1厅 | 99.55平米 | 南 北,https://ke-image.ljcdn.com/110000-inspection/pc1_1kQW1eD7u.jpg!m_fill,w_280,h_210,f_jpg?from=ke.com
20241015,门头沟,滨河西区,101125928739,滨河德露苑上下两层的房子四居室精装修等待有缘人,449万,29488元/平,顶层 (共6层) 4室2厅 | 152.27平米 | 南 北,https://ke-image.ljcdn.com/110000-inspection/dd28f5e0-2a9d-49e3-8f1a-9b6b64154ead_1000.jpg!m_fill,w_280,h_210,f_jpg?from=ke.com
20241015,门头沟,滨河西区,101125821481,门头沟滨河承泽苑高楼层精装修三面采光。,198万,25265元/平,高楼层 (共6层) | 2000年 | 2室1厅 | 78.37平米 | 东 南 西,https://ke-image.ljcdn.com/110000-inspection/pc1_qpx7dykxf.jpg!m_fill,w_280,h_210,f_jpg?from=ke.com
20241015,门头沟,滨河西区,101125739211,德露苑 5室2厅 南 北,460万,27986元/平,顶层 (共6层) | 1998年 | 5室2厅 | 164.37平米 | 南 北,https://ke-image.ljcdn.com/110000-inspection/pc1_vnhlxuyiE_1.jpg!m_fill,w_280,h_210,f_jpg?from=ke.com
20241015,门头沟,滨河西区,101125737055,皓月园 3室1厅 南 北,445万,41388元/平,低楼层 (共6层) | 2005年 | 3室1厅 | 107.52平米 | 南 北,https://ke-image.ljcdn.com/110000-inspection/pc1_QL3jpt0JI.jpg!m_fill,w_280,h_210,f_jpg?from=ke.com
20241015,门头沟,滨河西区,101125544601,石龙北路26号院价格可聊业主诚心出售,248万,26601元/平,高楼层 (共6层) 2室1厅 | 93.23平米 | 东 西,https://ke-image.ljcdn.com/110000-inspection/pc1_A6uxEy5p9_1.jpg!m_fill,w_280,h_210,f_jpg?from=ke.com
20241015,门头沟,滨河西区,101125537524,永兴嘉园 高楼层 小户型 出行方便 落地窗,175万,36835元/平,高楼层 (共14层) 1室0厅 | 47.51平米 | 北,https://ke-image.ljcdn.com/110000-inspection/pc1_KsJqQ2uDS.jpg!m_fill,w_280,h_210,f_jpg?from=ke.com
20241015,门头沟,滨河西区,101125496119,皓月园 1室0厅 东,175万,41284元/平,中楼层 (共14层) | 2006年 | 1室0厅 | 42.39平米 | 东,https://ke-image.ljcdn.com/110000-inspection/54dd77e8-3568-488c-b872-9f905c0ca29d_1000.jpg!m_fill,w_280,h_210,f_jpg?from=ke.com
20241015,门头沟,滨河西区,101125461596,滨河含晖苑 四居室 大落地窗,560万,38075元/平,中楼层 (共10层) 4室1厅 | 147.08平米 | 南 北,https://ke-image.ljcdn.com/110000-inspection/4cfffc0b-134d-4a7a-a308-120d8968f72e_1000.jpg!m_fill,w_280,h_210,f_jpg?from=ke.com
20241015,门头沟,滨河西区,101125460940,临镜苑 2室1厅 南,330万,38851元/平,中楼层 (共18层) | 2008年 | 2室1厅 | 84.94平米 | 南,https://ke-image.ljcdn.com/110000-inspection/pc1_uE6Ld2Y7x.jpg!m_fill,w_280,h_210,f_jpg?from=ke.com
20241015,门头沟,滨河西区,101125458603,葡东配套成熟；房子不临街；南北通透；,243万,28881元/平,顶层 (共6层) | 1995年 | 2室1厅 | 84.14平米 | 北 南,https://ke-image.ljcdn.com/110000-inspection/pc1_Lb3lVG80w.jpg!m_fill,w_280,h_210,f_jpg?from=ke.com
20241015,门头沟,滨河西区,101125354304,新桥南街 南北通透 交通便利 设施齐全,165万,26532元/平,中楼层 (共6层) | 1980年 | 2室1厅 | 62.19平米 | 南 北,https://ke-image.ljcdn.com/110000-inspection/6139910d-bc0c-4edf-afef-30cdbbd3deb7_1000.jpg!m_fill,w_280,h_210,f_jpg?from=ke.com
20241015,门头沟,滨河西区,101125327430,房子满五唯一房子采光充足配套齐全环境安静户,176万,27950元/平,高楼层 (共6层) | 1995年 | 2室1厅 | 62.97平米 | 南 北,https://ke-image.ljcdn.com/110000-inspection/68e3a6b6-3d7c-4ed9-9831-9031256cc637_1000.jpg!m_fill,w_280,h_210,f_jpg?from=ke.com
20241015,门头沟,滨河西区,101125253129,此房南北通透 楼层好 视野宽阔 采光充足 配套齐全,516万,24723元/平,顶层 (共6层) | 2006年 | 4室3厅 | 208.72平米 | 南 北,https://ke-image.ljcdn.com/110000-inspection/pc1_Kwhj9J8iv.jpg!m_fill,w_280,h_210,f_jpg?from=ke.com
20241015,门头沟,滨河西区,101125224813,次顶层一居室 楼层好 楼间距够采光好 视野宽阔,279万,31839元/平,高楼层 (共6层) 2室1厅 | 87.63平米 | 东 西,https://ke-image.ljcdn.com/110000-inspection/pc1_TbrLF5qJ8.jpg!m_fill,w_280,h_210,f_jpg?from=ke.com
20241015,门头沟,滨河西区,101125210532,滨河居住区承泽苑好房子,215万,27434元/平,顶层 (共6层) 2室1厅 | 78.37平米 | 东 南 西,https://ke-image.ljcdn.com/110000-inspection/pc1_eNijdLFBL.jpg!m_fill,w_280,h_210,f_jpg?from=ke.com
20241015,门头沟,滨河西区,101125196214,滨河居住区临镜苑跃层复式适合多类型客户,956万,32166元/平,顶层 (共18层) | 2008年 | 6室3厅 | 297.21平米 | 东 南 西 北,https://ke-image.ljcdn.com/110000-inspection/3cb79912-594f-4f17-82ce-bf8e20724e7a_1000.jpg!m_fill,w_280,h_210,f_jpg?from=ke.com
20241015,门头沟,滨河西区,101125122436,葡东小区 正规三居室 南北透通 采光好 视野好,304万,30711元/平,高楼层 (共6层) 3室1厅 | 98.99平米 | 南 北,https://ke-image.ljcdn.com/110000-inspection/81dd3ab5-227a-450b-85dc-241e39fc223b_1000.jpg!m_fill,w_280,h_210,f_jpg?from=ke.com
20241015,门头沟,滨河西区,101124855431,绮霞苑 2室1厅 南 北,299万,39317元/平,中楼层 (共6层) | 2002年 | 2室1厅 | 76.05平米 | 南 北,https://ke-image.ljcdn.com/110000-inspection/pc1_SRBDKAJ6E.jpg!m_fill,w_280,h_210,f_jpg?from=ke.com
20241015,门头沟,滨河西区,101124804556,滨河临镜苑 电梯两居 视野开阔 满五唯一房主自荐,293万,38912元/平,顶层 (共18层) 2室1厅 | 75.3平米 | 东 北,https://ke-image.ljcdn.com/110000-inspection/pc1_IoiMpnmfc_1.jpg!m_fill,w_280,h_210,f_jpg?from=ke.com
20241015,门头沟,滨河西区,101124688737,滨河含晖苑精装修新中式复式跃层,509万,30947元/平,顶层 (共6层) 4室3厅 | 164.48平米 | 南 西 北,https://ke-image.ljcdn.com/110000-inspection/383dd9da-32bc-4cd4-a0a1-4633cb870b2e_1000.jpg!m_fill,w_280,h_210,f_jpg?from=ke.com
20241015,门头沟,滨河西区,101124499500,德露苑纯南向两居室 明厨明卫户型方正采光好,205万,28712元/平,高楼层 (共6层) 2室1厅 | 71.4平米 | 南,https://ke-image.ljcdn.com/110000-inspection/pc1_3xMulTN4I.jpg!m_fill,w_280,h_210,f_jpg?from=ke.com
20241015,门头沟,滨河西区,101124454688,门头沟月季园 2室1厅 南,180万,28944元/平,顶层 (共6层) 2室1厅 | 62.19平米 | 南,https://ke-image.ljcdn.com/110000-inspection/pc1_wVIwNchJM_1.jpg!m_fill,w_280,h_210,f_jpg?from=ke.com
20241015,门头沟,滨河西区,101124454258,月季园东里正规南向一居室满五唯一商品房。,110万,26398元/平,高楼层 (共6层) 1室1厅 | 41.67平米 | 南,https://ke-image.ljcdn.com/110000-inspection/pc1_l4Jm3sDcz.jpg!m_fill,w_280,h_210,f_jpg?from=ke.com
20241015,门头沟,滨河西区,101124338862,葡东小区两居出售户型方正业主诚信出售,198万,29191元/平,中楼层 (共6层) 2室1厅 | 67.83平米 | 南,https://ke-image.ljcdn.com/110000-inspection/pc1_BKngDzNSl.jpg!m_fill,w_280,h_210,f_jpg?from=ke.com
20241015,门头沟,滨河西区,101124318318,绮霞苑 电梯三居 不临街 三卧室朝阳 近快4,420万,36330元/平,低楼层 (共13层) 3室1厅 | 115.61平米 | 南 北,https://ke-image.ljcdn.com/110000-inspection/pc1_ZHgn01nsu.jpg!m_fill,w_280,h_210,f_jpg?from=ke.com
20241015,门头沟,滨河西区,101124277620,房子采光充足配套齐全环境安静户型合理,179万,28427元/平,高楼层 (共6层) 2室1厅 | 62.97平米 | 南 北,https://ke-image.ljcdn.com/110000-inspection/7656aedf-25fd-4d64-97ae-13e6d19d4bfc_1000.jpg!m_fill,w_280,h_210,f_jpg?from=ke.com
20241015,门头沟,滨河西区,101124275004,倚山嘉园户型合理周边配套齐全交通便利,450万,26818元/平,顶层 (共6层) | 2004年 | 3室3厅 | 167.8平米 | 南 北,https://ke-image.ljcdn.com/110000-inspection/pc1_oTm2foqs9.jpg!m_fill,w_280,h_210,f_jpg?from=ke.com
20241015,门头沟,滨河西区,101124240019,滨河西区皓月园两居室明厨明卫户型方正电梯房拎包入住,327万,36443元/平,中楼层 (共16层) | 2005年 | 2室1厅 | 89.73平米 | 东 南 西,https://ke-image.ljcdn.com/110000-inspection/pc1_ZJiQAqbfO.jpg!m_fill,w_280,h_210,f_jpg?from=ke.com
20241015,门头沟,滨河西区,101124232168,滨河西区霁月园复式满五唯一产权清晰。,545万,26365元/平,顶层 (共6层) 5室2厅 | 206.72平米 | 南 北,https://ke-image.ljcdn.com/110000-inspection/f70bfda4-999c-480d-af89-01f2e14c9bf6_1000.jpg!m_fill,w_280,h_210,f_jpg?from=ke.com
20241015,门头沟,滨河西区,101124226529,石龙北路20号院正规两居出售,185万,22644元/平,高楼层 (共6层) 2室1厅 | 81.7平米 | 南 北,https://ke-image.ljcdn.com/110000-inspection/pc1_oiYuw3jck.jpg!m_fill,w_280,h_210,f_jpg?from=ke.com
20241015,门头沟,滨河西区,101124215281,双峪路小区 出行方便 视野好 纯南向 采光充足 诚心卖房主自荐,115万,23731元/平,顶层 (共5层) 2室1厅 | 48.46平米 | 南,https://ke-image.ljcdn.com/110000-inspection/6a30c412-f17f-476a-8fc2-63c05fc49762_1000.jpg!m_fill,w_280,h_210,f_jpg?from=ke.com
20241015,门头沟,滨河西区,101124025312,绮霞苑优质三居室  三面采光 中间楼层,310万,33366元/平,中楼层 (共6层) | 2002年 | 3室1厅 | 92.91平米 | 南 北,https://ke-image.ljcdn.com/110000-inspection/pc1_Pk8k9W2T4_1.jpg!m_fill,w_280,h_210,f_jpg?from=ke.com
20241015,门头沟,滨河西区,101123967230,门头沟月季园 满五唯一 南北通透 明厨明卫 两居房主自荐,150万,23478元/平,顶层 (共6层) | 1990年 | 2室1厅 | 63.89平米 | 南 北,https://ke-image.ljcdn.com/110000-inspection/24686294-7a26-4f36-81c9-c85dc5678c15_1000.jpg!m_fill,w_280,h_210,f_jpg?from=ke.com
20241015,门头沟,滨河西区,101123832615,滨河倚山嘉园此房满五唯一正规一室一厅,183万,26630元/平,中楼层 (共14层) | 2005年 | 1室1厅 | 68.72平米 | 东,https://ke-image.ljcdn.com/110000-inspection/pc1_tLPGsX2kd.jpg!m_fill,w_280,h_210,f_jpg?from=ke.com
20241015,门头沟,滨河西区,101123785931,此房南北通透两居明厨明卫低楼层适合各类人群房主自荐,198万,34743元/平,底层 (共6层) 2室1厅 | 56.99平米 | 南 北,https://ke-image.ljcdn.com/110000-inspection/pc1_sblrvX78U_1.jpg!m_fill,w_280,h_210,f_jpg?from=ke.com
20241015,门头沟,滨河西区,101123728306,葡东小区半地下两居出售户型方正。房主自荐,153万,20590元/平,地下室 (共6层) | 2000年 | 2室1厅 | 74.31平米 | 南,https://ke-image.ljcdn.com/110000-inspection/pc1_lDghT9VQ8.jpg!m_fill,w_280,h_210,f_jpg?from=ke.com
20241015,门头沟,滨河西区,101123717344,葡东小区 2室1厅 南,235万,31540元/平,中楼层 (共6层) 2室1厅 | 74.51平米 | 南,https://ke-image.ljcdn.com/110000-inspection/pc1_T7mLM8qYz.jpg!m_fill,w_280,h_210,f_jpg?from=ke.com
20241015,门头沟,滨河西区,101123715742,绮霞苑 3室1厅 东 南 北,306万,37114元/平,顶层 (共6层) | 2002年 | 3室1厅 | 82.45平米 | 东 南 北,https://ke-image.ljcdn.com/110000-inspection/pc1_yW24qPyWM_1.jpg!m_fill,w_280,h_210,f_jpg?from=ke.com
20241015,门头沟,滨河西区,101123709389,绮霞苑 2室1厅 东 南 北,189万,31749元/平,顶层 (共6层) 2室1厅 | 59.53平米 | 东 南 北,https://ke-image.ljcdn.com/110000-inspection/6e131af1-02a4-4e1f-996d-d159c0e27efd_1000.jpg!m_fill,w_280,h_210,f_jpg?from=ke.com
20241015,门头沟,滨河西区,101123696068,新桥南大街 2室1厅 南 西 北,134万,23403元/平,顶层 (共6层) 2室1厅 | 57.26平米 | 南 西 北,https://ke-image.ljcdn.com/110000-inspection/cfaf229f-17a5-4442-8b59-6b67f26aaabc_1000.jpg!m_fill,w_280,h_210,f_jpg?from=ke.com
20241015,门头沟,滨河西区,101123647268,滨河霁月园复式  南北通透  满五年唯一 单价低,418万,24945元/平,顶层 (共6层) 3室2厅 | 167.57平米 | 南 北,https://ke-image.ljcdn.com/110000-inspection/pc1_h9AnJtrF0.jpg!m_fill,w_280,h_210,f_jpg?from=ke.com
20241015,门头沟,滨河西区,101123627321,承泽苑两居室南北朝向满五唯一中间层随时可看,265万,32282元/平,中楼层 (共6层) 2室1厅 | 82.09平米 | 南 北,https://ke-image.ljcdn.com/110000-inspection/pc1_HqHeYKCCZ.jpg!m_fill,w_280,h_210,f_jpg?from=ke.com
20241015,门头沟,滨河西区,101123565320,滨河德露园南北通透两居室明厨明卫户型方正满五唯一,248万,27452元/平,高楼层 (共6层) 2室1厅 | 90.34平米 | 南 北,https://ke-image.ljcdn.com/110000-inspection/pc1_n8IO3vlgc.jpg!m_fill,w_280,h_210,f_jpg?from=ke.com
20241015,门头沟,滨河西区,101123434943,永兴小区 低楼层南北通透大两居 满五年成本价,259万,31383元/平,底层 (共6层) 2室1厅 | 82.53平米 | 南 北,https://ke-image.ljcdn.com/110000-inspection/44a46153-c466-433d-bb43-3b64c68e61e0_1000.jpg!m_fill,w_280,h_210,f_jpg?from=ke.com
20241015,门头沟,滨河西区,101123418449,月季园小区南北通透两居室明厨明卫房主自荐,188万,29321元/平,中楼层 (共6层) 2室1厅 | 64.12平米 | 南 北,https://ke-image.ljcdn.com/110000-inspection/pc1_zgfcqCgnN.jpg!m_fill,w_280,h_210,f_jpg?from=ke.com
20241015,门头沟,滨河西区,101123405432,门头沟月季园 满五唯一 精装修 南北通透 明厨明卫两居,169万,27498元/平,高楼层 (共6层) | 1990年 | 2室1厅 | 61.46平米 | 南 北,https://ke-image.ljcdn.com/110000-inspection/3314c232-860d-4fb1-a32c-3c156f2bbe24_1000.jpg!m_fill,w_280,h_210,f_jpg?from=ke.com
20241015,门头沟,滨河西区,101123383296,德露苑 2室1厅 南 北房主自荐,278万,29880元/平,中楼层 (共7层) | 1999年 | 2室1厅 | 93.04平米 | 南 北,https://ke-image.ljcdn.com/110000-inspection/pc1_rTAELqNsz.jpg!m_fill,w_280,h_210,f_jpg?from=ke.com
20241015,门头沟,滨河西区,101123347799,滨河区皓月园业主诚心出售中24小时安保服务,144万,33318元/平,中楼层 (共14层) | 2006年 | 1室0厅 | 43.22平米 | 北,https://ke-image.ljcdn.com/110000-inspection/pc1_sNCE7OEhU.jpg!m_fill,w_280,h_210,f_jpg?from=ke.com
20241015,门头沟,滨河西区,101123317901,倚山嘉园 4室2厅 南 北,395万,25147元/平,顶层 (共6层) | 2004年 | 4室2厅 | 157.08平米 | 南 北,https://ke-image.ljcdn.com/110000-inspection/pc1_75MfFokW4_2.jpg!m_fill,w_280,h_210,f_jpg?from=ke.com
20241015,门头沟,滨河西区,101123114098,葡东小区 低楼层 南北通透全明格局房主自荐,176万,27496元/平,低楼层 (共6层) | 1997年 | 2室1厅 | 64.01平米 | 南 北,https://ke-image.ljcdn.com/110000-inspection/pc1_64ifMJUsX.jpg!m_fill,w_280,h_210,f_jpg?from=ke.com
20241015,门头沟,滨河西区,101122995107,合景·领汇长安 精装修 小洋房 近地铁,458万,52159元/平,底层 (共10层) | 2021年 | 3室1厅 | 87.81平米 | 南 北,https://ke-image.ljcdn.com/110000-inspection/pc1_i5LitQSHH.jpg!m_fill,w_280,h_210,f_jpg?from=ke.com
20241015,门头沟,滨河西区,101122803447,滨河德露苑 满两年 精装修 4层,230万,34044元/平,中楼层 (共7层) | 1999年 | 1室1厅 | 67.56平米 | 南 北,https://ke-image.ljcdn.com/110000-inspection/pc1_0dFKmXMB8.jpg!m_fill,w_280,h_210,f_jpg?from=ke.com
20241015,门头沟,滨河西区,101122735186,此房 西南朝向.采光好.视野开阔.诚心出售,158万,33404元/平,中楼层 (共6层) 1室1厅 | 47.3平米 | 西南,https://ke-image.ljcdn.com/110000-inspection/pc1_OQncbdAcu_1.jpg!m_fill,w_280,h_210,f_jpg?from=ke.com
20241015,门头沟,滨河西区,101122408823,双峪路小区 低楼层 两居室 出行购物方便,239万,31448元/平,底层 (共6层) 2室2厅 | 76平米 | 东南 北,https://ke-image.ljcdn.com/110000-inspection/ae8500c1-f369-4fdc-bed7-aea4bccd019f_1000.jpg!m_fill,w_280,h_210,f_jpg?from=ke.com
20241015,门头沟,滨河西区,101122201660,合景领汇长安电梯高楼层南北全明户型,458万,57997元/平,高楼层 (共10层) | 2021年 | 2室1厅 | 78.97平米 | 南 北,https://ke-image.ljcdn.com/110000-inspection/52e753ed-3548-43e9-a7d9-bdee7147d1c6_1000.jpg!m_fill,w_280,h_210,f_jpg?from=ke.com
20241015,门头沟,滨河西区,101121725246,德露苑 2室1厅 南 北,180万,29103元/平,顶层 (共7层) | 1999年 | 2室1厅 | 61.85平米 | 南 北,https://ke-image.ljcdn.com/110000-inspection/ed7b602c-cd35-4ade-bf05-ec31dcdf0679_1000.jpg!m_fill,w_280,h_210,f_jpg?from=ke.com
20241015,门头沟,滨河西区,101127045500,临镜苑 3室1厅 南 西 北新上,580万,37939元/平,底层 (共16层) 3室1厅 | 152.88平米 | 南 西 北,https://s1.ljcdn.com/pegasus/redskull/images/common/default_house_list.png?_v=20241010190020670
20241015,门头沟,滨河西区,101127019463,倚山嘉园小区   楼层好  视野宽阔  交通便利。新上,199万,24724元/平,高楼层 (共13层) | 2007年 | 1室1厅 | 80.49平米 | 东,https://s1.ljcdn.com/pegasus/redskull/images/common/default_house_list.png?_v=20241010190020670
20241015,门头沟,滨河西区,101126888616,绮霞苑 3室2厅 南 北,430万,37195元/平,低楼层 (共13层) | 2003年 | 3室2厅 | 115.61平米 | 南 北,https://s1.ljcdn.com/pegasus/redskull/images/common/default_house_list.png?_v=20241010190020670
20241015,门头沟,滨河西区,101126858065,熙旺中心 2室1厅 南,159万,17190元/平,高楼层 (共25层) | 2010年 | 2室1厅 | 92.5平米 | 南,https://s1.ljcdn.com/pegasus/redskull/images/common/default_house_list.png?_v=20241010190020670
20241015,门头沟,滨河西区,101126651097,伴山御景西贸国际个人产权,63万,13558元/平,高楼层 (共26层) 1室0厅 | 46.47平米 | 西南,https://s1.ljcdn.com/pegasus/redskull/images/common/default_house_list.png?_v=20241010190020670
20241015,门头沟,滨河西区,101126596326,绮霞苑·方正户型·3室2厅2卫·电梯房·南北通透,396万,33309元/平,底层 (共12层) | 2003年 | 3室2厅 | 118.89平米 | 南 北,https://s1.ljcdn.com/pegasus/redskull/images/common/default_house_list.png?_v=20241010190020670
20241015,门头沟,滨河西区,101126493029,个人产权交通便利近快4购物吃饭便,102万,14762元/平,中楼层 (共25层) | 2010年 | 1室1厅 | 69.1平米 | 东北,https://s1.ljcdn.com/pegasus/redskull/images/common/default_house_list.png?_v=20241010190020670
20241015,门头沟,滨河西区,101126375024,熙旺中心 阜石路边近快4站 吃饭交通购物都方便,65万,14042元/平,中楼层 (共26层) 1室0厅 | 46.29平米 | 西南,https://s1.ljcdn.com/pegasus/redskull/images/common/default_house_list.png?_v=20241010190020670
20241015,门头沟,滨河西区,101126353559,西贸国际·熙旺中心楼层好带电梯,49万,12135元/平,中楼层 (共26层) 1室1厅 | 40.38平米 | 北,https://s1.ljcdn.com/pegasus/redskull/images/common/default_house_list.png?_v=20241010190020670
20241015,门头沟,滨河西区,101126353656,西贸国际·熙旺中心带电梯楼层好,49万,12135元/平,中楼层 (共26层) 1室1厅 | 40.38平米 | 北,https://s1.ljcdn.com/pegasus/redskull/images/common/default_house_list.png?_v=20241010190020670
20241015,门头沟,滨河西区,101126231669,鸿坤七星长安 2室1厅 南,88万,12597元/平,中楼层 (共21层) | 2017年 | 2室1厅 | 69.86平米 | 南,https://s1.ljcdn.com/pegasus/redskull/images/common/default_house_list.png?_v=20241010190020670
20241015,门头沟,滨河西区,101126218593,熙旺中心 中间楼层 户型方正 交通方便,56万,12098元/平,中楼层 (共26层) 1室1厅 | 46.29平米 | 南,https://s1.ljcdn.com/pegasus/redskull/images/common/default_house_list.png?_v=20241010190020670
20241015,门头沟,滨河西区,101126090067,西贸国际·熙旺中心装修好视野好,90万,13437元/平,高楼层 (共26层) 1室1厅 | 66.98平米 | 东,https://s1.ljcdn.com/pegasus/redskull/images/common/default_house_list.png?_v=20241010190020670
20241015,门头沟,滨河西区,101125825780,永兴小区南北通透全明格局双卧朝南采光充足,180万,23988元/平,顶层 (共6层) 2室1厅 | 75.04平米 | 南 北,https://s1.ljcdn.com/pegasus/redskull/images/common/default_house_list.png?_v=20241010190020670
20241015,门头沟,滨河西区,101124878577,熙旺中心 1室1厅 东北,107万,13478元/平,顶层 (共26层) 1室1厅 | 79.39平米 | 东北,https://s1.ljcdn.com/pegasus/redskull/images/common/default_house_list.png?_v=20241010190020670
20241015,门头沟,滨河西区,101124629507,伴山御景西贸国际 熙旺中心 西贸国际,79万,17063元/平,中楼层 (共26层) 1室0厅 | 46.3平米 | 南 西,https://s1.ljcdn.com/pegasus/redskull/images/common/default_house_list.png?_v=20241010190020670
20241015,门头沟,滨河西区,101124428080,伴山御景西贸国际 带电梯的高层,57万,12261元/平,高楼层 (共26层) 1室0厅 | 46.49平米 | 西南,https://s1.ljcdn.com/pegasus/redskull/images/common/default_house_list.png?_v=20241010190020670
20241015,门头沟,滨河西区,101124425227,滨河绮霞苑 低楼层 正规两室一厅 户型方正,168万,25599元/平,低楼层 (共6层) 2室1厅 | 65.63平米 | 西 北,https://s1.ljcdn.com/pegasus/redskull/images/common/default_house_list.png?_v=20241010190020670
20241015,门头沟,滨河西区,101124135377,西贸国际·熙旺中心-交通便利-视野好,55万,11880元/平,顶层 (共26层) 1室1厅 | 46.3平米 | 南,https://s1.ljcdn.com/pegasus/redskull/images/common/default_house_list.png?_v=20241010190020670
20241015,门头沟,滨河西区,101122696374,鸿坤七星长安 1室1厅 东南,74万,13671元/平,低楼层 (共20层) | 2017年 | 1室1厅 | 54.13平米 | 东南,https://s1.ljcdn.com/pegasus/redskull/images/common/default_house_list.png?_v=20241010190020670
20241015,门头沟,滨河西区,101120533962,鸿坤七星长安 2室1厅 南,95万,13599元/平,中楼层 (共21层) 2室1厅 | 69.86平米 | 南,https://s1.ljcdn.com/pegasus/redskull/images/common/default_house_list.png?_v=20241010190020670
20241015,门头沟,滨河西区,101119808815,鸿坤七星长安 2室1厅 南 北,150万,18141元/平,低楼层 (共20层) | 2017年 | 2室1厅 | 82.69平米 | 南 北,https://s1.ljcdn.com/pegasus/redskull/images/common/default_house_list.png?_v=20241010190020670
