20241028,丰台,草桥,101127176010,中间楼层  步梯 一梯两户 精装修必看好房,409万,63539元/平,中楼层 (共6层) 2室1厅 | 64.37平米 | 北 南,https://ke-image.ljcdn.com/110000-inspection/c5cf6faf-6851-4c90-9562-1a4c4b833f3c_1000.jpg!m_fill,w_280,h_210,f_jpg?from=ke.com
20241028,丰台,草桥,101127159390,草桥欣园四区 地铁10、19和机场线三轨交汇必看好房,559万,52657元/平,底层 (共14层) | 2003年 | 3室1厅 | 106.16平米 | 南 北,https://ke-image.ljcdn.com/110000-inspection/5ce8bfa2-5223-456c-9f1c-146cc9c7b309_1000.jpg!m_fill,w_280,h_210,f_jpg?from=ke.com
20241028,丰台,草桥,101127109787,此房是南北通透两居室户型方正无浪费面积必看好房,780万,63888元/平,中楼层 (共11层) | 2001年 | 2室1厅 | 122.09平米 | 南 北,https://ke-image.ljcdn.com/110000-inspection/cf0a7435-f7bd-413d-9e8b-cbe66dc64fcd_1000.jpg!m_fill,w_280,h_210,f_jpg?from=ke.com
20241028,丰台,草桥,101127109521,恋日嘉园二期 2室1厅 南必看好房,720万,75464元/平,高楼层 (共19层) | 2007年 | 2室1厅 | 95.41平米 | 南,https://ke-image.ljcdn.com/110000-inspection/773ff69c-f4e8-4767-b0e6-7ea54fd16c05_1000.jpg!m_fill,w_280,h_210,f_jpg?from=ke.com
20241028,丰台,草桥,101127053593,带电梯  一梯两户  地铁三轨10+19+大兴机场必看好房,535万,70758元/平,中楼层 (共6层) 2室1厅 | 75.61平米 | 南 北,https://ke-image.ljcdn.com/110000-inspection/pc1_0oiqiOXjA_2.jpg!m_fill,w_280,h_210,f_jpg?from=ke.com
20241028,丰台,草桥,101127089506,夏季星空 3室1厅 南 北,930万,75359元/平,低楼层 (共6层) 3室1厅 | 123.41平米 | 南 北,https://ke-image.ljcdn.com/110000-inspection/1e2199d5-fc8b-4fbb-8d66-55ccd935bb39_1000.jpg!m_fill,w_280,h_210,f_jpg?from=ke.com
20241028,丰台,草桥,101127036925,玺萌鹏苑 1室0厅 北必看好房,145万,43220元/平,低楼层 (共24层) | 2002年 | 1室0厅 | 33.55平米 | 北,https://ke-image.ljcdn.com/110000-inspection/pc1_UxvGiSWBK_1.jpg!m_fill,w_280,h_210,f_jpg?from=ke.com
20241028,丰台,草桥,101126908580,玺萌公馆 大三居 双卧朝南 满五年唯一 不临街必看好房,880万,63493元/平,底层 (共6层) 3室2厅 | 138.6平米 | 南 北,https://ke-image.ljcdn.com/110000-inspection/c09db35f-957c-4edd-821e-2a83a28c9bea_1000.jpg!m_fill,w_280,h_210,f_jpg?from=ke.com
20241028,丰台,草桥,101126893599,草桥欣园四区风景club双卧朝南明卫三居室。必看好房,998万,69518元/平,低楼层 (共12层) | 2007年 | 3室1厅 | 143.56平米 | 南 北,https://ke-image.ljcdn.com/110000-inspection/c9412241-057c-4e17-85d5-af4fc28cf018_1000.jpg!m_fill,w_280,h_210,f_jpg?from=ke.com
20241028,丰台,草桥,101126885089,草桥矿冶小区  正规西南三居 大客厅低楼层 采光好必看好房,432万,43934元/平,低楼层 (共6层) 3室1厅 | 98.33平米 | 西南,https://ke-image.ljcdn.com/110000-inspection/87546562-8bc3-4287-9700-644cd704fbe1_1000.jpg!m_fill,w_280,h_210,f_jpg?from=ke.com
20241028,丰台,草桥,101126758736,南三环草桥地铁口 商品房 满五年唯一  南北双通透必看好房,985万,69509元/平,高楼层 (共17层) 3室2厅 | 141.71平米 | 南 北,https://ke-image.ljcdn.com/110000-inspection/585e2e0c-bd7c-487c-ad4d-09a721cbe32b_1000.jpg!m_fill,w_280,h_210,f_jpg?from=ke.com
20241028,丰台,草桥,101126720252,玺萌公馆 次顶层 满五年唯一 不临街 随时可看,1080万,82280元/平,高楼层 (共6层) 3室1厅 | 131.26平米 | 南 北,https://ke-image.ljcdn.com/110000-inspection/e19caf27-696d-4bf6-bd85-686c2ad967c4_1000.jpg!m_fill,w_280,h_210,f_jpg?from=ke.com
20241028,丰台,草桥,101126491415,未来上层 南北两居室 业主急售必看好房,748万,77610元/平,中楼层 (共13层) | 2005年 | 2室2厅 | 96.38平米 | 南 北,https://ke-image.ljcdn.com/110000-inspection/c0d53d63-ea83-4736-bb49-85a2af442e5c_1000.jpg!m_fill,w_280,h_210,f_jpg?from=ke.com
20241028,丰台,草桥,101126418657,草桥欣园三区南北两居 明厨明卫  无遮挡 满五年必看好房,459万,61455元/平,低楼层 (共12层) | 1999年 | 2室1厅 | 74.69平米 | 南 北,https://ke-image.ljcdn.com/110000-inspection/pc1_cQwmekFxn_1.jpg!m_fill,w_280,h_210,f_jpg?from=ke.com
20241028,丰台,草桥,101126384869,玉芳园 2室2厅 南 北必看好房,430万,43615元/平,中楼层 (共16层) 2室2厅 | 98.59平米 | 南 北,https://ke-image.ljcdn.com/110000-inspection/pc1_4lcBK0qZ3_1.jpg!m_fill,w_280,h_210,f_jpg?from=ke.com
20241028,丰台,草桥,101126276789,南珠苑 1室1厅 东必看好房,200万,45569元/平,中楼层 (共22层) | 2004年 | 1室1厅 | 43.89平米 | 东,https://ke-image.ljcdn.com/110000-inspection/pc1_VZ5qraHkS_1.jpg!m_fill,w_280,h_210,f_jpg?from=ke.com
20241028,丰台,草桥,101126267717,草桥东路12号楼玉芳园小区点评必看好房,446万,45238元/平,高楼层 (共16层) 2室2厅 | 98.59平米 | 南 北,https://ke-image.ljcdn.com/110000-inspection/pc1_mAiNl96f6_1.jpg!m_fill,w_280,h_210,f_jpg?from=ke.com
20241028,丰台,草桥,101126259636,玺萌鹏苑 2室1厅 西必看好房,480万,51741元/平,高楼层 (共24层) | 2002年 | 2室1厅 | 92.77平米 | 西,https://ke-image.ljcdn.com/110000-inspection/pc1_L26SZyb6y_1.jpg!m_fill,w_280,h_210,f_jpg?from=ke.com
20241028,丰台,草桥,101126223827,草桥 玉安园南向一居中楼层视野采光好 满五唯一必看好房,305万,51486元/平,中楼层 (共20层) 1室1厅 | 59.24平米 | 南,https://ke-image.ljcdn.com/110000-inspection/4a9c4f80-f090-402e-a032-d1c55ac4107d_1000.jpg!m_fill,w_280,h_210,f_jpg?from=ke.com
20241028,丰台,草桥,101126027825,草桥 玉安园正南向一居 诚意出售必看好房,232万,45286元/平,低楼层 (共17层) 1室1厅 | 51.23平米 | 南,https://ke-image.ljcdn.com/110000-inspection/pc1_EQ7PKYHDJ_1.jpg!m_fill,w_280,h_210,f_jpg?from=ke.com
20241028,丰台,草桥,101125926611,草桥东路南北通透3居 精装修 房本满5年 明厨明卫必看好房,538万,59239元/平,中楼层 (共13层) | 1999年 | 3室1厅 | 90.82平米 | 南 北,https://ke-image.ljcdn.com/110000-inspection/pc1_3IxfzBQ6P_1.jpg!m_fill,w_280,h_210,f_jpg?from=ke.com
20241028,丰台,草桥,101125877611,玺萌丽苑 西向一居室 满五年唯一出行方便 诚心出售房主自荐,272万,42481元/平,底层 (共24层) | 2003年 | 1室1厅 | 64.03平米 | 西 南,https://ke-image.ljcdn.com/110000-inspection/c7c5f606-4377-4842-9bdb-2891f641a29d_1000.jpg!m_fill,w_280,h_210,f_jpg?from=ke.com
20241028,丰台,草桥,101125565118,草桥地铁站 南北两居 环境好 带电梯,458万,58508元/平,低楼层 (共6层) 2室1厅 | 78.28平米 | 南 北,https://ke-image.ljcdn.com/110000-inspection/pc1_LDt3Q2OM8_1.jpg!m_fill,w_280,h_210,f_jpg?from=ke.com
20241028,丰台,草桥,101125462181,草桥地铁口 高品质社区恋日花都 全屋落地窗必看好房,790万,67338元/平,高楼层 (共16层) 2室2厅 | 117.32平米 | 西南,https://ke-image.ljcdn.com/110000-inspection/pc1_RukYvsQzx_2.jpg!m_fill,w_280,h_210,f_jpg?from=ke.com
20241028,丰台,草桥,101125426097,草桥欣满五年唯一上半层无遮挡业主诚心出售随时可看必看好房,460万,62029元/平,中楼层 (共15层) | 2003年 | 2室1厅 | 74.16平米 | 南 北,https://ke-image.ljcdn.com/110000-inspection/pc1_HA0Zde6ap_1.jpg!m_fill,w_280,h_210,f_jpg?from=ke.com
20241028,丰台,草桥,101125332344,人车分流次新小区下楼就是地铁 带车位必看好房,899万,66118元/平,高楼层 (共21层) | 2016年 | 3室2厅 | 135.97平米 | 南 北,https://ke-image.ljcdn.com/110000-inspection/pc1_fB29YPdig_1.jpg!m_fill,w_280,h_210,f_jpg?from=ke.com
20241028,丰台,草桥,101124936072,草桥欣园四区  格局方正 挑高厅 采光充足,780万,66265元/平,低楼层 (共15层) | 2007年 | 2室2厅 | 117.71平米 | 西南,https://ke-image.ljcdn.com/110000-inspection/pc1_4Tp0LhHSG_1.jpg!m_fill,w_280,h_210,f_jpg?from=ke.com
20241028,丰台,草桥,101124839493,草桥欣园 正规一室一厅 直接入户 南北通透 精装修必看好房,345万,52400元/平,低楼层 (共18层) | 2001年 | 1室1厅 | 65.84平米 | 南 北,https://ke-image.ljcdn.com/110000-inspection/pc1_B9aFigARk_2.jpg!m_fill,w_280,h_210,f_jpg?from=ke.com
20241028,丰台,草桥,101124825447,精装修 南北通透 全明格局 采光视野好 户型方正必看好房,670万,67711元/平,高楼层 (共12层) | 1999年 | 3室1厅 | 98.95平米 | 南 北,https://ke-image.ljcdn.com/110000-inspection/aab09089-2729-4d60-9e77-36a33260a5d0_1000.jpg!m_fill,w_280,h_210,f_jpg?from=ke.com
20241028,丰台,草桥,101124409234,草桥 玺萌丽苑 三室一厅两卫 户型方正 格局好,630万,49603元/平,底层 (共24层) | 2002年 | 3室1厅 | 127.01平米 | 东,https://ke-image.ljcdn.com/110000-inspection/pc1_ltMZVwro0_1.jpg!m_fill,w_280,h_210,f_jpg?from=ke.com
20241028,丰台,草桥,101124388718,恋日花都南北双通透三居室满五年唯一。必看好房,1250万,79089元/平,中楼层 (共19层) | 2006年 | 3室2厅 | 158.05平米 | 南 北,https://ke-image.ljcdn.com/110000-inspection/1d49d616-ed11-4fb0-a091-b11d5b165359_1000.jpg!m_fill,w_280,h_210,f_jpg?from=ke.com
20241028,丰台,草桥,101124020204,南三环草桥马家堡满五唯一两居电梯房集中供暖中间层必看好房,379万,48349元/平,中楼层 (共20层) 2室1厅 | 78.39平米 | 东,https://ke-image.ljcdn.com/110000-inspection/25d23639-e364-4d24-8d65-0953ee15bd4c_1000.jpg!m_fill,w_280,h_210,f_jpg?from=ke.com
20241028,丰台,草桥,101123698837,三轨交汇 满五年唯一 95米楼间距 户型好 大平米必看好房,1050万,64887元/平,中楼层 (共15层) 3室2厅 | 161.82平米 | 南 北,https://ke-image.ljcdn.com/110000-inspection/3dabb8a5-e8f4-4c99-8f0a-d72d2fc78f97_1000.jpg!m_fill,w_280,h_210,f_jpg?from=ke.com
20241028,丰台,草桥,101123241620,风景club 视野开阔前后花园满五唯一 南北通透。必看好房,1050万,73345元/平,高楼层 (共12层) | 2007年 | 3室2厅 | 143.16平米 | 南 北,https://ke-image.ljcdn.com/110000-inspection/pc1_khkZXZmox_1.jpg!m_fill,w_280,h_210,f_jpg?from=ke.com
20241028,丰台,草桥,101123196281,右外南三环草桥马家堡南向一居室集中供暖满五唯一必看好房,220万,42944元/平,底层 (共17层) 1室1厅 | 51.23平米 | 南,https://ke-image.ljcdn.com/110000-inspection/pc1_4SAkkL2Cp_1.jpg!m_fill,w_280,h_210,f_jpg?from=ke.com
20241028,丰台,草桥,101123051106,今日草桥 1室0厅 西,330万,68323元/平,中楼层 (共21层) 1室0厅 | 48.3平米 | 西,https://ke-image.ljcdn.com/110000-inspection/pc1_vjqupszgc_1.jpg!m_fill,w_280,h_210,f_jpg?from=ke.com
20241028,丰台,草桥,101122642993,草桥恋日嘉园二期2007年19号10号大兴机场线地铁LDGK必看好房,1080万,66712元/平,中楼层 (共19层) 3室2厅 | 161.89平米 | 南 北,https://ke-image.ljcdn.com/110000-inspection/pc1_9bURYP6A4_1.jpg!m_fill,w_280,h_210,f_jpg?from=ke.com
20241028,丰台,草桥,101121326539,丰台区草桥东路8号院 南珠苑 正规一居室房主自荐,285万,48702元/平,低楼层 (共22层) | 2004年 | 1室1厅 | 58.52平米 | 西南,https://ke-image.ljcdn.com/110000-inspection/pc1_syLyt1KCi_1.jpg!m_fill,w_280,h_210,f_jpg?from=ke.com
20241028,丰台,草桥,101119478542,玺萌公馆南北双卧朝南格局 采光没遮挡 户型方正必看好房,890万,64573元/平,底层 (共6层) | 2008年 | 3室2厅 | 137.83平米 | 南 北,https://ke-image.ljcdn.com/110000-inspection/27e6b895-1bfd-48d3-b086-13ec1870d6bf_1000.jpg!m_fill,w_280,h_210,f_jpg?from=ke.com
20241028,丰台,草桥,101127165986,南三环马家堡草桥电梯房精装两居集中供暖楼层好必看好房,355万,47569元/平,高楼层 (共17层) | 1998年 | 2室1厅 | 74.63平米 | 东,https://ke-image.ljcdn.com/110000-inspection/7bf57415-013c-43f5-b3e5-e21ccc69427b_1000.jpg!m_fill,w_280,h_210,f_jpg?from=ke.com
20241028,丰台,草桥,101127109532,全明格局两居室 双卧朝南 到十号线草桥地铁600米必看好房,460万,60743元/平,中楼层 (共12层) 2室1厅 | 75.73平米 | 南 北,https://ke-image.ljcdn.com/110000-inspection/pc1_WkodBszwA_1.jpg!m_fill,w_280,h_210,f_jpg?from=ke.com
20241028,丰台,草桥,101127105720,草桥欣园四区 地铁10、19和机场线三轨交汇必看好房,538万,66609元/平,中楼层 (共18层) 2室1厅 | 80.77平米 | 南 北,https://ke-image.ljcdn.com/110000-inspection/pc1_MjOhEXEgX_1.jpg!m_fill,w_280,h_210,f_jpg?from=ke.com
20241028,丰台,草桥,101126556334,风景club 3室2厅 东南,900万,56307元/平,中楼层 (共15层) | 2007年 | 3室2厅 | 159.84平米 | 东南,https://ke-image.ljcdn.com/110000-inspection/pc1_Wnhv1dYU3_1.jpg!m_fill,w_280,h_210,f_jpg?from=ke.com
20241028,丰台,草桥,101126428756,草桥地铁口 南北通透全明格局 电梯一居室 诚心出售必看好房,370万,61178元/平,高楼层 (共15层) 1室1厅 | 60.48平米 | 南 北,https://ke-image.ljcdn.com/110000-inspection/17d3fe4f-f928-4061-91ee-d195b6d92ce3_1000.jpg!m_fill,w_280,h_210,f_jpg?from=ke.com
20241028,丰台,草桥,101126414883,南北通透全明格局一梯两户10、19、大兴机场线,1170万,68326元/平,中楼层 (共19层) 3室2厅 | 171.24平米 | 南 北,https://ke-image.ljcdn.com/110000-inspection/97519fec-ae89-49b8-80ff-14ec858fdc4a_1000.jpg!m_fill,w_280,h_210,f_jpg?from=ke.com
20241028,丰台,草桥,101125483990,南三环马家堡草桥03年社区电梯房精装满五唯一带车位必看好房,415万,55356元/平,高楼层 (共22层) | 2003年 | 2室1厅 | 74.97平米 | 西北,https://ke-image.ljcdn.com/110000-inspection/1b2307ca-43ce-455c-991b-ad3fe4c3a5ff_1000.jpg!m_fill,w_280,h_210,f_jpg?from=ke.com
20241028,丰台,草桥,101125027792,地铁19号线 大兴机场线 10号线 南三环草桥东路房主自荐,429万,47519元/平,低楼层 (共16层) 2室2厅 | 90.28平米 | 南 北,https://ke-image.ljcdn.com/110000-inspection/pc1_zXVNnxTTI_1.jpg!m_fill,w_280,h_210,f_jpg?from=ke.com
20241028,丰台,草桥,101124736438,南珠苑正规三居高楼层视野采光好满五唯一 邻地铁必看好房,475万,46679元/平,高楼层 (共18层) | 1998年 | 3室1厅 | 101.76平米 | 南 北 西,https://ke-image.ljcdn.com/110000-inspection/8545bc75-b546-4a7a-839c-339465cb1232_1000.jpg!m_fill,w_280,h_210,f_jpg?from=ke.com
20241028,丰台,草桥,101123986587,草桥欣园18号院 2室1厅 南 北,499万,64205元/平,中楼层 (共6层) 2室1厅 | 77.72平米 | 南 北,https://ke-image.ljcdn.com/110000-inspection/pc1_hVMTXH5CI_1.jpg!m_fill,w_280,h_210,f_jpg?from=ke.com
20241028,丰台,草桥,101119489942,南三环边 玺萌鹏苑 北向 一居室 正对公园必看好房,156万,46498元/平,中楼层 (共24层) 1室0厅 | 33.55平米 | 北,https://ke-image.ljcdn.com/110000-inspection/pc1_EFdOwX5ep_1.jpg!m_fill,w_280,h_210,f_jpg?from=ke.com
20241028,丰台,草桥,101126563800,玺萌丽苑 3室2厅 西,618万,52717元/平,中楼层 (共24层) | 2003年 | 3室2厅 | 117.23平米 | 西,https://s1.ljcdn.com/pegasus/redskull/images/common/default_house_list.png?_v=202410161653269
20241028,丰台,草桥,101127061054,玺萌鹏苑 1室1厅 南,310万,54158元/平,高楼层 (共24层) | 2002年 | 1室1厅 | 57.24平米 | 南,https://ke-image.ljcdn.com/110000-inspection/4301c05a-4c01-481d-96ae-7453c5c97bc6_1000.jpg!m_fill,w_280,h_210,f_jpg?from=ke.com
20241028,丰台,草桥,101127053291,地铁10+19号线南向一居10年社区电梯房集中供暖,395万,75816元/平,低楼层 (共11层) | 2011年 | 1室0厅 | 52.1平米 | 南 北,https://ke-image.ljcdn.com/110000-inspection/d14e831b-a5e3-43ea-97b5-56b42238b506_1000.jpg!m_fill,w_280,h_210,f_jpg?from=ke.com
20241028,丰台,草桥,101127033451,春季星空 2室1厅 南 西 北,585万,71833元/平,底层 (共6层) 2室1厅 | 81.44平米 | 南 西 北,https://ke-image.ljcdn.com/110000-inspection/a106fabf-673b-4364-8dfc-b9d2b5b90da9_1000.jpg!m_fill,w_280,h_210,f_jpg?from=ke.com
20241028,丰台,草桥,101127017070,草桥欣园四区 南北通透 三线交汇10、19和机场线,438万,54229元/平,底层 (共18层) 2室1厅 | 80.77平米 | 南 北,https://ke-image.ljcdn.com/110000-inspection/b24ecd4e-face-4347-9017-de46e6d31a76_1000.jpg!m_fill,w_280,h_210,f_jpg?from=ke.com
20241028,丰台,草桥,101126911739,恋日嘉园一期 3室1厅 南 北,1030万,68644元/平,高楼层 (共16层) | 2001年 | 3室1厅 | 150.05平米 | 南 北,https://ke-image.ljcdn.com/110000-inspection/ef6c7f0a-3600-419a-84df-45fda7431d28_1000.jpg!m_fill,w_280,h_210,f_jpg?from=ke.com
20241028,丰台,草桥,101126908257,恋日花都 1室1厅 东南,485万,72529元/平,底层 (共17层) 1室1厅 | 66.87平米 | 东南,https://ke-image.ljcdn.com/110000-inspection/78d3d217-3013-41f1-94f6-d59465db77bd_1000.jpg!m_fill,w_280,h_210,f_jpg?from=ke.com
20241028,丰台,草桥,101126895809,南北通透两居室 户型方正 邻近草桥地铁线三轨交汇,506万,59960元/平,低楼层 (共18层) | 2001年 | 2室1厅 | 84.39平米 | 南 北,https://ke-image.ljcdn.com/110000-inspection/660d5f41-c1fe-4ee6-92cf-db29b1aca87d_1000.jpg!m_fill,w_280,h_210,f_jpg?from=ke.com
20241028,丰台,草桥,101126891781,草桥欣园四区 恋日花都 南向 2006年 一梯三户,749万,76821元/平,高楼层 (共19层) 2室1厅 | 97.5平米 | 南,https://ke-image.ljcdn.com/110000-inspection/c7b2d7c6-58f5-40aa-b6d7-89878b50aa7d_1000.jpg!m_fill,w_280,h_210,f_jpg?from=ke.com
20241028,丰台,草桥,101126876517,玺萌丽苑 3室1厅 南 东北,700万,55402元/平,高楼层 (共23层) | 2001年 | 3室1厅 | 126.35平米 | 南 东北,https://ke-image.ljcdn.com/110000-inspection/pc1_DX3E30kBH_1.jpg!m_fill,w_280,h_210,f_jpg?from=ke.com
20241028,丰台,草桥,101126835281,风景club精装修三居室满五年唯一高楼层,950万,79366元/平,高楼层 (共12层) | 2007年 | 3室2厅 | 119.7平米 | 南 北,https://ke-image.ljcdn.com/110000-inspection/49cdc09a-4d78-47f2-b15b-70af8ca858f2_1000.jpg!m_fill,w_280,h_210,f_jpg?from=ke.com
20241028,丰台,草桥,101126830039,草桥东路14号楼美丽愿景小区介绍,650万,57528元/平,高楼层 (共9层) 2室1厅 | 112.99平米 | 南 北,https://ke-image.ljcdn.com/110000-inspection/e66eac5c-352d-4b4f-8ab0-4e92f59c3d49_1000.jpg!m_fill,w_280,h_210,f_jpg?from=ke.com
20241028,丰台,草桥,101126829966,南三环草桥东路16号楼 南北通透三居 中楼层视野好,518万,57036元/平,中楼层 (共13层) | 1999年 | 3室1厅 | 90.82平米 | 南 北,https://ke-image.ljcdn.com/110000-inspection/26f68f4c-eb3b-4448-a34a-294fcc9c7536_1000.jpg!m_fill,w_280,h_210,f_jpg?from=ke.com
20241028,丰台,草桥,101126782186,2004年电梯直达满五唯一 落地阳台正规两居室,368万,53004元/平,低楼层 (共22层) | 2004年 | 2室1厅 | 69.43平米 | 北,https://ke-image.ljcdn.com/110000-inspection/b78013e4-fe8d-417e-8d36-ad608849c431_1000.jpg!m_fill,w_280,h_210,f_jpg?from=ke.com
20241028,丰台,草桥,101126773495,南三环 玉安园  南向精装一居室,285万,48110元/平,顶层 (共20层) 1室1厅 | 59.24平米 | 南,https://ke-image.ljcdn.com/110000-inspection/2d970c12-b43e-40fc-ab9f-adbc8846baef_1000.jpg!m_fill,w_280,h_210,f_jpg?from=ke.com
20241028,丰台,草桥,101126752581,草桥欣园四区 恋日花都 东西通透两居 2006年商,780万,63998元/平,低楼层 (共19层) | 2006年 | 2室1厅 | 121.88平米 | 东 西 北,https://ke-image.ljcdn.com/110000-inspection/07bb0852-9f6d-4cb0-acfa-8fa54ddf9097_1000.jpg!m_fill,w_280,h_210,f_jpg?from=ke.com
20241028,丰台,草桥,101126688724,草桥欣园三区精装三居室 满五年唯一 南北双阳台落地,580万,62359元/平,底层 (共6层) 3室1厅 | 93.01平米 | 南 北,https://ke-image.ljcdn.com/110000-inspection/pc1_wewaIsN5M_1.jpg!m_fill,w_280,h_210,f_jpg?from=ke.com
20241028,丰台,草桥,101126669237,草桥欣园 一期商品房  满五年唯一精装修 三条地铁,850万,68422元/平,低楼层 (共15层) | 2001年 | 2室2厅 | 124.23平米 | 南 北,https://ke-image.ljcdn.com/110000-inspection/68507e33-f974-41f7-9604-eeb7804254cf_1000.jpg!m_fill,w_280,h_210,f_jpg?from=ke.com
20241028,丰台,草桥,101126664196,草桥欣园三区 大三居 卫生部独立院 环境好 近地铁,645万,64909元/平,高楼层 (共12层) | 1999年 | 3室1厅 | 99.37平米 | 南 北,https://ke-image.ljcdn.com/110000-inspection/c5ec247b-60ba-4fc4-b282-ed34d44a5f05_1000.jpg!m_fill,w_280,h_210,f_jpg?from=ke.com
20241028,丰台,草桥,101126634070,草桥欣园四区 南北通透一居 业主急售房主自荐,410万,65864元/平,低楼层 (共18层) | 2003年 | 1室1厅 | 62.25平米 | 南 北,https://ke-image.ljcdn.com/110000-inspection/pc1_gSC85w0lN_1.jpg!m_fill,w_280,h_210,f_jpg?from=ke.com
20241028,丰台,草桥,101126623161,南珠苑 1室0厅 西,210万,47847元/平,高楼层 (共22层) | 2004年 | 1室0厅 | 43.89平米 | 西,https://ke-image.ljcdn.com/110000-inspection/pc1_vcst0AvKm_1.jpg!m_fill,w_280,h_210,f_jpg?from=ke.com
20241028,丰台,草桥,101126621325,玺萌丽苑 3室2厅 西,645万,53894元/平,高楼层 (共24层) 3室2厅 | 119.68平米 | 西,https://ke-image.ljcdn.com/110000-inspection/pc1_KO2twphvJ_1.jpg!m_fill,w_280,h_210,f_jpg?from=ke.com
20241028,丰台,草桥,101126613237,恋日嘉园二期 四居三卫 三轨交汇 95米楼间距,1290万,70496元/平,低楼层 (共17层) 4室2厅 | 182.99平米 | 南 北,https://ke-image.ljcdn.com/110000-inspection/pc1_kqz9wjEKc_1.jpg!m_fill,w_280,h_210,f_jpg?from=ke.com
20241028,丰台,草桥,101126554492,玺萌丽苑03年商品房满五唯一高楼层视野开阔,438万,52899元/平,高楼层 (共24层) | 2003年 | 2室1厅 | 82.8平米 | 西北,https://ke-image.ljcdn.com/110000-inspection/d27b7dfc-5ffc-4218-bebf-21d07fb79c23_1000.jpg!m_fill,w_280,h_210,f_jpg?from=ke.com
20241028,丰台,草桥,101126542729,南北通透全明格局中间楼层不临街离地铁近,410万,65864元/平,中楼层 (共18层) 1室1厅 | 62.25平米 | 南 北,https://ke-image.ljcdn.com/110000-inspection/59c26ca4-0569-4368-b3a7-5678c83a90e5_1000.jpg!m_fill,w_280,h_210,f_jpg?from=ke.com
20241028,丰台,草桥,101126536949,恋日花都南北三居室 着急出售 产权清晰,1099万,73292元/平,低楼层 (共19层) 3室2厅 | 149.95平米 | 西南,https://ke-image.ljcdn.com/110000-inspection/23fcf9ae-1cc1-4b8a-a231-b34fd8781956_1000.jpg!m_fill,w_280,h_210,f_jpg?from=ke.com
20241028,丰台,草桥,101126531092,草桥风景 精装修 满五唯一 视野宽阔 看房方便,675万,57678元/平,顶层 (共15层) | 2007年 | 2室1厅 | 117.03平米 | 东南,https://ke-image.ljcdn.com/110000-inspection/pc1_4yVGMThjR_1.jpg!m_fill,w_280,h_210,f_jpg?from=ke.com
20241028,丰台,草桥,101126518744,10号线+19号线+机场线 草桥南北三居室 中间层,590万,69396元/平,中楼层 (共6层) 3室2厅 | 85.02平米 | 南 北,https://ke-image.ljcdn.com/110000-inspection/pc1_cwTHnrNWP_1.jpg!m_fill,w_280,h_210,f_jpg?from=ke.com
20241028,丰台,草桥,101126462536,今日草桥二期 3室1厅 东北,620万,57376元/平,底层 (共30层) | 2019年 | 3室1厅 | 108.06平米 | 东北,https://ke-image.ljcdn.com/110000-inspection/ba79ba48-359c-460f-9097-a482783031b3_1000.jpg!m_fill,w_280,h_210,f_jpg?from=ke.com
20241028,丰台,草桥,101126407157,未来上层 3室2厅 南 北,930万,79109元/平,低楼层 (共12层) 3室2厅 | 117.56平米 | 南 北,https://ke-image.ljcdn.com/110000-inspection/99f0a0ae-e394-4fb3-b969-bbffaa762674_1000.jpg!m_fill,w_280,h_210,f_jpg?from=ke.com
20241028,丰台,草桥,101126406291,未来上层 2室2厅 南 北,770万,80553元/平,中楼层 (共12层) 2室2厅 | 95.59平米 | 南 北,https://ke-image.ljcdn.com/110000-inspection/pc1_v5OLSUtsY_1.jpg!m_fill,w_280,h_210,f_jpg?from=ke.com
20241028,丰台,草桥,101126396166,草桥矿冶小区 两居室 业主诚意出售,350万,65667元/平,高楼层 (共6层) 2室1厅 | 53.3平米 | 南 北,https://ke-image.ljcdn.com/110000-inspection/pc1_gC7eMNtBt_1.jpg!m_fill,w_280,h_210,f_jpg?from=ke.com
20241028,丰台,草桥,101126324286,今日草桥 3室2厅 南 北,924万,67957元/平,低楼层 (共21层) 3室2厅 | 135.97平米 | 南 北,https://ke-image.ljcdn.com/110000-inspection/549da941-470d-4598-8218-f00602ba87e7_1000.jpg!m_fill,w_280,h_210,f_jpg?from=ke.com
20241028,丰台,草桥,101126298135,三轨交汇 南北通透   三区优质小两居,405万,63016元/平,底层 (共6层) 2室1厅 | 64.27平米 | 南 北,https://ke-image.ljcdn.com/110000-inspection/pc1_6mcmSCGZV_1.jpg!m_fill,w_280,h_210,f_jpg?from=ke.com
20241028,丰台,草桥,101126251841,草桥欣园三区南北两居室 满五年唯一 板楼 随时看房,460万,63615元/平,中楼层 (共6层) 2室1厅 | 72.31平米 | 南 北,https://ke-image.ljcdn.com/110000-inspection/pc1_12al8LlX9_1.jpg!m_fill,w_280,h_210,f_jpg?from=ke.com
20241028,丰台,草桥,101126200586,此房不临街朝南带飘窗户型方正诚心出售。,280万,49020元/平,低楼层 (共24层) | 2003年 | 1室1厅 | 57.12平米 | 南,https://ke-image.ljcdn.com/110000-inspection/pc1_IIPag5YX1_1.jpg!m_fill,w_280,h_210,f_jpg?from=ke.com
20241028,丰台,草桥,101126159251,南三环03年商品房电梯集中供暖精装环境好,445万,53783元/平,低楼层 (共24层) | 2002年 | 2室1厅 | 82.74平米 | 西北,https://ke-image.ljcdn.com/110000-inspection/pc1_0uI2FEYlH_1.jpg!m_fill,w_280,h_210,f_jpg?from=ke.com
20241028,丰台,草桥,101126096786,草桥南珠苑电梯一居视野好,284万,50588元/平,中楼层 (共22层) | 2004年 | 1室1厅 | 56.14平米 | 东,https://ke-image.ljcdn.com/110000-inspection/pc1_FljQIKdix_1.jpg!m_fill,w_280,h_210,f_jpg?from=ke.com
20241028,丰台,草桥,101126092954,此房满五年唯一业主诚心出售带电梯高楼层,530万,57242元/平,中楼层 (共22层) 2室2厅 | 92.59平米 | 西南,https://ke-image.ljcdn.com/110000-inspection/pc1_wKHQhfNRY_1.jpg!m_fill,w_280,h_210,f_jpg?from=ke.com
20241028,丰台,草桥,101126027152,满五唯一精装落地飘窗楼道贴砖配套成熟随时,365万,52853元/平,中楼层 (共22层) 2室1厅 | 69.06平米 | 西北,https://ke-image.ljcdn.com/110000-inspection/pc1_cutoprXgP_1.jpg!m_fill,w_280,h_210,f_jpg?from=ke.com
20241028,丰台,草桥,101125985516,南三环04年商品房落地飘窗全明格局随时可看,258万,60239元/平,中楼层 (共22层) | 2004年 | 1室0厅 | 42.83平米 | 东,https://ke-image.ljcdn.com/110000-inspection/pc1_zJRidrSqF_1.jpg!m_fill,w_280,h_210,f_jpg?from=ke.com
20241028,丰台,草桥,101125932119,草桥玺萌鹏苑 带电梯开间 诚意出售,152万,45225元/平,中楼层 (共24层) | 2002年 | 1室0厅 | 33.61平米 | 北,https://ke-image.ljcdn.com/110000-inspection/pc1_lTAivElFZ_1.jpg!m_fill,w_280,h_210,f_jpg?from=ke.com
20241028,丰台,草桥,101125806389,草桥 南北通透两居室 精装修,750万,83996元/平,中楼层 (共17层) | 2003年 | 2室1厅 | 89.29平米 | 东南 北,https://ke-image.ljcdn.com/110000-inspection/pc1_bmcN78Sty_1.jpg!m_fill,w_280,h_210,f_jpg?from=ke.com
20241028,丰台,草桥,101125769442,草桥恋日嘉园二期南北三居 满五年唯一 一梯两户,1020万,73361元/平,低楼层 (共18层) 3室1厅 | 139.04平米 | 南 北,https://ke-image.ljcdn.com/110000-inspection/pc1_Pk6p8jZwr_1.jpg!m_fill,w_280,h_210,f_jpg?from=ke.com
20241028,丰台,草桥,101125751847,南三环草桥 10+19号线草桥 南北两居 后加电梯,399万,52137元/平,底层 (共6层) | 1999年 | 2室1厅 | 76.53平米 | 南 北,https://ke-image.ljcdn.com/110000-inspection/pc1_uXPQm7RrM_1.jpg!m_fill,w_280,h_210,f_jpg?from=ke.com
20241028,丰台,草桥,101125678583,位置好、楼层好、装修好业主诚意出售价格可谈,1200万,74157元/平,高楼层 (共16层) 3室2厅 | 161.82平米 | 南 北,https://ke-image.ljcdn.com/110000-inspection/pc1_6pOLGYcIk_1.jpg!m_fill,w_280,h_210,f_jpg?from=ke.com
20241028,丰台,草桥,101125667389,城市间 1室1厅 南,498万,73636元/平,中楼层 (共9层) | 2011年 | 1室1厅 | 67.63平米 | 南,https://ke-image.ljcdn.com/110000-inspection/pc1_FVc00PyHD_1.jpg!m_fill,w_280,h_210,f_jpg?from=ke.com
20241028,丰台,草桥,101125664264,城市间 南北通透两居室 纯板楼社区 安静舒适,650万,79086元/平,中楼层 (共11层) | 2011年 | 2室1厅 | 82.19平米 | 南 北,https://ke-image.ljcdn.com/110000-inspection/pc1_QzFCNqhZ6_1.jpg!m_fill,w_280,h_210,f_jpg?from=ke.com
20241028,丰台,草桥,101125643029,南珠苑 2室1厅 西北,386万,58072元/平,底层 (共22层) 2室1厅 | 66.47平米 | 西北,https://ke-image.ljcdn.com/110000-inspection/pc1_JYSSxZIYn_1.jpg!m_fill,w_280,h_210,f_jpg?from=ke.com
20241028,丰台,草桥,101125610186,三环商品房社区全明两居满五唯一,465万,56201元/平,低楼层 (共24层) | 2002年 | 2室1厅 | 82.74平米 | 西 北,https://ke-image.ljcdn.com/110000-inspection/pc1_iptha1Hs5_1.jpg!m_fill,w_280,h_210,f_jpg?from=ke.com
20241028,丰台,草桥,101125422776,草桥欣园三区 南北三居室 草桥10+19号线机场线,620万,71421元/平,底层 (共6层) 3室1厅 | 86.81平米 | 南 北,https://ke-image.ljcdn.com/110000-inspection/pc1_q55Jiq37j_1.jpg!m_fill,w_280,h_210,f_jpg?from=ke.com
20241028,丰台,草桥,101125403740,城市间 正规南向一居室 满五年是业主名下唯一住房,510万,75905元/平,中楼层 (共11层) | 2011年 | 1室1厅 | 67.19平米 | 南 北,https://ke-image.ljcdn.com/110000-inspection/pc1_CumMAolQQ_1.jpg!m_fill,w_280,h_210,f_jpg?from=ke.com
20241028,丰台,草桥,101125291524,恋日花都  精装修一室一厅 2024年新装修的房主自荐,430万,62774元/平,底层 (共16层) | 2006年 | 1室1厅 | 68.5平米 | 东北,https://ke-image.ljcdn.com/110000-inspection/pc1_8rLL10IQz_1.jpg!m_fill,w_280,h_210,f_jpg?from=ke.com
20241028,丰台,草桥,101125204306,草桥高品质社区 10、19地铁口 不临街 诚心卖,780万,64003元/平,中楼层 (共16层) 2室2厅 | 121.87平米 | 东南,https://ke-image.ljcdn.com/110000-inspection/f890dc1e-3717-4a40-865b-ae0682aca12e_1000.jpg!m_fill,w_280,h_210,f_jpg?from=ke.com
20241028,丰台,草桥,101125166960,满五唯一精装落地飘窗楼道贴砖配套成熟。,398万,57324元/平,中楼层 (共22层) | 2004年 | 2室1厅 | 69.43平米 | 东北,https://ke-image.ljcdn.com/110000-inspection/pc1_eUJcSNIGw_1.jpg!m_fill,w_280,h_210,f_jpg?from=ke.com
20241028,丰台,草桥,101125165936,玺萌鹏苑精装东向全明大三居视野采光好满五唯一,669万,57783元/平,高楼层 (共24层) | 2002年 | 3室2厅 | 115.78平米 | 东,https://ke-image.ljcdn.com/110000-inspection/a81a2d23-afdf-4d67-889e-109cdf4afdcd_1000.jpg!m_fill,w_280,h_210,f_jpg?from=ke.com
20241028,丰台,草桥,101125139000,草桥欣园四区南北通透3居近地铁,625万,66596元/平,高楼层 (共13层) | 2003年 | 3室1厅 | 93.85平米 | 南 北,https://ke-image.ljcdn.com/110000-inspection/pc1_DHWse2jX3_1.jpg!m_fill,w_280,h_210,f_jpg?from=ke.com
20241028,丰台,草桥,101125115705,未来上层 4室2厅 南 北,1150万,72478元/平,中楼层 (共13层) 4室2厅 | 158.67平米 | 南 北,https://ke-image.ljcdn.com/110000-inspection/pc1_mFH9AvljS_2.jpg!m_fill,w_280,h_210,f_jpg?from=ke.com
20241028,丰台,草桥,101125114193,草桥欣园南北通透一居室 满五年 无遮挡,400万,63919元/平,低楼层 (共16层) 1室1厅 | 62.58平米 | 南 北,https://ke-image.ljcdn.com/110000-inspection/f6eaa6cc-9ed0-4699-96bb-64a8cd95c628_1000.jpg!m_fill,w_280,h_210,f_jpg?from=ke.com
20241028,丰台,草桥,101125059675,南北通透三居室净高2.92米全明格局随时签约,820万,68868元/平,高楼层 (共6层) 3室2厅 | 119.07平米 | 南 北,https://ke-image.ljcdn.com/110000-inspection/pc1_txl2czv4q_1.jpg!m_fill,w_280,h_210,f_jpg?from=ke.com
20241028,丰台,草桥,101124974907,三环草桥玉安园全明格局三居商品房有车位,530万,47280元/平,低楼层 (共20层) 3室1厅 | 112.1平米 | 东 北,https://ke-image.ljcdn.com/110000-inspection/pc1_SKp70NSw0_2.jpg!m_fill,w_280,h_210,f_jpg?from=ke.com
20241028,丰台,草桥,101124930399,草桥欣园四区恋日花都东西通透两居 满五年唯一,800万,66215元/平,低楼层 (共19层) 2室2厅 | 120.82平米 | 东 西 北,https://ke-image.ljcdn.com/110000-inspection/pc1_B9vycRqOM_1.jpg!m_fill,w_280,h_210,f_jpg?from=ke.com
20241028,丰台,草桥,101124824322,玺萌鹏苑 1室1厅 南 北,265万,46297元/平,高楼层 (共24层) | 2002年 | 1室1厅 | 57.24平米 | 南 北,https://ke-image.ljcdn.com/110000-inspection/pc1_nEYuDMvkQ_1.jpg!m_fill,w_280,h_210,f_jpg?from=ke.com
20241028,丰台,草桥,101124794321,南北两居室满五年唯一成熟社区无遮挡。,615万,54614元/平,低楼层 (共9层) 2室2厅 | 112.61平米 | 南 北,https://ke-image.ljcdn.com/110000-inspection/4ce775c1-b818-4ef2-bf8b-dfa7f16f808c_1000.jpg!m_fill,w_280,h_210,f_jpg?from=ke.com
20241028,丰台,草桥,101124785049,玺萌苑 3室2厅 西北,698万,55389元/平,中楼层 (共26层) 3室2厅 | 126.02平米 | 西北,https://ke-image.ljcdn.com/110000-inspection/pc1_GtFY5ji1e_1.jpg!m_fill,w_280,h_210,f_jpg?from=ke.com
20241028,丰台,草桥,101124705894,本房精装修商品房集中供暖电梯直达配成成熟,480万,54275元/平,高楼层 (共24层) | 2002年 | 2室1厅 | 88.44平米 | 西,https://ke-image.ljcdn.com/110000-inspection/pc1_2MfrvECUV_1.jpg!m_fill,w_280,h_210,f_jpg?from=ke.com
20241028,丰台,草桥,101124668299,楼龄新落地飘窗集中供暖商品房配套丰富,520万,52632元/平,底层 (共22层) | 2004年 | 2室1厅 | 98.8平米 | 南,https://ke-image.ljcdn.com/110000-inspection/pc1_V4GoCWBET_1.jpg!m_fill,w_280,h_210,f_jpg?from=ke.com
20241028,丰台,草桥,101124633466,恋日嘉园一期南北三居 满五年唯一 带车位 近地铁,1050万,69977元/平,中楼层 (共16层) | 2001年 | 3室1厅 | 150.05平米 | 南 北,https://ke-image.ljcdn.com/110000-inspection/pc1_3CHa9B2zb_1.jpg!m_fill,w_280,h_210,f_jpg?from=ke.com
20241028,丰台,草桥,101124614510,10+19+机场线草桥站300米 南北通透全明格局,370万,61565元/平,高楼层 (共15层) 1室1厅 | 60.1平米 | 南 北,https://ke-image.ljcdn.com/110000-inspection/pc1_YmDBQFzwF_1.jpg!m_fill,w_280,h_210,f_jpg?from=ke.com
20241028,丰台,草桥,101124608014,恋日花都满五年唯一两居室距离地铁草桥200米,499万,72783元/平,中楼层 (共17层) | 2006年 | 2室1厅 | 68.56平米 | 东北,https://ke-image.ljcdn.com/110000-inspection/pc1_LuVcqfyiR_1.jpg!m_fill,w_280,h_210,f_jpg?from=ke.com
20241028,丰台,草桥,101124589523,草桥玉安园 2004商品房 客厅落地窗,630万,47612元/平,低楼层 (共18层) | 2003年 | 3室1厅 | 132.32平米 | 南,https://ke-image.ljcdn.com/110000-inspection/df27d958-be3c-462a-8183-572db7648b55_1000.jpg!m_fill,w_280,h_210,f_jpg?from=ke.com
20241028,丰台,草桥,101124544515,草桥欣园三区南北三居室6层板楼带电梯 精装修,660万,69997元/平,中楼层 (共6层) 3室1厅 | 94.29平米 | 南 北,https://ke-image.ljcdn.com/110000-inspection/pc1_HUvsHgTsN_1.jpg!m_fill,w_280,h_210,f_jpg?from=ke.com
20241028,丰台,草桥,101124488537,草桥城市间 2010年社区 一梯两户有电梯,660万,80302元/平,中楼层 (共11层) | 2011年 | 2室1厅 | 82.19平米 | 南 北,https://ke-image.ljcdn.com/110000-inspection/pc1_VCKgYe7oD_1.jpg!m_fill,w_280,h_210,f_jpg?from=ke.com
20241028,丰台,草桥,101124302628,地铁4号线马家堡站 玺萌丽苑正规三居室业主诚心出售,685万,57236元/平,中楼层 (共24层) 3室2厅 | 119.68平米 | 西,https://ke-image.ljcdn.com/110000-inspection/ed812135-25f2-452b-9eb4-c468a347f9ac_1000.jpg!m_fill,w_280,h_210,f_jpg?from=ke.com
20241028,丰台,草桥,101124249279,改造过草桥矿冶小区  正规优质三居随时可看诚意出售房主自荐,399万,46048元/平,顶层 (共6层) 3室2厅 | 86.65平米 | 东 西,https://ke-image.ljcdn.com/110000-inspection/15834401-6704-4d2c-8f1e-b5e6bf4712fc_1000.jpg!m_fill,w_280,h_210,f_jpg?from=ke.com
20241028,丰台,草桥,101124231151,全无地暖硬装30万精装修南向一居室可拎包入住房主自荐,326万,57274元/平,中楼层 (共17层) 1室1厅 | 56.92平米 | 南,https://ke-image.ljcdn.com/110000-inspection/pc1_HG6t6Dpvy_1.jpg!m_fill,w_280,h_210,f_jpg?from=ke.com
20241028,丰台,草桥,101124229186,草桥欣园三区 2室1厅 南 北,488万,66395元/平,中楼层 (共6层) 2室1厅 | 73.5平米 | 南 北,https://ke-image.ljcdn.com/110000-inspection/pc1_lteS5L3E8_1.jpg!m_fill,w_280,h_210,f_jpg?from=ke.com
20241028,丰台,草桥,101124170013,南珠苑 3室1厅 东 南 北,459万,47748元/平,底层 (共18层) 3室1厅 | 96.13平米 | 东 南 北,https://ke-image.ljcdn.com/110000-inspection/71d1c51f-d8da-46cb-9427-4fed710a9876_1000.jpg!m_fill,w_280,h_210,f_jpg?from=ke.com
20241028,丰台,草桥,101124095601,草桥10号线+19号线+机场线 南北精装两居 拎包入住,458万,62964元/平,高楼层 (共6层) | 1998年 | 2室1厅 | 72.74平米 | 南 北,https://ke-image.ljcdn.com/110000-inspection/pc1_et5qZOIyQ_1.jpg!m_fill,w_280,h_210,f_jpg?from=ke.com
20241028,丰台,草桥,101124093526,正南向一居室 带电梯 3条地铁10号线19号线大兴机场线,365万,61917元/平,低楼层 (共7层) 1室1厅 | 58.95平米 | 南,https://ke-image.ljcdn.com/110000-inspection/pc1_hzWSbPkCK_1.jpg!m_fill,w_280,h_210,f_jpg?from=ke.com
20241028,丰台,草桥,101124077083,南珠苑 2室1厅 北,390万,56473元/平,高楼层 (共22层) 2室1厅 | 69.06平米 | 北,https://ke-image.ljcdn.com/110000-inspection/7a73bca3-2d1d-451f-9d44-f5786210cb73_1000.jpg!m_fill,w_280,h_210,f_jpg?from=ke.com
20241028,丰台,草桥,101123832395,南北四居室 精装修拎包入住 10+19+机场线草桥,1290万,70496元/平,中楼层 (共17层) | 2003年 | 4室1厅 | 182.99平米 | 南 北,https://ke-image.ljcdn.com/110000-inspection/f63e78fe-f66a-49e6-b01f-19e0205873cb_1000.jpg!m_fill,w_280,h_210,f_jpg?from=ke.com
20241028,丰台,草桥,101123826976,恋日花都精装一居室 满五年唯一,530万,77305元/平,中楼层 (共17层) 2室1厅 | 68.56平米 | 东北,https://ke-image.ljcdn.com/110000-inspection/pc1_C9KxbSdbm_1.jpg!m_fill,w_280,h_210,f_jpg?from=ke.com
20241028,丰台,草桥,101123824425,三轨交汇 6层电梯板楼 一梯两户 南北通透 业主急售,460万,59187元/平,低楼层 (共6层) 2室1厅 | 77.72平米 | 南 北,https://ke-image.ljcdn.com/110000-inspection/6845683b-f6f5-4907-ac3a-e500106bb5ad_1000.jpg!m_fill,w_280,h_210,f_jpg?from=ke.com
20241028,丰台,草桥,101123758923,19年新小区人车分流 19+10+新机场线,930万,65921元/平,中楼层 (共30层) | 2019年 | 3室2厅 | 141.08平米 | 东南,https://ke-image.ljcdn.com/110000-inspection/0eed37d5-4801-45ba-bcb1-19c1d837942d_1000.jpg!m_fill,w_280,h_210,f_jpg?from=ke.com
20241028,丰台,草桥,101123722969,玉安园 2室1厅 西,353万,46006元/平,中楼层 (共17层) | 1998年 | 2室1厅 | 76.73平米 | 西,https://ke-image.ljcdn.com/110000-inspection/d7671f11-59f0-4a0d-b0f6-fe7ac81939d3_1000.jpg!m_fill,w_280,h_210,f_jpg?from=ke.com
20241028,丰台,草桥,101123647237,南珠苑 3室1厅 西南,530万,52084元/平,低楼层 (共18层) | 1998年 | 3室1厅 | 101.76平米 | 西南,https://ke-image.ljcdn.com/110000-inspection/398787be-ee2b-43c8-8e77-7715e433f45f_1000.jpg!m_fill,w_280,h_210,f_jpg?from=ke.com
20241028,丰台,草桥,101123629566,恋日嘉园一期 两居室 南北通透 电梯直达,730万,65992元/平,高楼层 (共16层) | 2001年 | 2室1厅 | 110.62平米 | 南 北,https://ke-image.ljcdn.com/110000-inspection/224b7d63-fdc9-4d2c-acc8-15b663fd4dd2_1000.jpg!m_fill,w_280,h_210,f_jpg?from=ke.com
20241028,丰台,草桥,101123542338,城市间 2室1厅 南 北,580万,70329元/平,底层 (共9层) | 2011年 | 2室1厅 | 82.47平米 | 南 北,https://ke-image.ljcdn.com/110000-inspection/pc1_wZHqDsWC0_1.jpg!m_fill,w_280,h_210,f_jpg?from=ke.com
20241028,丰台,草桥,101123466285,玺萌丽苑东向三居室 交通便利配套齐全,728万,57023元/平,高楼层 (共24层) | 2002年 | 3室1厅 | 127.67平米 | 东,https://ke-image.ljcdn.com/110000-inspection/pc1_JfAyC84Nk_1.jpg!m_fill,w_280,h_210,f_jpg?from=ke.com
20241028,丰台,草桥,101123451925,玺萌鹏苑  塔楼中卫生间有窗户的格局  高楼层房主自荐,469万,56691元/平,中楼层 (共24层) | 2002年 | 2室1厅 | 82.73平米 | 东 北,https://ke-image.ljcdn.com/110000-inspection/pc1_O6vgB9sOL_1.jpg!m_fill,w_280,h_210,f_jpg?from=ke.com
20241028,丰台,草桥,101123446479,草桥东路南北两居室格局方正三条地铁线,430万,43615元/平,低楼层 (共16层) 2室1厅 | 98.59平米 | 南 北,https://ke-image.ljcdn.com/110000-inspection/pc1_XVUMU287C_1.jpg!m_fill,w_280,h_210,f_jpg?from=ke.com
20241028,丰台,草桥,101123440462,右安门外草桥28号院精装修两居室,360万,61329元/平,高楼层 (共6层) 2室1厅 | 58.7平米 | 南 北,https://ke-image.ljcdn.com/110000-inspection/pc1_JhVd87ONv_1.jpg!m_fill,w_280,h_210,f_jpg?from=ke.com
20241028,丰台,草桥,101123414208,草桥矿冶小区 南北两居 诚意出售,320万,54515元/平,低楼层 (共6层) 2室1厅 | 58.7平米 | 南 北,https://ke-image.ljcdn.com/110000-inspection/pc1_9HVGu2LUU_1.jpg!m_fill,w_280,h_210,f_jpg?from=ke.com
20241028,丰台,草桥,101123281048,玺萌丽苑 正规2居室 朝西 户型方正 全明格局,485万,54840元/平,中楼层 (共24层) | 2002年 | 2室1厅 | 88.44平米 | 西,https://ke-image.ljcdn.com/110000-inspection/pc1_HbSXead2F_1.jpg!m_fill,w_280,h_210,f_jpg?from=ke.com
20241028,丰台,草桥,101123119979,恋日嘉园二期大平层 五居室 诚心卖随时签约,1818万,74855元/平,顶层 (共17层) 5室2厅 | 242.87平米 | 南 北,https://ke-image.ljcdn.com/110000-inspection/pc1_PiaI2x01L_1.jpg!m_fill,w_280,h_210,f_jpg?from=ke.com
20241028,丰台,草桥,101123115143,南三环马家堡草桥4号线地铁角门西商品房满五唯一,345万,45951元/平,中楼层 (共6层) 2室2厅 | 75.08平米 | 东 西,https://ke-image.ljcdn.com/110000-inspection/pc1_Ff3tjRLQt_1.jpg!m_fill,w_280,h_210,f_jpg?from=ke.com
20241028,丰台,草桥,101123097929,草桥矿冶小区 草桥 三层 南北两居室 环境好,300万,53668元/平,中楼层 (共6层) 3室0厅 | 55.9平米 | 南 北,https://ke-image.ljcdn.com/110000-inspection/pc1_IlbtaGOs0_1.jpg!m_fill,w_280,h_210,f_jpg?from=ke.com
20241028,丰台,草桥,101122854563,草桥欣园三区南北通透3居满五唯一全明格局无遮挡,765万,70049元/平,高楼层 (共6层) | 1999年 | 3室1厅 | 109.21平米 | 南 西 北,https://ke-image.ljcdn.com/110000-inspection/pc1_meulGSNRp.jpg!m_fill,w_280,h_210,f_jpg?from=ke.com
20241028,丰台,草桥,101122779320,玺萌鹏苑 1室1厅 西,372万,55614元/平,中楼层 (共24层) | 2002年 | 1室1厅 | 66.89平米 | 西,https://ke-image.ljcdn.com/110000-inspection/0c5c9092-ff42-49be-b7d9-fdb493221935_1000.jpg!m_fill,w_280,h_210,f_jpg?from=ke.com
20241028,丰台,草桥,101122650948,草桥欣园四区 东边户型 没有遮挡 满五唯一,700万,65939元/平,低楼层 (共14层) | 2003年 | 3室1厅 | 106.16平米 | 南 北,https://ke-image.ljcdn.com/110000-inspection/4e93888a-d619-4274-b70c-ba1d4ea17f98_1000.jpg!m_fill,w_280,h_210,f_jpg?from=ke.com
20241028,丰台,草桥,101122638142,南北通透精装两居室 拎包入住 高楼层 采光视野好房主自荐,525万,70291元/平,高楼层 (共12层) | 1999年 | 2室1厅 | 74.69平米 | 南 北,https://ke-image.ljcdn.com/110000-inspection/bb72c3f6-a00e-4cd7-8fcf-f636bb1148e8_1000.jpg!m_fill,w_280,h_210,f_jpg?from=ke.com
20241028,丰台,草桥,101122554635,草桥欣园四区 高楼层把边户型前后没遮挡 东南三居,690万,66372元/平,高楼层 (共16层) 3室1厅 | 103.96平米 | 东南,https://ke-image.ljcdn.com/110000-inspection/pc1_z4V0syx5G_1.jpg!m_fill,w_280,h_210,f_jpg?from=ke.com
20241028,丰台,草桥,101122501771,草桥风景club 南北通透三居  草桥地铁 2007年商品房,880万,73518元/平,底层 (共12层) | 2007年 | 3室1厅 | 119.7平米 | 南 北,https://ke-image.ljcdn.com/110000-inspection/pc1_QRFy3cmQK_1.jpg!m_fill,w_280,h_210,f_jpg?from=ke.com
20241028,丰台,草桥,101122378296,恋日花都南北一居 10、19和机场线三轨交汇,439万,85476元/平,高楼层 (共19层) 1室1厅 | 51.36平米 | 南,https://ke-image.ljcdn.com/110000-inspection/pc1_bHKqNirWS_1.jpg!m_fill,w_280,h_210,f_jpg?from=ke.com
20241028,丰台,草桥,101122364245,玺萌鹏苑 1室0厅 北,200万,59507元/平,低楼层 (共24层) | 2002年 | 1室0厅 | 33.61平米 | 北,https://ke-image.ljcdn.com/110000-inspection/d7f86054-5015-43ae-aebd-36c79d78511c_1000.jpg!m_fill,w_280,h_210,f_jpg?from=ke.com
20241028,丰台,草桥,101122363125,19号线 草桥 南北通透四居室 前后不临街 带车位,1099万,62323元/平,高楼层 (共10层) 4室2厅 | 176.34平米 | 南 北,https://ke-image.ljcdn.com/110000-inspection/pc1_cEKgrfOBX_1.jpg!m_fill,w_280,h_210,f_jpg?from=ke.com
20241028,丰台,草桥,101122152920,矿冶两居室 南北通透 业主急售,350万,59626元/平,中楼层 (共6层) 2室1厅 | 58.7平米 | 南 北,https://ke-image.ljcdn.com/110000-inspection/0122a711-0132-412f-9749-c0b8a8fa15a4_1000.jpg!m_fill,w_280,h_210,f_jpg?from=ke.com
20241028,丰台,草桥,101122082771,草桥地铁站 南北三居室 户型好 全明格局,560万,61661元/平,高楼层 (共13层) | 1999年 | 3室2厅 | 90.82平米 | 南 北,https://ke-image.ljcdn.com/110000-inspection/pc1_TSPML5SHI_1.jpg!m_fill,w_280,h_210,f_jpg?from=ke.com
20241028,丰台,草桥,101122059610,此房满五唯一南北通透楼层好视野宽阔采光充足,440万,67933元/平,低楼层 (共6层) 2室1厅 | 64.77平米 | 南 北,https://ke-image.ljcdn.com/110000-inspection/02257f03-a9d4-4c2f-a8a0-55851aa4415e_1000.jpg!m_fill,w_280,h_210,f_jpg?from=ke.com
20241028,丰台,草桥,101121985311,三环边草桥 地铁10号线+19号线+大型机场三线换乘,1130万,75229元/平,低楼层 (共19层) | 2006年 | 3室2厅 | 150.21平米 | 西南,https://ke-image.ljcdn.com/110000-inspection/7da8e285-0adf-4c1c-aed4-10bf58b55fab_1000.jpg!m_fill,w_280,h_210,f_jpg?from=ke.com
20241028,丰台,草桥,101121909557,玺萌公馆 南三环 花园洋房带电梯 大平层 有车位,1800万,85662元/平,中楼层 (共6层) 4室2厅 | 210.13平米 | 南 北,https://ke-image.ljcdn.com/110000-inspection/pc1_mO9eaFgP8_1.jpg!m_fill,w_280,h_210,f_jpg?from=ke.com
20241028,丰台,草桥,101121824184,未来上层南北四居 草桥10、19和机场线三站交汇,1200万,75591元/平,中楼层 (共13层) | 2005年 | 4室1厅 | 158.75平米 | 东 南 北,https://ke-image.ljcdn.com/110000-inspection/pc1_D91JIWWPy_1.jpg!m_fill,w_280,h_210,f_jpg?from=ke.com
20241028,丰台,草桥,101121747928,三条地铁线南北通透的两居室没有遮挡采光很好,430万,54335元/平,高楼层 (共6层) 2室1厅 | 79.14平米 | 南 北,https://ke-image.ljcdn.com/110000-inspection/pc1_d8g5FMGH8_1.jpg!m_fill,w_280,h_210,f_jpg?from=ke.com
20241028,丰台,草桥,101121694292,城市间 1室1厅 南 北,485万,72141元/平,中楼层 (共11层) | 2011年 | 1室1厅 | 67.23平米 | 南 北,https://ke-image.ljcdn.com/110000-inspection/4fddaa89-89a9-4301-aa34-fe6cf6b9f824_1000.jpg!m_fill,w_280,h_210,f_jpg?from=ke.com
20241028,丰台,草桥,101121639355,南三环草桥 地铁1019及大兴机场线西南大两居 双卫,780万,63951元/平,高楼层 (共17层) 2室2厅 | 121.97平米 | 西南,https://ke-image.ljcdn.com/110000-inspection/pc1_w18Y0ZM5M_1.jpg!m_fill,w_280,h_210,f_jpg?from=ke.com
20241028,丰台,草桥,101121445820,南三环  草桥欣园小区南北两居室,549万,73563元/平,低楼层 (共12层) | 1999年 | 2室1厅 | 74.63平米 | 南 北,https://ke-image.ljcdn.com/110000-inspection/pc1_sFf6SHJxS_1.jpg!m_fill,w_280,h_210,f_jpg?from=ke.com
20241028,丰台,草桥,101121399357,草桥欣园三区 南北通透 满五年唯一,429万,59917元/平,底层 (共6层) 2室1厅 | 71.6平米 | 南 北,https://ke-image.ljcdn.com/110000-inspection/9f180f6f-eb04-47f8-bfc4-63d398d5e34a_1000.jpg!m_fill,w_280,h_210,f_jpg?from=ke.com
20241028,丰台,草桥,101121359021,玺萌鹏苑 北甲地路2号院 正规南向一居室,299万,52200元/平,低楼层 (共24层) | 2002年 | 1室1厅 | 57.28平米 | 南,https://ke-image.ljcdn.com/110000-inspection/pc1_wTOLYVTeT_1.jpg!m_fill,w_280,h_210,f_jpg?from=ke.com
20241028,丰台,草桥,101121136445,春季星空 南北三居 全明格局 双卫 得房高 绿化好,950万,64486元/平,中楼层 (共6层) 4室2厅 | 147.32平米 | 南 北,https://ke-image.ljcdn.com/110000-inspection/pc1_wKiXP3vnW_1.jpg!m_fill,w_280,h_210,f_jpg?from=ke.com
20241028,丰台,草桥,101121103575,南三环草桥 玉芳园 南北两居 客厅朝南带阳台 满五唯一房主自荐,490万,49701元/平,中楼层 (共16层) 2室1厅 | 98.59平米 | 南 北,https://ke-image.ljcdn.com/110000-inspection/e727acc4-bfdb-4275-b50d-6b4e6797b562_1000.jpg!m_fill,w_280,h_210,f_jpg?from=ke.com
20241028,丰台,草桥,101121097079,草桥欣园四区恋日花都正规两居室高楼层无遮挡,675万,83654元/平,高楼层 (共16层) 2室1厅 | 80.69平米 | 西 北,https://ke-image.ljcdn.com/110000-inspection/b973270e-20de-427e-a7ec-abceab42d6ee_1000.jpg!m_fill,w_280,h_210,f_jpg?from=ke.com
20241028,丰台,草桥,101121071202,草桥欣园四区 精美装修 视野开阔 10号+19号+新机场线,425万,70634元/平,中楼层 (共13层) 1室1厅 | 60.17平米 | 南 北,https://ke-image.ljcdn.com/110000-inspection/004aa6c3-5450-4d44-80b1-efabac5cb190_1000.jpg!m_fill,w_280,h_210,f_jpg?from=ke.com
20241028,丰台,草桥,101120675056,今日草桥东南朝向次新房精装修,850万,72421元/平,中楼层 (共29层) | 2017年 | 2室1厅 | 117.37平米 | 东南,https://ke-image.ljcdn.com/110000-inspection/7427cf42-084d-4fc9-86f2-7e66ce9a97c3_1000.jpg!m_fill,w_280,h_210,f_jpg?from=ke.com
20241028,丰台,草桥,101120549494,北甲地路九号院 玉安园 满五唯一 有车位 2000年商品房,420万,50585元/平,低楼层 (共20层) 2室1厅 | 83.03平米 | 西北,https://ke-image.ljcdn.com/110000-inspection/pc1_pXIszEhBc_1.jpg!m_fill,w_280,h_210,f_jpg?from=ke.com
20241028,丰台,草桥,101120471856,玉芳园  南北一居室  精装修  低楼层,275万,55940元/平,低楼层 (共16层) 1室1厅 | 49.16平米 | 南,https://ke-image.ljcdn.com/110000-inspection/149015d3-497d-4a24-922e-aa2f148e1b75_1000.jpg!m_fill,w_280,h_210,f_jpg?from=ke.com
20241028,丰台,草桥,101120466247,玺萌丽苑 一居室南朝向 采光好 交通便利,346万,60585元/平,中楼层 (共24层) | 2003年 | 1室1厅 | 57.11平米 | 南,https://ke-image.ljcdn.com/110000-inspection/pc1_WIOPyOBrv_1.jpg!m_fill,w_280,h_210,f_jpg?from=ke.com
20241028,丰台,草桥,101120444542,19号线 新机场线 南北通透三居室 格局方正,1020万,73999元/平,中楼层 (共10层) 3室2厅 | 137.84平米 | 南 北,https://ke-image.ljcdn.com/110000-inspection/2d387ddb-e011-4b15-a9c7-aa3b82f95948_1000.jpg!m_fill,w_280,h_210,f_jpg?from=ke.com
20241028,丰台,草桥,101120376911,南三环草桥 南北通透 两室两厅两卫大两居 一梯两户,788万,82505元/平,高楼层 (共12层) 2室2厅 | 95.51平米 | 南 北,https://ke-image.ljcdn.com/110000-inspection/78d47abc-436e-4a20-81ec-fc82751d32ce_1000.jpg!m_fill,w_280,h_210,f_jpg?from=ke.com
20241028,丰台,草桥,101120280386,恋日花都 三站交汇 10、19和机场线 南北两居房主自荐,959万,83836元/平,中楼层 (共19层) 2室1厅 | 114.39平米 | 南 北,https://ke-image.ljcdn.com/110000-inspection/pc1_ieybuOWRV_1.jpg!m_fill,w_280,h_210,f_jpg?from=ke.com
20241028,丰台,草桥,101120243190,南北通透两居满5唯一带电梯一梯两户精装修,710万,69848元/平,高楼层 (共16层) | 2001年 | 2室2厅 | 101.65平米 | 南 北,https://ke-image.ljcdn.com/110000-inspection/pc1_6dZuouqpX_1.jpg!m_fill,w_280,h_210,f_jpg?from=ke.com
20241028,丰台,草桥,101120179613,南珠苑 1室1厅 西,226万,38620元/平,底层 (共22层) | 2004年 | 1室1厅 | 58.52平米 | 西,https://ke-image.ljcdn.com/110000-inspection/pc1_cPI22b9GZ_1.jpg!m_fill,w_280,h_210,f_jpg?from=ke.com
20241028,丰台,草桥,101119349087,草桥地铁站 三轨交汇 精装修三居室 南北通透,680万,72472元/平,高楼层 (共15层) | 2003年 | 3室1厅 | 93.83平米 | 南 北,https://ke-image.ljcdn.com/110000-inspection/pc1_T80uJJdOM_1.jpg!m_fill,w_280,h_210,f_jpg?from=ke.com
20241028,丰台,草桥,101119336230,草桥 地铁10号线、19号线、机场线、花园式社区,860万,69227元/平,中楼层 (共15层) | 2001年 | 2室2厅 | 124.23平米 | 南 北,https://ke-image.ljcdn.com/110000-inspection/pc1_OQf5iy5La_1.jpg!m_fill,w_280,h_210,f_jpg?from=ke.com
20241028,丰台,草桥,101119282378,南三环草桥玉安园商品房方正两居室,397万,47815元/平,低楼层 (共20层) 2室1厅 | 83.03平米 | 东北,https://ke-image.ljcdn.com/110000-inspection/pc1_54YVLNIkc_2.jpg!m_fill,w_280,h_210,f_jpg?from=ke.com
20241028,丰台,草桥,101119251125,城市间 南北两居室 满五唯一 板楼 角门西 草桥,685万,82850元/平,中楼层 (共9层) | 2011年 | 2室1厅 | 82.68平米 | 南 北,https://ke-image.ljcdn.com/110000-inspection/pc1_CuglVI8Ps_1.jpg!m_fill,w_280,h_210,f_jpg?from=ke.com
20241028,丰台,草桥,101119002110,草桥东路南北通透2居室客厅主卧朝南带阳台满5年,539万,54671元/平,高楼层 (共16层) | 1999年 | 2室1厅 | 98.59平米 | 南 北,https://ke-image.ljcdn.com/110000-inspection/prod-26e10f2f-6861-40c7-be00-178680034a06.jpg!m_fill,w_280,h_210,f_jpg?from=ke.com
20241028,丰台,草桥,101118815733,未来上层 南北通透三居 前后不临街 次顶层楼层视野好,980万,82659元/平,高楼层 (共13层) | 2005年 | 3室2厅 | 118.56平米 | 南 北,https://ke-image.ljcdn.com/110000-inspection/pc1_YgLy8pSsv_1.jpg!m_fill,w_280,h_210,f_jpg?from=ke.com
20241028,丰台,草桥,101118500797,南三环900米处大四居南北通透满五年唯一。,748万,54699元/平,低楼层 (共18层) | 2001年 | 4室1厅 | 136.75平米 | 南 西 北,https://ke-image.ljcdn.com/110000-inspection/pc1_VS9rKXkWj_1.jpg!m_fill,w_280,h_210,f_jpg?from=ke.com
20241028,丰台,草桥,101118400525,今日草桥 看房方便 业主诚心出售,1098万,63381元/平,中楼层 (共29层) 3室2厅 | 173.24平米 | 南,https://ke-image.ljcdn.com/110000-inspection/pc1_UfGiFhIF0_2.jpg!m_fill,w_280,h_210,f_jpg?from=ke.com
20241028,丰台,草桥,101118325949,玺萌公馆 南北三居 交通便利 环境好,1200万,86750元/平,底层 (共6层) 3室2厅 | 138.33平米 | 南 北,https://ke-image.ljcdn.com/110000-inspection/36582fe3-8aec-4cd8-a6f0-1c574a03be74_1000.jpg!m_fill,w_280,h_210,f_jpg?from=ke.com
20241028,丰台,草桥,101118151408,未来上层南北通透两居满五唯一草桥地铁,799万,83657元/平,中楼层 (共12层) 2室2厅 | 95.51平米 | 南 北,https://ke-image.ljcdn.com/110000-inspection/pc1_w8DHI1nzo_1.jpg!m_fill,w_280,h_210,f_jpg?from=ke.com
20241028,丰台,草桥,101117944678,户型方正南北通透位于上半层无遮挡,420万,60155元/平,中楼层 (共14层) | 2003年 | 1室1厅 | 69.82平米 | 南 北,https://ke-image.ljcdn.com/110000-inspection/780d7e36-723f-4aac-8708-e4fd8d21136e_1000.jpg!m_fill,w_280,h_210,f_jpg?from=ke.com
20241028,丰台,草桥,101117063464,钢混六层洋房花园社区全明格局落地窗无遮挡。,599万,72712元/平,中楼层 (共6层) | 2004年 | 2室1厅 | 82.38平米 | 南 西北,https://ke-image.ljcdn.com/110000-inspection/c50be6dc-7eda-4a21-809f-1b855a1bae6a_1000.jpg!m_fill,w_280,h_210,f_jpg?from=ke.com
20241028,丰台,草桥,101116971720,恋日花都 2室2厅 西南,750万,61491元/平,高楼层 (共17层) 2室2厅 | 121.97平米 | 西南,https://ke-image.ljcdn.com/110000-inspection/af035f66-0457-449c-8e9b-51e35a2fe6b6_1000.jpg!m_fill,w_280,h_210,f_jpg?from=ke.com
20241028,丰台,草桥,101116710739,草桥地铁口 正规两居室 西南向 业主诚售,668万,73206元/平,底层 (共30层) 2室1厅 | 91.25平米 | 西南,https://ke-image.ljcdn.com/110000-inspection/pc1_mQ9i5ltWD_1.jpg!m_fill,w_280,h_210,f_jpg?from=ke.com
20241028,丰台,草桥,101116520669,风景club挑高厅三居室满五年,848万,61003元/平,中楼层 (共15层) | 2007年 | 3室2厅 | 139.01平米 | 西北,https://ke-image.ljcdn.com/110000-inspection/pc1_LrDP8Zakk_1.jpg!m_fill,w_280,h_210,f_jpg?from=ke.com
20241028,丰台,草桥,101116470894,草桥欣园四区南北通透三居室精装修高层看房方便房主自荐,699万,74418元/平,中楼层 (共18层) 3室1厅 | 93.93平米 | 南 北,https://ke-image.ljcdn.com/110000-inspection/pc1_S0UALZAmO_1.jpg!m_fill,w_280,h_210,f_jpg?from=ke.com
20241028,丰台,草桥,101116461885,此房满五年唯一楼层高视野好,193万,68126元/平,高楼层 (共24层) | 2002年 | 1室0厅 | 28.33平米 | 北,https://ke-image.ljcdn.com/110000-inspection/pc1_FgbvaugUM_1.jpg!m_fill,w_280,h_210,f_jpg?from=ke.com
20241028,丰台,草桥,101114447880,草桥东路 南北两居 高楼层视野好 带电梯 采光好,529万,70206元/平,高楼层 (共13层) | 1999年 | 2室1厅 | 75.35平米 | 南 北,https://ke-image.ljcdn.com/110000-inspection/3daed11b-5649-4606-b79a-20faaaea1043_1000.jpg!m_fill,w_280,h_210,f_jpg?from=ke.com
20241028,丰台,草桥,101127292633,草桥欣园四区 满五唯一两居室带电梯 户型好,488万,55613元/平,低楼层 (共14层) | 2004年 | 2室1厅 | 87.75平米 | 南 北,https://ke-image.ljcdn.com/110000-inspection/pc1_ecWa7jaB9_1.jpg!m_fill,w_280,h_210,f_jpg?from=ke.com
20241028,丰台,草桥,101127265531,今日草桥二期 2室1厅 南 西新上,635万,67821元/平,低楼层 (共30层) 2室1厅 | 93.63平米 | 南 西,https://ke-image.ljcdn.com/110000-inspection/c7e74028-64d8-44ce-b207-6bf1e162189d_1000.jpg!m_fill,w_280,h_210,f_jpg?from=ke.com
20241028,丰台,草桥,101127256626,草桥欣园三区特大户型视野开阔新上,750万,54845元/平,高楼层 (共18层) | 2001年 | 4室1厅 | 136.75平米 | 南 西 北,https://ke-image.ljcdn.com/110000-inspection/4a04c9a7-6d6d-48e7-a856-c94c7041b3a5_1000.jpg!m_fill,w_280,h_210,f_jpg?from=ke.com
20241028,丰台,草桥,101127230281,玺萌公馆 新上 小区中间位置 无遮挡 安静 三居室新上,1100万,83772元/平,高楼层 (共6层) 3室1厅 | 131.31平米 | 南 北,https://ke-image.ljcdn.com/110000-inspection/pc1_vZV74aS1X_1.jpg!m_fill,w_280,h_210,f_jpg?from=ke.com
20241028,丰台,草桥,101127229297,南珠苑 2室1厅 西新上,491万,53797元/平,中楼层 (共18层) 2室1厅 | 91.27平米 | 西,https://ke-image.ljcdn.com/110000-inspection/2b47037d-b6e3-4f56-97d3-e090445efdad_1000.jpg!m_fill,w_280,h_210,f_jpg?from=ke.com
20241028,丰台,草桥,101127200186,草桥欣园四区  把边没遮挡南北通透三居室新上,660万,61350元/平,中楼层 (共14层) | 2003年 | 3室1厅 | 107.58平米 | 南 北,https://ke-image.ljcdn.com/110000-inspection/pc1_kHMGmq9Kd_1.jpg!m_fill,w_280,h_210,f_jpg?from=ke.com
20241028,丰台,草桥,101127193044,南珠苑 1室1厅 西新上,198万,46230元/平,低楼层 (共22层) | 2004年 | 1室1厅 | 42.83平米 | 西,https://ke-image.ljcdn.com/110000-inspection/pc1_JiP5LVAE0_1.jpg!m_fill,w_280,h_210,f_jpg?from=ke.com
20241028,丰台,草桥,101127172577,草桥欣园四区 2室1厅 南 北新上,495万,62186元/平,中楼层 (共15层) 2室1厅 | 79.6平米 | 南 北,https://ke-image.ljcdn.com/110000-inspection/pc1_9fKomdIGP_1.jpg!m_fill,w_280,h_210,f_jpg?from=ke.com
20241028,丰台,草桥,101127155962,恋日嘉园二期 1室1厅 东北,450万,68369元/平,中楼层 (共19层) | 2007年 | 1室1厅 | 65.82平米 | 东北,https://ke-image.ljcdn.com/110000-inspection/pc1_ETVOKQvdi_1.jpg!m_fill,w_280,h_210,f_jpg?from=ke.com
20241028,丰台,草桥,101127115922,恋日嘉园一期 三条地铁换乘站 南北通透 三面向阳房主自荐,850万,66761元/平,高楼层 (共17层) 3室2厅 | 127.32平米 | 南 北,https://ke-image.ljcdn.com/110000-inspection/pc1_zEIqADYTd_1.jpg!m_fill,w_280,h_210,f_jpg?from=ke.com
20241028,丰台,草桥,101127107190,夏季星空 3室1厅 南 北,1179万,98985元/平,底层 (共5层) 3室1厅 | 119.11平米 | 南 北,https://ke-image.ljcdn.com/110000-inspection/46699be0-5c33-4463-89be-f664e426df33_1000.jpg!m_fill,w_280,h_210,f_jpg?from=ke.com
20241028,丰台,草桥,101127106611,今日草桥 3室2厅 西南,1119万,65566元/平,中楼层 (共29层) 3室2厅 | 170.67平米 | 西南,https://ke-image.ljcdn.com/110000-inspection/e13aa45a-1a2a-4403-b3af-1ea016c6a772_1000.jpg!m_fill,w_280,h_210,f_jpg?from=ke.com
20241028,丰台,草桥,101127090470,夏季星空 南北三居 前后花园 大阳台 采光好,1180万,98482元/平,底层 (共6层) 3室2厅 | 119.82平米 | 南 西,https://ke-image.ljcdn.com/110000-inspection/bec9f86d-95a9-43a7-9582-a49d0768048e_1000.jpg!m_fill,w_280,h_210,f_jpg?from=ke.com
20241028,丰台,草桥,101127031088,草桥欣园 复式带露南北向 花园社区物业好 地铁十号,550万,53859元/平,顶层 (共6层) 3室1厅 | 102.12平米 | 南 北,https://ke-image.ljcdn.com/110000-inspection/07482a18-174a-40d5-a537-f830e72e229f_1000.jpg!m_fill,w_280,h_210,f_jpg?from=ke.com
20241028,丰台,草桥,101127017555,草桥带电梯复式南北通透明厨明卫随时签约,740万,59954元/平,顶层 (共12层) | 1999年 | 4室2厅 | 123.43平米 | 南 北,https://ke-image.ljcdn.com/110000-inspection/pc1_EZJesiYS9_1.jpg!m_fill,w_280,h_210,f_jpg?from=ke.com
20241028,丰台,草桥,101127007961,风景club 3室2厅 南 北,790万,65999元/平,底层 (共12层) | 2007年 | 3室2厅 | 119.7平米 | 南 北,https://ke-image.ljcdn.com/110000-inspection/pc1_p6yevuYM7_1.jpg!m_fill,w_280,h_210,f_jpg?from=ke.com
20241028,丰台,草桥,101127007023,草桥欣园四区 把边无遮挡南北通透三居 楼层高视野好新上,710万,66881元/平,低楼层 (共14层) | 2003年 | 3室1厅 | 106.16平米 | 南 北,https://ke-image.ljcdn.com/110000-inspection/pc1_8fkOUXnKE_1.jpg!m_fill,w_280,h_210,f_jpg?from=ke.com
20241028,丰台,草桥,101126974601,恋日嘉园一期 南北通透前后无遮挡 改善7居室,1300万,54735元/平,高楼层 (共15层) 7室1厅 | 237.51平米 | 南 北,https://ke-image.ljcdn.com/110000-inspection/pc1_WY9cBgDZC_1.jpg!m_fill,w_280,h_210,f_jpg?from=ke.com
20241028,丰台,草桥,101126947187,春季星空 3室2厅 南 北房主自荐,918万,71496元/平,中楼层 (共5层) 3室2厅 | 128.4平米 | 南 北,https://ke-image.ljcdn.com/110000-inspection/fb83dfd6-ddfc-48d4-ba47-a0c7ea819743_1000.jpg!m_fill,w_280,h_210,f_jpg?from=ke.com
20241028,丰台,草桥,101126905962,此房满五年唯一 精装修南北通透无遮挡业主诚意卖,980万,82743元/平,低楼层 (共6层) 2室2厅 | 118.44平米 | 南 北,https://ke-image.ljcdn.com/110000-inspection/pc1_sIbHwHjqj_1.jpg!m_fill,w_280,h_210,f_jpg?from=ke.com
20241028,丰台,草桥,101126871574,恋日嘉园一期 南北通透复式房 三条地铁换乘站,1500万,65790元/平,高楼层 (共12层) 4室2厅 | 228平米 | 南 北,https://ke-image.ljcdn.com/110000-inspection/81379270-f33f-433c-be80-4e1ad75dcdd7_1000.jpg!m_fill,w_280,h_210,f_jpg?from=ke.com
20241028,丰台,草桥,101126831372,2017年次新房 跃层都不算面积 精装修 三轨交汇,980万,69751元/平,顶层 (共29层) 3室2厅 | 140.5平米 | 西 南 北,https://ke-image.ljcdn.com/110000-inspection/pc1_FngNROqQC_2.jpg!m_fill,w_280,h_210,f_jpg?from=ke.com
20241028,丰台,草桥,101126824468,玺萌丽苑 西向精装两居室无遮挡视野开阔交通便利,516万,58345元/平,低楼层 (共23层) | 2001年 | 2室2厅 | 88.44平米 | 西,https://ke-image.ljcdn.com/110000-inspection/pc1_CYYOlfyMY_1.jpg!m_fill,w_280,h_210,f_jpg?from=ke.com
20241028,丰台,草桥,101126819155,玺萌丽苑 精装修三居室领包入住 交通便利 停车方便,665万,55426元/平,低楼层 (共24层) 3室2厅 | 119.98平米 | 西,https://ke-image.ljcdn.com/110000-inspection/pc1_Axtpubnbg_2.jpg!m_fill,w_280,h_210,f_jpg?from=ke.com
20241028,丰台,草桥,101126815242,南珠苑 2室1厅 南,560万,56698元/平,低楼层 (共22层) | 2004年 | 2室1厅 | 98.77平米 | 南,https://ke-image.ljcdn.com/110000-inspection/47cb1b24-817c-48a4-994f-f8ce9982bbf2_1000.jpg!m_fill,w_280,h_210,f_jpg?from=ke.com
20241028,丰台,草桥,101126812835,恋日花都 2室1厅 西南,660万,59151元/平,低楼层 (共16层) 2室1厅 | 111.58平米 | 西南,https://ke-image.ljcdn.com/110000-inspection/da194ab3-e74f-4520-b625-28914ae79d96_1000.jpg!m_fill,w_280,h_210,f_jpg?from=ke.com
20241028,丰台,草桥,101126811164,草桥欣园四区6号楼地下产权车位,27万,22223元/平,地下室 1室0厅 | 12.15平米 | 南,https://ke-image.ljcdn.com/110000-inspection/pc1_jZnOOTRJi.jpg!m_fill,w_280,h_210,f_jpg?from=ke.com
20241028,丰台,草桥,101126810185,恋日花都 2室2厅 南 北,849万,71907元/平,低楼层 (共19层) 2室2厅 | 118.07平米 | 南 北,https://ke-image.ljcdn.com/110000-inspection/pc1_RzLHkkRWr_1.jpg!m_fill,w_280,h_210,f_jpg?from=ke.com
20241028,丰台,草桥,101126671880,草桥地铁口嘉园商品房 南北通透 改善 3条地铁交汇,1195万,61298元/平,低楼层 (共10层) 4室2厅 | 194.95平米 | 南 北,https://ke-image.ljcdn.com/110000-inspection/pc1_0TY3qXyDN_1.jpg!m_fill,w_280,h_210,f_jpg?from=ke.com
20241028,丰台,草桥,101126670530,草桥 未来上层  2005年商品房  南北通透两居,755万,78361元/平,中楼层 (共13层) | 2005年 | 2室2厅 | 96.35平米 | 南 北,https://ke-image.ljcdn.com/110000-inspection/pc1_39xG9hLtS_1.jpg!m_fill,w_280,h_210,f_jpg?from=ke.com
20241028,丰台,草桥,101126668939,风景club 三线交汇10、19和机场线,420万,79336元/平,高楼层 (共12层) | 2007年 | 1室1厅 | 52.94平米 | 西北,https://ke-image.ljcdn.com/110000-inspection/pc1_zuvow6clj_1.jpg!m_fill,w_280,h_210,f_jpg?from=ke.com
20241028,丰台,草桥,101126638101,南珠苑 2室1厅 东南房主自荐,359万,49792元/平,低楼层 (共18层) | 1998年 | 2室1厅 | 72.1平米 | 东南,https://ke-image.ljcdn.com/110000-inspection/pc1_R5eDtpPuB_1.jpg!m_fill,w_280,h_210,f_jpg?from=ke.com
20241028,丰台,草桥,101126511452,玺萌丽苑 三居室 西向 无遮挡 视野开阔 诚心出售,650万,55480元/平,中楼层 (共24层) | 2003年 | 3室1厅 | 117.16平米 | 西,https://ke-image.ljcdn.com/110000-inspection/pc1_PtkRRVGug_2.jpg!m_fill,w_280,h_210,f_jpg?from=ke.com
20241028,丰台,草桥,101126510267,恋日嘉园二期  草桥地铁口 南北四居室 有车位,1320万,67482元/平,中楼层 (共17层) 4室2厅 | 195.61平米 | 南 北,https://ke-image.ljcdn.com/110000-inspection/pc1_eTedBkgql_1.jpg!m_fill,w_280,h_210,f_jpg?from=ke.com
20241028,丰台,草桥,101126473261,南北通透三居室满五唯一花园洋房,1130万,92276元/平,底层 (共6层) 3室2厅 | 122.46平米 | 南 北,https://ke-image.ljcdn.com/110000-inspection/da6e01e4-7eaf-4519-979f-accccd6bba29_1000.jpg!m_fill,w_280,h_210,f_jpg?from=ke.com
20241028,丰台,草桥,101126472179,草桥欣园三区 3室2厅 南 北,570万,55399元/平,顶层 (共6层) 3室2厅 | 102.89平米 | 南 北,https://ke-image.ljcdn.com/110000-inspection/pc1_lvoMLwlD5_1.jpg!m_fill,w_280,h_210,f_jpg?from=ke.com
20241028,丰台,草桥,101126454304,草桥欣园四区 精装三居室 户型方正,520万,55420元/平,底层 (共15层) | 2003年 | 3室1厅 | 93.83平米 | 南 北,https://ke-image.ljcdn.com/110000-inspection/pc1_bF2Cnum4n_1.jpg!m_fill,w_280,h_210,f_jpg?from=ke.com
20241028,丰台,草桥,101126445762,春季星空南北3居 得房率92.5% 套内89.88,630万,64849元/平,顶层 (共6层) 3室2厅 | 97.15平米 | 南 北,https://ke-image.ljcdn.com/110000-inspection/11a54581-5f1d-47de-8ccb-676d8564aab8_1000.jpg!m_fill,w_280,h_210,f_jpg?from=ke.com
20241028,丰台,草桥,101126403253,2017年小区 楼下就是地铁换乘草桥站 全明格局,635万,67453元/平,中楼层 (共21层) | 2016年 | 2室1厅 | 94.14平米 | 东 西 北,https://ke-image.ljcdn.com/110000-inspection/pc1_oofuXqpcI_2.jpg!m_fill,w_280,h_210,f_jpg?from=ke.com
20241028,丰台,草桥,101126378811,草桥欣园18号院南北通透3居高楼层视野好 有电梯,600万,67062元/平,高楼层 (共6层) 3室1厅 | 89.47平米 | 南 北,https://ke-image.ljcdn.com/110000-inspection/pc1_PjQOXocg6_1.jpg!m_fill,w_280,h_210,f_jpg?from=ke.com
20241028,丰台,草桥,101126372796,风景club 西南三居 客厅挑高4.05 07年,1060万,66184元/平,低楼层 (共15层) | 2007年 | 3室2厅 | 160.16平米 | 西南,https://ke-image.ljcdn.com/110000-inspection/0fd16da8-d922-4dea-8038-af65c31c462d_1000.jpg!m_fill,w_280,h_210,f_jpg?from=ke.com
20241028,丰台,草桥,101126369473,玺萌公馆南北通透复式四居室精装修诚意出售,1300万,84105元/平,高楼层 (共7层) 3室2厅 | 154.57平米 | 南 北,https://ke-image.ljcdn.com/110000-inspection/pc1_io0Tg0qtR_1.jpg!m_fill,w_280,h_210,f_jpg?from=ke.com
20241028,丰台,草桥,101126361898,南珠苑 草桥19号线10号线两居室户型方正,359万,49931元/平,低楼层 (共18层) 2室1厅 | 71.9平米 | 西南,https://ke-image.ljcdn.com/110000-inspection/5611be1c-2b08-40b6-bb28-961defd000af_1000.jpg!m_fill,w_280,h_210,f_jpg?from=ke.com
20241028,丰台,草桥,101126335710,风景club 3室1厅 南 西 北,1100万,76030元/平,底层 (共12层) | 2007年 | 3室1厅 | 144.68平米 | 南 西 北,https://ke-image.ljcdn.com/110000-inspection/pc1_hencDeieT_1.jpg!m_fill,w_280,h_210,f_jpg?from=ke.com
20241028,丰台,草桥,101126249668,恋日花都 3室1厅 东 南 西,1070万,74544元/平,低楼层 (共16层) | 2006年 | 3室1厅 | 143.54平米 | 东 南 西,https://ke-image.ljcdn.com/110000-inspection/pc1_2jHG8kpdH_1.jpg!m_fill,w_280,h_210,f_jpg?from=ke.com
20241028,丰台,草桥,101126087971,恋日花都正规一居室诚心出售。,550万,80222元/平,中楼层 (共17层) | 2006年 | 2室1厅 | 68.56平米 | 东北,https://ke-image.ljcdn.com/110000-inspection/pc1_7xBTuJxOb_1.jpg!m_fill,w_280,h_210,f_jpg?from=ke.com
20241028,丰台,草桥,101125985809,精装三层  可使用面积多  一梯两户,549万,58380元/平,顶层 (共6层) 3室1厅 | 94.04平米 | 南 北,https://ke-image.ljcdn.com/110000-inspection/pc1_dX9dw1DOj_1.jpg!m_fill,w_280,h_210,f_jpg?from=ke.com
20241028,丰台,草桥,101125980551,南三环夏季星空洋房社区得房率92% 满五年唯一,930万,76809元/平,低楼层 (共6层) 3室1厅 | 121.08平米 | 南 北 西,https://ke-image.ljcdn.com/110000-inspection/pc1_CEu7RRs0j.jpg!m_fill,w_280,h_210,f_jpg?from=ke.com
20241028,丰台,草桥,101125974477,玺萌丽苑 正规一居室 采光好  看房有钥匙房主自荐,355万,53065元/平,低楼层 (共24层) | 2003年 | 1室1厅 | 66.9平米 | 东南,https://ke-image.ljcdn.com/110000-inspection/20e716cf-a0bf-40b3-aff9-13f8097727a5_1000.jpg!m_fill,w_280,h_210,f_jpg?from=ke.com
20241028,丰台,草桥,101125920021,聚焦次新房 三轨交汇  全明格局 人车分流社区,628万,66703元/平,中楼层 (共21层) 2室1厅 | 94.15平米 | 东 北,https://ke-image.ljcdn.com/110000-inspection/pc1_c8yBIATDT_1.jpg!m_fill,w_280,h_210,f_jpg?from=ke.com
20241028,丰台,草桥,101125845264,2011年新社区次顶层南北两居室诚心出售,630万,76652元/平,高楼层 (共11层) | 2011年 | 2室1厅 | 82.19平米 | 南 北,https://ke-image.ljcdn.com/110000-inspection/pc1_zUog7zlu1_1.jpg!m_fill,w_280,h_210,f_jpg?from=ke.com
20241028,丰台,草桥,101125845162,南北通透两居 满五年唯一 诚意卖 随时可看随时签,428万,43413元/平,中楼层 (共16层) 2室1厅 | 98.59平米 | 南 北,https://ke-image.ljcdn.com/110000-inspection/bfe56609-34f3-42e0-8d24-61c49b36f40f_1000.jpg!m_fill,w_280,h_210,f_jpg?from=ke.com
20241028,丰台,草桥,101125811894,南北通透三居室花园社区发封闭管理。,618万,68122元/平,底层 (共6层) 3室2厅 | 90.72平米 | 南 北,https://ke-image.ljcdn.com/110000-inspection/4717cc92-225e-4236-a625-49457ec8386b_1000.jpg!m_fill,w_280,h_210,f_jpg?from=ke.com
20241028,丰台,草桥,101125793782,未来上层 南北西四居 一梯两户洋房 出门即到公园,1215万,77300元/平,中楼层 (共12层) 4室2厅 | 157.18平米 | 南 西 北,https://ke-image.ljcdn.com/110000-inspection/pc1_ZURZDxVFY_1.jpg!m_fill,w_280,h_210,f_jpg?from=ke.com
20241028,丰台,草桥,101125640380,地铁4号线马家堡站正规三居室业主诚心出售,725万,60072元/平,高楼层 (共24层) | 2002年 | 3室2厅 | 120.69平米 | 西南,https://ke-image.ljcdn.com/110000-inspection/pc1_17mYM9H7v_2.jpg!m_fill,w_280,h_210,f_jpg?from=ke.com
20241028,丰台,草桥,101125600142,草桥欣园三区复式 南北三居室 三轨交汇 中间位置,558万,55645元/平,顶层 (共6层) | 1998年 | 3室2厅 | 100.28平米 | 南 北,https://ke-image.ljcdn.com/110000-inspection/pc1_MTGACw2FM_1.jpg!m_fill,w_280,h_210,f_jpg?from=ke.com
20241028,丰台,草桥,101125442481,草桥欣园四区上半层满五年唯一两居室无遮挡,445万,55905元/平,高楼层 (共15层) 2室1厅 | 79.6平米 | 南 北,https://ke-image.ljcdn.com/110000-inspection/pc1_5uOwwVhao_1.jpg!m_fill,w_280,h_210,f_jpg?from=ke.com
20241028,丰台,草桥,101125440187,未来上层 近地铁 高楼层视野好 满五唯一 精装修,780万,83683元/平,高楼层 (共13层) | 2005年 | 2室1厅 | 93.21平米 | 南 北,https://ke-image.ljcdn.com/110000-inspection/pc1_IK4j6PIqp_1.jpg!m_fill,w_280,h_210,f_jpg?from=ke.com
20241028,丰台,草桥,101125431269,恋日花都 1室1厅 南,368万,75643元/平,中楼层 (共19层) | 2006年 | 1室1厅 | 48.65平米 | 南,https://ke-image.ljcdn.com/110000-inspection/c9f0956a-a420-48e3-88ba-7ffcf2ab7504_1000.jpg!m_fill,w_280,h_210,f_jpg?from=ke.com
20241028,丰台,草桥,101125428681,房子满五年唯一普通住宅随时签约诚信出售,938万,67883元/平,低楼层 (共15层) | 2007年 | 3室2厅 | 138.18平米 | 南,https://ke-image.ljcdn.com/110000-inspection/pc1_aA9f5bzcp_1.jpg!m_fill,w_280,h_210,f_jpg?from=ke.com
20241028,丰台,草桥,101125327892,19号线+10号线+机场线草桥站 南北通透三居室,685万,69227元/平,中楼层 (共12层) | 1999年 | 3室1厅 | 98.95平米 | 南 北,https://ke-image.ljcdn.com/110000-inspection/pc1_0oSBEHzVa_1.jpg!m_fill,w_280,h_210,f_jpg?from=ke.com
20241028,丰台,草桥,101125292759,玺萌公馆 五层 南北通透 带电梯 满五年唯一,1228万,80011元/平,高楼层 (共6层) 3室2厅 | 153.48平米 | 南 北,https://ke-image.ljcdn.com/110000-inspection/1e9b2012-2ecc-4083-a5b9-1bc405d99ff8_1000.jpg!m_fill,w_280,h_210,f_jpg?from=ke.com
20241028,丰台,草桥,101125274805,南北通透满5年唯一一梯两户带电梯采光好,569万,61269元/平,中楼层 (共6层) 3室1厅 | 92.87平米 | 北 南 西,https://ke-image.ljcdn.com/110000-inspection/6b20e1a9-e501-4b0e-a9f0-2c720b9155da_1000.jpg!m_fill,w_280,h_210,f_jpg?from=ke.com
20241028,丰台,草桥,101125174304,风景club 19、10和机场线草桥站 2007年房主自荐,560万,67576元/平,低楼层 (共15层) | 2007年 | 2室2厅 | 82.87平米 | 东北,https://ke-image.ljcdn.com/110000-inspection/pc1_MyUpoBt3a_1.jpg!m_fill,w_280,h_210,f_jpg?from=ke.com
20241028,丰台,草桥,101125046095,恋日嘉园一期 2室2厅 南 北,839万,78032元/平,底层 (共13层) 2室2厅 | 107.52平米 | 南 北,https://ke-image.ljcdn.com/110000-inspection/ebe32c2b-817c-43af-a2d8-05e71a2e4350_1000.jpg!m_fill,w_280,h_210,f_jpg?from=ke.com
20241028,丰台,草桥,101125045123,南北正规一居室 全明格局 精装修 上本层 无遮挡房主自荐,360万,59901元/平,低楼层 (共15层) 1室1厅 | 60.1平米 | 南 北,https://ke-image.ljcdn.com/110000-inspection/7962fe5b-ce50-404d-9b56-3aa047331c31_1000.jpg!m_fill,w_280,h_210,f_jpg?from=ke.com
20241028,丰台,草桥,101124971029,恋日花都 精装修大三居 三面采光 视野好。,1050万,73090元/平,高楼层 (共17层) 3室1厅 | 143.66平米 | 东南 西南 北,https://ke-image.ljcdn.com/110000-inspection/pc1_TMdJo0JjO_1.jpg!m_fill,w_280,h_210,f_jpg?from=ke.com
20241028,丰台,草桥,101124865903,草桥欣园四区 南北通透全明格局三居近地铁,520万,55420元/平,底层 (共15层) | 2003年 | 3室1厅 | 93.83平米 | 南 北,https://ke-image.ljcdn.com/110000-inspection/pc1_CYdxaP62c_1.jpg!m_fill,w_280,h_210,f_jpg?from=ke.com
20241028,丰台,草桥,101124821307,恋日嘉园一期 3室2厅 南 北,1154万,72121元/平,低楼层 (共10层) | 2001年 | 3室2厅 | 160.01平米 | 南 北,https://ke-image.ljcdn.com/110000-inspection/pc1_iqCnyCvDE_1.jpg!m_fill,w_280,h_210,f_jpg?from=ke.com
20241028,丰台,草桥,101124730755,草桥南珠苑三室两卫户型业主诚意出售,555万,49938元/平,低楼层 (共18层) | 2000年 | 3室1厅 | 111.14平米 | 东 北,https://ke-image.ljcdn.com/110000-inspection/753de52e-4f0d-448a-8701-5f7303fac4d9_1000.jpg!m_fill,w_280,h_210,f_jpg?from=ke.com
20241028,丰台,草桥,101124637131,玉安园 东西向 两居室东西通透,355万,47283元/平,低楼层 (共6层) | 1998年 | 2室2厅 | 75.08平米 | 东 西,https://ke-image.ljcdn.com/110000-inspection/pc1_av0ZdgS7k_1.jpg!m_fill,w_280,h_210,f_jpg?from=ke.com
20241028,丰台,草桥,101124604291,风景club 2室1厅 南,580万,69595元/平,低楼层 (共15层) | 2007年 | 2室1厅 | 83.34平米 | 南,https://ke-image.ljcdn.com/110000-inspection/c06361cf-6708-4e84-a710-f8758b777e72_1000.jpg!m_fill,w_280,h_210,f_jpg?from=ke.com
20241028,丰台,草桥,101124598438,草桥欣园三区 3室2厅 南 北,544万,53787元/平,顶层 (共6层) 3室2厅 | 101.14平米 | 南 北,https://ke-image.ljcdn.com/110000-inspection/pc1_K2hetovLZ_1.jpg!m_fill,w_280,h_210,f_jpg?from=ke.com
20241028,丰台,草桥,101124390786,10号线、19号线草桥站商品房社区,930万,78448元/平,中楼层 (共13层) | 2005年 | 3室2厅 | 118.55平米 | 南 北,https://ke-image.ljcdn.com/110000-inspection/pc1_a48uVK83J_1.jpg!m_fill,w_280,h_210,f_jpg?from=ke.com
20241028,丰台,草桥,101124300760,玉安园 此房满五唯一 户型方正 满五唯一 次顶层,369万,49444元/平,高楼层 (共17层) | 1998年 | 2室1厅 | 74.63平米 | 西,https://ke-image.ljcdn.com/110000-inspection/6b5003c4-c560-4f61-a8f4-687e6cd23118_1000.jpg!m_fill,w_280,h_210,f_jpg?from=ke.com
20241028,丰台,草桥,101124124514,南三环草桥东路16号楼 南北通透三居室 高楼层 视野好,635万,69919元/平,高楼层 (共13层) | 1999年 | 3室1厅 | 90.82平米 | 南 北,https://ke-image.ljcdn.com/110000-inspection/e2571d18-e36e-4e3b-8139-e951ebcf60cb_1000.jpg!m_fill,w_280,h_210,f_jpg?from=ke.com
20241028,丰台,草桥,101124061739,南三环春季星空 南北通透三居室 中楼层 视野开阔,1188万,78184元/平,中楼层 (共6层) | 2005年 | 3室2厅 | 151.95平米 | 南 北,https://ke-image.ljcdn.com/110000-inspection/c52ffadd-c20a-4def-9cbb-aec73b244267_1000.jpg!m_fill,w_280,h_210,f_jpg?from=ke.com
20241028,丰台,草桥,101124043622,夏季星空 4室2厅 南 北,1050万,61444元/平,高楼层 (共6层) 4室2厅 | 170.89平米 | 南 北,https://ke-image.ljcdn.com/110000-inspection/21c62dd8-5284-4cc9-a06b-66bdc6daa2f6_1000.jpg!m_fill,w_280,h_210,f_jpg?from=ke.com
20241028,丰台,草桥,101124043171,南三环电梯花园洋房 经典复式 满五唯一 精装修,1480万,89222元/平,顶层 (共6层) 4室3厅 | 165.88平米 | 南 北,https://ke-image.ljcdn.com/110000-inspection/067cb998-0d90-44b2-acb8-ea41ccff7582_1000.jpg!m_fill,w_280,h_210,f_jpg?from=ke.com
20241028,丰台,草桥,101124007445,恋日花都复式 落地窗 明厨明卫 地铁10号线19号线,830万,125340元/平,高楼层 (共17层) 3室1厅 | 66.22平米 | 东北,https://ke-image.ljcdn.com/110000-inspection/pc1_WcIvPaGUF_1.jpg!m_fill,w_280,h_210,f_jpg?from=ke.com
20241028,丰台,草桥,101123959306,玺萌丽苑5条地铁线路满五唯一集中供暖电梯直达,555万,44153元/平,中楼层 (共24层) 2室2厅 | 125.7平米 | 西,https://ke-image.ljcdn.com/110000-inspection/pc1_5SG2I3HsN_1.jpg!m_fill,w_280,h_210,f_jpg?from=ke.com
20241028,丰台,草桥,101123933646,草桥地铁 19+10+新机场线三轨换乘 南北通透房主自荐,540万,65257元/平,顶层 (共6层) 3室2厅 | 82.75平米 | 南 北,https://ke-image.ljcdn.com/110000-inspection/pc1_j6WYgy99d_1.jpg!m_fill,w_280,h_210,f_jpg?from=ke.com
20241028,丰台,草桥,101123877518,满五年唯一商品房中高楼层集中供暖户型方正采光,362万,57598元/平,高楼层 (共24层) 1室1厅 | 62.85平米 | 西,https://ke-image.ljcdn.com/110000-inspection/pc1_2ZNzx1KOP_2.jpg!m_fill,w_280,h_210,f_jpg?from=ke.com
20241028,丰台,草桥,101123859273,玺萌公馆 位置好三居 板楼带电梯,1030万,78644元/平,低楼层 (共6层) 3室2厅 | 130.97平米 | 南 北,https://ke-image.ljcdn.com/110000-inspection/pc1_lTL7udi6J.jpg!m_fill,w_280,h_210,f_jpg?from=ke.com
20241028,丰台,草桥,101123712788,草桥欣园四区不带台阶可直达的一居室满五年唯一。,350万,50718元/平,顶层 (共12层) | 2007年 | 1室1厅 | 69.01平米 | 南 北,https://ke-image.ljcdn.com/110000-inspection/91fd60a3-cf52-4d83-b124-fe5f36194561_1000.jpg!m_fill,w_280,h_210,f_jpg?from=ke.com
20241028,丰台,草桥,101123329289,玺萌公馆  六层板楼带电梯 南北通透复式   视野好,1900万,84109元/平,顶层 (共6层) | 2009年 | 4室2厅 | 225.9平米 | 南 北,https://ke-image.ljcdn.com/110000-inspection/pc1_l4FMYd7sZ_1.jpg!m_fill,w_280,h_210,f_jpg?from=ke.com
20241028,丰台,草桥,101123279335,玉安园  南向一居室中装修视野采光很nai斯的一套。,378万,55630元/平,高楼层 (共18层) | 2003年 | 1室1厅 | 67.95平米 | 南,https://ke-image.ljcdn.com/110000-inspection/6c8bb21d-9af9-4668-a96c-e05d49d857df_1000.jpg!m_fill,w_280,h_210,f_jpg?from=ke.com
20241028,丰台,草桥,101123258167,角门马家堡玺萌苑双地铁商圈繁华三环好房,528万,56946元/平,高楼层 (共26层) 2室1厅 | 92.72平米 | 西南,https://ke-image.ljcdn.com/110000-inspection/pc1_PcRiMCZ3t.jpg!m_fill,w_280,h_210,f_jpg?from=ke.com
20241028,丰台,草桥,101123182293,草桥玉安园 南向一居室 户型好 楼龄新,350万,51509元/平,中楼层 (共18层) | 2003年 | 1室1厅 | 67.95平米 | 南,https://ke-image.ljcdn.com/110000-inspection/pc1_80USAbBe4_1.jpg!m_fill,w_280,h_210,f_jpg?from=ke.com
20241028,丰台,草桥,101123104889,玺萌苑小区  满五唯一商品房 高楼层 视野佳,597万,64388元/平,中楼层 (共26层) 2室1厅 | 92.72平米 | 西南,https://ke-image.ljcdn.com/110000-inspection/94b55342-a11a-4352-a92e-ddfcbf64857f_1000.jpg!m_fill,w_280,h_210,f_jpg?from=ke.com
20241028,丰台,草桥,101123050723,恋日嘉园二期精装修 拎包入住南北两居室,839万,76608元/平,中楼层 (共17层) | 2003年 | 2室2厅 | 109.52平米 | 南 北,https://ke-image.ljcdn.com/110000-inspection/pc1_EC11ev4Gs_1.jpg!m_fill,w_280,h_210,f_jpg?from=ke.com
20241028,丰台,草桥,101123047452,春季星空一层两居室精装修户型方正得房率92.5%,598万,73429元/平,底层 (共6层) 2室1厅 | 81.44平米 | 南 西 北,https://ke-image.ljcdn.com/110000-inspection/pc1_u5UTNWu3J_1.jpg!m_fill,w_280,h_210,f_jpg?from=ke.com
20241028,丰台,草桥,101123024479,春季星空  花园洋房 南北通透 落地窗大阳台 全明格局,890万,72993元/平,低楼层 (共6层) 3室2厅 | 121.93平米 | 南 北,https://ke-image.ljcdn.com/110000-inspection/209a144a-9e6f-4a3f-8aaa-11912dc4dff9_1000.jpg!m_fill,w_280,h_210,f_jpg?from=ke.com
20241028,丰台,草桥,101122965746,恋日花都 2室1厅 西南 北,600万,56797元/平,底层 (共17层) | 2006年 | 2室1厅 | 105.64平米 | 西南 北,https://ke-image.ljcdn.com/110000-inspection/pc1_pveywOLe0_1.jpg!m_fill,w_280,h_210,f_jpg?from=ke.com
20241028,丰台,草桥,101122491572,今日草桥2017年建成人车分流小区出门就是地铁,480万,69445元/平,中楼层 (共21层) 1室1厅 | 69.12平米 | 西,https://ke-image.ljcdn.com/110000-inspection/pc1_lLWjEGj1K_1.jpg!m_fill,w_280,h_210,f_jpg?from=ke.com
20241028,丰台,草桥,101122426426,玺萌丽苑 商品房社区  正规一室一厅 格局方正 诚售,325万,51711元/平,高楼层 (共24层) 1室1厅 | 62.85平米 | 西,https://ke-image.ljcdn.com/110000-inspection/pc1_tGaaNlDL7_2.jpg!m_fill,w_280,h_210,f_jpg?from=ke.com
20241028,丰台,草桥,101122426031,草桥欣园三区东南北朝向 边户3居 明厨明卫 满5年唯一,748万,68492元/平,底层 (共6层) 3室1厅 | 109.21平米 | 南 北,https://ke-image.ljcdn.com/110000-inspection/pc1_8DX775O1o_1.jpg!m_fill,w_280,h_210,f_jpg?from=ke.com
20241028,丰台,草桥,101122306197,南三环草桥欣园三区 满五唯一复式 双明卫房主自荐,859万,69566元/平,顶层 (共12层) | 1999年 | 3室2厅 | 123.48平米 | 南 北,https://ke-image.ljcdn.com/110000-inspection/e866c3c9-a8e7-4f2d-b1a6-ad54b8bb403b_1000.jpg!m_fill,w_280,h_210,f_jpg?from=ke.com
20241028,丰台,草桥,101122059071,南三环草桥 全明正规一室一厅1层无遮挡明厨明卫,360万,57832元/平,底层 (共18层) 1室1厅 | 62.25平米 | 南,https://ke-image.ljcdn.com/110000-inspection/pc1_YcfnYdlcv_1.jpg!m_fill,w_280,h_210,f_jpg?from=ke.com
20241028,丰台,草桥,101122041180,玺萌公馆 南北三居双卫 落地窗 满五年唯一 带车位,848万,68129元/平,底层 (共6层) | 2008年 | 3室2厅 | 124.47平米 | 南 北,https://ke-image.ljcdn.com/110000-inspection/9a05e5d5-3b1a-4e23-8274-ca547018e68d_1000.jpg!m_fill,w_280,h_210,f_jpg?from=ke.com
20241028,丰台,草桥,101122000649,恋日嘉园二期 好楼层三居室 南北通透,1050万,76704元/平,高楼层 (共18层) 3室1厅 | 136.89平米 | 南 北,https://ke-image.ljcdn.com/110000-inspection/pc1_j8qA7RPNh_1.jpg!m_fill,w_280,h_210,f_jpg?from=ke.com
20241028,丰台,草桥,101121965263,三环边草桥 南北通透大两居 地铁10+19+大兴机场三线,480万,59429元/平,低楼层 (共18层) 2室1厅 | 80.77平米 | 南 北,https://ke-image.ljcdn.com/110000-inspection/936d283e-f437-4327-aec9-13f8b7bc35b1_1000.jpg!m_fill,w_280,h_210,f_jpg?from=ke.com
20241028,丰台,草桥,101121963726,三环边草桥恋日花都 地铁10号线+19号线+大兴机场三线,399万,78251元/平,低楼层 (共19层) | 2006年 | 1室1厅 | 50.99平米 | 南,https://ke-image.ljcdn.com/110000-inspection/055023e3-aa9d-4869-bdc8-4566dff8c187_1000.jpg!m_fill,w_280,h_210,f_jpg?from=ke.com
20241028,丰台,草桥,101121934744,今日草桥全明格局两居室 次新房 下楼就是地铁 诚售,660万,70109元/平,低楼层 (共21层) | 2017年 | 2室1厅 | 94.14平米 | 东 西,https://ke-image.ljcdn.com/110000-inspection/pc1_36zsUvdIC_1.jpg!m_fill,w_280,h_210,f_jpg?from=ke.com
20241028,丰台,草桥,101121888984,南三环草桥欣园三区 南北通透复式 满五唯一,766万,67135元/平,顶层 (共6层) 4室1厅 | 114.1平米 | 南 北,https://ke-image.ljcdn.com/110000-inspection/pc1_GZxtfhcQ7.jpg!m_fill,w_280,h_210,f_jpg?from=ke.com
20241028,丰台,草桥,101121782867,恋日花都东南朝向业主诚心出售,530万,72783元/平,低楼层 (共17层) 2室1厅 | 72.82平米 | 东南,https://ke-image.ljcdn.com/110000-inspection/pc1_7TkMupxxU_1.jpg!m_fill,w_280,h_210,f_jpg?from=ke.com
20241028,丰台,草桥,101121746450,南三环玺萌丽苑一居业主诚心出售房主自荐,178万,62831元/平,中楼层 (共24层) | 2002年 | 1室0厅 | 28.33平米 | 西北,https://ke-image.ljcdn.com/110000-inspection/pc1_2sYOHFCFT_1.jpg!m_fill,w_280,h_210,f_jpg?from=ke.com
20241028,丰台,草桥,101121427327,恋日嘉园二期 南北四居室 楼层好 位置好 近地铁站,1380万,72689元/平,中楼层 (共18层) 4室2厅 | 189.85平米 | 南 北,https://ke-image.ljcdn.com/110000-inspection/2b65d201-325f-43e0-bd7e-d908e9c062b4_1000.jpg!m_fill,w_280,h_210,f_jpg?from=ke.com
20241028,丰台,草桥,101121321846,玺萌丽苑正规四居室 高楼层视野好 满五唯一商品房,848万,55761元/平,中楼层 (共24层) | 2003年 | 4室2厅 | 152.08平米 | 东 南,https://ke-image.ljcdn.com/110000-inspection/9605f392-66cd-4062-be2a-3ff409d6a03a_1000.jpg!m_fill,w_280,h_210,f_jpg?from=ke.com
20241028,丰台,草桥,101121305996,春季星空东南3居室双卧客厅朝南满五唯一得房率92%房主自荐,808万,70439元/平,中楼层 (共6层) 3室1厅 | 114.71平米 | 东南,https://ke-image.ljcdn.com/110000-inspection/pc1_QpXKai3Zi_1.jpg!m_fill,w_280,h_210,f_jpg?from=ke.com
20241028,丰台,草桥,101121200857,未来上层 南北通透三居室 一梯两户 婚房装修,868万,73219元/平,中楼层 (共13层) | 2005年 | 3室2厅 | 118.55平米 | 南 北,https://ke-image.ljcdn.com/110000-inspection/pc1_3WsApqSzv_1.jpg!m_fill,w_280,h_210,f_jpg?from=ke.com
20241028,丰台,草桥,101121156585,草桥欣园三区复式 南北通透 采光好 无遮挡 物业管理好,580万,53839元/平,顶层 (共6层) 2室1厅 | 107.73平米 | 南 西 北,https://ke-image.ljcdn.com/110000-inspection/pc1_gS4PQXZu1_1.jpg!m_fill,w_280,h_210,f_jpg?from=ke.com
20241028,丰台,草桥,101120960933,玉安园 满五 户型方正 客厅带窗 带电梯,340万,44393元/平,低楼层 (共17层) | 1998年 | 2室1厅 | 76.59平米 | 西北,https://ke-image.ljcdn.com/110000-inspection/02661f4c-596f-405b-872e-76f3c74e1c84_1000.jpg!m_fill,w_280,h_210,f_jpg?from=ke.com
20241028,丰台,草桥,101120927750,草桥未来上层小区2005年商品房一梯两户,810万,85210元/平,底层 (共13层) 2室1厅 | 95.06平米 | 南 北,https://ke-image.ljcdn.com/110000-inspection/pc1_sbo5bgLHp_1.jpg!m_fill,w_280,h_210,f_jpg?from=ke.com
20241028,丰台,草桥,101120870088,恋日花都东南朝向复式精装修满五年唯一,980万,146685元/平,顶层 (共16层) 3室2厅 | 66.81平米 | 东 东南 南,https://ke-image.ljcdn.com/110000-inspection/pc1_9l82PKUjc_1.jpg!m_fill,w_280,h_210,f_jpg?from=ke.com
20241028,丰台,草桥,101120828826,商品房2019年小区 离地铁口200米 精品loft面积大一倍,625万,78498元/平,顶层 (共30层) | 2019年 | 2室1厅 | 79.62平米 | 东 南,https://ke-image.ljcdn.com/110000-inspection/2c096347-8d7f-46bc-972d-566c99dfc246_1000.jpg!m_fill,w_280,h_210,f_jpg?from=ke.com
20241028,丰台,草桥,101120618087,玺萌公馆三居室 南北通透 无遮挡 有车位,1100万,77096元/平,顶层 (共6层) 3室2厅 | 142.68平米 | 南 北,https://ke-image.ljcdn.com/110000-inspection/pc1_dnY8C7lFU_1.jpg!m_fill,w_280,h_210,f_jpg?from=ke.com
20241028,丰台,草桥,101120569847,恋日花都高楼层一居室有钥匙随时可以看房。房主自荐,375万,68783元/平,高楼层 (共16层) | 2006年 | 1室1厅 | 54.52平米 | 东 北,https://ke-image.ljcdn.com/110000-inspection/8d92fbd8-170a-4aaa-8ab9-6fdb74199052_1000.jpg!m_fill,w_280,h_210,f_jpg?from=ke.com
20241028,丰台,草桥,101120250366,城市间 草桥地铁 角门西地铁 南三环,498万,73866元/平,底层 (共9层) | 2011年 | 1室1厅 | 67.42平米 | 北 南,https://ke-image.ljcdn.com/110000-inspection/pc1_Fi6BSQMIP_1.jpg!m_fill,w_280,h_210,f_jpg?from=ke.com
20241028,丰台,草桥,101120144983,草桥南珠苑 正规三居室 诚意出售,570万,51287元/平,低楼层 (共18层) 3室1厅 | 111.14平米 | 东 北,https://ke-image.ljcdn.com/110000-inspection/5bfa60fa-a73b-4c90-8a4f-8fba9f6ad6a7_1000.jpg!m_fill,w_280,h_210,f_jpg?from=ke.com
20241028,丰台,草桥,101120142325,草桥 精装复式 满五唯一 带车位,1490万,67966元/平,高楼层 (共17层) 5室2厅 | 219.23平米 | 南 北,https://ke-image.ljcdn.com/110000-inspection/pc1_9vrxkySPU_1.jpg!m_fill,w_280,h_210,f_jpg?from=ke.com
20241028,丰台,草桥,101119770315,草桥东路 南北全明格局楼层高视野宽阔采光充足,375万,59102元/平,中楼层 (共14层) | 1999年 | 2室1厅 | 63.45平米 | 南 北,https://ke-image.ljcdn.com/110000-inspection/pc1_0w1yhIab8_1.jpg!m_fill,w_280,h_210,f_jpg?from=ke.com
20241028,丰台,草桥,101119486527,南三环  草桥欣园  南北通透复式,780万,48116元/平,顶层 (共6层) | 1998年 | 3室3厅 | 162.11平米 | 南 北,https://ke-image.ljcdn.com/110000-inspection/pc1_tdp14cG9n_1.jpg!m_fill,w_280,h_210,f_jpg?from=ke.com
20241028,丰台,草桥,101119425826,风景club 3室2厅 西南,1200万,75076元/平,中楼层 (共15层) | 2007年 | 3室2厅 | 159.84平米 | 西南,https://ke-image.ljcdn.com/110000-inspection/c22aa959-85b4-40f0-96ea-11ccbcfe4b41_1000.jpg!m_fill,w_280,h_210,f_jpg?from=ke.com
20241028,丰台,草桥,101119285002,恋日嘉园一期   南北通透 没有遮挡,878万,67873元/平,底层 (共13层) 3室2厅 | 129.36平米 | 南 北,https://ke-image.ljcdn.com/110000-inspection/pc1_5YIPG0f2c_1.jpg!m_fill,w_280,h_210,f_jpg?from=ke.com
20241028,丰台,草桥,101118987233,恋日嘉园一期 顶层复式 满五唯一 通透敞亮,1250万,53971元/平,高楼层 (共11层) 4室2厅 | 231.61平米 | 南 北,https://ke-image.ljcdn.com/110000-inspection/e75506b9-4d16-4330-837c-f4dfc4c252c9_1000.jpg!m_fill,w_280,h_210,f_jpg?from=ke.com
20241028,丰台,草桥,101118920214,南三环草桥 南北通透大三居 中间楼层 采光视野很好,940万,79960元/平,中楼层 (共12层) 3室2厅 | 117.56平米 | 南 北,https://ke-image.ljcdn.com/110000-inspection/7c523c35-cab7-4212-b23c-a28c09011ba4_1000.jpg!m_fill,w_280,h_210,f_jpg?from=ke.com
20241028,丰台,草桥,101118883653,19号线 复式 南北四居室 一梯两户 满五年唯一,1150万,67029元/平,顶层 (共18层) | 2003年 | 4室2厅 | 171.57平米 | 南 北,https://ke-image.ljcdn.com/110000-inspection/184eb998-f724-4910-a1bd-70d2cac420c9_1000.jpg!m_fill,w_280,h_210,f_jpg?from=ke.com
20241028,丰台,草桥,101118637741,恋日花都 两室两厅两卫精装修 10、19和机场线草桥站房主自荐,780万,64003元/平,低楼层 (共17层) | 2006年 | 2室1厅 | 121.87平米 | 西南,https://ke-image.ljcdn.com/110000-inspection/pc1_b4W2vjL0Z_1.jpg!m_fill,w_280,h_210,f_jpg?from=ke.com
20241028,丰台,草桥,101118311751,草桥10号线 19号线机场线 精致三室 通透户型 诚心出售,1050万,69509元/平,中楼层 (共16层) | 2001年 | 3室2厅 | 151.06平米 | 南 北,https://ke-image.ljcdn.com/110000-inspection/pc1_vVNUcBd8c_1.jpg!m_fill,w_280,h_210,f_jpg?from=ke.com
20241028,丰台,草桥,101118118264,南三环 夏季星空 花园洋房社区房主自荐,1150万,66986元/平,高楼层 (共6层) 4室2厅 | 171.68平米 | 南 北,https://ke-image.ljcdn.com/110000-inspection/a461139b-adfd-45ee-80c5-ad1b5d979625_1000.jpg!m_fill,w_280,h_210,f_jpg?from=ke.com
20241028,丰台,草桥,101118006487,玺萌壹號院 别墅社区 二手上叠出售,3700万,75091元/平,中楼层 (共5层) 6室3厅 | 492.74平米 | 东 南 北,https://ke-image.ljcdn.com/110000-inspection/699db427-e494-4e34-a981-5ab243445a25_1000.jpg!m_fill,w_280,h_210,f_jpg?from=ke.com
20241028,丰台,草桥,101117883421,草桥欣园三区 南北向四居室 自住看房方便,817万,60573元/平,顶层 (共6层) 4室2厅 | 134.88平米 | 南 北,https://ke-image.ljcdn.com/110000-inspection/d9334cf0-2bc3-4320-bce9-591c7bf6066f_1000.jpg!m_fill,w_280,h_210,f_jpg?from=ke.com
20241028,丰台,草桥,101116178860,草桥欣园 南北通透 6层板楼带电梯,790万,77573元/平,顶层 (共6层) 3室1厅 | 101.84平米 | 南 北,https://ke-image.ljcdn.com/110000-inspection/pc1_xWQdQpmED.jpg!m_fill,w_280,h_210,f_jpg?from=ke.com
20241028,丰台,草桥,101114704496,玺萌公馆 南北向跃层 双层空间 正对小区花园 看房方便,1480万,88411元/平,顶层 (共6层) | 2009年 | 4室3厅 | 167.4平米 | 南 北,https://ke-image.ljcdn.com/110000-inspection/pc1_qpSfkCQWU_1.jpg!m_fill,w_280,h_210,f_jpg?from=ke.com
20241028,丰台,草桥,101127243541,南珠苑 2室1厅 西北新上,430万,57357元/平,高楼层 (共22层) 2室1厅 | 74.97平米 | 西北,https://s1.ljcdn.com/pegasus/redskull/images/common/default_house_list.png?_v=202410161653269
20241028,丰台,草桥,101127046055,恋日嘉园一期 南北两室双卫 草桥地铁站 板楼商品房,820万,66451元/平,低楼层 (共17层) 2室2厅 | 123.4平米 | 南 北,https://s1.ljcdn.com/pegasus/redskull/images/common/default_house_list.png?_v=202410161653269
20241028,丰台,草桥,101126730489,草桥欣园四区 南北1居 近地铁,378万,62896元/平,高楼层 (共15层) 1室1厅 | 60.1平米 | 南 北,https://s1.ljcdn.com/pegasus/redskull/images/common/default_house_list.png?_v=202410161653269
20241028,丰台,草桥,101126722044,恋日嘉园一期 南北通透 三条地铁线落地窗,798万,71423元/平,中楼层 (共19层) | 2001年 | 2室2厅 | 111.73平米 | 北 南,https://s1.ljcdn.com/pegasus/redskull/images/common/default_house_list.png?_v=202410161653269
20241028,丰台,草桥,101126683479,南珠苑 2室1厅 西北,368万,53004元/平,低楼层 (共22层) | 2004年 | 2室1厅 | 69.43平米 | 西北,https://s1.ljcdn.com/pegasus/redskull/images/common/default_house_list.png?_v=202410161653269
20241028,丰台,草桥,101125877982,风景club南向三居室满五年精装修,1200万,87688元/平,低楼层 (共15层) | 2007年 | 3室3厅 | 136.85平米 | 南,https://ke-image.ljcdn.com/110000-inspection/c749b2be-0b72-4bfc-8bcb-ea6eb88cda72_1000.jpg!m_fill,w_280,h_210,f_jpg?from=ke.com
20241028,丰台,草桥,101125446018,草桥欣园三区 南北通透板楼 三居室 价格能谈楼层好,550万,59312元/平,低楼层 (共6层) 3室2厅 | 92.73平米 | 南 北,https://s1.ljcdn.com/pegasus/redskull/images/common/default_house_list.png?_v=202410161653269
20241028,丰台,草桥,101125195567,小区中间位置落地窗3居。价格可谈,1068万,66788元/平,低楼层 (共19层) 3室2厅 | 159.91平米 | 南 北,https://s1.ljcdn.com/pegasus/redskull/images/common/default_house_list.png?_v=202410161653269
20241028,丰台,草桥,101124450716,19号线+10号线+机场线 南北通透三居室商品房,899万,75515元/平,中楼层 (共17层) | 2003年 | 3室2厅 | 119.05平米 | 南 北,https://s1.ljcdn.com/pegasus/redskull/images/common/default_house_list.png?_v=202410161653269
20241028,丰台,草桥,101123332819,今日草桥 3室2厅 东 西,790万,61160元/平,中楼层 (共29层) 3室2厅 | 129.17平米 | 东 西,https://s1.ljcdn.com/pegasus/redskull/images/common/default_house_list.png?_v=202410161653269
20241028,丰台,草桥,101118216255,玉芳园 南北通透两居室 业主诚心出售 前后无遮挡,430万,43615元/平,低楼层 (共16层) 2室1厅 | 98.59平米 | 北 南,https://s1.ljcdn.com/pegasus/redskull/images/common/default_house_list.png?_v=202410161653269
20241028,丰台,草桥,101117991945,草桥地铁19号线  商品房南北三居室 户型方正,950万,69293元/平,低楼层 (共15层) | 2001年 | 3室2厅 | 137.1平米 | 南 北,https://s1.ljcdn.com/pegasus/redskull/images/common/default_house_list.png?_v=202410161653269
