20241028,丰台,西罗园,101127197349,西罗园二区 1室1厅 南必看好房,200万,46009元/平,高楼层 (共6层) 1室1厅 | 43.47平米 | 南,https://ke-image.ljcdn.com/110000-inspection/5aebe81c-4a08-4bba-beaa-3bd4c42d3a51_1000.jpg!m_fill,w_280,h_210,f_jpg?from=ke.com
20241028,丰台,西罗园,101127043177,南三环 99年  南北明厅2居室  不临街必看好房,290万,42373元/平,高楼层 (共6层) | 1999年 | 2室1厅 | 68.44平米 | 南 北,https://ke-image.ljcdn.com/110000-inspection/4a0258f0-b562-4995-8283-d3cef93ddfdd_1000.jpg!m_fill,w_280,h_210,f_jpg?from=ke.com
20241028,丰台,西罗园,101126952420,三环内南北通透带电梯高楼层必看好房,332万,50189元/平,高楼层 (共24层) | 1990年 | 2室1厅 | 66.15平米 | 南 北,https://ke-image.ljcdn.com/110000-inspection/ef8bf65b-d6f9-4984-8f3f-23c8da328be6_1000.jpg!m_fill,w_280,h_210,f_jpg?from=ke.com
20241028,丰台,西罗园,101126924733,区域优选 三环内 电梯房 精装修 看房方便 诚售必看好房,260万,56144元/平,中楼层 (共24层) 1室1厅 | 46.31平米 | 南,https://ke-image.ljcdn.com/110000-inspection/b58fb082-29c5-4097-b3f6-2c2ec8752afc_1000.jpg!m_fill,w_280,h_210,f_jpg?from=ke.com
20241028,丰台,西罗园,101126544630,南三环 西罗园正规一居 临近地铁8号线 采光好必看好房,178万,37889元/平,顶层 (共6层) | 1995年 | 1室1厅 | 46.98平米 | 南 北,https://ke-image.ljcdn.com/110000-inspection/7f5530c5-b831-4793-90c4-3082824617a9_1000.jpg!m_fill,w_280,h_210,f_jpg?from=ke.com
20241028,丰台,西罗园,101127010503,满五唯一只有契税正规两居室格局河景房次顶,308万,43198元/平,高楼层 (共18层) 2室1厅 | 71.3平米 | 西北,https://ke-image.ljcdn.com/110000-inspection/82a086cb-309d-4619-ba2a-251f1fd78f88_1000.jpg!m_fill,w_280,h_210,f_jpg?from=ke.com
20241028,丰台,西罗园,101126540723,南三环 板楼南北向两居  一层满五年唯一必看好房,260万,48418元/平,底层 (共6层) 2室1厅 | 53.7平米 | 南 北,https://ke-image.ljcdn.com/110000-inspection/2ebd0272-d000-41ae-bbd3-ccc8942f3ee6_1000.jpg!m_fill,w_280,h_210,f_jpg?from=ke.com
20241028,丰台,西罗园,101126298655,西罗园二区精装两居电梯房,368万,54779元/平,低楼层 (共18层) 2室1厅 | 67.18平米 | 东 西 北,https://ke-image.ljcdn.com/110000-inspection/ff5acae8-b72e-4ec6-b316-bf0ced3e1625_1000.jpg!m_fill,w_280,h_210,f_jpg?from=ke.com
20241028,丰台,西罗园,101126035861,有电梯有客厅 满五年唯一 随时看房 楼层好 视野佳必看好房,342万,51834元/平,低楼层 (共24层) 2室1厅 | 65.98平米 | 东南,https://ke-image.ljcdn.com/110000-inspection/1ba31a87-96bb-4f8f-aa01-00484f2dfe2e_1000.jpg!m_fill,w_280,h_210,f_jpg?from=ke.com
20241028,丰台,西罗园,101125088197,三环内明厨明卫南北通透装修干净诚意出售,268万,44922元/平,高楼层 (共6层) 2室1厅 | 59.66平米 | 南 北,https://ke-image.ljcdn.com/110000-inspection/624976bf-1ad9-4ff1-bfb8-51bee7321b0d_1000.jpg!m_fill,w_280,h_210,f_jpg?from=ke.com
20241028,丰台,西罗园,101124896117,区域优选 三环内 带电梯 南向一居 明厨明卫,260万,57294元/平,高楼层 (共18层) 1室1厅 | 45.38平米 | 南,https://ke-image.ljcdn.com/110000-inspection/6e841777-19f4-4a9e-909d-8a249e141958_1000.jpg!m_fill,w_280,h_210,f_jpg?from=ke.com
20241028,丰台,西罗园,101124844828,三环内 西罗园四区 电梯中间层 有客厅 诚意出售必看好房,292万,42148元/平,中楼层 (共22层) 2室1厅 | 69.28平米 | 西北,https://ke-image.ljcdn.com/110000-inspection/53416419-3e27-40b3-b6ac-4b3796cbfc6e_1000.jpg!m_fill,w_280,h_210,f_jpg?from=ke.com
20241028,丰台,西罗园,101124755022,华润小区 8号线海户屯800米 正规南向一居室必看好房,230万,46682元/平,中楼层 (共18层) | 1999年 | 1室1厅 | 49.27平米 | 南,https://ke-image.ljcdn.com/110000-inspection/7882fbb7-c1ce-471c-b3fb-d12530804218_1000.jpg!m_fill,w_280,h_210,f_jpg?from=ke.com
20241028,丰台,西罗园,101124732352,2000年一层6户大一居全南采光好随时看！必看好房,240万,37442元/平,低楼层 (共26层) | 1998年 | 1室1厅 | 64.1平米 | 西南,https://ke-image.ljcdn.com/110000-inspection/71423332-0c7e-49df-b9d2-99bd3566717a_1000.jpg!m_fill,w_280,h_210,f_jpg?from=ke.com
20241028,丰台,西罗园,101124689443,洋桥西罗园三区 南北两居 中层位置佳采光好必看好房,325万,49131元/平,中楼层 (共24层) | 1989年 | 2室1厅 | 66.15平米 | 南 北,https://ke-image.ljcdn.com/110000-inspection/b64db2ce-b352-46bc-8f7b-764825095213_1000.jpg!m_fill,w_280,h_210,f_jpg?from=ke.com
20241028,丰台,西罗园,101124670479,想要采光好就选这套房双南向中间层两居室必看好房,210万,38603元/平,中楼层 (共6层) 2室1厅 | 54.4平米 | 南,https://ke-image.ljcdn.com/110000-inspection/7724dd02-a9dc-4556-b15c-570e7f18df31_1000.jpg!m_fill,w_280,h_210,f_jpg?from=ke.com
20241028,丰台,西罗园,101124460155,南三环华润小区 精装修 电梯房 朝南向 采光好房主自荐,268万,46536元/平,中楼层 (共18层) 1室1厅 | 57.59平米 | 南,https://ke-image.ljcdn.com/110000-inspection/919eb396-6a6b-4c2f-ba19-7fe9c4db5e1d_1000.jpg!m_fill,w_280,h_210,f_jpg?from=ke.com
20241028,丰台,西罗园,101124167443,三环里 南向两居 电梯房 满五年唯一 大客厅必看好房,335万,50835元/平,低楼层 (共24层) 2室1厅 | 65.9平米 | 南 北,https://ke-image.ljcdn.com/110000-inspection/9bb124f2-8d15-4c36-a444-19903dd70d2a_1000.jpg!m_fill,w_280,h_210,f_jpg?from=ke.com
20241028,丰台,西罗园,101124068558,京品小区 满五唯一 大客厅 格局开阔 随时可看必看好房,499万,55761元/平,底层 (共13层) 2室2厅 | 89.49平米 | 西南,https://ke-image.ljcdn.com/110000-inspection/1598cc8b-b0e3-421a-b90b-4186f56e5e7f_1000.jpg!m_fill,w_280,h_210,f_jpg?from=ke.com
20241028,丰台,西罗园,101123825660,西罗园南向一居户型方正满五年唯一,235万,50214元/平,中楼层 (共22层) 1室1厅 | 46.8平米 | 西南,https://ke-image.ljcdn.com/110000-inspection/f1603647-61c7-4f48-a149-38f80d067bf0_1000.jpg!m_fill,w_280,h_210,f_jpg?from=ke.com
20241028,丰台,西罗园,101122688952,南三环  南北通透两居 全明格局 采光好 无遮挡房主自荐,650万,76769元/平,中楼层 (共6层) 2室1厅 | 84.67平米 | 南 北,https://ke-image.ljcdn.com/110000-inspection/57411237-8b00-4b13-a392-24d4b5c16275_1000.jpg!m_fill,w_280,h_210,f_jpg?from=ke.com
20241028,丰台,西罗园,101120869720,三环边   精装修    电梯房      满五年必看好房,426万,52072元/平,高楼层 (共22层) 3室1厅 | 81.81平米 | 南 北,https://ke-image.ljcdn.com/110000-inspection/08deb4d3-5b09-4633-b2cf-fc5df202701d_1000.jpg!m_fill,w_280,h_210,f_jpg?from=ke.com
20241028,丰台,西罗园,101118022391,华润小区双阳台正规三居 河景房 采光好,430万,49054元/平,低楼层 (共16层) | 1996年 | 3室1厅 | 87.66平米 | 南 西 北,https://ke-image.ljcdn.com/110000-inspection/9273fedd-3568-4415-8628-245425c9d05b_1000.jpg!m_fill,w_280,h_210,f_jpg?from=ke.com
20241028,丰台,西罗园,101127252618,三环边 刚需盘 正规两居室  满五年必看好房,187万,34759元/平,顶层 (共6层) 2室1厅 | 53.8平米 | 东,https://ke-image.ljcdn.com/110000-inspection/58714af9-77e2-438d-a034-5b2780620ff8_1000.jpg!m_fill,w_280,h_210,f_jpg?from=ke.com
20241028,丰台,西罗园,101127085055,南向采光好两居室 无遮挡 非顶层 已经改造完毕必看好房,225万,41361元/平,高楼层 (共6层) 2室1厅 | 54.4平米 | 南,https://ke-image.ljcdn.com/110000-inspection/846618b4-e69e-465e-a122-b54c2ec82cf3_1000.jpg!m_fill,w_280,h_210,f_jpg?from=ke.com
20241028,丰台,西罗园,101127085041,高楼层 无遮挡 明厨明卫 满五唯一 实地看宽敞必看好房,205万,34379元/平,顶层 (共6层) 2室1厅 | 59.63平米 | 南 北,https://ke-image.ljcdn.com/110000-inspection/pc1_aHm4N9wm1.jpg!m_fill,w_280,h_210,f_jpg?from=ke.com
20241028,丰台,西罗园,101126718704,丰台区西罗园四区正规单元南向一居拎包入住必看好房,190万,42900元/平,高楼层 (共6层) 1室1厅 | 44.29平米 | 南,https://ke-image.ljcdn.com/110000-inspection/21a1c57f-79a2-4911-b7b6-c6dddb9a9042_1000.jpg!m_fill,w_280,h_210,f_jpg?from=ke.com
20241028,丰台,西罗园,101126650232,汇达公寓 南向两居室 带南向单独客厅必看好房,428万,43817元/平,高楼层 (共26层) 2室1厅 | 97.68平米 | 南,https://ke-image.ljcdn.com/110000-inspection/f7dc42a0-ef9c-4b66-a715-e2d3355cf82e_1000.jpg!m_fill,w_280,h_210,f_jpg?from=ke.com
20241028,丰台,西罗园,101125911860,宝汇苑 1室1厅 东南必看好房,285万,53632元/平,高楼层 (共24层) | 1999年 | 1室1厅 | 53.14平米 | 东南,https://ke-image.ljcdn.com/110000-inspection/add59c6b-bd88-4db8-8b2f-d0755c0e2681_1000.jpg!m_fill,w_280,h_210,f_jpg?from=ke.com
20241028,丰台,西罗园,101125867010,西罗园洋桥精装两居室业主诚心出售必看好房,345万,47151元/平,中楼层 (共12层) | 1992年 | 2室1厅 | 73.17平米 | 南 北,https://ke-image.ljcdn.com/110000-inspection/21d95b40-1cb1-4100-8754-eb320f2d308a_1000.jpg!m_fill,w_280,h_210,f_jpg?from=ke.com
20241028,丰台,西罗园,101124593020,总监推荐 三环内 电梯房 东南朝向 钢混结构,225万,41157元/平,中楼层 (共12层) 1室1厅 | 54.67平米 | 东南,https://ke-image.ljcdn.com/110000-inspection/pc1_we6Ww0V0e.jpg!m_fill,w_280,h_210,f_jpg?from=ke.com
20241028,丰台,西罗园,101123830032,西罗园三区 南北通透 带客厅 户型方正 采光好 诚心卖,338万,51096元/平,低楼层 (共24层) 2室1厅 | 66.15平米 | 南 北,https://ke-image.ljcdn.com/110000-inspection/f224a9e7-5d62-4d96-80d2-ab564e90adb5_1000.jpg!m_fill,w_280,h_210,f_jpg?from=ke.com
20241028,丰台,西罗园,101121373765,南三环  带电梯 双南 2居室必看好房,279万,42924元/平,顶层 (共20层) 2室1厅 | 65平米 | 南,https://ke-image.ljcdn.com/110000-inspection/54f8d7c7-7bde-4bc8-9731-50f5f6033eda_1000.jpg!m_fill,w_280,h_210,f_jpg?from=ke.com
20241028,丰台,西罗园,101121022654,西罗园三区1998年的楼西南一居高楼层视野好必看好房,225万,39537元/平,高楼层 (共26层) 1室1厅 | 56.91平米 | 西南,https://ke-image.ljcdn.com/110000-inspection/2aab47c2-95fe-4441-b189-cfe3f6bbce8e_1000.jpg!m_fill,w_280,h_210,f_jpg?from=ke.com
20241028,丰台,西罗园,101119969813,店长推荐 洋桥 西罗园 精装一居 满五唯一 诚心出售房主自荐,230万,42071元/平,中楼层 (共12层) 1室1厅 | 54.67平米 | 东南,https://ke-image.ljcdn.com/110000-inspection/b82b80f3-7f0f-4f10-962a-79e0aa1299b3_1000.jpg!m_fill,w_280,h_210,f_jpg?from=ke.com
20241028,丰台,西罗园,101118798109,店长推荐优质好房8号线精装两居满五唯一必看好房,209万,34741元/平,顶层 (共6层) 2室1厅 | 60.16平米 | 东,https://ke-image.ljcdn.com/110000-inspection/77d75157-0515-4ed5-a82e-10624516be3d_1000.jpg!m_fill,w_280,h_210,f_jpg?from=ke.com
20241028,丰台,西罗园,101127248151,西罗园南里 2室1厅 南 北新上,318万,51432元/平,低楼层 (共6层) 2室1厅 | 61.83平米 | 南 北,https://ke-image.ljcdn.com/110000-inspection/03933a54-bc8e-44bd-8a18-cabc68c23404_1000.jpg!m_fill,w_280,h_210,f_jpg?from=ke.com
20241028,丰台,西罗园,101127193111,南三环洋桥西罗园木樨园朝南一居 户型方正新上,210万,44700元/平,中楼层 (共6层) | 1995年 | 1室1厅 | 46.98平米 | 南,https://ke-image.ljcdn.com/110000-inspection/193a2561-22c6-49bd-b183-d9f5e90396ee_1000.jpg!m_fill,w_280,h_210,f_jpg?from=ke.com
20241028,丰台,西罗园,101127187948,木樨园 西罗园二区水利部宿舍 精装修新上,536万,60497元/平,低楼层 (共24层) | 1988年 | 3室1厅 | 88.6平米 | 南 北,https://ke-image.ljcdn.com/110000-inspection/f6724053-25c1-4ecc-8dac-a9aa9c92f577_1000.jpg!m_fill,w_280,h_210,f_jpg?from=ke.com
20241028,丰台,西罗园,101127156362,西罗园2000年高层大一居满五唯一价格可谈新上,428万,63596元/平,顶层 (共26层) 1室1厅 | 67.3平米 | 西,https://ke-image.ljcdn.com/110000-inspection/pc1_JOlOkbZhF_2.jpg!m_fill,w_280,h_210,f_jpg?from=ke.com
20241028,丰台,西罗园,101127047023,西罗园南里 1室1厅 南房主自荐,248万,54375元/平,中楼层 (共21层) | 1996年 | 1室1厅 | 45.61平米 | 南,https://ke-image.ljcdn.com/110000-inspection/99c8ffe0-e390-43de-b5dc-c9db75f6af59_1000.jpg!m_fill,w_280,h_210,f_jpg?from=ke.com
20241028,丰台,西罗园,101127033084,西罗园二区 水利部家属楼 采光好视野好 业主急售房主自荐,398万,52027元/平,高楼层 (共24层) | 1988年 | 2室1厅 | 76.5平米 | 东 西,https://ke-image.ljcdn.com/110000-inspection/pc1_lbHZs7olQ_2.jpg!m_fill,w_280,h_210,f_jpg?from=ke.com
20241028,丰台,西罗园,101127020487,西罗园三区东南北双卫三居1997年楼龄单独管理房主自荐,595万,58876元/平,低楼层 (共26层) | 1998年 | 3室1厅 | 101.06平米 | 东南 北,https://ke-image.ljcdn.com/110000-inspection/pc1_2w2DDYPBk_1.jpg!m_fill,w_280,h_210,f_jpg?from=ke.com
20241028,丰台,西罗园,101126839270,三环边 低密 高品质 05年商品房  南北河景房房主自荐,868万,69860元/平,低楼层 (共13层) 3室1厅 | 124.25平米 | 南 北,https://ke-image.ljcdn.com/110000-inspection/53f08fe5-d000-474a-aa9f-4c6afa30c5f6_1000.jpg!m_fill,w_280,h_210,f_jpg?from=ke.com
20241028,丰台,西罗园,101126798550,西罗园南里客厅带窗户南北通透两居室,289万,53758元/平,中楼层 (共6层) 2室1厅 | 53.76平米 | 东 南 北,https://ke-image.ljcdn.com/110000-inspection/7b03352e-81ab-4cf4-ac4a-c8c571aac15b_1000.jpg!m_fill,w_280,h_210,f_jpg?from=ke.com
20241028,丰台,西罗园,101126540768,满五唯一 有电梯 有客厅 双朝南 楼层好,389万,58958元/平,高楼层 (共24层) 2室1厅 | 65.98平米 | 南,https://ke-image.ljcdn.com/110000-inspection/f2c32306-7caf-469b-9e7d-b403d872ae26_1000.jpg!m_fill,w_280,h_210,f_jpg?from=ke.com
20241028,丰台,西罗园,101126521452,西罗园四区：板楼二层采光好周围交通便利,210万,47128元/平,低楼层 (共6层) 1室1厅 | 44.56平米 | 南,https://ke-image.ljcdn.com/110000-inspection/e17847f8-aa46-4f27-b9dd-85d1990885f3_1000.jpg!m_fill,w_280,h_210,f_jpg?from=ke.com
20241028,丰台,西罗园,101126509190,西罗园二区 3室1厅 东北,400万,54885元/平,低楼层 (共18层) 3室1厅 | 72.88平米 | 东北,https://ke-image.ljcdn.com/110000-inspection/9c6c86c9-f106-479d-bf4f-bb7eedcbe169_1000.jpg!m_fill,w_280,h_210,f_jpg?from=ke.com
20241028,丰台,西罗园,101126503815,华润小区 3室1厅 南 北,368万,45817元/平,顶层 (共6层) 3室1厅 | 80.32平米 | 南 北,https://ke-image.ljcdn.com/110000-inspection/8156d768-21c6-451b-a681-d334366348f8_1000.jpg!m_fill,w_280,h_210,f_jpg?from=ke.com
20241028,丰台,西罗园,101126459716,西罗园三区 精装一居室 满五年,255万,54233元/平,中楼层 (共22层) | 1989年 | 1室1厅 | 47.02平米 | 西 北 西北,https://ke-image.ljcdn.com/110000-inspection/735a9815-9f86-4da4-b7b6-4b7e6cf5c7a1_1000.jpg!m_fill,w_280,h_210,f_jpg?from=ke.com
20241028,丰台,西罗园,101126302469,南三环 西罗园三区 两居室 带电梯房主自荐,339万,51442元/平,高楼层 (共24层) 2室1厅 | 65.9平米 | 南 北,https://ke-image.ljcdn.com/110000-inspection/df7ac774-13a0-481c-83ea-81dbb7d742d3_1000.jpg!m_fill,w_280,h_210,f_jpg?from=ke.com
20241028,丰台,西罗园,101126274032,南三环西罗园洋桥木樨园满五唯一河景房,300万,42076元/平,中楼层 (共18层) 2室1厅 | 71.3平米 | 西 北,https://ke-image.ljcdn.com/110000-inspection/pc1_0RPUTQH8j.jpg!m_fill,w_280,h_210,f_jpg?from=ke.com
20241028,丰台,西罗园,101126240967,丰台区西罗园四区南北通透精装两居,206万,41870元/平,顶层 (共6层) 2室1厅 | 49.2平米 | 南 北,https://ke-image.ljcdn.com/110000-inspection/pc1_zBxD11IT4_2.jpg!m_fill,w_280,h_210,f_jpg?from=ke.com
20241028,丰台,西罗园,101126231698,西罗园二区一居室交通便利配套齐全,200万,43366元/平,中楼层 (共6层) 1室1厅 | 46.12平米 | 西南,https://ke-image.ljcdn.com/110000-inspection/b314d1a5-9ff0-41c4-bf79-00abccdcd20f_1000.jpg!m_fill,w_280,h_210,f_jpg?from=ke.com
20241028,丰台,西罗园,101126225258,京品小区 新小区满五唯一 大客厅 8号线海户屯,650万,74799元/平,中楼层 (共13层) 2室1厅 | 86.9平米 | 西南,https://ke-image.ljcdn.com/110000-inspection/0e8b8043-d87f-42c5-892a-0b8621d9d483_1000.jpg!m_fill,w_280,h_210,f_jpg?from=ke.com
20241028,丰台,西罗园,101126217727,北京南站西罗园四区电梯房两居室,333万,53469元/平,高楼层 (共24层) 2室1厅 | 62.28平米 | 西南,https://ke-image.ljcdn.com/110000-inspection/37bb7449-c528-4f9d-a2fb-6b832d0ebf1b_1000.jpg!m_fill,w_280,h_210,f_jpg?from=ke.com
20241028,丰台,西罗园,101126211605,满五年唯一 视野好 方正好户型三居室房主自荐,849万,67408元/平,高楼层 (共15层) 3室1厅 | 125.95平米 | 南 北,https://ke-image.ljcdn.com/110000-inspection/3c0fcd0c-cf15-4d80-9a70-a71eea6cc5c9_1000.jpg!m_fill,w_280,h_210,f_jpg?from=ke.com
20241028,丰台,西罗园,101126209101,华润小区 大两居 精装修 高楼层 视野和采光好,399万,51571元/平,高楼层 (共20层) 2室1厅 | 77.37平米 | 东北,https://ke-image.ljcdn.com/110000-inspection/072bb10c-6323-4093-be4e-20dfb844bfca_1000.jpg!m_fill,w_280,h_210,f_jpg?from=ke.com
20241028,丰台,西罗园,101126105007,西罗园南里 电梯房 朝向好 户型方正 满五年,315万,48195元/平,低楼层 (共17层) 2室1厅 | 65.36平米 | 南,https://ke-image.ljcdn.com/110000-inspection/e151541a-1d06-4429-9590-08727635bb92_1000.jpg!m_fill,w_280,h_210,f_jpg?from=ke.com
20241028,丰台,西罗园,101126080307,华润小区高楼层精装一居室带电梯,258万,46179元/平,中楼层 (共20层) 1室1厅 | 55.87平米 | 南,https://ke-image.ljcdn.com/110000-inspection/ff6545e8-41f7-4aa9-b66c-914c0a03cae4_1000.jpg!m_fill,w_280,h_210,f_jpg?from=ke.com
20241028,丰台,西罗园,101126046593,西罗园南里 1室1厅 西南,206万,45778元/平,低楼层 (共18层) 1室1厅 | 45平米 | 西南,https://ke-image.ljcdn.com/110000-inspection/cbd52620-6bec-4583-8c72-7e690c9a7be6_1000.jpg!m_fill,w_280,h_210,f_jpg?from=ke.com
20241028,丰台,西罗园,101125973649,三环内 一商品房正规一居室有电梯高楼层。,245万,52351元/平,高楼层 (共22层) 1室1厅 | 46.8平米 | 西 北,https://ke-image.ljcdn.com/110000-inspection/0d1b93f6-0972-4afd-b388-748d3af6e45f_1000.jpg!m_fill,w_280,h_210,f_jpg?from=ke.com
20241028,丰台,西罗园,101125789304,华润小区 1室1厅 南,268万,46536元/平,中楼层 (共16层) 1室1厅 | 57.59平米 | 南,https://ke-image.ljcdn.com/110000-inspection/ef269698-90fe-4e6c-920b-09a7b28550c5_1000.jpg!m_fill,w_280,h_210,f_jpg?from=ke.com
20241028,丰台,西罗园,101125714483,华润小区带电梯高楼层视野好精装修房主自荐,330万,48246元/平,高楼层 (共18层) 2室1厅 | 68.4平米 | 东南,https://ke-image.ljcdn.com/110000-inspection/ee25f75e-2814-488b-8ec8-3267e95678d8_1000.jpg!m_fill,w_280,h_210,f_jpg?from=ke.com
20241028,丰台,西罗园,101125657592,西罗园二区两居室独立客厅户型方正看房方便,358万,53290元/平,中楼层 (共18层) 2室1厅 | 67.18平米 | 东 西 北,https://ke-image.ljcdn.com/110000-inspection/pc1_mYHq8m1Rn_1.jpg!m_fill,w_280,h_210,f_jpg?from=ke.com
20241028,丰台,西罗园,101125633075,西罗园二区 全南向一居 带电梯 满五年唯一,200万,41555元/平,顶层 (共18层) 1室1厅 | 48.13平米 | 南,https://ke-image.ljcdn.com/110000-inspection/pc1_OCYWZoxbL_2.jpg!m_fill,w_280,h_210,f_jpg?from=ke.com
20241028,丰台,西罗园,101125625144,华润小区近地铁8号线海户屯精装修南向一居,220万,46739元/平,高楼层 (共6层) 1室1厅 | 47.07平米 | 南,https://ke-image.ljcdn.com/110000-inspection/52975e69-708a-4cd8-951e-e34f4f2cff9b_1000.jpg!m_fill,w_280,h_210,f_jpg?from=ke.com
20241028,丰台,西罗园,101125610691,西罗园三区 东南向两居室 带电梯 诚意出售,370万,50450元/平,低楼层 (共24层) 2室1厅 | 73.34平米 | 东南,https://ke-image.ljcdn.com/110000-inspection/pc1_mZ2QnZK8J_2.jpg!m_fill,w_280,h_210,f_jpg?from=ke.com
20241028,丰台,西罗园,101125470163,西罗园三区 正规三居 户型方正 有钥匙 随时看,319万,47106元/平,低楼层 (共22层) | 1989年 | 3室1厅 | 67.72平米 | 东 北,https://ke-image.ljcdn.com/110000-inspection/ec948df4-0531-4bbc-8556-0eb7f4d15fab_1000.jpg!m_fill,w_280,h_210,f_jpg?from=ke.com
20241028,丰台,西罗园,101125442353,三环西罗园南北通透两居全明格局视野好诚意出售,251万,42760元/平,顶层 (共5层) 2室1厅 | 58.7平米 | 南 北,https://ke-image.ljcdn.com/110000-inspection/pc1_5dCkFF6cr_2.jpg!m_fill,w_280,h_210,f_jpg?from=ke.com
20241028,丰台,西罗园,101125353108,华润小区带电梯南向一居室前方凉水河视野无遮挡,267万,46363元/平,低楼层 (共18层) | 1999年 | 1室1厅 | 57.59平米 | 南,https://ke-image.ljcdn.com/110000-inspection/2fe42af7-7da4-44f4-9586-7511347bde03_1000.jpg!m_fill,w_280,h_210,f_jpg?from=ke.com
20241028,丰台,西罗园,101125114731,西罗园二区中间位置全明大两居视野开阔诚意出售房主自荐,285万,48379元/平,高楼层 (共6层) 2室1厅 | 58.91平米 | 南,https://ke-image.ljcdn.com/110000-inspection/pc1_U0b6BkYlq_1.jpg!m_fill,w_280,h_210,f_jpg?from=ke.com
20241028,丰台,西罗园,101125066687,西罗园四区 2室1厅 南,399万,60473元/平,低楼层 (共24层) 2室1厅 | 65.98平米 | 南,https://ke-image.ljcdn.com/110000-inspection/pc1_p0cH6PfOq_2.jpg!m_fill,w_280,h_210,f_jpg?from=ke.com
20241028,丰台,西罗园,101125061875,满五唯一南向一居室 交通便利 诚心出售 价格可谈,190万,42411元/平,顶层 (共6层) 1室1厅 | 44.8平米 | 南,https://ke-image.ljcdn.com/110000-inspection/1d016151-0928-400d-bf96-183d39945649_1000.jpg!m_fill,w_280,h_210,f_jpg?from=ke.com
20241028,丰台,西罗园,101125036722,西罗园南里 精装修婚房 南北2居满五一套 诚意出售房主自荐,270万,46448元/平,顶层 (共6层) 2室1厅 | 58.13平米 | 南 北,https://ke-image.ljcdn.com/110000-inspection/ac68e253-ed3a-4e4a-83a7-615cc87ae468_1000.jpg!m_fill,w_280,h_210,f_jpg?from=ke.com
20241028,丰台,西罗园,101125033021,南三环中轴首都商务新区 商品低密小区 8号线地铁房主自荐,798万,68293元/平,中楼层 (共6层) 3室1厅 | 116.85平米 | 南 北,https://ke-image.ljcdn.com/110000-inspection/bad24e7b-93d3-4aba-8920-d631d1bc0aed_1000.jpg!m_fill,w_280,h_210,f_jpg?from=ke.com
20241028,丰台,西罗园,101124882060,满五年唯一 全南户型 明厅 1999年建筑,325万,44122元/平,高楼层 (共6层) | 1999年 | 2室1厅 | 73.66平米 | 南 北,https://ke-image.ljcdn.com/110000-inspection/10509153-40b3-4af7-80d0-5027f22de2f2_1000.jpg!m_fill,w_280,h_210,f_jpg?from=ke.com
20241028,丰台,西罗园,101124694951,西罗园南里 精装 南北通透 户型方正,270万,49002元/平,高楼层 (共6层) 2室1厅 | 55.1平米 | 南 北,https://ke-image.ljcdn.com/110000-inspection/084233f8-b3b3-4659-81fd-114f2b23048d_1000.jpg!m_fill,w_280,h_210,f_jpg?from=ke.com
20241028,丰台,西罗园,101124411329,洋桥 西罗园一区三居出售 看房方便,338万,64381元/平,中楼层 (共6层) 3室1厅 | 52.5平米 | 南 北 东,https://ke-image.ljcdn.com/110000-inspection/pc1_IaJB3i2Gr_2.jpg!m_fill,w_280,h_210,f_jpg?from=ke.com
20241028,丰台,西罗园,101124410454,西罗园二区低楼层三居室业主诚心出售,450万,50779元/平,低楼层 (共24层) 3室2厅 | 88.62平米 | 南 北,https://ke-image.ljcdn.com/110000-inspection/e71d6097-c76a-48ea-9562-ffdbbd8b4b0d_1000.jpg!m_fill,w_280,h_210,f_jpg?from=ke.com
20241028,丰台,西罗园,101124393848,祥瑞苑有电梯2000年楼龄50万精装修22年入住,680万,51279元/平,低楼层 (共14层) 3室1厅 | 132.61平米 | 南 北,https://ke-image.ljcdn.com/110000-inspection/271a74d8-4c32-4f68-8ba1-3c7702d1f731_1000.jpg!m_fill,w_280,h_210,f_jpg?from=ke.com
20241028,丰台,西罗园,101124242341,丰台区 木樨园 西罗园一区 精装一居室,246万,62756元/平,中楼层 (共6层) | 1980年 | 1室1厅 | 39.2平米 | 南 北,https://ke-image.ljcdn.com/110000-inspection/pc1_6DtDwr0XW_2.jpg!m_fill,w_280,h_210,f_jpg?from=ke.com
20241028,丰台,西罗园,101124147489,西罗园南里 南北通透 明厨明卫 小区中间位置 采光好,440万,51110元/平,高楼层 (共6层) 2室1厅 | 86.09平米 | 南 北,https://ke-image.ljcdn.com/110000-inspection/9045922f-e367-4703-abf5-e7fa081b1767_1000.jpg!m_fill,w_280,h_210,f_jpg?from=ke.com
20241028,丰台,西罗园,101124134202,南三环 精装三居室 中间层 海户屯地铁房主自荐,398万,58035元/平,中楼层 (共6层) 3室1厅 | 68.58平米 | 南 北,https://ke-image.ljcdn.com/110000-inspection/cc3437af-430e-485d-9cd5-bafdc892eb19_1000.jpg!m_fill,w_280,h_210,f_jpg?from=ke.com
20241028,丰台,西罗园,101124043403,洋桥 西罗园一区朝南两居电梯房诚心出售,329万,47000元/平,顶层 (共22层) 2室1厅 | 70平米 | 南 北,https://ke-image.ljcdn.com/110000-inspection/6ecf05d7-9cbf-4f96-a5fb-d6adf05c1cad_1000.jpg!m_fill,w_280,h_210,f_jpg?from=ke.com
20241028,丰台,西罗园,101124025893,南二环外8号线木樨园地铁西罗园一区南北全明三居室,398万,50253元/平,低楼层 (共6层) 3室1厅 | 79.2平米 | 西南 北,https://ke-image.ljcdn.com/110000-inspection/393561e7-606a-4faa-932d-ea052336ec38_1000.jpg!m_fill,w_280,h_210,f_jpg?from=ke.com
20241028,丰台,西罗园,101123929840,总监推荐 三环内 南北通透 明厨明卫 满五唯一,310万,51249元/平,顶层 (共6层) 2室1厅 | 60.49平米 | 南 北,https://ke-image.ljcdn.com/110000-inspection/84e08218-5a2a-47cf-b925-f713b443c05d_1000.jpg!m_fill,w_280,h_210,f_jpg?from=ke.com
20241028,丰台,西罗园,101123784217,华润小区 南向一居 采光无遮挡 近地铁 临凉水河,220万,46739元/平,顶层 (共6层) 1室1厅 | 47.07平米 | 南 北,https://ke-image.ljcdn.com/110000-inspection/6ce22e2e-470d-45d1-bc19-9dc4f08d5187_1000.jpg!m_fill,w_280,h_210,f_jpg?from=ke.com
20241028,丰台,西罗园,101123723281,西罗园三区双南朝向两居室视野开阔中间层电梯房,320万,53873元/平,中楼层 (共18层) | 1987年 | 2室1厅 | 59.4平米 | 南,https://ke-image.ljcdn.com/110000-inspection/19340de7-559a-4a40-ada0-48c632eac506_1000.jpg!m_fill,w_280,h_210,f_jpg?from=ke.com
20241028,丰台,西罗园,101123690312,西罗园一区 全明格局三居室 无遮挡房主自荐,460万,60265元/平,中楼层 (共22层) 3室1厅 | 76.33平米 | 西南 北,https://ke-image.ljcdn.com/110000-inspection/7255523c-a8f0-4b18-93f1-9d6b768837f3_1000.jpg!m_fill,w_280,h_210,f_jpg?from=ke.com
20241028,丰台,西罗园,101123652933,西罗园南里 2室1厅 南 北,370万,54062元/平,中楼层 (共6层) | 1999年 | 2室1厅 | 68.44平米 | 南 北,https://ke-image.ljcdn.com/110000-inspection/877e8ab3-03ff-4bc0-8025-351fe6d6ad27_1000.jpg!m_fill,w_280,h_210,f_jpg?from=ke.com
20241028,丰台,西罗园,101123640959,中间楼层 房本满二 入户门不对楼梯 诚意出售,208万,44275元/平,中楼层 (共6层) | 1995年 | 1室1厅 | 46.98平米 | 南 北,https://ke-image.ljcdn.com/110000-inspection/de7b001c-0f3c-45f8-b6b4-c7214c81c56b_1000.jpg!m_fill,w_280,h_210,f_jpg?from=ke.com
20241028,丰台,西罗园,101123540299,西罗园四区 全南向全明格局两居室 诚意出售,228万,42538元/平,顶层 (共6层) | 1980年 | 2室1厅 | 53.6平米 | 南,https://ke-image.ljcdn.com/110000-inspection/dcab7d8b-1269-43af-8f9c-7e02ceceb08f_1000.jpg!m_fill,w_280,h_210,f_jpg?from=ke.com
20241028,丰台,西罗园,101123516546,洋桥 西罗园 宝汇苑 东南两居室 满五唯一,485万,53227元/平,低楼层 (共24层) 2室2厅 | 91.12平米 | 西,https://ke-image.ljcdn.com/110000-inspection/051eacca-5ee2-4147-9c8f-7f8e5ef02a99_1000.jpg!m_fill,w_280,h_210,f_jpg?from=ke.com
20241028,丰台,西罗园,101123334014,北京南站 满五唯一 南北通透 无遮挡 诚意出售房主自荐,315万,49882元/平,中楼层 (共5层) 2室1厅 | 63.15平米 | 南 北,https://ke-image.ljcdn.com/110000-inspection/09850e9f-6632-4549-a6d6-88f1d189877a_1000.jpg!m_fill,w_280,h_210,f_jpg?from=ke.com
20241028,丰台,西罗园,101123305188,优质好房 1999年楼龄 近地铁 精装修 户型通透 采光好房主自荐,368万,53770元/平,高楼层 (共6层) | 1999年 | 2室1厅 | 68.44平米 | 东 西,https://ke-image.ljcdn.com/110000-inspection/9c9b06a3-5e97-45cb-8f55-a76e1c1e864d_1000.jpg!m_fill,w_280,h_210,f_jpg?from=ke.com
20241028,丰台,西罗园,101123227844,西罗园南里南北向两居室精装修中间楼层,280万,52142元/平,高楼层 (共6层) 2室1厅 | 53.7平米 | 南 北,https://ke-image.ljcdn.com/110000-inspection/39bcd9c3-f8d8-43ce-855f-6194af11647c_1000.jpg!m_fill,w_280,h_210,f_jpg?from=ke.com
20241028,丰台,西罗园,101123189653,总监推荐西罗园四区婚房装修无遮挡房子特好,335万,54419元/平,高楼层 (共22层) 2室1厅 | 61.56平米 | 西南,https://ke-image.ljcdn.com/110000-inspection/58d20016-35ce-413e-9333-f7023282ffb6_1000.jpg!m_fill,w_280,h_210,f_jpg?from=ke.com
20241028,丰台,西罗园,101123174509,店长推荐高楼层无遮挡 90%得房率,650万,75398元/平,高楼层 (共15层) 2室1厅 | 86.21平米 | 南,https://ke-image.ljcdn.com/110000-inspection/8ef2dbe7-ca0f-4d6b-ab6d-7c63eef17fc3_1000.jpg!m_fill,w_280,h_210,f_jpg?from=ke.com
20241028,丰台,西罗园,101123136518,此房满五年家庭名下一套诚心出售看房方便提前约,300万,47514元/平,低楼层 (共6层) 2室1厅 | 63.14平米 | 南 北,https://ke-image.ljcdn.com/110000-inspection/91d9110e-a1ff-4f1d-8251-f806e3892747_1000.jpg!m_fill,w_280,h_210,f_jpg?from=ke.com
20241028,丰台,西罗园,101123127730,京品小区 8号线海户屯 新小区满五唯一 大客厅 精装修,668万,78450元/平,低楼层 (共6层) 2室1厅 | 85.15平米 | 南 北,https://ke-image.ljcdn.com/110000-inspection/588f930e-7587-479f-9ad2-e8e41bf976f5_1000.jpg!m_fill,w_280,h_210,f_jpg?from=ke.com
20241028,丰台,西罗园,101123064371,总监推荐西罗园四区婚房装修拎包入住。,355万,53797元/平,低楼层 (共18层) | 1988年 | 1室1厅 | 65.99平米 | 东南,https://ke-image.ljcdn.com/110000-inspection/38b980c1-03f6-4a5b-bf70-9f8347be0338_1000.jpg!m_fill,w_280,h_210,f_jpg?from=ke.com
20241028,丰台,西罗园,101123006044,陶然亭公园南近地铁。有电梯东南向两居室诚意出售房主自荐,278万,45248元/平,低楼层 (共22层) 2室1厅 | 61.44平米 | 东南,https://ke-image.ljcdn.com/110000-inspection/83206e73-36bc-400e-9657-aac17ebd40e3_1000.jpg!m_fill,w_280,h_210,f_jpg?from=ke.com
20241028,丰台,西罗园,101122982482,店长推荐三环内优质房源。满五唯一明厨明卫。,270万,50149元/平,高楼层 (共6层) 1室1厅 | 53.84平米 | 南 北,https://ke-image.ljcdn.com/110000-inspection/67edeacd-444b-40dd-8be2-ec14c11f1fa6_1000.jpg!m_fill,w_280,h_210,f_jpg?from=ke.com
20241028,丰台,西罗园,101122959527,华润小区 1室1厅 南 北,230万,48148元/平,中楼层 (共6层) 1室1厅 | 47.77平米 | 南 北,https://ke-image.ljcdn.com/110000-inspection/881ce447-c078-42ef-8e3c-1e5f216cd2cd_1000.jpg!m_fill,w_280,h_210,f_jpg?from=ke.com
20241028,丰台,西罗园,101122896364,满五年唯一无遮挡采光好视野开阔交通便利房主自荐,450万,65684元/平,中楼层 (共15层) 1室1厅 | 68.51平米 | 东南,https://ke-image.ljcdn.com/110000-inspection/65380fe4-f078-467f-9c16-92507b8a714d_1000.jpg!m_fill,w_280,h_210,f_jpg?from=ke.com
20241028,丰台,西罗园,101122851627,南北通透 全明格局 地铁8号线（木樨园站）,400万,53476元/平,底层 (共6层) 3室1厅 | 74.8平米 | 南 北,https://ke-image.ljcdn.com/110000-inspection/981e7a32-6aa1-4943-8107-a48f6577cc90_1000.jpg!m_fill,w_280,h_210,f_jpg?from=ke.com
20241028,丰台,西罗园,101122669586,此房精装修满二年商品房 视野宽阔 通透性好 不临街,240万,50241元/平,高楼层 (共6层) | 1994年 | 1室1厅 | 47.77平米 | 南 北,https://ke-image.ljcdn.com/110000-inspection/93f9063b-209b-4e91-bfb0-a4523cde36c2_1000.jpg!m_fill,w_280,h_210,f_jpg?from=ke.com
20241028,丰台,西罗园,101122578249,南三环内 洋桥 西罗园 塔楼 精装修大两居房主自荐,459万,58331元/平,中楼层 (共24层) | 1990年 | 2室1厅 | 78.69平米 | 东南,https://ke-image.ljcdn.com/110000-inspection/pc1_LNuVQFWTW_2.jpg!m_fill,w_280,h_210,f_jpg?from=ke.com
20241028,丰台,西罗园,101122546388,西罗园南里 2室1厅 南 北,330万,54366元/平,中楼层 (共6层) 2室1厅 | 60.7平米 | 南 北,https://ke-image.ljcdn.com/110000-inspection/ee3ca567-14e3-43e7-afb9-669609000f01_1000.jpg!m_fill,w_280,h_210,f_jpg?from=ke.com
20241028,丰台,西罗园,101122504627,8号线 海户屯站 华润小区 正规一居室,202万,42915元/平,中楼层 (共6层) 1室1厅 | 47.07平米 | 东 西,https://ke-image.ljcdn.com/110000-inspection/27d3cdc1-e4ef-47c6-877f-1f0e002eb1f3_1000.jpg!m_fill,w_280,h_210,f_jpg?from=ke.com
20241028,丰台,西罗园,101122477838,南北通透格局 2层 满五年 带装修 看房方便,280万,52662元/平,低楼层 (共6层) 2室1厅 | 53.17平米 | 南 北,https://ke-image.ljcdn.com/110000-inspection/065409e5-abe8-4c3d-a31b-a056b0ed7794_1000.jpg!m_fill,w_280,h_210,f_jpg?from=ke.com
20241028,丰台,西罗园,101122476137,祥瑞苑 满五唯一 8号线海户屯 近地铁 2000年新小区,390万,47585元/平,中楼层 (共14层) 2室1厅 | 81.96平米 | 东 西,https://ke-image.ljcdn.com/110000-inspection/c069c537-6be4-426c-b7c2-230caf8cba3a_1000.jpg!m_fill,w_280,h_210,f_jpg?from=ke.com
20241028,丰台,西罗园,101122465148,西罗园二区 精装带电梯 视野好 交通便利 业主诚售,316万,54852元/平,中楼层 (共18层) 2室1厅 | 57.61平米 | 西北,https://ke-image.ljcdn.com/110000-inspection/pc1_yXy3WO74k_2.jpg!m_fill,w_280,h_210,f_jpg?from=ke.com
20241028,丰台,西罗园,101122462041,西罗园三区全南户型两居室采光好视野开阔房主自荐,440万,56266元/平,顶层 (共22层) 2室2厅 | 78.2平米 | 南,https://ke-image.ljcdn.com/110000-inspection/0c1c1dc8-5ce7-4474-a276-ae022ee1d259_1000.jpg!m_fill,w_280,h_210,f_jpg?from=ke.com
20241028,丰台,西罗园,101122398090,朝南向景观好可直接看凉水河公园诚意出售,255万,44279元/平,高楼层 (共18层) 1室1厅 | 57.59平米 | 南,https://ke-image.ljcdn.com/110000-inspection/424e58ad-1654-4768-93a9-23fd5cb9b1b2_1000.jpg!m_fill,w_280,h_210,f_jpg?from=ke.com
20241028,丰台,西罗园,101122387006,二环旁邮电器材宿舍央产社区中直物业规范管理,320万,52719元/平,中楼层 (共6层) 2室1厅 | 60.7平米 | 南 北,https://ke-image.ljcdn.com/110000-inspection/ee387d9d-0269-4453-a908-a963f467de70_1000.jpg!m_fill,w_280,h_210,f_jpg?from=ke.com
20241028,丰台,西罗园,101122279609,华润小区  邻凉水河 视野好 采光好 一手房东诚意出售,318万,46546元/平,高楼层 (共16层) 2室1厅 | 68.32平米 | 西南,https://ke-image.ljcdn.com/110000-inspection/d7bea9e7-2d51-42eb-8293-96250ddb2afa_1000.jpg!m_fill,w_280,h_210,f_jpg?from=ke.com
20241028,丰台,西罗园,101122168265,华润小区 东西通透 采光好 中间楼层 楼龄新,258万,41566元/平,中楼层 (共6层) 2室1厅 | 62.07平米 | 东 西,https://ke-image.ljcdn.com/110000-inspection/078c49a9-a7ab-4129-965e-3b1b14c377c7_1000.jpg!m_fill,w_280,h_210,f_jpg?from=ke.com
20241028,丰台,西罗园,101122118127,南三环 8号线海户屯站  合生广场旁 正规明厅两居房主自荐,258万,41728元/平,高楼层 (共6层) | 1990年 | 3室1厅 | 61.83平米 | 南 东 西,https://ke-image.ljcdn.com/110000-inspection/baa75f22-ce48-4233-a7f2-5b57a40c9cb1_1000.jpg!m_fill,w_280,h_210,f_jpg?from=ke.com
20241028,丰台,西罗园,101122049913,洋桥西罗园一区 精装修南北通透中楼层 临近地铁站口房主自荐,315万,56351元/平,中楼层 (共6层) | 1981年 | 2室1厅 | 55.9平米 | 南 北,https://ke-image.ljcdn.com/110000-inspection/14df58b0-d113-45c0-969a-6c2dc76ea4ba_1000.jpg!m_fill,w_280,h_210,f_jpg?from=ke.com
20241028,丰台,西罗园,101122021233,一层南北通透 全明格局出行方便随时签约,459万,65478元/平,底层 (共5层) 3室1厅 | 70.1平米 | 南 北,https://ke-image.ljcdn.com/110000-inspection/b2020652-2bbe-448c-ba7c-90487eea44c1_1000.jpg!m_fill,w_280,h_210,f_jpg?from=ke.com
20241028,丰台,西罗园,101121929091,北京南站西罗园四区两居室诚心出售,270万,45997元/平,低楼层 (共6层) 2室1厅 | 58.7平米 | 南 北,https://ke-image.ljcdn.com/110000-inspection/713aa7c0-988c-473f-8107-4712a8902204_1000.jpg!m_fill,w_280,h_210,f_jpg?from=ke.com
20241028,丰台,西罗园,101121873413,西罗园二区三环里低楼层不到两百万一居室房主自荐,205万,44450元/平,低楼层 (共6层) 1室1厅 | 46.12平米 | 西南,https://ke-image.ljcdn.com/110000-inspection/18b2fab8-df79-4b72-baad-e1a8f7025da1_1000.jpg!m_fill,w_280,h_210,f_jpg?from=ke.com
20241028,丰台,西罗园,101121867075,西罗园三区低楼层向阳两居卫生间有窗户房主自荐,345万,64680元/平,底层 (共5层) 2室1厅 | 53.34平米 | 南,https://ke-image.ljcdn.com/110000-inspection/00489e51-7b44-4608-97d1-b5fcc4e7ee27_1000.jpg!m_fill,w_280,h_210,f_jpg?from=ke.com
20241028,丰台,西罗园,101121810406,满五年 费用少诚心出售看房方便提前约,262万,42231元/平,顶层 (共6层) 2室1厅 | 62.04平米 | 东 南 北,https://ke-image.ljcdn.com/110000-inspection/bbda6c7f-6631-41d1-87fb-24668ced3e27_1000.jpg!m_fill,w_280,h_210,f_jpg?from=ke.com
20241028,丰台,西罗园,101121719773,华润小区 南北通透 一居室 满五年唯一商品房,198万,42066元/平,顶层 (共6层) 1室1厅 | 47.07平米 | 南 北,https://ke-image.ljcdn.com/110000-inspection/21708e55-17e0-4037-8dd4-a2044aa61829_1000.jpg!m_fill,w_280,h_210,f_jpg?from=ke.com
20241028,丰台,西罗园,101121598797,西罗园四区北京南站两居室诚心出售,310万,49090元/平,中楼层 (共5层) 2室1厅 | 63.15平米 | 南 北,https://ke-image.ljcdn.com/110000-inspection/8df302f4-4396-43db-8ab1-4d2167e8f837_1000.jpg!m_fill,w_280,h_210,f_jpg?from=ke.com
20241028,丰台,西罗园,101121593839,洋桥 西罗园二区 南向两居室 满五年,335万,50758元/平,高楼层 (共18层) 2室1厅 | 66平米 | 南,https://ke-image.ljcdn.com/110000-inspection/577810c8-43f9-4618-a813-54097d9dde5e_1000.jpg!m_fill,w_280,h_210,f_jpg?from=ke.com
20241028,丰台,西罗园,101121520811,品质好 国务院宿舍楼 中直物业规范管理 满五唯一,398万,64402元/平,低楼层 (共22层) 2室1厅 | 61.8平米 | 东 北,https://ke-image.ljcdn.com/110000-inspection/8a67e36f-aa01-4b71-9d06-590d912d3a31_1000.jpg!m_fill,w_280,h_210,f_jpg?from=ke.com
20241028,丰台,西罗园,101121511151,南三环地铁8号线木樨园站西罗园一区南北通透两居室,300万,51370元/平,中楼层 (共6层) 2室1厅 | 58.4平米 | 南 北,https://ke-image.ljcdn.com/110000-inspection/pc1_rFZf1DGzC.jpg!m_fill,w_280,h_210,f_jpg?from=ke.com
20241028,丰台,西罗园,101121336244,店长推荐 华润小区  带电梯中间楼层东南两居室房主自荐,358万,55772元/平,中楼层 (共16层) | 1996年 | 2室1厅 | 64.19平米 | 东 南,https://ke-image.ljcdn.com/110000-inspection/c9659cd2-ac13-4fcc-b713-14ce731bd697_1000.jpg!m_fill,w_280,h_210,f_jpg?from=ke.com
20241028,丰台,西罗园,101121243096,西罗园南里 南北通透 两居 户型方正  诚意出售,265万,46329元/平,顶层 (共6层) 2室1厅 | 57.2平米 | 南 北,https://ke-image.ljcdn.com/110000-inspection/3c98cbb7-c307-492e-81de-bc8f72f2ebfd_1000.jpg!m_fill,w_280,h_210,f_jpg?from=ke.com
20241028,丰台,西罗园,101121212939,北京南站西罗园四区南北两居,320万,59702元/平,底层 (共6层) 2室1厅 | 53.6平米 | 南 北,https://ke-image.ljcdn.com/110000-inspection/72569ae0-4b1d-4037-9c7c-0041b520cfe0_1000.jpg!m_fill,w_280,h_210,f_jpg?from=ke.com
20241028,丰台,西罗园,101121201690,楼间距宽采光好房本满5年家庭一套诚意出售,700万,44473元/平,低楼层 (共14层) | 2000年 | 3室2厅 | 157.4平米 | 西南,https://ke-image.ljcdn.com/110000-inspection/b25a5a69-c687-4c1c-bdd7-0390ab9ef5fb_1000.jpg!m_fill,w_280,h_210,f_jpg?from=ke.com
20241028,丰台,西罗园,101121171752,南三环 中轴路旁 华润小区正规大两居 客厅宽敞,350万,51170元/平,中楼层 (共18层) 2室1厅 | 68.4平米 | 东 南,https://ke-image.ljcdn.com/110000-inspection/1b64cf21-b839-4ddd-82cd-6540a99a04ef_1000.jpg!m_fill,w_280,h_210,f_jpg?from=ke.com
20241028,丰台,西罗园,101121038899,距8号线地铁木樨园站直线距离500米采光视野好,398万,50579元/平,中楼层 (共24层) | 1989年 | 2室1厅 | 78.69平米 | 东南,https://ke-image.ljcdn.com/110000-inspection/pc1_DXwyN69fV_2.jpg!m_fill,w_280,h_210,f_jpg?from=ke.com
20241028,丰台,西罗园,101120999617,洋桥 西罗园二区 南向一居 中间层 采光好,278万,57761元/平,中楼层 (共18层) 1室1厅 | 48.13平米 | 南,https://ke-image.ljcdn.com/110000-inspection/e210883f-2ee1-4951-83da-9fece9059644_1000.jpg!m_fill,w_280,h_210,f_jpg?from=ke.com
20241028,丰台,西罗园,101120999550,西罗园二区南北通透三居室业主诚心出售,480万,62225元/平,底层 (共18层) 3室1厅 | 77.14平米 | 东 南 北,https://ke-image.ljcdn.com/110000-inspection/pc1_LHacjyl8l_1.jpg!m_fill,w_280,h_210,f_jpg?from=ke.com
20241028,丰台,西罗园,101120994932,南三环 西罗园 西罗园南里 南北通透,280万,45492元/平,高楼层 (共6层) 2室1厅 | 61.55平米 | 南 北,https://ke-image.ljcdn.com/110000-inspection/3ae9ee04-6c2e-4cf1-b60a-555cf366b51b_1000.jpg!m_fill,w_280,h_210,f_jpg?from=ke.com
20241028,丰台,西罗园,101120935183,南三环 西罗园 西罗园南里 南北通透 满五唯一,250万,43008元/平,顶层 (共6层) 2室1厅 | 58.13平米 | 南 北,https://ke-image.ljcdn.com/110000-inspection/800250d0-9553-490e-97c9-307c23954f56_1000.jpg!m_fill,w_280,h_210,f_jpg?from=ke.com
20241028,丰台,西罗园,101120920357,此房购房成本低小区中间位置次顶层,239万,43376元/平,高楼层 (共6层) 2室1厅 | 55.1平米 | 南 北,https://ke-image.ljcdn.com/110000-inspection/a81bfde9-1b21-4a7b-addd-5b1453a54cfa_1000.jpg!m_fill,w_280,h_210,f_jpg?from=ke.com
20241028,丰台,西罗园,101120894070,西罗园南里 2室1厅 南 北,368万,53770元/平,顶层 (共6层) | 1999年 | 2室1厅 | 68.44平米 | 南 北,https://ke-image.ljcdn.com/110000-inspection/81a2ea52-ea67-4e0f-a225-f06f2b303409_1000.jpg!m_fill,w_280,h_210,f_jpg?from=ke.com
20241028,丰台,西罗园,101120886333,明厨明卫 南北向 不临街优质两居室,330万,54366元/平,高楼层 (共6层) 2室1厅 | 60.7平米 | 南 北,https://ke-image.ljcdn.com/110000-inspection/7164bac8-8066-4e96-b6ba-d43f99e33394_1000.jpg!m_fill,w_280,h_210,f_jpg?from=ke.com
20241028,丰台,西罗园,101120751955,邮电器材宿舍北京南站两居室诚心出售房主自荐,270万,49388元/平,高楼层 (共6层) 2室1厅 | 54.67平米 | 南 北,https://ke-image.ljcdn.com/110000-inspection/c9adcd6b-9700-4b96-a264-45ee7ec7a11e_1000.jpg!m_fill,w_280,h_210,f_jpg?from=ke.com
20241028,丰台,西罗园,101120705003,西罗园三区一居室看房方便诚意出售,190万,49518元/平,顶层 (共24层) 1室1厅 | 38.37平米 | 南,https://ke-image.ljcdn.com/110000-inspection/40a3a114-06ad-489d-b264-0182ad46a7c2_1000.jpg!m_fill,w_280,h_210,f_jpg?from=ke.com
20241028,丰台,西罗园,101120610174,8号线 木樨园 南三环 西罗园南里 正规三居室,298万,49750元/平,中楼层 (共6层) 3室1厅 | 59.9平米 | 东南 西,https://ke-image.ljcdn.com/110000-inspection/f63d518b-a054-409c-9306-aa484cbedf49_1000.jpg!m_fill,w_280,h_210,f_jpg?from=ke.com
20241028,丰台,西罗园,101120252290,三环内 西罗园三区 东南向 电梯精装一居 随时看房房主自荐,315万,66993元/平,高楼层 (共22层) | 1989年 | 1室1厅 | 47.02平米 | 东南,https://ke-image.ljcdn.com/110000-inspection/pc1_TtTVGu3St_2.jpg!m_fill,w_280,h_210,f_jpg?from=ke.com
20241028,丰台,西罗园,101120175421,西罗园二区 东南两居室 精装修 电梯房 满五年唯一,390万,63415元/平,高楼层 (共24层) 2室1厅 | 61.5平米 | 东南,https://ke-image.ljcdn.com/110000-inspection/3b8ee63a-548b-43dc-b7e2-bb8025540fa9_1000.jpg!m_fill,w_280,h_210,f_jpg?from=ke.com
20241028,丰台,西罗园,101119948136,华润小区 正规南向一居 采光好房主自荐,198万,42066元/平,顶层 (共6层) 1室1厅 | 47.07平米 | 南,https://ke-image.ljcdn.com/110000-inspection/989840fd-c843-499b-afa9-b60e6929e9d1_1000.jpg!m_fill,w_280,h_210,f_jpg?from=ke.com
20241028,丰台,西罗园,101119912599,西罗园南里 南三环 木樨园 洋桥南北两居室诚心出售,315万,61524元/平,底层 (共6层) 2室1厅 | 51.2平米 | 南 北,https://ke-image.ljcdn.com/110000-inspection/98d53e92-e283-402d-9052-3521c478c0fe_1000.jpg!m_fill,w_280,h_210,f_jpg?from=ke.com
20241028,丰台,西罗园,101119875419,8号线木樨园站 西罗园南里 领包入住 正规两居室,306万,48076元/平,中楼层 (共6层) 2室1厅 | 63.65平米 | 南 北,https://ke-image.ljcdn.com/110000-inspection/pc1_PVYHrHnxz_1.jpg!m_fill,w_280,h_210,f_jpg?from=ke.com
20241028,丰台,西罗园,101119858005,满五年唯一 两年精装  南北通透  90%得房率房主自荐,790万,67200元/平,高楼层 (共6层) 3室1厅 | 117.56平米 | 南 北,https://ke-image.ljcdn.com/110000-inspection/d3ccd521-6405-407d-beb2-3ea92ce23942_1000.jpg!m_fill,w_280,h_210,f_jpg?from=ke.com
20241028,丰台,西罗园,101119660852,华润小区 南向一室一厅 高楼层 视野好 采光充足,260万,52771元/平,高楼层 (共18层) 1室1厅 | 49.27平米 | 南,https://ke-image.ljcdn.com/110000-inspection/713d054a-81b3-4717-944f-41f329d6ae4f_1000.jpg!m_fill,w_280,h_210,f_jpg?from=ke.com
20241028,丰台,西罗园,101119607694,华润小区 中间楼层 精装修 户型方正 电梯房 诚意出售房主自荐,355万,51901元/平,中楼层 (共18层) | 1999年 | 2室1厅 | 68.4平米 | 东 南,https://ke-image.ljcdn.com/110000-inspection/365ba31b-24cd-4fa6-a765-6bb18b7a2657_1000.jpg!m_fill,w_280,h_210,f_jpg?from=ke.com
20241028,丰台,西罗园,101119593059,优质好房南北通透采光充足精装修满五唯一,240万,44693元/平,顶层 (共6层) 2室1厅 | 53.7平米 | 南 北,https://ke-image.ljcdn.com/110000-inspection/e277be56-2569-4e4d-9628-3fa4d34e6678_1000.jpg!m_fill,w_280,h_210,f_jpg?from=ke.com
20241028,丰台,西罗园,101119448441,洋桥木樨园 南北通透 双卫设计 采光好,720万,54295元/平,低楼层 (共14层) 3室2厅 | 132.61平米 | 南 北,https://ke-image.ljcdn.com/110000-inspection/848d79b9-12f4-4519-95bc-eabf9bb2f096_1000.jpg!m_fill,w_280,h_210,f_jpg?from=ke.com
20241028,丰台,西罗园,101119298752,西罗园 精装新风两居 随时看房 满五年房主自荐,299万,54964元/平,顶层 (共6层) 2室1厅 | 54.4平米 | 南 北,https://ke-image.ljcdn.com/110000-inspection/pc1_CV8EYMMiA_1.jpg!m_fill,w_280,h_210,f_jpg?from=ke.com
20241028,丰台,西罗园,101119087084,南三环内楼龄新 精装东南向 满五年 业主诚售房主自荐,468万,55490元/平,中楼层 (共24层) 2室1厅 | 84.34平米 | 东南,https://ke-image.ljcdn.com/110000-inspection/pc1_fw45jtSkM_1.jpg!m_fill,w_280,h_210,f_jpg?from=ke.com
20241028,丰台,西罗园,101118974834,1999年楼龄明厅大卧室楼层便捷,358万,47292元/平,底层 (共6层) | 1999年 | 3室1厅 | 75.7平米 | 东,https://ke-image.ljcdn.com/110000-inspection/27b0675b-abde-4f27-8d1d-6fb52772502e_1000.jpg!m_fill,w_280,h_210,f_jpg?from=ke.com
20241028,丰台,西罗园,101118854725,华润小区 精品好房 业主用心装修 生活舒适度高房主自荐,360万,62511元/平,中楼层 (共18层) | 1999年 | 1室1厅 | 57.59平米 | 南,https://ke-image.ljcdn.com/110000-inspection/e59dde0a-2a2d-4533-81a6-3dc0a53433b4_1000.jpg!m_fill,w_280,h_210,f_jpg?from=ke.com
20241028,丰台,西罗园,101118783502,东南向 两卧朝南 满五年 视野采光好 诚意出售,788万,61597元/平,高楼层 (共26层) 3室1厅 | 127.93平米 | 东南,https://ke-image.ljcdn.com/110000-inspection/b63ade27-922d-4431-bfae-0477543cb5f0_1000.jpg!m_fill,w_280,h_210,f_jpg?from=ke.com
20241028,丰台,西罗园,101118781553,南向河景房 采光好 视野开阔 等满二年相当于满五唯一房主自荐,298万,51746元/平,顶层 (共18层) | 1999年 | 2室1厅 | 57.59平米 | 南 北,https://ke-image.ljcdn.com/110000-inspection/7b60e07b-c03d-493e-8056-3ada4e5430bb_1000.jpg!m_fill,w_280,h_210,f_jpg?from=ke.com
20241028,丰台,西罗园,101118683197,西罗园南里 精装大两居 有电梯 看房方便房主自荐,459万,60819元/平,低楼层 (共17层) 2室1厅 | 75.47平米 | 东北,https://ke-image.ljcdn.com/110000-inspection/78d1e5a7-62b8-4a19-b0bb-2f67669f8861_1000.jpg!m_fill,w_280,h_210,f_jpg?from=ke.com
20241028,丰台,西罗园,101118615156,西罗园南里 南向一居 采光好 满五唯一 诚意出售,190万,46879元/平,顶层 (共6层) 1室1厅 | 40.53平米 | 南 北,https://ke-image.ljcdn.com/110000-inspection/dd94ba3e-0955-4abc-ad03-7c619e7c2249_1000.jpg!m_fill,w_280,h_210,f_jpg?from=ke.com
20241028,丰台,西罗园,101118541829,南三环洋桥西罗园三区三居室 看房方便随时签约,399万,46144元/平,中楼层 (共12层) | 1992年 | 3室1厅 | 86.47平米 | 北 南,https://ke-image.ljcdn.com/110000-inspection/91327c52-d336-4da6-8bb5-d34c057720ce_1000.jpg!m_fill,w_280,h_210,f_jpg?from=ke.com
20241028,丰台,西罗园,101118471804,宝汇苑电梯南向两居室采光好 视野好,448万,51271元/平,顶层 (共24层) | 1999年 | 2室1厅 | 87.38平米 | 南,https://ke-image.ljcdn.com/110000-inspection/pc1_dspxqZRUS_2.jpg!m_fill,w_280,h_210,f_jpg?from=ke.com
20241028,丰台,西罗园,101118372876,西罗园两居有电梯双卧朝南采光好满五年唯一商品房,419万,63505元/平,低楼层 (共24层) 2室1厅 | 65.98平米 | 南,https://ke-image.ljcdn.com/110000-inspection/323dc23e-2f80-4be2-a3a8-c7a8bf3f2921_1000.jpg!m_fill,w_280,h_210,f_jpg?from=ke.com
20241028,丰台,西罗园,101118232491,大红门华润小区带电梯两居室诚心出售,320万,49853元/平,顶层 (共18层) 2室1厅 | 64.19平米 | 西 东北,https://ke-image.ljcdn.com/110000-inspection/4e96f664-c458-4d43-a7f8-3017463fdb96_1000.jpg!m_fill,w_280,h_210,f_jpg?from=ke.com
20241028,丰台,西罗园,101118097217,西罗园二区 西南两居室 精装修 电梯房,269万,39882元/平,顶层 (共18层) 2室1厅 | 67.45平米 | 西南,https://ke-image.ljcdn.com/110000-inspection/cc9db4bd-6082-42c3-a194-c4cdb6879e81_1000.jpg!m_fill,w_280,h_210,f_jpg?from=ke.com
20241028,丰台,西罗园,101118062499,西罗园三区 双南两居 户型方正 交通便利 看房方便,363万,60805元/平,高楼层 (共18层) 2室1厅 | 59.7平米 | 南,https://ke-image.ljcdn.com/110000-inspection/da95888f-82ab-48be-9ccd-f26ae26569f3_1000.jpg!m_fill,w_280,h_210,f_jpg?from=ke.com
20241028,丰台,西罗园,101117916162,西罗园四区交通便利配套齐全,207万,46455元/平,中楼层 (共6层) 1室1厅 | 44.56平米 | 南,https://ke-image.ljcdn.com/110000-inspection/b544c584-d5e1-414c-9b33-494d69235b7d_1000.jpg!m_fill,w_280,h_210,f_jpg?from=ke.com
20241028,丰台,西罗园,101116376386,三环内 木樨园 西罗园 南向一居室 精装修 视野开阔,230万,51340元/平,高楼层 (共6层) | 1980年 | 1室1厅 | 44.8平米 | 南,https://ke-image.ljcdn.com/110000-inspection/9885670f-9618-4ac6-b4a7-f12fbee01c15_1000.jpg!m_fill,w_280,h_210,f_jpg?from=ke.com
20241028,丰台,西罗园,101114321199,西罗园 大红门  洋桥  西罗园   南北通透两居室,152万,31206元/平,地下室 (共6层) 2室1厅 | 48.71平米 | 南 北,https://ke-image.ljcdn.com/110000-inspection/26d52e63-08ff-4596-b381-87e8bce93a72_1000.jpg!m_fill,w_280,h_210,f_jpg?from=ke.com
20241028,丰台,西罗园,101127240063,8号线海户屯 河景房 明厨明卫 高楼层 视野开阔新上,430万,51504元/平,中楼层 (共18层) | 1999年 | 3室1厅 | 83.49平米 | 西南 北,https://ke-image.ljcdn.com/110000-inspection/2dee26af-3b47-4c7b-923f-f6b66e80a29c_1000.jpg!m_fill,w_280,h_210,f_jpg?from=ke.com
20241028,丰台,西罗园,101127215454,汇达公寓 2室1厅 东南新上,520万,53236元/平,高楼层 (共26层) 2室1厅 | 97.68平米 | 东南,https://ke-image.ljcdn.com/110000-inspection/5615621f-fff6-4e13-b966-5182bc9de132_1000.jpg!m_fill,w_280,h_210,f_jpg?from=ke.com
20241028,丰台,西罗园,101127211933,西罗园二区 3室1厅 东 南 北新上,420万,47663元/平,底层 (共18层) 3室1厅 | 88.12平米 | 东 南 北,https://ke-image.ljcdn.com/110000-inspection/c19dbbba-74c4-4b24-ac2a-9e6e97680eee_1000.jpg!m_fill,w_280,h_210,f_jpg?from=ke.com
20241028,丰台,西罗园,101127204323,北京南站 西罗园 小区中间位置 无遮挡视野好新上,299万,48571元/平,中楼层 (共22层) 2室1厅 | 61.56平米 | 东南,https://ke-image.ljcdn.com/110000-inspection/1b80179b-26ff-4f4b-8d8d-f6589831b45a_1000.jpg!m_fill,w_280,h_210,f_jpg?from=ke.com
20241028,丰台,西罗园,101127203582,南三环 8号线 大客厅 带电梯两居室 电梯直达新上,285万,44469元/平,低楼层 (共18层) 2室1厅 | 64.09平米 | 西南 南,https://ke-image.ljcdn.com/110000-inspection/83ae5c02-9b6e-438c-b97d-befaa412231c_1000.jpg!m_fill,w_280,h_210,f_jpg?from=ke.com
20241028,丰台,西罗园,101127106188,西罗园三区小户型一居室诚意出售,158万,41179元/平,低楼层 (共24层) 1室1厅 | 38.37平米 | 东南,https://ke-image.ljcdn.com/110000-inspection/feb95c27-9e2d-4ace-9fb3-a90a9605b47d_1000.jpg!m_fill,w_280,h_210,f_jpg?from=ke.com
20241028,丰台,西罗园,101127043127,三环内南向一居室中间层无遮挡采光好精装修,205万,50555元/平,中楼层 (共6层) 1室1厅 | 40.55平米 | 南,https://ke-image.ljcdn.com/110000-inspection/2eb9c432-c942-4704-b57d-3d06d41d7a78_1000.jpg!m_fill,w_280,h_210,f_jpg?from=ke.com
20241028,丰台,西罗园,101126986742,宝汇苑 2室1厅 东南房主自荐,300万,53201元/平,中楼层 (共24层) | 1999年 | 2室1厅 | 56.39平米 | 东南,https://ke-image.ljcdn.com/110000-inspection/pc1_1Tjfmex5D_2.jpg!m_fill,w_280,h_210,f_jpg?from=ke.com
20241028,丰台,西罗园,101126961369,洋桥 西罗园一区南北两居中间楼层出售,269万,53565元/平,中楼层 (共6层) 2室1厅 | 50.22平米 | 南 北,https://ke-image.ljcdn.com/110000-inspection/eefac8eb-5349-42b5-b5c0-764bfd16c26c_1000.jpg!m_fill,w_280,h_210,f_jpg?from=ke.com
20241028,丰台,西罗园,101126955580,宝汇苑 东南一居 无遮挡 视野采光好 满五年 诚售,420万,59415元/平,高楼层 (共24层) 2室1厅 | 70.69平米 | 东南,https://ke-image.ljcdn.com/110000-inspection/73a0d613-633a-49d7-a0b5-b038652e6f36_1000.jpg!m_fill,w_280,h_210,f_jpg?from=ke.com
20241028,丰台,西罗园,101126927377,西罗园南里中间层南北通透三居室,350万,51036元/平,中楼层 (共6层) 3室1厅 | 68.58平米 | 南 北,https://ke-image.ljcdn.com/110000-inspection/519bf3d4-f93d-4d4f-bbbc-4cfe07967cdc_1000.jpg!m_fill,w_280,h_210,f_jpg?from=ke.com
20241028,丰台,西罗园,101126907793,三环内房屋刚精装修完 后期更新照片视野开阔随时看房,272万,43073元/平,顶层 (共5层) 2室1厅 | 63.15平米 | 南 北,https://ke-image.ljcdn.com/110000-inspection/3d75183e-f1d4-40d8-bbcf-352928508962_1000.jpg!m_fill,w_280,h_210,f_jpg?from=ke.com
20241028,丰台,西罗园,101126858965,汇达公寓 3室2厅 南,649万,50373元/平,底层 (共26层) 3室2厅 | 128.84平米 | 南,https://ke-image.ljcdn.com/110000-inspection/68b9940e-40cc-4589-bca5-9b13ece2cd74_1000.jpg!m_fill,w_280,h_210,f_jpg?from=ke.com
20241028,丰台,西罗园,101126847308,汇达公寓 商品房 改善三居 户型方正 视野采光好,700万,54331元/平,高楼层 (共26层) 3室2厅 | 128.84平米 | 西南,https://ke-image.ljcdn.com/110000-inspection/b3395707-a63c-4087-ac13-365945d95aab_1000.jpg!m_fill,w_280,h_210,f_jpg?from=ke.com
20241028,丰台,西罗园,101126846123,风格景园 1室1厅 东,256万,46394元/平,中楼层 (共14层) | 2005年 | 1室1厅 | 55.18平米 | 东,https://ke-image.ljcdn.com/110000-inspection/abd68b1e-3f7c-42a8-b905-4a9ddf0a4cb0_1000.jpg!m_fill,w_280,h_210,f_jpg?from=ke.com
20241028,丰台,西罗园,101126841202,三环里 邮政管理局宿舍楼 物业管理好 精装大一居,360万,54554元/平,低楼层 (共18层) 1室1厅 | 65.99平米 | 东南,https://ke-image.ljcdn.com/110000-inspection/pc1_sihKCo2p9_2.jpg!m_fill,w_280,h_210,f_jpg?from=ke.com
20241028,丰台,西罗园,101126785847,宝汇苑 西南两居 楼龄新 户型好 交通便利 诚售,540万,58354元/平,高楼层 (共24层) 2室1厅 | 92.54平米 | 西南,https://ke-image.ljcdn.com/110000-inspection/pc1_6WqIBk2hS_2.jpg!m_fill,w_280,h_210,f_jpg?from=ke.com
20241028,丰台,西罗园,101126546930,西罗园三区带电梯中间层南向一居随时看房,198万,47471元/平,中楼层 (共12层) | 1992年 | 1室1厅 | 41.71平米 | 南 北,https://ke-image.ljcdn.com/110000-inspection/pc1_9fHjzimAj_1.jpg!m_fill,w_280,h_210,f_jpg?from=ke.com
20241028,丰台,西罗园,101126285380,华润小区 西罗园 南北通透 精装修 客厅采光好,266万,41996元/平,顶层 (共6层) 2室1厅 | 63.34平米 | 东南 北,https://ke-image.ljcdn.com/110000-inspection/eaad3197-ce1d-43f4-b203-eec86436c26c_1000.jpg!m_fill,w_280,h_210,f_jpg?from=ke.com
20241028,丰台,西罗园,101126157884,西罗园四区2000年商品房 正规三居室,460万,55758元/平,低楼层 (共18层) 3室1厅 | 82.5平米 | 东 南 北,https://ke-image.ljcdn.com/110000-inspection/pc1_eaiXwqjm2_2.jpg!m_fill,w_280,h_210,f_jpg?from=ke.com
20241028,丰台,西罗园,101126043418,满五唯一河景房中高楼层视野采光好诚心出售,325万,47515元/平,中楼层 (共18层) | 1999年 | 2室1厅 | 68.4平米 | 西南,https://ke-image.ljcdn.com/110000-inspection/00cdac5b-6cdc-40a3-85fe-5b5b78c1d1b8_1000.jpg!m_fill,w_280,h_210,f_jpg?from=ke.com
20241028,丰台,西罗园,101126010799,有电梯有客厅 满五年唯一 随时看房 楼层好 视野佳,299万,43159元/平,顶层 (共22层) 2室1厅 | 69.28平米 | 西北,https://ke-image.ljcdn.com/110000-inspection/bcc02c32-8d45-4566-b1ba-d4dc61ea4982_1000.jpg!m_fill,w_280,h_210,f_jpg?from=ke.com
20241028,丰台,西罗园,101126006342,西罗园南里 2室1厅 南,226万,44665元/平,高楼层 (共6层) 2室1厅 | 50.6平米 | 南,https://ke-image.ljcdn.com/110000-inspection/6114e734-b90c-4818-a75c-ae6144811680_1000.jpg!m_fill,w_280,h_210,f_jpg?from=ke.com
20241028,丰台,西罗园,101125972590,精装修 二层 无遮挡 公积金可以满贷30年房主自荐,289万,53420元/平,低楼层 (共6层) | 1993年 | 2室1厅 | 54.1平米 | 南 北,https://ke-image.ljcdn.com/110000-inspection/8b3f13f8-ac85-4963-b4b3-1a8b44531c3f_1000.jpg!m_fill,w_280,h_210,f_jpg?from=ke.com
20241028,丰台,西罗园,101125881342,西罗园一区 双卧朝南两居室 交通方便,325万,49771元/平,中楼层 (共22层) 2室1厅 | 65.3平米 | 西南 北,https://ke-image.ljcdn.com/110000-inspection/537cce25-aed2-479f-8b47-ab4ff90d2325_1000.jpg!m_fill,w_280,h_210,f_jpg?from=ke.com
20241028,丰台,西罗园,101125829625,西罗园带电梯高层大两居不临街视野好诚意出售！,389万,42691元/平,高楼层 (共24层) 2室1厅 | 91.12平米 | 东南,https://ke-image.ljcdn.com/110000-inspection/pc1_OY26PydLF_2.jpg!m_fill,w_280,h_210,f_jpg?from=ke.com
20241028,丰台,西罗园,101125824243,西罗园三区东南一居满五唯一诚心出售,220万,40242元/平,中楼层 (共12层) 1室1厅 | 54.67平米 | 东南,https://ke-image.ljcdn.com/110000-inspection/8a3c62c5-b105-4c17-b67e-7bf03a2cee16_1000.jpg!m_fill,w_280,h_210,f_jpg?from=ke.com
20241028,丰台,西罗园,101125557353,西罗园三区 满五年唯一 南北通透带电梯 诚意出售,385万,44525元/平,中楼层 (共12层) | 1992年 | 3室1厅 | 86.47平米 | 南 北,https://ke-image.ljcdn.com/110000-inspection/pc1_Ye0eA7ers_1.jpg!m_fill,w_280,h_210,f_jpg?from=ke.com
20241028,丰台,西罗园,101125551864,南三环钢混  两居室 中高层  不临街  不遮挡,279万,44640元/平,高楼层 (共18层) 2室1厅 | 62.5平米 | 东南 东北,https://ke-image.ljcdn.com/110000-inspection/999d7dbf-2b8a-4c68-97d9-26feebf9db64_1000.jpg!m_fill,w_280,h_210,f_jpg?from=ke.com
20241028,丰台,西罗园,101125452273,西罗园南北通透两居全明格局满五唯一精装采光好,299万,49430元/平,高楼层 (共6层) 2室1厅 | 60.49平米 | 南 北,https://ke-image.ljcdn.com/110000-inspection/7c0e444b-3cc1-4d7a-afc2-eef40ae2a438_1000.jpg!m_fill,w_280,h_210,f_jpg?from=ke.com
20241028,丰台,西罗园,101125406407,南三环 8号线 海户屯地铁  采光好 有租赁车位,388万,44051元/平,高楼层 (共7层) | 2000年 | 2室1厅 | 88.08平米 | 东 南 西,https://ke-image.ljcdn.com/110000-inspection/b833fc0f-29b7-48bc-81d6-8dd969a6a5bb_1000.jpg!m_fill,w_280,h_210,f_jpg?from=ke.com
20241028,丰台,西罗园,101125269773,西罗园一区 南北通透两居室 小区安静 不临街,210万,36089元/平,顶层 (共6层) 2室1厅 | 58.19平米 | 南 北,https://ke-image.ljcdn.com/110000-inspection/pc1_vkr5iqHNB_1.jpg!m_fill,w_280,h_210,f_jpg?from=ke.com
20241028,丰台,西罗园,101125202073,西罗园南里 1室1厅 南,168万,39253元/平,顶层 (共6层) | 1996年 | 1室1厅 | 42.8平米 | 南,https://ke-image.ljcdn.com/110000-inspection/89eb4b12-cd9a-49f7-a058-baec5165bfc7_1000.jpg!m_fill,w_280,h_210,f_jpg?from=ke.com
20241028,丰台,西罗园,101125151078,华润小区高楼层南向一居河景房近地铁,280万,48620元/平,高楼层 (共18层) | 1999年 | 1室1厅 | 57.59平米 | 南,https://ke-image.ljcdn.com/110000-inspection/34dcd6d7-7558-4196-b0da-ed43332fa3ac_1000.jpg!m_fill,w_280,h_210,f_jpg?from=ke.com
20241028,丰台,西罗园,101125085524,南三环 西罗园南里 正规两居 窗户都在地上,190万,37030元/平,地下室 (共6层) 2室1厅 | 51.31平米 | 东,https://ke-image.ljcdn.com/110000-inspection/0fcb0870-e8bc-43e5-8e3e-804243e2ee8c_1000.jpg!m_fill,w_280,h_210,f_jpg?from=ke.com
20241028,丰台,西罗园,101125072910,8号线 西罗园南里  低楼层 正规两居室,279万,47514元/平,低楼层 (共6层) 2室1厅 | 58.72平米 | 南 北,https://ke-image.ljcdn.com/110000-inspection/a3c20134-1c30-4adc-9a10-f2c6660e070a_1000.jpg!m_fill,w_280,h_210,f_jpg?from=ke.com
20241028,丰台,西罗园,101124996424,满五唯一户型方正南北朝向通风采光好无遮挡,228万,42459元/平,顶层 (共6层) 2室1厅 | 53.7平米 | 南 北,https://ke-image.ljcdn.com/110000-inspection/4ab3a326-bc4f-4040-bbef-e979907940db_1000.jpg!m_fill,w_280,h_210,f_jpg?from=ke.com
20241028,丰台,西罗园,101124741373,西罗园四区南北三居99年房物业单独管理环境好,598万,67986元/平,中楼层 (共18层) 3室1厅 | 87.96平米 | 东南 北,https://ke-image.ljcdn.com/110000-inspection/50d3cf82-7393-4125-9101-7bab435c3f70_1000.jpg!m_fill,w_280,h_210,f_jpg?from=ke.com
20241028,丰台,西罗园,101124588310,电梯房 楼层直达 无遮挡 安静 大两居室,315万,44329元/平,低楼层 (共20层) 2室1厅 | 71.06平米 | 东南,https://ke-image.ljcdn.com/110000-inspection/904cee73-5a3e-4a1a-aa29-ebf246a0698f_1000.jpg!m_fill,w_280,h_210,f_jpg?from=ke.com
20241028,丰台,西罗园,101124556824,洋桥 西罗园一区 三居出售 卫生间有窗户,295万,46975元/平,顶层 (共6层) | 1981年 | 3室1厅 | 62.8平米 | 南 西 北,https://ke-image.ljcdn.com/110000-inspection/0b2b0912-d134-47dd-9817-19d1193e98dd_1000.jpg!m_fill,w_280,h_210,f_jpg?from=ke.com
20241028,丰台,西罗园,101124532853,西罗园三区 1室1厅 西南,290万,50087元/平,高楼层 (共12层) 1室1厅 | 57.9平米 | 西南,https://ke-image.ljcdn.com/110000-inspection/pc1_bZOi4nRcf_1.jpg!m_fill,w_280,h_210,f_jpg?from=ke.com
20241028,丰台,西罗园,101124504288,精装修 电梯两居 诚意出售 近地铁 随时签约,359万,50351元/平,顶层 (共18层) | 1992年 | 2室1厅 | 71.3平米 | 西 北,https://ke-image.ljcdn.com/110000-inspection/pc1_WcaT3XqMh_1.jpg!m_fill,w_280,h_210,f_jpg?from=ke.com
20241028,丰台,西罗园,101124338714,西罗园四区 3室1厅 南 西 北,530万,69563元/平,高楼层 (共18层) 3室1厅 | 76.19平米 | 南 西 北,https://ke-image.ljcdn.com/110000-inspection/28d672ff-73ee-43cc-b39b-fc2f50bfac32_1000.jpg!m_fill,w_280,h_210,f_jpg?from=ke.com
20241028,丰台,西罗园,101124246510,精装 明厨明卫 户型方正不缺角 地铁8号线木樨园站,450万,58955元/平,中楼层 (共22层) 3室1厅 | 76.33平米 | 南 北,https://ke-image.ljcdn.com/110000-inspection/93db5ab2-98eb-4c13-a922-e90b59ad7d1c_1000.jpg!m_fill,w_280,h_210,f_jpg?from=ke.com
20241028,丰台,西罗园,101124086563,西罗园四区 楼龄新 采光好 电梯中间层,332万,51545元/平,中楼层 (共18层) | 1999年 | 2室1厅 | 64.41平米 | 西南,https://ke-image.ljcdn.com/110000-inspection/1857fa83-c0ec-4353-8691-bce6b168b718_1000.jpg!m_fill,w_280,h_210,f_jpg?from=ke.com
20241028,丰台,西罗园,101124057579,汇达公寓 2室1厅 东北,540万,58341元/平,中楼层 (共26层) 2室1厅 | 92.56平米 | 东北,https://ke-image.ljcdn.com/110000-inspection/pc1_MsEqvaRQJ_2.jpg!m_fill,w_280,h_210,f_jpg?from=ke.com
20241028,丰台,西罗园,101123915657,西罗园宝汇苑 2000年商品房 满五年唯一 采光视野好,384万,47839元/平,高楼层 (共24层) | 1999年 | 2室1厅 | 80.27平米 | 南,https://ke-image.ljcdn.com/110000-inspection/9f735eac-88ba-460d-b55b-e3790ee534fa_1000.jpg!m_fill,w_280,h_210,f_jpg?from=ke.com
20241028,丰台,西罗园,101123748790,洋桥 西罗园 南北向 全明格局 三居,265万,42198元/平,顶层 (共6层) 3室1厅 | 62.8平米 | 东 南 北,https://ke-image.ljcdn.com/110000-inspection/2d71c721-4ef6-4ddd-8df0-3c3bcd70a2e8_1000.jpg!m_fill,w_280,h_210,f_jpg?from=ke.com
20241028,丰台,西罗园,101123745386,京品小区 南北通透三居室 公摊小 一层两户 采光好房主自荐,698万,59374元/平,底层 (共6层) 3室2厅 | 117.56平米 | 南 北,https://ke-image.ljcdn.com/110000-inspection/9778b4a6-490b-4a7f-a7c8-7c48fdfbd033_1000.jpg!m_fill,w_280,h_210,f_jpg?from=ke.com
20241028,丰台,西罗园,101123707465,宝汇苑西南朝向大两居 户型方正 采光好无遮挡,430万,48599元/平,低楼层 (共24层) | 1999年 | 2室1厅 | 88.48平米 | 西南,https://ke-image.ljcdn.com/110000-inspection/pc1_CT8XKMpyX_1.jpg!m_fill,w_280,h_210,f_jpg?from=ke.com
20241028,丰台,西罗园,101123658735,宝汇苑 正规一局 精装修 户型方正 满五年 业主诚售,289万,54385元/平,高楼层 (共24层) 1室1厅 | 53.14平米 | 东 南,https://ke-image.ljcdn.com/110000-inspection/03c2cc78-0d76-45bd-9e06-07fd00f63378_1000.jpg!m_fill,w_280,h_210,f_jpg?from=ke.com
20241028,丰台,西罗园,101123650956,南三环 华润小区 南向大两居 采光好,288万,44666元/平,高楼层 (共6层) 2室1厅 | 64.48平米 | 南 北,https://ke-image.ljcdn.com/110000-inspection/10865fa3-75e3-43f0-a1fe-9ac0b2e754b7_1000.jpg!m_fill,w_280,h_210,f_jpg?from=ke.com
20241028,丰台,西罗园,101123647625,华润小区 电梯两居 客厅有窗户 通风效果好 河景房,362万,56396元/平,高楼层 (共16层) | 1996年 | 2室1厅 | 64.19平米 | 东 西 北,https://ke-image.ljcdn.com/110000-inspection/03da0fc7-fa41-405d-81db-da11e37ca723_1000.jpg!m_fill,w_280,h_210,f_jpg?from=ke.com
20241028,丰台,西罗园,101123558135,宝汇苑 正规一局 不临街 户型方正 满五年 业主诚售,315万,47284元/平,中楼层 (共24层) 1室1厅 | 66.62平米 | 西南,https://ke-image.ljcdn.com/110000-inspection/pc1_ecnZ36k1z_1.jpg!m_fill,w_280,h_210,f_jpg?from=ke.com
20241028,丰台,西罗园,101123476977,华润小区 正规南向大一居 采光好 无遮挡,290万,51907元/平,中楼层 (共20层) 1室1厅 | 55.87平米 | 南,https://ke-image.ljcdn.com/110000-inspection/8cbe817c-4607-43da-8508-3177b17373f0_1000.jpg!m_fill,w_280,h_210,f_jpg?from=ke.com
20241028,丰台,西罗园,101123476593,南三环 中轴路旁 正规南向一居 光线好房主自荐,278万,49759元/平,低楼层 (共20层) | 1996年 | 1室1厅 | 55.87平米 | 南,https://ke-image.ljcdn.com/110000-inspection/983a90c1-66b0-4520-95dc-6868d7d55c76_1000.jpg!m_fill,w_280,h_210,f_jpg?from=ke.com
20241028,丰台,西罗园,101123216082,华润小区 精装修三居室 全明格局 采光好 交通便利,450万,53899元/平,中楼层 (共18层) | 1999年 | 3室1厅 | 83.49平米 | 西南,https://ke-image.ljcdn.com/110000-inspection/83d99f42-0514-4b5f-b5b1-16b65e5a2274_1000.jpg!m_fill,w_280,h_210,f_jpg?from=ke.com
20241028,丰台,西罗园,101123146886,洋桥西罗园三区 精装大两居室 采光视野好 满五年唯一,349万,51935元/平,中楼层 (共18层) | 1987年 | 2室1厅 | 67.2平米 | 东北,https://ke-image.ljcdn.com/110000-inspection/pc1_17ePWNuZv_2.jpg!m_fill,w_280,h_210,f_jpg?from=ke.com
20241028,丰台,西罗园,101122980340,洋桥 宝汇苑 商品房业主诚心出售,750万,46386元/平,高楼层 (共24层) 4室2厅 | 161.69平米 | 西南 北,https://ke-image.ljcdn.com/110000-inspection/d25a53f7-512e-4db2-9632-84fd4df4363a_1000.jpg!m_fill,w_280,h_210,f_jpg?from=ke.com
20241028,丰台,西罗园,101122715641,西罗园南里 2室1厅 东 南 西,245万,48776元/平,中楼层 (共6层) 2室1厅 | 50.23平米 | 东 南 西,https://ke-image.ljcdn.com/110000-inspection/bbea3ca2-55b0-46d5-b697-cf5e3c66c9ce_1000.jpg!m_fill,w_280,h_210,f_jpg?from=ke.com
20241028,丰台,西罗园,101122553746,西罗园南里高楼层视野好带电梯满五年唯一,330万,51402元/平,顶层 (共18层) 2室1厅 | 64.2平米 | 南,https://ke-image.ljcdn.com/110000-inspection/pc1_t4KOOMf4z_1.jpg!m_fill,w_280,h_210,f_jpg?from=ke.com
20241028,丰台,西罗园,101122467707,阳光好 南向两居室 装修好  满五年唯一,239万,46955元/平,顶层 (共6层) | 1980年 | 2室1厅 | 50.9平米 | 南,https://ke-image.ljcdn.com/110000-inspection/pc1_ktv7LRTwx_2.jpg!m_fill,w_280,h_210,f_jpg?from=ke.com
20241028,丰台,西罗园,101122352842,西罗园二区带电梯南北通透一居客厅大,299万,51217元/平,高楼层 (共14层) 1室1厅 | 58.38平米 | 南 北,https://ke-image.ljcdn.com/110000-inspection/ae5837da-a27d-46f8-a2c8-09dc2f2d19ab_1000.jpg!m_fill,w_280,h_210,f_jpg?from=ke.com
20241028,丰台,西罗园,101122271818,洋桥 西罗园 四路通 双卫 东南向三居室,726万,56750元/平,高楼层 (共26层) 3室1厅 | 127.93平米 | 东南,https://ke-image.ljcdn.com/110000-inspection/87d6a565-c586-4420-930a-edd491e6e1dc_1000.jpg!m_fill,w_280,h_210,f_jpg?from=ke.com
20241028,丰台,西罗园,101122171723,西罗园三区 东南向两居室 采光好 观景房房主自荐,338万,58226元/平,低楼层 (共24层) 2室1厅 | 58.05平米 | 东南,https://ke-image.ljcdn.com/110000-inspection/fb8261c0-0dc8-4be6-a198-7b8b06b467fd_1000.jpg!m_fill,w_280,h_210,f_jpg?from=ke.com
20241028,丰台,西罗园,101121994810,西罗园南里 带装修 诚意出售 大客厅 满五 费点1房主自荐,302万,50418元/平,中楼层 (共6层) 3室1厅 | 59.9平米 | 东 南 西,https://ke-image.ljcdn.com/110000-inspection/27c3e337-48cc-47f9-af71-2e55d570a915_1000.jpg!m_fill,w_280,h_210,f_jpg?from=ke.com
20241028,丰台,西罗园,101121943833,南三环 洋桥 西罗园 宝汇苑三居室房主自荐,830万,49791元/平,高楼层 (共24层) 3室2厅 | 166.7平米 | 东,https://ke-image.ljcdn.com/110000-inspection/af58adbe-d402-4455-93d0-47f88adff290_1000.jpg!m_fill,w_280,h_210,f_jpg?from=ke.com
20241028,丰台,西罗园,101121815229,南三环 南北通透3居 采光好 户型方正 看房方便,288万,37195元/平,顶层 (共6层) 3室1厅 | 77.43平米 | 南 北,https://ke-image.ljcdn.com/110000-inspection/b8605aa8-bcc8-498d-a47e-2c98df9dd9fc_1000.jpg!m_fill,w_280,h_210,f_jpg?from=ke.com
20241028,丰台,西罗园,101121768202,西罗园 大红门 南向一居 户型方正,240万,51086元/平,底层 (共6层) | 1995年 | 1室1厅 | 46.98平米 | 南,https://ke-image.ljcdn.com/110000-inspection/18af5976-0c7b-448a-b3dd-30224c0b55d6_1000.jpg!m_fill,w_280,h_210,f_jpg?from=ke.com
20241028,丰台,西罗园,101121705327,西罗园一区精装修好楼层全明格局,352万,59864元/平,中楼层 (共6层) 2室1厅 | 58.8平米 | 南 北,https://ke-image.ljcdn.com/110000-inspection/13c1bc07-98ea-4e15-bd0e-17259d5da299_1000.jpg!m_fill,w_280,h_210,f_jpg?from=ke.com
20241028,丰台,西罗园,101121686140,西罗园二区 一居室 交通便利 配套齐全 低楼层,179万,38812元/平,低楼层 (共6层) 1室1厅 | 46.12平米 | 西南,https://ke-image.ljcdn.com/110000-inspection/0ee3f683-5ae4-4385-94e3-d06d6d68e0f8_1000.jpg!m_fill,w_280,h_210,f_jpg?from=ke.com
20241028,丰台,西罗园,101121635668,此房满五年家庭名下一套费用少诚心出售看房方便提前约,357万,52255元/平,中楼层 (共16层) | 1996年 | 2室1厅 | 68.32平米 | 东,https://ke-image.ljcdn.com/110000-inspection/876cb479-ff59-4a7d-9115-89f694bed0a9_1000.jpg!m_fill,w_280,h_210,f_jpg?from=ke.com
20241028,丰台,西罗园,101121528615,汇达公寓 精装两居 户型方正 交通便利 业主诚售,510万,55100元/平,高楼层 (共26层) 2室1厅 | 92.56平米 | 东北,https://ke-image.ljcdn.com/110000-inspection/pc1_CjIpqNygS_2.jpg!m_fill,w_280,h_210,f_jpg?from=ke.com
20241028,丰台,西罗园,101121455006,西罗园南里户型方正双卧室朝南近地铁,290万,48479元/平,顶层 (共6层) | 1995年 | 2室1厅 | 59.82平米 | 南,https://ke-image.ljcdn.com/110000-inspection/ed9b7bab-9f1e-4fcd-a000-f2655e0d45a4_1000.jpg!m_fill,w_280,h_210,f_jpg?from=ke.com
20241028,丰台,西罗园,101121403444,洋桥 木樨园 宝汇苑 西南向两居室 近地铁房主自荐,458万,54305元/平,高楼层 (共24层) | 1999年 | 2室1厅 | 84.34平米 | 西南,https://ke-image.ljcdn.com/110000-inspection/6b197d14-0628-4683-af58-251b11aa3139_1000.jpg!m_fill,w_280,h_210,f_jpg?from=ke.com
20241028,丰台,西罗园,101121342568,三环内 宝汇苑 南北向电梯三居 诚意出售 看房方便房主自荐,529万,67535元/平,低楼层 (共24层) | 1999年 | 3室1厅 | 78.33平米 | 南 北,https://ke-image.ljcdn.com/110000-inspection/3d2c5ce5-2754-40eb-a264-084b99238921_1000.jpg!m_fill,w_280,h_210,f_jpg?from=ke.com
20241028,丰台,西罗园,101121181852,华润小区 邻凉水河 视野开阔 采光好 费用少房主自荐,315万,46107元/平,高楼层 (共16层) 2室1厅 | 68.32平米 | 东南,https://ke-image.ljcdn.com/110000-inspection/6458494e-9c2c-4b1a-930d-99bb8258ed3d_1000.jpg!m_fill,w_280,h_210,f_jpg?from=ke.com
20241028,丰台,西罗园,101121067592,南向一居 格局方正 南向大阳台 看房提前约！房主自荐,245万,43852元/平,低楼层 (共20层) | 1996年 | 1室1厅 | 55.87平米 | 南,https://ke-image.ljcdn.com/110000-inspection/a688a450-2d00-4cb3-aed6-c0a362e1eb42_1000.jpg!m_fill,w_280,h_210,f_jpg?from=ke.com
20241028,丰台,西罗园,101121037402,优质好房 西罗园南里 正规三居室,360万,52494元/平,中楼层 (共6层) 3室1厅 | 68.58平米 | 南 北,https://ke-image.ljcdn.com/110000-inspection/d17277df-375f-467d-ac50-496979994af2_1000.jpg!m_fill,w_280,h_210,f_jpg?from=ke.com
20241028,丰台,西罗园,101120984682,南三环 西罗园 西罗园南里 满五唯一 看房方便,260万,47187元/平,顶层 (共6层) 2室1厅 | 55.1平米 | 南 西 北,https://ke-image.ljcdn.com/110000-inspection/99fcd1f4-72cf-4b02-83ad-b744cdd9c8be_1000.jpg!m_fill,w_280,h_210,f_jpg?from=ke.com
20241028,丰台,西罗园,101120965747,丰台区西罗园一区南北通透全明两居室,250万,47710元/平,顶层 (共6层) 2室1厅 | 52.4平米 | 南 北,https://ke-image.ljcdn.com/110000-inspection/6835d2ef-7cef-497f-9125-468c7d40f0f1_1000.jpg!m_fill,w_280,h_210,f_jpg?from=ke.com
20241028,丰台,西罗园,101120921505,西罗园两居满五年随时看房诚意出售,320万,46217元/平,中楼层 (共24层) | 1991年 | 2室1厅 | 69.24平米 | 东北,https://ke-image.ljcdn.com/110000-inspection/pc1_dcHWXuZiP_2.jpg!m_fill,w_280,h_210,f_jpg?from=ke.com
20241028,丰台,西罗园,101120135266,南北通透  格局方正 采光通好  建成年代新,323万,51035元/平,高楼层 (共6层) | 1995年 | 2室1厅 | 63.29平米 | 南 北,https://ke-image.ljcdn.com/110000-inspection/7bd7b243-6ba9-4a10-a263-0b8b554d358f_1000.jpg!m_fill,w_280,h_210,f_jpg?from=ke.com
20241028,丰台,西罗园,101119009519,店长推荐 南三环 洋桥 木樨园 南北通透 明厨明卫,308万,51626元/平,中楼层 (共6层) 2室1厅 | 59.66平米 | 南 北,https://ke-image.ljcdn.com/110000-inspection/53518355-132f-485b-9ea8-b7c4353c8e2c_1000.jpg!m_fill,w_280,h_210,f_jpg?from=ke.com
20241028,丰台,西罗园,101117897305,西罗园南里 南三环 洋桥 木樨园全南向两居室诚心出售,335万,45480元/平,高楼层 (共6层) | 1999年 | 2室1厅 | 73.66平米 | 南,https://ke-image.ljcdn.com/110000-inspection/pc1_ZBrRjszjd.jpg!m_fill,w_280,h_210,f_jpg?from=ke.com
20241028,丰台,西罗园,101117897299,西罗园 南三环 洋桥 木樨园 大红门南向两居室诚心出售,258万,50989元/平,顶层 (共6层) 2室1厅 | 50.6平米 | 南,https://ke-image.ljcdn.com/110000-inspection/e7a1dc79-d742-475e-bb3d-01536f6d4f21_1000.jpg!m_fill,w_280,h_210,f_jpg?from=ke.com
20241028,丰台,西罗园,101117880523,西罗园 洋桥 南三环 木樨园南北两居室诚心出售,268万,49907元/平,中楼层 (共6层) | 1982年 | 2室1厅 | 53.7平米 | 南 北,https://ke-image.ljcdn.com/110000-inspection/pc1_eICufXrMF_1.jpg!m_fill,w_280,h_210,f_jpg?from=ke.com
20241028,丰台,西罗园,101117880127,此房满五年 家庭一套 无抵押无贷款 产权清晰 诚意出售,233万,49501元/平,顶层 (共6层) 1室1厅 | 47.07平米 | 东 西,https://ke-image.ljcdn.com/110000-inspection/pc1_9FPyFc3Os_1.jpg!m_fill,w_280,h_210,f_jpg?from=ke.com
20241028,丰台,西罗园,101117875527,华润小区 南中轴无遮挡半地下采光充足房主自荐,195万,27065元/平,地下室 (共20层) 2室1厅 | 72.05平米 | 西北,https://ke-image.ljcdn.com/110000-inspection/pc1_EHv1NjaDn_1.jpg!m_fill,w_280,h_210,f_jpg?from=ke.com
20241028,丰台,西罗园,101117875493,南三环内宝汇苑 看房方便 业主诚心卖 随时签约房主自荐,439万,48179元/平,中楼层 (共24层) 2室1厅 | 91.12平米 | 东南,https://ke-image.ljcdn.com/110000-inspection/pc1_5xuhvWYVF_1.jpg!m_fill,w_280,h_210,f_jpg?from=ke.com
20241028,丰台,西罗园,101117700836,西罗园三区 电梯一居室 视野不错,259万,47376元/平,顶层 (共12层) 1室1厅 | 54.67平米 | 东南,https://ke-image.ljcdn.com/110000-inspection/35063842-b453-4c67-b40c-ecedaf18ac3a_1000.jpg!m_fill,w_280,h_210,f_jpg?from=ke.com
20241028,丰台,西罗园,101116455475,西罗园一区 3室1厅 东南 北,315万,65625元/平,中楼层 (共6层) 3室1厅 | 48平米 | 东南 北,https://ke-image.ljcdn.com/110000-inspection/10e0895a-bf21-47ff-bc27-7c48eff50287_1000.jpg!m_fill,w_280,h_210,f_jpg?from=ke.com
20241028,丰台,西罗园,101127284190,宝汇苑 3室1厅 南 北新上,539万,60829元/平,低楼层 (共24层) | 1999年 | 3室1厅 | 88.61平米 | 南 北,https://s1.ljcdn.com/pegasus/redskull/images/common/default_house_list.png?_v=202410161653269
20241028,丰台,西罗园,101127190639,华润小区3室 明厅 特殊 双阳台户型    看河景新上,435万,49624元/平,高楼层 (共16层) | 1996年 | 3室1厅 | 87.66平米 | 南 北,https://s1.ljcdn.com/pegasus/redskull/images/common/default_house_list.png?_v=202410161653269
20241028,丰台,西罗园,101127153705,西罗园北路 2室1厅 南 北,325万,59448元/平,中楼层 (共6层) 2室1厅 | 54.67平米 | 南 北,https://s1.ljcdn.com/pegasus/redskull/images/common/default_house_list.png?_v=202410161653269
20241028,丰台,西罗园,101127100435,华润小区 1室1厅 南 北,215万,45765元/平,中楼层 (共6层) | 1995年 | 1室1厅 | 46.98平米 | 南 北,https://s1.ljcdn.com/pegasus/redskull/images/common/default_house_list.png?_v=202410161653269
20241028,丰台,西罗园,101127079117,华润2室 南北 明厅 明卫 全明户型  不是红砖楼,310万,49792元/平,低楼层 (共6层) | 1995年 | 2室1厅 | 62.26平米 | 南 北,https://s1.ljcdn.com/pegasus/redskull/images/common/default_house_list.png?_v=202410161653269
20241028,丰台,西罗园,101126913756,西罗园南里 2室1厅 南 北,280万,56090元/平,中楼层 (共6层) 2室1厅 | 49.92平米 | 南 北,https://s1.ljcdn.com/pegasus/redskull/images/common/default_house_list.png?_v=202410161653269
20241028,丰台,西罗园,101126710961,京品小区 1室1厅 东南房主自荐,425万,62035元/平,低楼层 (共15层) 1室1厅 | 68.51平米 | 东南,https://s1.ljcdn.com/pegasus/redskull/images/common/default_house_list.png?_v=202410161653269
20241028,丰台,西罗园,101126628123,京品小区 3室1厅 南 北,796万,69128元/平,中楼层 (共13层) 3室1厅 | 115.15平米 | 南 北,https://s1.ljcdn.com/pegasus/redskull/images/common/default_house_list.png?_v=202410161653269
20241028,丰台,西罗园,101125949110,宝汇苑西罗园二区三环里电梯直达满五年简单装修,520万,30824元/平,低楼层 (共24层) 4室1厅 | 168.7平米 | 南 北,https://s1.ljcdn.com/pegasus/redskull/images/common/default_house_list.png?_v=202410161653269
20241028,丰台,西罗园,101124698601,西罗园有电梯中间层户型方正带客厅满五唯一！,339万,50447元/平,中楼层 (共18层) 3室1厅 | 67.2平米 | 东 北,https://s1.ljcdn.com/pegasus/redskull/images/common/default_house_list.png?_v=202410161653269
