20241028,西城,车公庄,101126845738,西直门外南路24号院 双南向 精装修 满五年唯一必看好房,778万,94994元/平,中楼层 (共18层) | 1986年 | 2室1厅 | 81.9平米 | 南,https://ke-image.ljcdn.com/110000-inspection/687b98dc-6628-4bee-a6a3-b203e7e36dd5_1000.jpg!m_fill,w_280,h_210,f_jpg?from=ke.com
20241028,西城,车公庄,101126807437,展览路 车公庄 南北通透 户型 业主诚心卖必看好房,585万,107934元/平,中楼层 (共5层) | 1988年 | 2室1厅 | 54.2平米 | 南 北,https://ke-image.ljcdn.com/110000-inspection/19c308b5-353c-4184-b27f-1c2ce83ee35d_1000.jpg!m_fill,w_280,h_210,f_jpg?from=ke.com
20241028,西城,车公庄,101126657708,车公庄北里 中外运央产 两南一北 客厅朝南必看好房,1022万,109893元/平,中楼层 (共6层) 3室1厅 | 93平米 | 南 北,https://ke-image.ljcdn.com/110000-inspection/pc1_jOcNFGt0f.jpg!m_fill,w_280,h_210,f_jpg?from=ke.com
20241028,西城,车公庄,101125864635,满五不唯一 央产 总价 单价 位置 安静必看好房,470万,69527元/平,中楼层 (共4层) | 1956年 | 2室1厅 | 67.6平米 | 北,https://ke-image.ljcdn.com/110000-inspection/pc1_b0Bge4Yuh.jpg!m_fill,w_280,h_210,f_jpg?from=ke.com
20241028,西城,车公庄,101125313387,西直门外大街 双南向 精装两居必看好房,645万,106612元/平,中楼层 (共16层) 2室1厅 | 60.5平米 | 南,https://ke-image.ljcdn.com/110000-inspection/17b0edee-bb16-41b1-ab0f-c656663c901c_1000.jpg!m_fill,w_280,h_210,f_jpg?from=ke.com
20241028,西城,车公庄,101127177878,双南 大阳台  视野棒 阳光满屋  阜成门 展览路必看好房,705万,105382元/平,高楼层 (共18层) 2室1厅 | 66.9平米 | 南,https://ke-image.ljcdn.com/110000-inspection/pc1_jhyVD8ykR_1.jpg!m_fill,w_280,h_210,f_jpg?from=ke.com
20241028,西城,车公庄,101127094221,团结大院 2室1厅 南 北,550万,94502元/平,底层 (共6层) 2室1厅 | 58.2平米 | 南 北,https://ke-image.ljcdn.com/110000-inspection/a99adde2-d825-4391-b7ed-53423d80bb68_1000.jpg!m_fill,w_280,h_210,f_jpg?from=ke.com
20241028,西城,车公庄,101126855243,车公庄 南向两居室 有电梯  户型好费用少,650万,110357元/平,中楼层 (共18层) 2室1厅 | 58.9平米 | 南,https://ke-image.ljcdn.com/110000-inspection/14d6f8f0-69ab-4ca4-b7da-e3259486562e_1000.jpg!m_fill,w_280,h_210,f_jpg?from=ke.com
20241028,西城,车公庄,101126796557,车公庄北里   双南向   两居室,670万,105512元/平,中楼层 (共18层) 2室1厅 | 63.5平米 | 南,https://ke-image.ljcdn.com/110000-inspection/3ef4d988-1b94-43dd-93f0-3a9cda8b4ae6_1000.jpg!m_fill,w_280,h_210,f_jpg?from=ke.com
20241028,西城,车公庄,101126593418,北礼士路1997年一居室 满五年唯一 随时看房签约,430万,93682元/平,低楼层 (共14层) 1室1厅 | 45.9平米 | 西南,https://ke-image.ljcdn.com/110000-inspection/pc1_uswM8dknq_1.jpg!m_fill,w_280,h_210,f_jpg?from=ke.com
20241028,西城,车公庄,101126408706,朝阳庵小区  南北三居室 有钥匙,628万,97820元/平,中楼层 (共4层) 3室1厅 | 64.2平米 | 南 北,https://ke-image.ljcdn.com/110000-inspection/pc1_KMYSPAbVh_1.jpg!m_fill,w_280,h_210,f_jpg?from=ke.com
20241028,西城,车公庄,101125752393,五栋大楼 2004年 楼龄新 带电梯 管理好必看好房,880万,54959元/平,中楼层 (共17层) 3室1厅 | 160.12平米 | 东南,https://ke-image.ljcdn.com/110000-inspection/10ea2685-5725-4d2b-b4bb-887c5c333fa3_1000.jpg!m_fill,w_280,h_210,f_jpg?from=ke.com
20241028,西城,车公庄,101125219174,北礼士路北区 两南一北 方正三居 满五年唯一必看好房,850万,113183元/平,中楼层 (共7层) | 1991年 | 3室1厅 | 75.1平米 | 南 北,https://ke-image.ljcdn.com/110000-inspection/pc1_Gb41OMWsO_1.jpg!m_fill,w_280,h_210,f_jpg?from=ke.com
20241028,西城,车公庄,101125119068,正规三居室户型方正国家体育总局家属院小区干净必看好房,605万,86677元/平,中楼层 (共4层) 3室1厅 | 69.8平米 | 东 西,https://ke-image.ljcdn.com/110000-inspection/a46023a0-4215-457c-8040-158af863b277_1000.jpg!m_fill,w_280,h_210,f_jpg?from=ke.com
20241028,西城,车公庄,101125098136,2003年 正规两室一厅 电梯直达,910万,106433元/平,高楼层 (共22层) 2室1厅 | 85.5平米 | 西,https://ke-image.ljcdn.com/110000-inspection/pc1_yFuxw3AjL.jpg!m_fill,w_280,h_210,f_jpg?from=ke.com
20241028,西城,车公庄,101124884399,车公庄大街北里 电梯房 高楼层采光好必看好房,426万,96381元/平,高楼层 (共19层) | 1985年 | 1室1厅 | 44.2平米 | 东 北,https://ke-image.ljcdn.com/110000-inspection/pc1_bk20nCATN.jpg!m_fill,w_280,h_210,f_jpg?from=ke.com
20241028,西城,车公庄,101124704809,五矿物业 二里沟地铁口 随时看房 精装修,580万,87482元/平,中楼层 (共5层) 3室1厅 | 66.3平米 | 东 西,https://ke-image.ljcdn.com/110000-inspection/7352eea6-5d59-4b71-826f-e8077e8b0442_1000.jpg!m_fill,w_280,h_210,f_jpg?from=ke.com
20241028,西城,车公庄,101124665199,车公庄 北礼士路带电梯一居 东西朝向,460万,108236元/平,中楼层 (共16层) 1室1厅 | 42.5平米 | 东 西,https://ke-image.ljcdn.com/110000-inspection/9b6e23af-3af2-4fea-af3e-3a9cd31b0a1a_1000.jpg!m_fill,w_280,h_210,f_jpg?from=ke.com
20241028,西城,车公庄,101124539769,展览路南北通透三居室 满五年央产房 中间楼层必看好房,680万,88118元/平,中楼层 (共5层) 3室1厅 | 77.17平米 | 南 北,https://ke-image.ljcdn.com/110000-inspection/dcb87c67-22b4-4f18-829b-55670d9f06da_1000.jpg!m_fill,w_280,h_210,f_jpg?from=ke.com
20241028,西城,车公庄,101124436874,车公庄大街 全明格局 中间层 满五年 成本价必看好房,606万,103237元/平,中楼层 (共5层) 2室1厅 | 58.7平米 | 南 北,https://ke-image.ljcdn.com/110000-inspection/pc1_lgTwkkYa8_1.jpg!m_fill,w_280,h_210,f_jpg?from=ke.com
20241028,西城,车公庄,101123673533,车公庄 南北通透 全明格局 非顶层 两居室,558万,95548元/平,高楼层 (共6层) | 1982年 | 2室1厅 | 58.4平米 | 东 南 北,https://ke-image.ljcdn.com/110000-inspection/pc1_XsLlSgMDj_1.jpg!m_fill,w_280,h_210,f_jpg?from=ke.com
20241028,西城,车公庄,101123503506,朝阳庵 小两居 业主诚心出售 看房方便必看好房,398万,98760元/平,中楼层 (共4层) 2室1厅 | 40.3平米 | 东 西,https://ke-image.ljcdn.com/110000-inspection/724f0d8f-0f70-4610-a374-f52f52df5f10_1000.jpg!m_fill,w_280,h_210,f_jpg?from=ke.com
20241028,西城,车公庄,101123199344,进步巷南北两居 中间层  采光采光视野好必看好房,560万,93334元/平,中楼层 (共5层) 3室0厅 | 60平米 | 南 北,https://ke-image.ljcdn.com/110000-inspection/pc1_4UJiiG6ss.jpg!m_fill,w_280,h_210,f_jpg?from=ke.com
20241028,西城,车公庄,101121164200,北礼士路北区独立管理央产院户型方正带电梯两居室必看好房,675万,99119元/平,中楼层 (共12层) | 1994年 | 3室1厅 | 68.1平米 | 东 西,https://ke-image.ljcdn.com/110000-inspection/5891f84d-9e43-46a0-b52c-415ae1a63d59_1000.jpg!m_fill,w_280,h_210,f_jpg?from=ke.com
20241028,西城,车公庄,101121026098,北礼士路北区 东西通透一居室 电梯直达 1990年,515万,121177元/平,高楼层 (共16层) 1室1厅 | 42.5平米 | 东 西,https://ke-image.ljcdn.com/110000-inspection/pc1_Gm3XyYyAx.jpg!m_fill,w_280,h_210,f_jpg?from=ke.com
20241028,西城,车公庄,101126927151,北礼士路北区 1997年带电梯两居室有客厅看房随时必看好房,570万,94842元/平,低楼层 (共14层) 2室1厅 | 60.1平米 | 东南 东,https://ke-image.ljcdn.com/110000-inspection/be3e18a4-ed2a-43e9-ac76-9edc881cdfb5_1000.jpg!m_fill,w_280,h_210,f_jpg?from=ke.com
20241028,西城,车公庄,101126315037,2005年纯商品房小区  南北通透挂东窗必看好房,1299万,106581元/平,底层 (共13层) | 2004年 | 2室2厅 | 121.88平米 | 东 南 北,https://ke-image.ljcdn.com/110000-inspection/pc1_e3Kg5Q9bX.jpg!m_fill,w_280,h_210,f_jpg?from=ke.com
20241028,西城,车公庄,101125619470,满五年唯一只有契税品质社区,3090万,175589元/平,中楼层 (共18层) | 2007年 | 3室2厅 | 175.98平米 | 南 北,https://ke-image.ljcdn.com/110000-inspection/pc1_Ehyuarqfi.jpg!m_fill,w_280,h_210,f_jpg?from=ke.com
20241028,西城,车公庄,101125322760,观缘（锦官苑） 品质社区 人车分流 车位充足房主自荐,2700万,150494元/平,高楼层 (共18层) 3室2厅 | 179.41平米 | 南 北,https://ke-image.ljcdn.com/110000-inspection/pc1_d2ycHIjQZ.jpg!m_fill,w_280,h_210,f_jpg?from=ke.com
20241028,西城,车公庄,101124902490,朝阳庵小区 低楼层 南北通透 明厨明卫 无遮挡,530万,95324元/平,底层 (共5层) 2室1厅 | 55.6平米 | 南 北,https://ke-image.ljcdn.com/110000-inspection/pc1_Vnd7cixZp.jpg!m_fill,w_280,h_210,f_jpg?from=ke.com
20241028,西城,车公庄,101123696710,建筑大学教师家属院 电梯直达 南北通透 诚心出售必看好房,960万,107987元/平,低楼层 (共18层) 3室1厅 | 88.9平米 | 东 南 北,https://ke-image.ljcdn.com/110000-inspection/pc1_MlbwtKgi0.jpg!m_fill,w_280,h_210,f_jpg?from=ke.com
20241028,西城,车公庄,101123143644,北礼士路小区 中楼层 三居室 满五唯一 南北朝向必看好房,748万,112144元/平,中楼层 (共6层) | 1994年 | 3室1厅 | 66.7平米 | 南 北,https://ke-image.ljcdn.com/110000-inspection/pc1_83JCoa0lM.jpg!m_fill,w_280,h_210,f_jpg?from=ke.com
20241028,西城,车公庄,101121256580,官园北礼士路楼龄新总价便宜 诚心出售必看好房,288万,71288元/平,地下室 (共14层) 1室1厅 | 40.4平米 | 西,https://ke-image.ljcdn.com/110000-inspection/pc1_yhuWF4oHd.jpg!m_fill,w_280,h_210,f_jpg?from=ke.com
20241028,西城,车公庄,101120823666,西城区车公庄 南向一居室 满五年唯一房主自荐,420万,101695元/平,中楼层 (共6层) 1室1厅 | 41.3平米 | 南,https://ke-image.ljcdn.com/110000-inspection/pc1_AAYguGJdG.jpg!m_fill,w_280,h_210,f_jpg?from=ke.com
20241028,西城,车公庄,101127128772,金贸中心 1室0厅 西必看好房,260万,40613元/平,高楼层 (共19层) | 2011年 | 1室0厅 | 64.02平米 | 西,https://s1.ljcdn.com/pegasus/redskull/images/common/default_house_list.png?_v=202410161653269
20241028,西城,车公庄,101127190260,郝家湾 南北通透、满五年唯一精装修三居室新上,780万,123223元/平,底层 (共5层) 3室1厅 | 63.3平米 | 南 北,https://ke-image.ljcdn.com/110000-inspection/d96d658f-e024-48a4-9357-b44315b61305_1000.jpg!m_fill,w_280,h_210,f_jpg?from=ke.com
20241028,西城,车公庄,101127113582,文兴街3号院此房满五唯一教委宿舍低楼层总价,538万,93241元/平,中楼层 (共6层) | 1985年 | 2室1厅 | 57.7平米 | 南 北,https://ke-image.ljcdn.com/110000-inspection/119e14d2-63a2-41f7-8e3a-96b886c06826_1000.jpg!m_fill,w_280,h_210,f_jpg?from=ke.com
20241028,西城,车公庄,101127095335,车公庄北里朝东一居 不临街 采光视野好,440万,99548元/平,低楼层 (共19层) | 1987年 | 1室1厅 | 44.2平米 | 东,https://ke-image.ljcdn.com/110000-inspection/4c1467c4-cc8f-4974-bf62-0c60da2e4571_1000.jpg!m_fill,w_280,h_210,f_jpg?from=ke.com
20241028,西城,车公庄,101127076490,车公庄北里 中间层 朝南一居室,399万,92490元/平,中楼层 (共6层) 1室1厅 | 43.14平米 | 南,https://ke-image.ljcdn.com/110000-inspection/c4b2717d-acc4-432c-a1b5-13d8ecff2bad_1000.jpg!m_fill,w_280,h_210,f_jpg?from=ke.com
20241028,西城,车公庄,101127023106,五栋大楼2005年商品房人车分流,1300万,54851元/平,低楼层 (共18层) 3室1厅 | 237.01平米 | 西北,https://ke-image.ljcdn.com/110000-inspection/154bf331-3544-4918-99b2-d5334ccb9533_1000.jpg!m_fill,w_280,h_210,f_jpg?from=ke.com
20241028,西城,车公庄,101126842015,锦官苑无遮挡三居室高楼层采光视野好,2680万,167857元/平,中楼层 (共18层) 3室1厅 | 159.66平米 | 西南,https://ke-image.ljcdn.com/110000-inspection/170c568d-8591-4f2b-b380-694b2cd21cc4_1000.jpg!m_fill,w_280,h_210,f_jpg?from=ke.com
20241028,西城,车公庄,101126829652,榆树馆西里 电梯房 一居 朝南向,485万,105896元/平,低楼层 (共18层) 1室0厅 | 45.8平米 | 南,https://ke-image.ljcdn.com/110000-inspection/86fbe37d-1b7f-4d52-8beb-218e04015ddd_1000.jpg!m_fill,w_280,h_210,f_jpg?from=ke.com
20241028,西城,车公庄,101126688942,北礼士路小区正规一室一厅 满五唯一商品房,455万,110976元/平,高楼层 (共7层) 1室1厅 | 41平米 | 南,https://ke-image.ljcdn.com/110000-inspection/pc1_gdtBQIkvv_1.jpg!m_fill,w_280,h_210,f_jpg?from=ke.com
20241028,西城,车公庄,101126651190,满五年适合贷款购买 朝阳庵大院 南北通透三居室,620万,85049元/平,高楼层 (共6层) 3室1厅 | 72.9平米 | 南 北,https://ke-image.ljcdn.com/110000-inspection/56197057-375f-4d97-8716-1bf9db9c9bf5_1000.jpg!m_fill,w_280,h_210,f_jpg?from=ke.com
20241028,西城,车公庄,101126615041,展览路 车公庄中里 南北通透小三居 采光视野好,550万,96831元/平,顶层 (共5层) | 1982年 | 3室1厅 | 56.8平米 | 南 北,https://ke-image.ljcdn.com/110000-inspection/pc1_VGPmaT862_1.jpg!m_fill,w_280,h_210,f_jpg?from=ke.com
20241028,西城,车公庄,101126524523,西直门外南路南北三居 明厨明卫 高楼层 采光视野好,970万,100832元/平,高楼层 (共18层) | 1985年 | 3室1厅 | 96.2平米 | 东 南 北,https://ke-image.ljcdn.com/110000-inspection/pc1_HeVV1BxYT.jpg!m_fill,w_280,h_210,f_jpg?from=ke.com
20241028,西城,车公庄,101126451748,北礼士路北区 3室1厅 东 西 北,860万,115903元/平,中楼层 (共16层) | 1991年 | 3室1厅 | 74.2平米 | 东 西 北,https://ke-image.ljcdn.com/110000-inspection/edb2577e-cd1f-4e46-939e-fb90e9574e6a_1000.jpg!m_fill,w_280,h_210,f_jpg?from=ke.com
20241028,西城,车公庄,101126400445,车公庄北里 电梯直达 双南向两居室,659万,99849元/平,低楼层 (共19层) | 1985年 | 2室1厅 | 66平米 | 南 西,https://ke-image.ljcdn.com/110000-inspection/pc1_791cimxgC_1.jpg!m_fill,w_280,h_210,f_jpg?from=ke.com
20241028,西城,车公庄,101126355189,满五年唯一   朝向格局方正  交通便利,680万,93536元/平,顶层 (共6层) | 1995年 | 3室1厅 | 72.7平米 | 南 西南,https://ke-image.ljcdn.com/110000-inspection/pc1_F2PkIoGao_1.jpg!m_fill,w_280,h_210,f_jpg?from=ke.com
20241028,西城,车公庄,101126139864,榆树馆西里 2室1厅 南,550万,108268元/平,中楼层 (共6层) 2室1厅 | 50.8平米 | 南,https://ke-image.ljcdn.com/110000-inspection/pc1_reBKMYZoS_1.jpg!m_fill,w_280,h_210,f_jpg?from=ke.com
20241028,西城,车公庄,101126049684,北礼士路北区 1997年楼龄 带电梯 格局灵活,437万,95207元/平,低楼层 (共14层) 1室1厅 | 45.9平米 | 西南,https://ke-image.ljcdn.com/110000-inspection/fefcc9e5-7785-4edc-b240-cbe8f0ec411f_1000.jpg!m_fill,w_280,h_210,f_jpg?from=ke.com
20241028,西城,车公庄,101126017517,车公庄北里 双南向两居室 满5年交通便利,630万,106961元/平,底层 (共18层) 2室1厅 | 58.9平米 | 南,https://ke-image.ljcdn.com/110000-inspection/5a0e84a9-bad9-4a48-b5b0-2a33a106f883_1000.jpg!m_fill,w_280,h_210,f_jpg?from=ke.com
20241028,西城,车公庄,101125877486,北礼士路北区满五唯一三居室带电梯诚心出售,920万,105264元/平,低楼层 (共14层) 3室1厅 | 87.4平米 | 东 西 北,https://ke-image.ljcdn.com/110000-inspection/6701ed3a-e33a-421d-b10a-52058e8a977b_1000.jpg!m_fill,w_280,h_210,f_jpg?from=ke.com
20241028,西城,车公庄,101125869840,外经贸央产中间楼层南北通透停车方便 业主诚售,1554万,109979元/平,中楼层 (共6层) 3室1厅 | 141.3平米 | 南 北,https://ke-image.ljcdn.com/110000-inspection/82e3640c-a390-4b2b-b31b-850a6cd8e112_1000.jpg!m_fill,w_280,h_210,f_jpg?from=ke.com
20241028,西城,车公庄,101125809871,建筑设计研究院家属楼两南一北南北通透有钥匙,890万,117570元/平,中楼层 (共7层) 3室1厅 | 75.7平米 | 南 北,https://ke-image.ljcdn.com/110000-inspection/pc1_yGj0QP6jn.jpg!m_fill,w_280,h_210,f_jpg?from=ke.com
20241028,西城,车公庄,101125803415,地铁2/4/6/13号线4条地铁环绕,600万,103093元/平,高楼层 (共12层) 2室1厅 | 58.2平米 | 西北,https://ke-image.ljcdn.com/110000-inspection/pc1_FFFpgOIcp_1.jpg!m_fill,w_280,h_210,f_jpg?from=ke.com
20241028,西城,车公庄,101125768670,官园车公庄 北礼士路北区南北通透电梯三居 诚意售,850万,112434元/平,高楼层 (共7层) | 1991年 | 3室1厅 | 75.6平米 | 南 北,https://ke-image.ljcdn.com/110000-inspection/pc1_VNDd25HIB_1.jpg!m_fill,w_280,h_210,f_jpg?from=ke.com
20241028,西城,车公庄,101125752437,五栋大楼 2004年 楼龄新 带电梯 管理好,900万,54702元/平,中楼层 (共17层) 3室1厅 | 164.53平米 | 西南,https://ke-image.ljcdn.com/110000-inspection/c211510f-d9a3-49f6-9bc5-d0908de54b23_1000.jpg!m_fill,w_280,h_210,f_jpg?from=ke.com
20241028,西城,车公庄,101125513889,北礼士路北区、98年楼龄近地铁,655万,106852元/平,高楼层 (共6层) | 1998年 | 2室1厅 | 61.3平米 | 西,https://ke-image.ljcdn.com/110000-inspection/cbc80f5a-b847-4774-bd29-544628e946d6_1000.jpg!m_fill,w_280,h_210,f_jpg?from=ke.com
20241028,西城,车公庄,101125380255,九和苑  不临街 24小时物业,1780万,136671元/平,中楼层 (共14层) 3室1厅 | 130.24平米 | 南 北,https://ke-image.ljcdn.com/110000-inspection/pc1_APnoQBmTh_1.jpg!m_fill,w_280,h_210,f_jpg?from=ke.com
20241028,西城,车公庄,101125230853,榆园新居东南一居室大客厅诚心出售楼龄新,730万,102890元/平,低楼层 (共17层) | 2004年 | 1室1厅 | 70.95平米 | 东南,https://ke-image.ljcdn.com/110000-inspection/pc1_brJMPiB9m.jpg!m_fill,w_280,h_210,f_jpg?from=ke.com
20241028,西城,车公庄,101125157132,团结大院朝南向中间层三层不临街户型方正一居室房主自荐,439万,99098元/平,中楼层 (共6层) 1室1厅 | 44.3平米 | 南,https://ke-image.ljcdn.com/110000-inspection/pc1_mr7nfp5o5_1.jpg!m_fill,w_280,h_210,f_jpg?from=ke.com
20241028,西城,车公庄,101125045878,铁路巷 精装 南北通透两居 中间层,598万,103282元/平,中楼层 (共6层) 2室1厅 | 57.9平米 | 南 北,https://ke-image.ljcdn.com/110000-inspection/1268c44c-f567-401d-abc8-f24109d8ceff_1000.jpg!m_fill,w_280,h_210,f_jpg?from=ke.com
20241028,西城,车公庄,101125044901,九和苑小区 南北朝向 正规一居室 高楼层 采光好,900万,121803元/平,高楼层 (共14层) | 2005年 | 1室1厅 | 73.89平米 | 南 北,https://ke-image.ljcdn.com/110000-inspection/68f5225b-11e6-41d0-810a-29b59edd9cbd_1000.jpg!m_fill,w_280,h_210,f_jpg?from=ke.com
20241028,西城,车公庄,101124979630,北礼士路 南向 正规一居 中间层,429万,104127元/平,中楼层 (共6层) 1室1厅 | 41.2平米 | 南,https://ke-image.ljcdn.com/110000-inspection/a4bba9b8-9e7d-4fe4-a9e6-0b8447798678_1000.jpg!m_fill,w_280,h_210,f_jpg?from=ke.com
20241028,西城,车公庄,101124940436,车公庄展览路二里沟动物园文兴街南北两居户型好,560万,97732元/平,中楼层 (共6层) 2室1厅 | 57.3平米 | 南 北,https://ke-image.ljcdn.com/110000-inspection/pc1_vrAR9B0Aq.jpg!m_fill,w_280,h_210,f_jpg?from=ke.com
20241028,西城,车公庄,101124924271,铁路巷满五年唯一双南向精装修两居室,590万,114120元/平,顶层 (共5层) 2室1厅 | 51.7平米 | 南,https://ke-image.ljcdn.com/110000-inspection/pc1_heuiwgUxd.jpg!m_fill,w_280,h_210,f_jpg?from=ke.com
20241028,西城,车公庄,101124845171,西直门车公庄展览路团结大院朝南一居室格局好,420万,92512元/平,顶层 (共6层) 1室1厅 | 45.4平米 | 南,https://ke-image.ljcdn.com/110000-inspection/a69376cf-9097-4b8b-88be-e5dbee3704f8_1000.jpg!m_fill,w_280,h_210,f_jpg?from=ke.com
20241028,西城,车公庄,101124785946,车公庄北里 95年建成楼龄新 费用少 小区有管理,450万,94360元/平,底层 (共6层) | 1995年 | 1室1厅 | 47.69平米 | 南,https://ke-image.ljcdn.com/110000-inspection/pc1_yLC13OiqX.jpg!m_fill,w_280,h_210,f_jpg?from=ke.com
20241028,西城,车公庄,101124731104,电梯 双南向 阳光满屋 视野棒棒 展览路 阜成门,735万,111364元/平,高楼层 (共19层) | 1985年 | 2室1厅 | 66平米 | 南,https://ke-image.ljcdn.com/110000-inspection/6f2c4a67-c4de-4f80-96c8-5df23cdfd4e7_1000.jpg!m_fill,w_280,h_210,f_jpg?from=ke.com
20241028,西城,车公庄,101124669143,榆树馆西里带电梯满五年南北通透大三居室,1100万,112937元/平,中楼层 (共18层) 3室1厅 | 97.4平米 | 南 西 北,https://ke-image.ljcdn.com/110000-inspection/cfa6731c-3c03-408e-a8d8-75d0f7bfd1b2_1000.jpg!m_fill,w_280,h_210,f_jpg?from=ke.com
20241028,西城,车公庄,101124660827,车公庄 北礼士路 电梯直达两居室  中间层,598万,99336元/平,中楼层 (共16层) 2室1厅 | 60.2平米 | 东 西,https://ke-image.ljcdn.com/110000-inspection/abf3f4cd-4166-4af0-b642-b678da2fc43d_1000.jpg!m_fill,w_280,h_210,f_jpg?from=ke.com
20241028,西城,车公庄,101124549493,此房朝南一居室楼层好管理好,399万,104451元/平,底层 (共6层) 1室1厅 | 38.2平米 | 南,https://ke-image.ljcdn.com/110000-inspection/pc1_xa89kblVV.jpg!m_fill,w_280,h_210,f_jpg?from=ke.com
20241028,西城,车公庄,101124441397,五矿集团家属院正规两居室双朝南向满五年且唯一,599万,97876元/平,顶层 (共5层) 2室1厅 | 61.2平米 | 南,https://ke-image.ljcdn.com/110000-inspection/pc1_kdqa3lwQp.jpg!m_fill,w_280,h_210,f_jpg?from=ke.com
20241028,西城,车公庄,101124347480,北礼士路北区 南北通透一居室 精装修,395万,95874元/平,低楼层 (共9层) | 1995年 | 1室1厅 | 41.2平米 | 南 北,https://ke-image.ljcdn.com/110000-inspection/92850ab9-21cf-477f-b261-3676f1ba09c3_1000.jpg!m_fill,w_280,h_210,f_jpg?from=ke.com
20241028,西城,车公庄,101124340560,满五楼龄新有电梯双朝南楼层高视野好,760万,99477元/平,高楼层 (共13层) | 1991年 | 2室1厅 | 76.4平米 | 南,https://ke-image.ljcdn.com/110000-inspection/pc1_govDV5K9z.jpg!m_fill,w_280,h_210,f_jpg?from=ke.com
20241028,西城,车公庄,101124334356,大客厅 南北通透 精装 中外运家属院 展览路 阜成门,690万,94263元/平,顶层 (共6层) 2室1厅 | 73.2平米 | 南 北,https://ke-image.ljcdn.com/110000-inspection/0a8b8217-dc34-4984-9a8e-6973f290cce2_1000.jpg!m_fill,w_280,h_210,f_jpg?from=ke.com
20241028,西城,车公庄,101124244893,榆树馆西里建行小区电梯三居室,1100万,112937元/平,低楼层 (共18层) 3室1厅 | 97.4平米 | 南 东北,https://ke-image.ljcdn.com/110000-inspection/d3356d91-7bea-4b06-9bd0-da7456da3c04_1000.jpg!m_fill,w_280,h_210,f_jpg?from=ke.com
20241028,西城,车公庄,101124203078,车公庄 铁路巷 南北  精装 2居 低楼层,618万,106736元/平,底层 (共6层) 2室1厅 | 57.9平米 | 南 北,https://ke-image.ljcdn.com/110000-inspection/pc1_kIELrNZFW.jpg!m_fill,w_280,h_210,f_jpg?from=ke.com
20241028,西城,车公庄,101123916349,朝阳庵小区双南两居采光充足视野好,670万,109478元/平,顶层 (共5层) 2室1厅 | 61.2平米 | 南,https://ke-image.ljcdn.com/110000-inspection/dfb95e18-5605-4dc4-bb30-382deada25a6_1000.jpg!m_fill,w_280,h_210,f_jpg?from=ke.com
20241028,西城,车公庄,101123828650,车公庄大街北里 电梯房 公房社区家属楼,605万,98056元/平,中楼层 (共19层) | 1985年 | 2室1厅 | 61.7平米 | 西 北,https://ke-image.ljcdn.com/110000-inspection/c9fe1c5b-be34-4db3-8645-51850c7306c2_1000.jpg!m_fill,w_280,h_210,f_jpg?from=ke.com
20241028,西城,车公庄,101123780939,西直门外大街102号院 国家京剧院家属院房主自荐,655万,115521元/平,底层 (共16层) 2室1厅 | 56.7平米 | 南 北,https://ke-image.ljcdn.com/110000-inspection/pc1_hKeTmDw0O.jpg!m_fill,w_280,h_210,f_jpg?from=ke.com
20241028,西城,车公庄,101123634742,车公庄 南北朝向 两居室 中底楼层 前后无遮挡 采光好,640万,112875元/平,中楼层 (共5层) 2室1厅 | 56.7平米 | 南 北,https://ke-image.ljcdn.com/110000-inspection/a5a5a3e3-63a5-4498-92ce-a69376256db3_1000.jpg!m_fill,w_280,h_210,f_jpg?from=ke.com
20241028,西城,车公庄,101123622177,北礼士路北区 精装修 采光无遮挡 有电梯,629万,104140元/平,顶层 (共12层) 2室1厅 | 60.4平米 | 西,https://ke-image.ljcdn.com/110000-inspection/78815ec5-a052-445d-93de-9eea73c3bf92_1000.jpg!m_fill,w_280,h_210,f_jpg?from=ke.com
20241028,西城,车公庄,101123594231,车公庄大街 楼龄新电梯双朝南采光视野好,764万,100000元/平,高楼层 (共13层) | 1991年 | 2室1厅 | 76.4平米 | 南,https://ke-image.ljcdn.com/110000-inspection/91796ae4-cd37-4127-9288-3e6c601122c5_1000.jpg!m_fill,w_280,h_210,f_jpg?from=ke.com
20241028,西城,车公庄,101123499897,车公庄北里 东北向三居室精装修满5年,780万,106850元/平,底层 (共6层) | 1995年 | 3室1厅 | 73平米 | 东北,https://ke-image.ljcdn.com/110000-inspection/9769721c-6bdf-48d8-8604-b1c1530fb124_1000.jpg!m_fill,w_280,h_210,f_jpg?from=ke.com
20241028,西城,车公庄,101123346504,车公庄铁路巷小三居 诚意售 安静不吵,606万,106879元/平,中楼层 (共5层) 3室0厅 | 56.7平米 | 南 北,https://ke-image.ljcdn.com/110000-inspection/pc1_Hyh8L8wEg.jpg!m_fill,w_280,h_210,f_jpg?from=ke.com
20241028,西城,车公庄,101123294562,新华里12号院 2004年楼龄,748万,125063元/平,底层 (共18层) 2室1厅 | 59.81平米 | 西,https://ke-image.ljcdn.com/110000-inspection/pc1_rjUCr680v.jpg!m_fill,w_280,h_210,f_jpg?from=ke.com
20241028,西城,车公庄,101123291939,郝家湾 东南向两居室 满五年唯一,599万,101183元/平,顶层 (共5层) 2室1厅 | 59.2平米 | 东 南,https://ke-image.ljcdn.com/110000-inspection/e59962f7-4f6e-4277-948a-a83ef650d76b_1000.jpg!m_fill,w_280,h_210,f_jpg?from=ke.com
20241028,西城,车公庄,101123181061,西直门外南路21号院 中科院 环境好,488万,92128元/平,顶层 (共6层) 2室1厅 | 52.97平米 | 南 北,https://ke-image.ljcdn.com/110000-inspection/59d56d09-89e3-4e66-af7b-a17318be60d6_1000.jpg!m_fill,w_280,h_210,f_jpg?from=ke.com
20241028,西城,车公庄,101122399843,车公庄北里    装修好    交通便利  1995年建成,460万,94070元/平,地下室 (共6层) | 1995年 | 2室1厅 | 48.9平米 | 西北,https://ke-image.ljcdn.com/110000-inspection/pc1_KZG9kcWFJ.jpg!m_fill,w_280,h_210,f_jpg?from=ke.com
20241028,西城,车公庄,101122390303,铁路巷 2室1厅 南 北,615万,106218元/平,底层 (共6层) 2室1厅 | 57.9平米 | 南 北,https://ke-image.ljcdn.com/110000-inspection/pc1_lArNNzAO8.jpg!m_fill,w_280,h_210,f_jpg?from=ke.com
20241028,西城,车公庄,101122351964,五栋大楼2005年商品房适合三代人居住,1750万,119716元/平,中楼层 (共16层) 3室1厅 | 146.18平米 | 东北,https://ke-image.ljcdn.com/110000-inspection/pc1_vSZt5fpzI_1.jpg!m_fill,w_280,h_210,f_jpg?from=ke.com
20241028,西城,车公庄,101122316158,车公庄北里 高楼层 精装修 不临街,556万,96028元/平,高楼层 (共6层) 2室1厅 | 57.9平米 | 南 北,https://ke-image.ljcdn.com/110000-inspection/pc1_fvL2UEhBD_1.jpg!m_fill,w_280,h_210,f_jpg?from=ke.com
20241028,西城,车公庄,101122250979,西直门车公庄铁路巷两居室精装修采光好视野好房主自荐,495万,119855元/平,顶层 (共6层) 2室1厅 | 41.3平米 | 南,https://ke-image.ljcdn.com/110000-inspection/pc1_hVggTcugW.jpg!m_fill,w_280,h_210,f_jpg?from=ke.com
20241028,西城,车公庄,101122035612,车公庄中里 低楼层 双南两居 适合老人居住,660万,97346元/平,底层 (共4层) 2室1厅 | 67.8平米 | 南,https://ke-image.ljcdn.com/110000-inspection/pc1_0IMcUoWz3_1.jpg!m_fill,w_280,h_210,f_jpg?from=ke.com
20241028,西城,车公庄,101121642177,文兴街 南北通透两居室 精装修,566万,98779元/平,底层 (共6层) 2室1厅 | 57.3平米 | 南 北,https://ke-image.ljcdn.com/110000-inspection/pc1_29D1AIbyz.jpg!m_fill,w_280,h_210,f_jpg?from=ke.com
20241028,西城,车公庄,101121273439,官园车公庄03年建成带电梯大客厅业主诚心出售,920万,106841元/平,低楼层 (共22层) 2室1厅 | 86.11平米 | 东,https://ke-image.ljcdn.com/110000-inspection/pc1_ZUXWJlDb2.jpg!m_fill,w_280,h_210,f_jpg?from=ke.com
20241028,西城,车公庄,101121270347,进步巷小区  南北通透三居室  高楼层采光好,650万,87015元/平,顶层 (共6层) 3室1厅 | 74.7平米 | 南 北,https://ke-image.ljcdn.com/110000-inspection/pc1_Vo1TncRsB.jpg!m_fill,w_280,h_210,f_jpg?from=ke.com
20241028,西城,车公庄,101121104762,团结大院 南北通透两居 采光视野好,560万,125280元/平,顶层 (共6层) 2室1厅 | 44.7平米 | 南 北,https://ke-image.ljcdn.com/110000-inspection/pc1_4RXapYXNy.jpg!m_fill,w_280,h_210,f_jpg?from=ke.com
20241028,西城,车公庄,101120859049,西直门进步巷 低楼层 双南两居室,660万,106281元/平,低楼层 (共6层) 2室1厅 | 62.1平米 | 南,https://ke-image.ljcdn.com/110000-inspection/pc1_b5Dvar9hT.jpg!m_fill,w_280,h_210,f_jpg?from=ke.com
20241028,西城,车公庄,101120680793,朝阳庵 田字格户型 明厨明卫 低楼层 上下楼方便,656万,97765元/平,底层 (共5层) 3室1厅 | 67.1平米 | 东 西,https://ke-image.ljcdn.com/110000-inspection/pc1_Da5x9OA9d.jpg!m_fill,w_280,h_210,f_jpg?from=ke.com
20241028,西城,车公庄,101120487857,北礼士路东南一居室 满五年唯一住房 随时看房和签约,440万,116403元/平,底层 (共7层) 1室1厅 | 37.8平米 | 东南,https://ke-image.ljcdn.com/110000-inspection/pc1_gZxPeIQkH.jpg!m_fill,w_280,h_210,f_jpg?from=ke.com
20241028,西城,车公庄,101119923443,车公庄中里外文局央产小区 24小时保安,358万,100001元/平,底层 (共4层) 1室1厅 | 35.8平米 | 北,https://ke-image.ljcdn.com/110000-inspection/22f93620-5b6d-4385-9425-54bf2ed99550_1000.jpg!m_fill,w_280,h_210,f_jpg?from=ke.com
20241028,西城,车公庄,101119904910,车公庄北里 双南向高楼层采光好有电梯,676万,109563元/平,中楼层 (共19层) | 1988年 | 2室1厅 | 61.7平米 | 南,https://ke-image.ljcdn.com/110000-inspection/pc1_I73X7Fm9q.jpg!m_fill,w_280,h_210,f_jpg?from=ke.com
20241028,西城,车公庄,101119808507,榆树馆西里一居室有电梯朝南向精装修,565万,147520元/平,低楼层 (共18层) 1室1厅 | 38.3平米 | 南,https://ke-image.ljcdn.com/110000-inspection/pc1_PgDUAqDHC.jpg!m_fill,w_280,h_210,f_jpg?from=ke.com
20241028,西城,车公庄,101119450849,车公庄北里  带客厅两居室 小区环境好有物业管理,745万,120746元/平,底层 (共19层) | 1985年 | 2室1厅 | 61.7平米 | 西 北,https://ke-image.ljcdn.com/110000-inspection/pc1_V6ibhkgBW.jpg!m_fill,w_280,h_210,f_jpg?from=ke.com
20241028,西城,车公庄,101119080272,九和苑南北通透精装修一层安静满五唯一诚心出售房主自荐,1630万,134301元/平,底层 (共13层) 2室2厅 | 121.37平米 | 南 北,https://ke-image.ljcdn.com/110000-inspection/pc1_IYEAYxGkE.jpg!m_fill,w_280,h_210,f_jpg?from=ke.com
20241028,西城,车公庄,101118784123,车公庄中里 全南两居室 采光好 视野开阔,580万,102113元/平,顶层 (共6层) 2室1厅 | 56.8平米 | 南,https://ke-image.ljcdn.com/110000-inspection/pc1_4VRQzJq9u.jpg!m_fill,w_280,h_210,f_jpg?from=ke.com
20241028,西城,车公庄,101118197144,北礼士路北区 满五唯一 电梯直达 高楼层 楼龄新,550万,129412元/平,中楼层 (共16层) | 1990年 | 1室1厅 | 42.5平米 | 东,https://ke-image.ljcdn.com/110000-inspection/pc1_XVDSOCrim.jpg!m_fill,w_280,h_210,f_jpg?from=ke.com
20241028,西城,车公庄,101117995776,车公庄北里东南两居室满五年诚心出售房主自荐,780万,116942元/平,底层 (共18层) 2室1厅 | 66.7平米 | 东 南,https://ke-image.ljcdn.com/110000-inspection/pc1_eTatOrXrw.jpg!m_fill,w_280,h_210,f_jpg?from=ke.com
20241028,西城,车公庄,101117740618,满五年成本价 2004年的房子 有电梯 随时看房,780万,130413元/平,低楼层 (共18层) 2室1厅 | 59.81平米 | 西,https://ke-image.ljcdn.com/110000-inspection/pc1_cPNveYO17.jpg!m_fill,w_280,h_210,f_jpg?from=ke.com
20241028,西城,车公庄,101116381520,锦官苑无遮挡两居室全明格局诚心出售,2090万,186175元/平,低楼层 (共18层) | 2007年 | 2室1厅 | 112.26平米 | 西 南,https://ke-image.ljcdn.com/110000-inspection/pc1_lawQCQ2vJ.jpg!m_fill,w_280,h_210,f_jpg?from=ke.com
20241028,西城,车公庄,101127291432,铁路局家属院 双南两居室 诚意出售新上,570万,110252元/平,顶层 (共5层) 2室1厅 | 51.7平米 | 南,https://ke-image.ljcdn.com/110000-inspection/pc1_8C9hBchG8.jpg!m_fill,w_280,h_210,f_jpg?from=ke.com
20241028,西城,车公庄,101127235680,朝阳庵 2室1厅 南 北新上,405万,104382元/平,中楼层 (共4层) 2室1厅 | 38.8平米 | 南 北,https://ke-image.ljcdn.com/110000-inspection/ff1cba10-26f4-4bbb-9efc-386cd2af4b58_1000.jpg!m_fill,w_280,h_210,f_jpg?from=ke.com
20241028,西城,车公庄,101127197988,车公庄甲5两居室双卧朝南挂东窗采光好前后无遮挡新上,676万,101047元/平,中楼层 (共13层) | 1991年 | 2室1厅 | 66.9平米 | 南 东南,https://ke-image.ljcdn.com/110000-inspection/10b55b81-f1f9-46eb-8f0e-7373c5e683de_1000.jpg!m_fill,w_280,h_210,f_jpg?from=ke.com
20241028,西城,车公庄,101127184472,车公庄 高楼层有电梯 两居室 采光好新上,656万,98945元/平,高楼层 (共19层) | 1988年 | 2室1厅 | 66.3平米 | 东北,https://ke-image.ljcdn.com/110000-inspection/2754ffb5-caa5-420f-8801-2f6500b8e164_1000.jpg!m_fill,w_280,h_210,f_jpg?from=ke.com
20241028,西城,车公庄,101127176339,车公庄北里两居带小小区管理好出行便利房主自荐,580万,100000元/平,顶层 (共6层) 2室1厅 | 58平米 | 南 北,https://ke-image.ljcdn.com/110000-inspection/pc1_3LEApVObn_1.jpg!m_fill,w_280,h_210,f_jpg?from=ke.com
20241028,西城,车公庄,101127114595,车公庄大街北里 东南三居室 看房方便,700万,95891元/平,底层 (共6层) | 1995年 | 3室1厅 | 73平米 | 东南,https://ke-image.ljcdn.com/110000-inspection/pc1_51KezELMA.jpg!m_fill,w_280,h_210,f_jpg?from=ke.com
20241028,西城,车公庄,101127084762,1991年建成 北礼士路北区 南北一居室,396万,96586元/平,顶层 (共7层) 1室1厅 | 41平米 | 南 北,https://ke-image.ljcdn.com/110000-inspection/a72169e1-5940-4eaf-9707-c56b621558e5_1000.jpg!m_fill,w_280,h_210,f_jpg?from=ke.com
20241028,西城,车公庄,101126932307,车公庄北里 满五年唯一两居室 看房随时方便,575万,106878元/平,中楼层 (共6层) | 1995年 | 2室1厅 | 53.8平米 | 东,https://ke-image.ljcdn.com/110000-inspection/3f696da5-68bd-4168-b8fa-96bd988dc1fb_1000.jpg!m_fill,w_280,h_210,f_jpg?from=ke.com
20241028,西城,车公庄,101126924934,北礼士路1994年 中再央产大院 满五年 随时签约,1300万,111017元/平,顶层 (共12层) | 1994年 | 3室2厅 | 117.1平米 | 西南,https://ke-image.ljcdn.com/110000-inspection/pc1_VlBm0YgZz.jpg!m_fill,w_280,h_210,f_jpg?from=ke.com
20241028,西城,车公庄,101126865485,朝阳庵 精装修两居室低楼层 不临街,446万,100451元/平,底层 (共6层) | 1991年 | 2室1厅 | 44.4平米 | 南 北,https://ke-image.ljcdn.com/110000-inspection/6842c805-6e4a-4200-928b-b20c045e0b5d_1000.jpg!m_fill,w_280,h_210,f_jpg?from=ke.com
20241028,西城,车公庄,101126824652,车公庄北里 1室1厅 南房主自荐,600万,108304元/平,高楼层 (共22层) 1室1厅 | 55.4平米 | 南,https://ke-image.ljcdn.com/110000-inspection/14ad4ae1-1bcf-4b70-8ab9-f6d2c93d1105_1000.jpg!m_fill,w_280,h_210,f_jpg?from=ke.com
20241028,西城,车公庄,101126791373,车公庄北里精装两居室独立管理人车分流你值得拥有,900万,109091元/平,顶层 (共6层) 2室1厅 | 82.5平米 | 南 北,https://ke-image.ljcdn.com/110000-inspection/7e4f685c-539b-42f0-9fbc-10f2274a3729_1000.jpg!m_fill,w_280,h_210,f_jpg?from=ke.com
20241028,西城,车公庄,101126688318,建筑大学家属楼 南北通透 明厨明卫房主自荐,568万,88889元/平,顶层 (共6层) 2室1厅 | 63.9平米 | 南 北,https://ke-image.ljcdn.com/110000-inspection/pc1_tbSgbQNhH.jpg!m_fill,w_280,h_210,f_jpg?from=ke.com
20241028,西城,车公庄,101126535942,车公庄北里 1995年小区 东南三居室随时看房签,798万,109316元/平,中楼层 (共6层) | 1995年 | 3室1厅 | 73平米 | 东南,https://ke-image.ljcdn.com/110000-inspection/pc1_xvsZT8SUy.jpg!m_fill,w_280,h_210,f_jpg?from=ke.com
20241028,西城,车公庄,101126456910,西直门外南路 电梯三居 改造名单内房主自荐,998万,103743元/平,中楼层 (共18层) | 1984年 | 3室1厅 | 96.2平米 | 东 南 北,https://ke-image.ljcdn.com/110000-inspection/58eaa5d1-7938-4cf6-99c9-dcb868fc1bdb_1000.jpg!m_fill,w_280,h_210,f_jpg?from=ke.com
20241028,西城,车公庄,101126188559,车公庄北里精装两居 高楼层 不临街 采光视野好,599万,97083元/平,高楼层 (共19层) | 1988年 | 2室1厅 | 61.7平米 | 西北,https://ke-image.ljcdn.com/110000-inspection/pc1_C73Eu5DHQ.jpg!m_fill,w_280,h_210,f_jpg?from=ke.com
20241028,西城,车公庄,101126100398,西直门外南路21号院 中科院 朝南小户型,390万,118542元/平,底层 (共6层) 1室1厅 | 32.9平米 | 南,https://ke-image.ljcdn.com/110000-inspection/pc1_Cjl7nDwV1_1.jpg!m_fill,w_280,h_210,f_jpg?from=ke.com
20241028,西城,车公庄,101126081725,郝家湾三居室中间层方正户型小区有管理,690万,105667元/平,中楼层 (共5层) 3室1厅 | 65.3平米 | 东 南 西,https://ke-image.ljcdn.com/110000-inspection/pc1_w3KFSXMWl_1.jpg!m_fill,w_280,h_210,f_jpg?from=ke.com
20241028,西城,车公庄,101125939045,北礼士路北区 正规两居室14.4平米客厅1998年,540万,88092元/平,顶层 (共6层) 2室1厅 | 61.3平米 | 西,https://ke-image.ljcdn.com/110000-inspection/pc1_Er2h1o3p4.jpg!m_fill,w_280,h_210,f_jpg?from=ke.com
20241028,西城,车公庄,101125689524,车公庄北里 精装修 有客厅衣帽间双朝南两居室,680万,107087元/平,顶层 (共18层) 2室1厅 | 63.5平米 | 南,https://ke-image.ljcdn.com/110000-inspection/pc1_1ewNycmXe.jpg!m_fill,w_280,h_210,f_jpg?from=ke.com
20241028,西城,车公庄,101125574970,车公庄中里南北两居室 临地铁看房方便,570万,87023元/平,底层 (共4层) 2室1厅 | 65.5平米 | 南 北,https://ke-image.ljcdn.com/110000-inspection/pc1_3pEcyB8tS.jpg!m_fill,w_280,h_210,f_jpg?from=ke.com
20241028,西城,车公庄,101125230777,展览路 车公庄电梯一居 视野开阔,475万,103037元/平,顶层 (共18层) 1室1厅 | 46.1平米 | 南,https://ke-image.ljcdn.com/110000-inspection/941e43b1-3094-4a61-95dc-e9a2f9817a20_1000.jpg!m_fill,w_280,h_210,f_jpg?from=ke.com
20241028,西城,车公庄,101125133974,锦官苑精装修满五年唯一诚心出售只有契税,2650万,145063元/平,中楼层 (共18层) 3室2厅 | 182.68平米 | 东 南 北,https://ke-image.ljcdn.com/110000-inspection/pc1_OTrtyEtsb.jpg!m_fill,w_280,h_210,f_jpg?from=ke.com
20241028,西城,车公庄,101125105651,九和苑 新华里10号院 西直门 车公庄,1660万,134424元/平,高楼层 (共13层) 2室2厅 | 123.49平米 | 南 北,https://ke-image.ljcdn.com/110000-inspection/f8b40641-9bbc-44af-bd51-94cea7a239d8_1000.jpg!m_fill,w_280,h_210,f_jpg?from=ke.com
20241028,西城,车公庄,101124682174,朝南一居室户型方正采光好没有遮挡,399万,92576元/平,顶层 (共6层) | 1984年 | 1室1厅 | 43.1平米 | 南,https://ke-image.ljcdn.com/110000-inspection/pc1_8g2wwtWGw.jpg!m_fill,w_280,h_210,f_jpg?from=ke.com
20241028,西城,车公庄,101124623705,国家京剧院宿舍 朝南三居 电梯直达  停车方便,960万,107503元/平,高楼层 (共16层) 3室1厅 | 89.3平米 | 南,https://ke-image.ljcdn.com/110000-inspection/pc1_uE8QYj5Px.jpg!m_fill,w_280,h_210,f_jpg?from=ke.com
20241028,西城,车公庄,101124542080,九和苑2005年商品房满五年唯一,925万,125187元/平,中楼层 (共14层) | 2005年 | 1室1厅 | 73.89平米 | 南 北,https://ke-image.ljcdn.com/110000-inspection/pc1_gR9fxhRiS.jpg!m_fill,w_280,h_210,f_jpg?from=ke.com
20241028,西城,车公庄,101123716471,五栋大楼 南北朝向 户型好 楼层好 视野开阔 采光足,4044万,128528元/平,高楼层 (共13层) 6室2厅 | 314.64平米 | 南 西 北,https://ke-image.ljcdn.com/110000-inspection/0d3cae01-612a-401e-b1eb-ba42eccfd479_1000.jpg!m_fill,w_280,h_210,f_jpg?from=ke.com
20241028,西城,车公庄,101123586165,车公庄北里 95年板楼 朝南一居室 满五年唯一,490万,101893元/平,底层 (共6层) | 1995年 | 1室1厅 | 48.09平米 | 南,https://ke-image.ljcdn.com/110000-inspection/pc1_OIRIoBH5R.jpg!m_fill,w_280,h_210,f_jpg?from=ke.com
20241028,西城,车公庄,101123109759,锦官苑板楼无遮挡南北三居南北花园,3980万,199569元/平,低楼层 (共18层) 3室2厅 | 199.43平米 | 南 北,https://ke-image.ljcdn.com/110000-inspection/pc1_wQtTLEgq5_1.jpg!m_fill,w_280,h_210,f_jpg?from=ke.com
20241028,西城,车公庄,101123076819,中国科学研究院家属院小区管理完善看房随时方便房主自荐,540万,90757元/平,顶层 (共6层) 2室1厅 | 59.5平米 | 南 北,https://ke-image.ljcdn.com/110000-inspection/pc1_MnJD1rKyP.jpg!m_fill,w_280,h_210,f_jpg?from=ke.com
20241028,西城,车公庄,101122421384,客厅有窗户南北通透三居阳光正好物业单独管理,1020万,109678元/平,顶层 (共6层) 3室1厅 | 93平米 | 南 北,https://ke-image.ljcdn.com/110000-inspection/pc1_3i9egXYXo.jpg!m_fill,w_280,h_210,f_jpg?from=ke.com
20241028,西城,车公庄,101121109928,朝阳庵精装两居室双朝南向视野开阔、采光充足,610万,99674元/平,中楼层 (共5层) 2室1厅 | 61.2平米 | 南,https://ke-image.ljcdn.com/110000-inspection/pc1_U3y7lw5pK.jpg!m_fill,w_280,h_210,f_jpg?from=ke.com
20241028,西城,车公庄,101119006771,西外铁路巷  展览路 中间层 南北通透,640万,110536元/平,中楼层 (共6层) 2室1厅 | 57.9平米 | 南 北,https://ke-image.ljcdn.com/110000-inspection/pc1_hbGp3MDgN.jpg!m_fill,w_280,h_210,f_jpg?from=ke.com
20241028,西城,车公庄,101118669315,车公庄 朝阳庵 中间楼层 三居室 业主急售房主自荐,690万,99568元/平,中楼层 (共4层) | 1958年 | 3室1厅 | 69.3平米 | 东 西 南,https://ke-image.ljcdn.com/110000-inspection/044b5a2a-47e9-4079-b61f-fe171936b37a_1000.jpg!m_fill,w_280,h_210,f_jpg?from=ke.com
20241028,西城,车公庄,101118658391,五栋大楼顶层复式一梯一户诚心出售,4200万,133508元/平,高楼层 (共13层) | 2006年 | 5室2厅 | 314.59平米 | 南 北 东,https://ke-image.ljcdn.com/110000-inspection/pc1_wZYlwG27I.jpg!m_fill,w_280,h_210,f_jpg?from=ke.com
20241028,西城,车公庄,101118594888,西城车公庄朝阳庵大院南北通透双明卫不临街,880万,95757元/平,底层 (共2层) 3室1厅 | 91.9平米 | 南 北,https://ke-image.ljcdn.com/110000-inspection/pc1_iSoPgYyjM.jpg!m_fill,w_280,h_210,f_jpg?from=ke.com
20241028,西城,车公庄,101127109207,郝家湾 2室1厅 南 北,599万,101183元/平,顶层 (共5层) 2室1厅 | 59.2平米 | 南 北,https://s1.ljcdn.com/pegasus/redskull/images/common/default_house_list.png?_v=202410161653269
20241028,西城,车公庄,101127073206,建筑设计院央产 朝南一居室 采光充足,450万,113066元/平,中楼层 (共4层) 1室1厅 | 39.8平米 | 南,https://s1.ljcdn.com/pegasus/redskull/images/common/default_house_list.png?_v=202410161653269
20241028,西城,车公庄,101126976145,金贸大厦C座高层无遮挡户型方正,476万,37947元/平,中楼层 (共21层) 3室2厅 | 125.44平米 | 南 北,https://s1.ljcdn.com/pegasus/redskull/images/common/default_house_list.png?_v=202410161653269
20241028,西城,车公庄,101126975983,金贸中心高层 户型方正 无遮挡视野开阔,906万,38598元/平,中楼层 (共21层) 4室2厅 | 234.73平米 | 南 北,https://s1.ljcdn.com/pegasus/redskull/images/common/default_house_list.png?_v=202410161653269
20241028,西城,车公庄,101126914320,金贸中心朝东开间 采光视野好 不临街 无遮挡房主自荐,270万,40657元/平,中楼层 (共19层) | 2011年 | 1室0厅 | 66.41平米 | 东,https://s1.ljcdn.com/pegasus/redskull/images/common/default_house_list.png?_v=202410161653269
20241028,西城,车公庄,101126756303,西直门 金贸中心 朝西无遮挡采光好,250万,37645元/平,低楼层 (共19层) | 2011年 | 1室1厅 | 66.41平米 | 西,https://s1.ljcdn.com/pegasus/redskull/images/common/default_house_list.png?_v=202410161653269
20241028,西城,车公庄,101126672845,金贸中心朝北精品好房 不临街 环境好 楼龄新,580万,42026元/平,低楼层 (共15层) | 2011年 | 2室2厅 | 138.01平米 | 北,https://s1.ljcdn.com/pegasus/redskull/images/common/default_house_list.png?_v=202410161653269
20241028,西城,车公庄,101126560563,车公庄中里 2室0厅 南,580万,84945元/平,顶层 (共4层) 2室0厅 | 68.28平米 | 南,https://s1.ljcdn.com/pegasus/redskull/images/common/default_house_list.png?_v=202410161653269
20241028,西城,车公庄,101126123953,金贸中心精品好房 环境管理好,440万,43865元/平,低楼层 (共15层) | 2011年 | 1室1厅 | 100.31平米 | 北,https://s1.ljcdn.com/pegasus/redskull/images/common/default_house_list.png?_v=202410161653269
20241028,西城,车公庄,101126055710,西直门 金贸中心 视野好 落地窗,275万,41410元/平,中楼层 (共19层) | 2011年 | 1室1厅 | 66.41平米 | 西,https://s1.ljcdn.com/pegasus/redskull/images/common/default_house_list.png?_v=202410161653269
20241028,西城,车公庄,101126004362,金贸大厦 朝东 中间层 视野不错,270万,42175元/平,中楼层 (共19层) | 2011年 | 1室0厅 | 64.02平米 | 东,https://s1.ljcdn.com/pegasus/redskull/images/common/default_house_list.png?_v=202410161653269
20241028,西城,车公庄,101125874356,团结大院 1室1厅 南,425万,100711元/平,中楼层 (共6层) 1室1厅 | 42.2平米 | 南,https://s1.ljcdn.com/pegasus/redskull/images/common/default_house_list.png?_v=202410161653269
20241028,西城,车公庄,101125378360,金贸中心朝东精品好房环境好租金高管理不错,236万,36864元/平,中楼层 (共19层) | 2011年 | 1室1厅 | 64.02平米 | 东,https://s1.ljcdn.com/pegasus/redskull/images/common/default_house_list.png?_v=202410161653269
20241028,西城,车公庄,101124999721,九和苑 新华里10号院 南北全明户型,1475万,118789元/平,低楼层 (共13层) 2室2厅 | 124.17平米 | 东 南 北,https://s1.ljcdn.com/pegasus/redskull/images/common/default_house_list.png?_v=202410161653269
20241028,西城,车公庄,101124935635,西直门 金贸中心 西直门外大街,263万,39603元/平,低楼层 (共19层) | 2011年 | 1室1厅 | 66.41平米 | 西,https://s1.ljcdn.com/pegasus/redskull/images/common/default_house_list.png?_v=202410161653269
20241028,西城,车公庄,101124092872,朝阳庵南北通透精装修楼层好采光好诚心出售,495万,89190元/平,中楼层 (共5层) 2室1厅 | 55.5平米 | 南 北,https://s1.ljcdn.com/pegasus/redskull/images/common/default_house_list.png?_v=202410161653269
20241028,西城,车公庄,101123549553,金贸中心朝东向精装修户型好房源,236万,36864元/平,低楼层 (共19层) | 2011年 | 1室0厅 | 64.02平米 | 东,https://s1.ljcdn.com/pegasus/redskull/images/common/default_house_list.png?_v=202410161653269
20241028,西城,车公庄,101123177384,金贸中心朝南 环境好视野佳楼层户型好,910万,52917元/平,中楼层 (共15层) | 2011年 | 3室2厅 | 171.97平米 | 南 北,https://s1.ljcdn.com/pegasus/redskull/images/common/default_house_list.png?_v=202410161653269
20241028,西城,车公庄,101123096082,金贸中心朝北好房 户型方正 环境好 管理严格,650万,47099元/平,低楼层 (共15层) | 2011年 | 3室1厅 | 138.01平米 | 北,https://s1.ljcdn.com/pegasus/redskull/images/common/default_house_list.png?_v=202410161653269
20241028,西城,车公庄,101122682991,金贸中心朝北精品好房 高楼层 视野好可观西山,450万,41487元/平,高楼层 (共15层) | 2011年 | 1室1厅 | 108.47平米 | 北,https://s1.ljcdn.com/pegasus/redskull/images/common/default_house_list.png?_v=202410161653269
20241028,西城,车公庄,101122632133,金贸中心高楼层精装修采光好,550万,48924元/平,顶层 (共19层) | 2011年 | 2室1厅 | 112.42平米 | 西南,https://s1.ljcdn.com/pegasus/redskull/images/common/default_house_list.png?_v=202410161653269
20241028,西城,车公庄,101118915083,金贸中心西南向带电梯精装修户型好房源,460万,54118元/平,低楼层 (共19层) | 2011年 | 1室1厅 | 85平米 | 西南,https://s1.ljcdn.com/pegasus/redskull/images/common/default_house_list.png?_v=202410161653269
