20241022,朝阳,健翔桥,101126785626,丝竹园小区94年钢混诚心卖通透户型必看好房,311万,52190元/平,高楼层 (共9层) | 1994年 | 2室1厅 | 59.59平米 | 东 西,https://ke-image.ljcdn.com/110000-inspection/pc1_LYWh43muJ_1.jpg!m_fill,w_280,h_210,f_jpg?from=ke.com
20241022,朝阳,健翔桥,101126681783,华严北里小区92年电梯直达 钢混全明格局必看好房,360万,63515元/平,低楼层 (共18层) 2室0厅 | 56.68平米 | 东,https://ke-image.ljcdn.com/110000-inspection/pc1_5fYOE9PPn_1.jpg!m_fill,w_280,h_210,f_jpg?from=ke.com
20241022,朝阳,健翔桥,101126452425,满五年央产房电梯直双南两居采光好视野好必看好房,450万,72406元/平,中楼层 (共16层) 2室1厅 | 62.15平米 | 南,https://ke-image.ljcdn.com/110000-inspection/pc1_sVKL8fMmO_1.jpg!m_fill,w_280,h_210,f_jpg?from=ke.com
20241022,朝阳,健翔桥,101126447586,马甸经典高楼层视野好看房方便满五年唯一必看好房,430万,66636元/平,高楼层 (共24层) 1室1厅 | 64.53平米 | 北,https://ke-image.ljcdn.com/110000-inspection/a783ed91-e361-4986-9de2-c6fe77a6d25b_1000.jpg!m_fill,w_280,h_210,f_jpg?from=ke.com
20241022,朝阳,健翔桥,101123878552,满五唯一 经典小两居 中间层 有钥匙看房随时必看好房,299万,60283元/平,中楼层 (共6层) 2室1厅 | 49.6平米 | 东北,https://ke-image.ljcdn.com/110000-inspection/pc1_VV25EJAyy.jpg!m_fill,w_280,h_210,f_jpg?from=ke.com
20241022,朝阳,健翔桥,101127027054,94年钢混带电梯东南采光好必看好房,399万,66958元/平,高楼层 (共9层) | 1994年 | 2室1厅 | 59.59平米 | 东南,https://ke-image.ljcdn.com/110000-inspection/9a25b9f0-ea92-4b8f-80fd-2886e54717ac_1000.jpg!m_fill,w_280,h_210,f_jpg?from=ke.com
20241022,朝阳,健翔桥,101126899841,市民政局单位物业自管94年钢混近地铁满五唯一,440万,68440元/平,中楼层 (共11层) | 1994年 | 2室1厅 | 64.29平米 | 东 西,https://ke-image.ljcdn.com/110000-inspection/69e7cf39-86fe-45e9-a642-7a0f1b492c8a_1000.jpg!m_fill,w_280,h_210,f_jpg?from=ke.com
20241022,朝阳,健翔桥,101126795645,文化部家属楼封闭独院管理南北通透前后无遮挡,608万,70314元/平,顶层 (共6层) 3室1厅 | 86.47平米 | 南 北,https://ke-image.ljcdn.com/110000-inspection/27ae9794-12f5-47b6-9c42-eee4e0b4725c_1000.jpg!m_fill,w_280,h_210,f_jpg?from=ke.com
20241022,朝阳,健翔桥,101126777227,安翔里小区 2室1厅 南 北必看好房,299万,48335元/平,顶层 (共6层) | 1989年 | 2室1厅 | 61.86平米 | 南 北,https://ke-image.ljcdn.com/110000-inspection/1265db51-3b52-4850-b4d6-7b5cf07ef85b_1000.jpg!m_fill,w_280,h_210,f_jpg?from=ke.com
20241022,朝阳,健翔桥,101126722883,中石油家属楼 1995年钢混  电梯直达  高层视房主自荐,450万,69189元/平,高楼层 (共18层) | 1995年 | 3室1厅 | 65.04平米 | 西南,https://ke-image.ljcdn.com/110000-inspection/pc1_zgFIvQ6vd_1.jpg!m_fill,w_280,h_210,f_jpg?from=ke.com
20241022,朝阳,健翔桥,101126644847,华严北里小区原中石油单位分房满五年唯一,460万,68729元/平,中楼层 (共18层) | 1995年 | 2室1厅 | 66.93平米 | 东南,https://ke-image.ljcdn.com/110000-inspection/pc1_IS0ApnlVA_1.jpg!m_fill,w_280,h_210,f_jpg?from=ke.com
20241022,朝阳,健翔桥,101126608238,安翔里小区 2室1厅 南 北必看好房,560万,64324元/平,中楼层 (共14层) | 2000年 | 2室1厅 | 87.06平米 | 南 北,https://ke-image.ljcdn.com/110000-inspection/pc1_2jZbPdMYq_1.jpg!m_fill,w_280,h_210,f_jpg?from=ke.com
20241022,朝阳,健翔桥,101126571778,华严北里1号院航天局宿舍满五唯一诚意出售,900万,91510元/平,中楼层 (共14层) 2室1厅 | 98.35平米 | 东 南,https://ke-image.ljcdn.com/110000-inspection/2fa0eb9f-003c-47dc-8b5a-a20259729fbd_1000.jpg!m_fill,w_280,h_210,f_jpg?from=ke.com
20241022,朝阳,健翔桥,101126563496,北四环丝竹园 田字格三居室 低楼层 南北向 无遮挡,619万,72687元/平,低楼层 (共6层) 3室1厅 | 85.16平米 | 南 北,https://ke-image.ljcdn.com/110000-inspection/pc1_gfKCM4sIH_1.jpg!m_fill,w_280,h_210,f_jpg?from=ke.com
20241022,朝阳,健翔桥,101126326126,凌云名苑 2013年南北通透三室两卫 户型方正必看好房,1500万,91873元/平,中楼层 (共11层) | 2014年 | 3室2厅 | 163.27平米 | 南 北,https://ke-image.ljcdn.com/110000-inspection/03a2dff1-042b-4304-85e3-dadb52357c39_1000.jpg!m_fill,w_280,h_210,f_jpg?from=ke.com
20241022,朝阳,健翔桥,101126264818,华严北里4号院 3室1厅 南 北,528万,66324元/平,高楼层 (共6层) | 1982年 | 3室1厅 | 79.61平米 | 南 北,https://ke-image.ljcdn.com/110000-inspection/pc1_egwb8We6b_1.jpg!m_fill,w_280,h_210,f_jpg?from=ke.com
20241022,朝阳,健翔桥,101126109906,安翔里小区 南向  采光好 低楼层,298万,70483元/平,低楼层 (共6层) 1室1厅 | 42.28平米 | 南,https://ke-image.ljcdn.com/110000-inspection/pc1_PBD4CQ0tn_1.jpg!m_fill,w_280,h_210,f_jpg?from=ke.com
20241022,朝阳,健翔桥,101125986450,华严里  西南全明格局两居  近地铁 停车方便,515万,75469元/平,低楼层 (共16层) 2室1厅 | 68.24平米 | 南 西,https://ke-image.ljcdn.com/110000-inspection/pc1_xWNyHYRs6_1.jpg!m_fill,w_280,h_210,f_jpg?from=ke.com
20241022,朝阳,健翔桥,101125920769,京民社区 电梯直达大3居 近地铁物业管理好,558万,62571元/平,低楼层 (共14层) | 1987年 | 3室1厅 | 89.18平米 | 东北,https://ke-image.ljcdn.com/110000-inspection/pc1_9fGrgXD9a_1.jpg!m_fill,w_280,h_210,f_jpg?from=ke.com
20241022,朝阳,健翔桥,101125808770,华严北里小区 精装 大客厅 无遮挡 楼层好必看好房,315万,58420元/平,中楼层 (共6层) | 1991年 | 2室1厅 | 53.92平米 | 西北,https://ke-image.ljcdn.com/110000-inspection/951c8791-493e-42b5-ad5f-4c343ea5efb9_1000.jpg!m_fill,w_280,h_210,f_jpg?from=ke.com
20241022,朝阳,健翔桥,101125536228,华严北里 满五年唯一 自然资源部单位分房 南北通透,640万,74100元/平,底层 (共6层) 3室1厅 | 86.37平米 | 南 北,https://ke-image.ljcdn.com/110000-inspection/pc1_fg6u0fBuM_1.jpg!m_fill,w_280,h_210,f_jpg?from=ke.com
20241022,朝阳,健翔桥,101125499195,安翔里小区 2室1厅 南 北必看好房,305万,53519元/平,顶层 (共6层) 2室1厅 | 56.99平米 | 南 北,https://ke-image.ljcdn.com/110000-inspection/pc1_mwdtaqCSh_1.jpg!m_fill,w_280,h_210,f_jpg?from=ke.com
20241022,朝阳,健翔桥,101125481120,华严北里全明格局93年钢混有电梯满两年,428万,67711元/平,低楼层 (共18层) | 2018年 | 2室1厅 | 63.21平米 | 东 南,https://ke-image.ljcdn.com/110000-inspection/4f271bfb-9a28-439b-8fa2-96294b1a35ec_1000.jpg!m_fill,w_280,h_210,f_jpg?from=ke.com
20241022,朝阳,健翔桥,101125397056,中科院两居室满五年唯一电梯直达双卧朝南,468万,75302元/平,中楼层 (共16层) 2室1厅 | 62.15平米 | 南,https://ke-image.ljcdn.com/110000-inspection/pc1_YEGfWNAE4_1.jpg!m_fill,w_280,h_210,f_jpg?from=ke.com
20241022,朝阳,健翔桥,101125211615,华严北里8号院南向两居全明格局视野开阔采光好,808万,96744元/平,高楼层 (共28层) 2室1厅 | 83.52平米 | 南,https://ke-image.ljcdn.com/110000-inspection/e3b1c0cb-c124-42e6-a7f6-424dd0bc88b3_1000.jpg!m_fill,w_280,h_210,f_jpg?from=ke.com
20241022,朝阳,健翔桥,101123968904,华严北里2号院 京民社区 中间层一居,270万,75293元/平,中楼层 (共5层) | 1990年 | 1室1厅 | 35.86平米 | 南,https://ke-image.ljcdn.com/110000-inspection/pc1_o5L0sp73L.jpg!m_fill,w_280,h_210,f_jpg?from=ke.com
20241022,朝阳,健翔桥,101123894725,亚奥阳光双卫大两居客厅落地窗,920万,75158元/平,中楼层 (共12层) | 2004年 | 2室1厅 | 122.41平米 | 东南,https://ke-image.ljcdn.com/110000-inspection/pc1_wOsRvH9x2_1.jpg!m_fill,w_280,h_210,f_jpg?from=ke.com
20241022,朝阳,健翔桥,101123127192,此房满五唯一电梯直达南向采光好近地铁管理好必看好房,450万,67731元/平,低楼层 (共16层) 2室1厅 | 66.44平米 | 西南,https://ke-image.ljcdn.com/110000-inspection/pc1_HQxQ30gWN.jpg!m_fill,w_280,h_210,f_jpg?from=ke.com
20241022,朝阳,健翔桥,101123096417,地震局央产房社区 低楼层 离地铁健德门站550米必看好房,428万,74813元/平,中楼层 (共5层) | 1979年 | 2室1厅 | 57.21平米 | 南 北,https://ke-image.ljcdn.com/110000-inspection/pc1_xmpm5Bbq9_1.jpg!m_fill,w_280,h_210,f_jpg?from=ke.com
20241022,朝阳,健翔桥,101121535809,北四环内单价7.8万板楼三层不临街户型通透房主自荐,615万,73556元/平,中楼层 (共6层) 3室1厅 | 83.61平米 | 东南 西北,https://ke-image.ljcdn.com/110000-inspection/pc1_vyxB32W5i_1.jpg!m_fill,w_280,h_210,f_jpg?from=ke.com
20241022,朝阳,健翔桥,101121365427,华严里 层高3.15米 精装全明通透两居 停车免费 急售必看好房,380万,56189元/平,中楼层 (共5层) 2室1厅 | 67.63平米 | 东 西,https://ke-image.ljcdn.com/110000-inspection/34795d66-9902-4408-b52a-327d06111fa9_1000.jpg!m_fill,w_280,h_210,f_jpg?from=ke.com
20241022,朝阳,健翔桥,101119987870,华严北里两居室高楼层全明格局业主诚意出售,385万,75343元/平,高楼层 (共18层) 2室0厅 | 51.1平米 | 东,https://ke-image.ljcdn.com/110000-inspection/4eb0d4a7-4f8e-417a-ad78-5b625b75e0a1_1000.jpg!m_fill,w_280,h_210,f_jpg?from=ke.com
20241022,朝阳,健翔桥,101127064263,民政局近地铁超市单位自管94年钢混诚意出售新上,338万,67117元/平,低楼层 (共11层) | 1993年 | 1室1厅 | 50.36平米 | 西,https://ke-image.ljcdn.com/110000-inspection/pc1_VKhcqR1NQ_1.jpg!m_fill,w_280,h_210,f_jpg?from=ke.com
20241022,朝阳,健翔桥,101126998566,供电局家属院南北通透满五唯一前后无遮挡,369万,67398元/平,高楼层 (共6层) | 1986年 | 2室1厅 | 54.75平米 | 南 北,https://ke-image.ljcdn.com/110000-inspection/3e520184-3d04-41b5-882a-208e4e7c01bf_1000.jpg!m_fill,w_280,h_210,f_jpg?from=ke.com
20241022,朝阳,健翔桥,101126906581,华严北里小区 3室2厅 南 北,870万,83008元/平,低楼层 (共6层) | 1991年 | 3室2厅 | 104.81平米 | 南 北,https://ke-image.ljcdn.com/110000-inspection/2ab9a4ec-7c4d-4961-88b6-da327efbf8ed_1000.jpg!m_fill,w_280,h_210,f_jpg?from=ke.com
20241022,朝阳,健翔桥,101126903603,南北通透田字格三居南北双阳台 1995年钢混结构,818万,88856元/平,高楼层 (共6层) | 1995年 | 3室1厅 | 92.06平米 | 南 北,https://ke-image.ljcdn.com/110000-inspection/pc1_OrnR9OIkW_1.jpg!m_fill,w_280,h_210,f_jpg?from=ke.com
20241022,朝阳,健翔桥,101126751575,华严北里4号院 地震局小区 南向精装一居 全明格局必看好房,315万,79828元/平,底层 (共6层) 1室1厅 | 39.46平米 | 南,https://ke-image.ljcdn.com/110000-inspection/pc1_RyP9gG6B4.jpg!m_fill,w_280,h_210,f_jpg?from=ke.com
20241022,朝阳,健翔桥,101126701744,北四环外一层下跃博洛尼精装修满五年必看好房,1050万,48788元/平,底层 (共23层) | 2001年 | 3室2厅 | 215.22平米 | 南,https://ke-image.ljcdn.com/110000-inspection/pc1_KZ3N05uIV_1.jpg!m_fill,w_280,h_210,f_jpg?from=ke.com
20241022,朝阳,健翔桥,101126500820,正规两居满五唯一阳光充足看房随时随时可签约,990万,68755元/平,低楼层 (共32层) | 2000年 | 2室2厅 | 143.99平米 | 西,https://ke-image.ljcdn.com/110000-inspection/1ccd3c30-2990-4a89-83e5-b122a7a016f3_1000.jpg!m_fill,w_280,h_210,f_jpg?from=ke.com
20241022,朝阳,健翔桥,101126259628,华严北里中科院南北通透 有钥匙随时看房,715万,98908元/平,底层 (共6层) 3室1厅 | 72.29平米 | 南 北,https://ke-image.ljcdn.com/110000-inspection/5e231e32-e984-41ea-9022-8f46f6ae7e4a_1000.jpg!m_fill,w_280,h_210,f_jpg?from=ke.com
20241022,朝阳,健翔桥,101125908128,安翔南里全明格局两居室满五唯一必看好房,335万,66707元/平,底层 (共5层) 2室1厅 | 50.22平米 | 南,https://ke-image.ljcdn.com/110000-inspection/pc1_32QbTpfIZ_1.jpg!m_fill,w_280,h_210,f_jpg?from=ke.com
20241022,朝阳,健翔桥,101124449645,华亭嘉园A座楼座全南朝向满五唯一,1350万,67544元/平,低楼层 (共32层) | 2000年 | 3室1厅 | 199.87平米 | 南,https://ke-image.ljcdn.com/110000-inspection/pc1_nT6QbgPqU_1.jpg!m_fill,w_280,h_210,f_jpg?from=ke.com
20241022,朝阳,健翔桥,101123564013,丝竹园  带电梯 两居室  房龄新 适合公积金贷款必看好房,300万,50345元/平,中楼层 (共9层) 2室1厅 | 59.59平米 | 东 西,https://ke-image.ljcdn.com/110000-inspection/ab0fd561-0073-452a-a99e-7d82732925f7_1000.jpg!m_fill,w_280,h_210,f_jpg?from=ke.com
20241022,朝阳,健翔桥,101126578047,航天511研究所板楼已加电梯满五唯一诚意卖,325万,74662元/平,顶层 (共6层) 1室1厅 | 43.53平米 | 南,https://s1.ljcdn.com/pegasus/redskull/images/common/default_house_list.png?_v=202410161653269
20241022,朝阳,健翔桥,101125241363,华严北里小区积水潭医院分房独立管理 满五年唯一,588万,71015元/平,中楼层 (共6层) | 1997年 | 2室2厅 | 82.8平米 | 南 北,https://s1.ljcdn.com/pegasus/redskull/images/common/default_house_list.png?_v=202410161653269
20241022,朝阳,健翔桥,101127052744,北四环安翔南里低楼层南北双通透双阳台三居室！新上,610万,70955元/平,底层 (共6层) 3室1厅 | 85.97平米 | 南 北,https://ke-image.ljcdn.com/110000-inspection/fcc4034b-d708-46bf-94f6-a6f3bf6641b3_1000.jpg!m_fill,w_280,h_210,f_jpg?from=ke.com
20241022,朝阳,健翔桥,101127039334,华严北里 高层西南两居 诚心出售  明厨明卫大客厅,480万,75938元/平,高楼层 (共18层) 2室1厅 | 63.21平米 | 西南,https://ke-image.ljcdn.com/110000-inspection/pc1_y9bcRd9Ot.jpg!m_fill,w_280,h_210,f_jpg?from=ke.com
20241022,朝阳,健翔桥,101127017454,华严里2号院    东西通透       中间层新上,460万,71752元/平,中楼层 (共6层) 2室1厅 | 64.11平米 | 东 西,https://ke-image.ljcdn.com/110000-inspection/94ddae29-750e-4423-b2f4-1859a93aef22_1000.jpg!m_fill,w_280,h_210,f_jpg?from=ke.com
20241022,朝阳,健翔桥,101126992536,华严北里2号院 民政单位 精装修拎包入住新上,560万,78115元/平,顶层 (共6层) | 1985年 | 3室1厅 | 71.69平米 | 南 北,https://ke-image.ljcdn.com/110000-inspection/09b37630-807e-4bc7-9749-94502eed44f2_1000.jpg!m_fill,w_280,h_210,f_jpg?from=ke.com
20241022,朝阳,健翔桥,101126932068,丝竹园小区 3室1厅 南 北,500万,67359元/平,高楼层 (共6层) 3室1厅 | 74.23平米 | 南 北,https://ke-image.ljcdn.com/110000-inspection/6fe48f32-c712-4d1c-98f7-232866553230_1000.jpg!m_fill,w_280,h_210,f_jpg?from=ke.com
20241022,朝阳,健翔桥,101126919470,安翔里西院 中间层南向不临街 环境好 满五唯一,288万,68834元/平,中楼层 (共6层) | 1990年 | 1室1厅 | 41.84平米 | 南,https://ke-image.ljcdn.com/110000-inspection/29222920-96c7-4a2e-9feb-f9cbdcbf3064_1000.jpg!m_fill,w_280,h_210,f_jpg?from=ke.com
20241022,朝阳,健翔桥,101126917503,华严北里9号院小区安静不临街有老人可优先考虑,549万,81346元/平,底层 (共6层) 3室1厅 | 67.49平米 | 南 北,https://ke-image.ljcdn.com/110000-inspection/5aa91f8e-4b82-4b20-8bbf-35830cc07a6f_1000.jpg!m_fill,w_280,h_210,f_jpg?from=ke.com
20241022,朝阳,健翔桥,101126856203,中科院  全明格局两居  全新精装修 一天未住房主自荐,490万,80447元/平,顶层 (共16层) 2室1厅 | 60.91平米 | 东 北,https://ke-image.ljcdn.com/110000-inspection/pc1_2OVTdsHnu_1.jpg!m_fill,w_280,h_210,f_jpg?from=ke.com
20241022,朝阳,健翔桥,101126798441,此房满五年唯一小区环境好管理好电梯直达,750万,74941元/平,高楼层 (共14层) | 1995年 | 3室1厅 | 100.08平米 | 东 西 北,https://ke-image.ljcdn.com/110000-inspection/pc1_0wH0ym4yH_1.jpg!m_fill,w_280,h_210,f_jpg?from=ke.com
20241022,朝阳,健翔桥,101126751085,华亭嘉园精装两居室内层高3.6米视野开阔！房主自荐,1180万,81515元/平,高楼层 (共32层) | 2000年 | 2室2厅 | 144.76平米 | 西,https://ke-image.ljcdn.com/110000-inspection/pc1_WzCGsQ1pM_1.jpg!m_fill,w_280,h_210,f_jpg?from=ke.com
20241022,朝阳,健翔桥,101126734005,安翔里小区 2室1厅 南 北,370万,62374元/平,高楼层 (共6层) 2室1厅 | 59.32平米 | 南 北,https://ke-image.ljcdn.com/110000-inspection/pc1_G6gXaOmux_1.jpg!m_fill,w_280,h_210,f_jpg?from=ke.com
20241022,朝阳,健翔桥,101126698705,华亭嘉园景观房四居方正格局三卧东南向采光好,1850万,77722元/平,中楼层 (共32层) 4室2厅 | 238.03平米 | 东南 北,https://ke-image.ljcdn.com/110000-inspection/pc1_XUU07r2ut_1.jpg!m_fill,w_280,h_210,f_jpg?from=ke.com
20241022,朝阳,健翔桥,101126691567,安翔里小区 3室1厅 东 南 北,478万,70533元/平,顶层 (共5层) | 1982年 | 3室1厅 | 67.77平米 | 东 南 北,https://ke-image.ljcdn.com/110000-inspection/299e60a2-d8fc-4f00-87b1-621733c796ed_1000.jpg!m_fill,w_280,h_210,f_jpg?from=ke.com
20241022,朝阳,健翔桥,101126688129,精装修三居 南北通透 朝南大客厅 1999年建成,890万,90503元/平,高楼层 (共6层) 3室1厅 | 98.34平米 | 南 北,https://ke-image.ljcdn.com/110000-inspection/pc1_I8mKKLfaT_1.jpg!m_fill,w_280,h_210,f_jpg?from=ke.com
20241022,朝阳,健翔桥,101126687966,安翔里小区南北大两居室户型方正三个阳台,612万,72667元/平,中楼层 (共12层) | 2001年 | 2室1厅 | 84.22平米 | 北 南,https://ke-image.ljcdn.com/110000-inspection/pc1_LCaZNk0se_1.jpg!m_fill,w_280,h_210,f_jpg?from=ke.com
20241022,朝阳,健翔桥,101126684996,华严北里4号院  满五年 唯一   地震局分房,385万,62714元/平,高楼层 (共6层) | 1988年 | 2室1厅 | 61.39平米 | 南 北,https://ke-image.ljcdn.com/110000-inspection/pc1_o6iLTJyc1.jpg!m_fill,w_280,h_210,f_jpg?from=ke.com
20241022,朝阳,健翔桥,101126668866,北四环健翔桥丝竹园南北通透满五唯一温馨小两居,330万,57292元/平,高楼层 (共6层) | 1994年 | 2室1厅 | 57.6平米 | 南 北,https://ke-image.ljcdn.com/110000-inspection/pc1_y2n0tG6Qt_1.jpg!m_fill,w_280,h_210,f_jpg?from=ke.com
20241022,朝阳,健翔桥,101126644102,华严北里小区 2室1厅 东南,495万,81805元/平,中楼层 (共18层) | 1992年 | 2室1厅 | 60.51平米 | 东南,https://ke-image.ljcdn.com/110000-inspection/pc1_Z905dXPvI_1.jpg!m_fill,w_280,h_210,f_jpg?from=ke.com
20241022,朝阳,健翔桥,101126638372,30万精装修两居东西通透一层多8平米诚意出售房主自荐,399万,68043元/平,底层 (共6层) | 2000年 | 2室1厅 | 58.64平米 | 东 西,https://ke-image.ljcdn.com/110000-inspection/012061b0-b674-4d84-9d4d-1c1b73d6246f_1000.jpg!m_fill,w_280,h_210,f_jpg?from=ke.com
20241022,朝阳,健翔桥,101126638239,微电子所单位院全南二局室独立物业管理车位充足,370万,70827元/平,顶层 (共5层) 2室1厅 | 52.24平米 | 南,https://ke-image.ljcdn.com/110000-inspection/pc1_PPBZxoMXa_1.jpg!m_fill,w_280,h_210,f_jpg?from=ke.com
20241022,朝阳,健翔桥,101126636291,安翔南里 音乐学院 南北通透全明格局随时面谈,355万,58572元/平,高楼层 (共6层) 2室1厅 | 60.61平米 | 北 南,https://ke-image.ljcdn.com/110000-inspection/d5606f0b-1c6d-42df-b950-f1f45a2008f5_1000.jpg!m_fill,w_280,h_210,f_jpg?from=ke.com
20241022,朝阳,健翔桥,101126621892,华严北里中科院 3室1厅 南 北,708万,92902元/平,中楼层 (共6层) 3室1厅 | 76.21平米 | 南 北,https://ke-image.ljcdn.com/110000-inspection/pc1_5FCP9pkGz_1.jpg!m_fill,w_280,h_210,f_jpg?from=ke.com
20241022,朝阳,健翔桥,101126610709,亚奥人家 2室1厅 东南,790万,64829元/平,高楼层 (共22层) 2室1厅 | 121.86平米 | 东南,https://ke-image.ljcdn.com/110000-inspection/eec97f9f-e369-4af3-8ad6-124ac9560eb8_1000.jpg!m_fill,w_280,h_210,f_jpg?from=ke.com
20241022,朝阳,健翔桥,101126596047,马甸经典家园 精装修  商品房,780万,79422元/平,中楼层 (共18层) | 2001年 | 3室1厅 | 98.21平米 | 西北,https://ke-image.ljcdn.com/110000-inspection/pc1_OZwWZT9qP_1.jpg!m_fill,w_280,h_210,f_jpg?from=ke.com
20241022,朝阳,健翔桥,101126558293,华亭嘉园 南向大客厅三居室 满五年唯一 精装修,1550万,76657元/平,中楼层 (共32层) 3室2厅 | 202.2平米 | 西南,https://ke-image.ljcdn.com/110000-inspection/42ffffff-5e29-4868-ab40-7f36c8c5af04_1000.jpg!m_fill,w_280,h_210,f_jpg?from=ke.com
20241022,朝阳,健翔桥,101126543524,供电局南向一居室电梯直达高板楼满五唯一,315万,63740元/平,低楼层 (共14层) | 1986年 | 1室1厅 | 49.42平米 | 南,https://ke-image.ljcdn.com/110000-inspection/pc1_SVARg7mlx_1.jpg!m_fill,w_280,h_210,f_jpg?from=ke.com
20241022,朝阳,健翔桥,101126522170,华严北里9号院 2室1厅 西南 北,520万,84279元/平,底层 (共6层) 2室1厅 | 61.7平米 | 西南 北,https://ke-image.ljcdn.com/110000-inspection/492f9457-c550-4e35-b8ee-f5e71535d424_1000.jpg!m_fill,w_280,h_210,f_jpg?from=ke.com
20241022,朝阳,健翔桥,101126507035,北四环 丝竹园 田字格三居室 南北向 采光棒,619万,72687元/平,高楼层 (共6层) 3室1厅 | 85.16平米 | 南 北,https://ke-image.ljcdn.com/110000-inspection/a0600042-d8cf-43ae-a270-f125870d1453_1000.jpg!m_fill,w_280,h_210,f_jpg?from=ke.com
20241022,朝阳,健翔桥,101126501295,华严北里2号院 2室1厅 东 西,418万,75234元/平,中楼层 (共6层) | 1989年 | 2室1厅 | 55.56平米 | 东 西,https://ke-image.ljcdn.com/110000-inspection/pc1_6cIuEkDNk_1.jpg!m_fill,w_280,h_210,f_jpg?from=ke.com
20241022,朝阳,健翔桥,101126467534,丝竹园小区 2室1厅 西北,360万,62403元/平,中楼层 (共16层) 2室1厅 | 57.69平米 | 西北,https://ke-image.ljcdn.com/110000-inspection/532fd581-2c36-4cea-afb2-2a26ed72514b_1000.jpg!m_fill,w_280,h_210,f_jpg?from=ke.com
20241022,朝阳,健翔桥,101126457850,60万精装修两居鸟巢水立方500米 04年电梯直达,828万,78232元/平,低楼层 (共12层) | 2004年 | 2室1厅 | 105.84平米 | 东 北,https://ke-image.ljcdn.com/110000-inspection/pc1_8FHeCSjUV_1.jpg!m_fill,w_280,h_210,f_jpg?from=ke.com
20241022,朝阳,健翔桥,101126452606,地震局精装全明3居 看房随时 产权干净,580万,72856元/平,高楼层 (共6层) 3室1厅 | 79.61平米 | 南 北,https://ke-image.ljcdn.com/110000-inspection/pc1_r2kJtJ9QB_1.jpg!m_fill,w_280,h_210,f_jpg?from=ke.com
20241022,朝阳,健翔桥,101126448278,华严北里2号院 3层通透2居 产权清晰随时签约,480万,73406元/平,低楼层 (共11层) | 1994年 | 2室1厅 | 65.39平米 | 东 西,https://ke-image.ljcdn.com/110000-inspection/pc1_uuG15G5Ng_1.jpg!m_fill,w_280,h_210,f_jpg?from=ke.com
20241022,朝阳,健翔桥,101126384013,华盛乐章 3室1厅 西南,820万,74390元/平,中楼层 (共23层) 3室1厅 | 110.23平米 | 西南,https://ke-image.ljcdn.com/110000-inspection/3fdb7e68-30ae-4b7c-8c0f-730ea6af26c0_1000.jpg!m_fill,w_280,h_210,f_jpg?from=ke.com
20241022,朝阳,健翔桥,101126371388,安翔里小区电梯直达环境好。,620万,81483元/平,高楼层 (共14层) 2室1厅 | 76.09平米 | 南 北,https://ke-image.ljcdn.com/110000-inspection/pc1_g4EKEcE79_1.jpg!m_fill,w_280,h_210,f_jpg?from=ke.com
20241022,朝阳,健翔桥,101126345959,华严北里2号院 满二年小区管理好全南采光好,350万,67205元/平,顶层 (共6层) 2室1厅 | 52.08平米 | 东南 南,https://ke-image.ljcdn.com/110000-inspection/pc1_xUzTVYMuH_1.jpg!m_fill,w_280,h_210,f_jpg?from=ke.com
20241022,朝阳,健翔桥,101126342855,安翔南里 2室1厅 南 北,350万,62190元/平,中楼层 (共5层) 2室1厅 | 56.28平米 | 南 北,https://ke-image.ljcdn.com/110000-inspection/pc1_AqMqYIIs3_1.jpg!m_fill,w_280,h_210,f_jpg?from=ke.com
20241022,朝阳,健翔桥,101126339477,鸟巢水立方500米 04年电梯直达 无遮挡正规两居,850万,80310元/平,低楼层 (共12层) | 2004年 | 2室1厅 | 105.84平米 | 东 北,https://ke-image.ljcdn.com/110000-inspection/pc1_9WpOo81WK_1.jpg!m_fill,w_280,h_210,f_jpg?from=ke.com
20241022,朝阳,健翔桥,101126295043,华严北里8号院   精装拎包住  层高高 视野开阔,780万,86427元/平,顶层 (共28层) 2室1厅 | 90.25平米 | 西南 北,https://ke-image.ljcdn.com/110000-inspection/bd1e5954-6ada-4c84-88dc-c1b6cefe184e_1000.jpg!m_fill,w_280,h_210,f_jpg?from=ke.com
20241022,朝阳,健翔桥,101126265120,航天五院 2004年楼龄 有电梯 通透三居室大客厅,968万,86352元/平,中楼层 (共14层) | 2010年 | 3室1厅 | 112.1平米 | 东 西,https://ke-image.ljcdn.com/110000-inspection/14793647-448b-47f2-9ea2-d036ed2ee4cc_1000.jpg!m_fill,w_280,h_210,f_jpg?from=ke.com
20241022,朝阳,健翔桥,101126246084,华严里 2室1厅 东 东南 南,495万,76936元/平,底层 (共16层) 2室1厅 | 64.34平米 | 东 东南 南,https://ke-image.ljcdn.com/110000-inspection/pc1_ZHmbfDZ00_1.jpg!m_fill,w_280,h_210,f_jpg?from=ke.com
20241022,朝阳,健翔桥,101126239917,亚奥人家 1999年 高楼层 视野好 装修好,815万,66406元/平,高楼层 (共22层) | 1999年 | 2室1厅 | 122.73平米 | 西南,https://ke-image.ljcdn.com/110000-inspection/42c5ba6c-3535-41a6-9801-1f60800de163_1000.jpg!m_fill,w_280,h_210,f_jpg?from=ke.com
20241022,朝阳,健翔桥,101126178130,8号院西南三居室 居家精装 拎包入住 满五唯一,1070万,99471元/平,中楼层 (共28层) | 1999年 | 3室1厅 | 107.57平米 | 西南,https://ke-image.ljcdn.com/110000-inspection/459ac703-17c9-402e-b329-ad0569aa97b6_1000.jpg!m_fill,w_280,h_210,f_jpg?from=ke.com
20241022,朝阳,健翔桥,101126134636,1999年建成国家地震局单位院双阳台精装修房主自荐,850万,85565元/平,顶层 (共6层) | 1999年 | 3室2厅 | 99.34平米 | 南 西 北,https://ke-image.ljcdn.com/110000-inspection/pc1_7BCjEcCJl_1.jpg!m_fill,w_280,h_210,f_jpg?from=ke.com
20241022,朝阳,健翔桥,101126100319,华严北里小区 2室1厅 南 北,365万,61771元/平,顶层 (共6层) 2室1厅 | 59.09平米 | 南 北,https://ke-image.ljcdn.com/110000-inspection/pc1_XXkS4u5QX_1.jpg!m_fill,w_280,h_210,f_jpg?from=ke.com
20241022,朝阳,健翔桥,101126069208,华严北里  中间楼层  大客厅  两卧分开私密性好,480万,71408元/平,高楼层 (共18层) 2室1厅 | 67.22平米 | 西北,https://ke-image.ljcdn.com/110000-inspection/pc1_5yPQ9WwLk_1.jpg!m_fill,w_280,h_210,f_jpg?from=ke.com
20241022,朝阳,健翔桥,101126064860,华严北里小区东南向大两居诚意出售,380万,58444元/平,顶层 (共6层) 2室1厅 | 65.02平米 | 东,https://ke-image.ljcdn.com/110000-inspection/pc1_hQP8yBBRs_1.jpg!m_fill,w_280,h_210,f_jpg?from=ke.com
20241022,朝阳,健翔桥,101126013192,此房满五唯一二居室客厅带窗户中间楼层,460万,72693元/平,低楼层 (共6层) | 1982年 | 3室1厅 | 63.28平米 | 南 北,https://ke-image.ljcdn.com/110000-inspection/5b2329a3-3b86-46d9-8b15-84747f9c0267_1000.jpg!m_fill,w_280,h_210,f_jpg?from=ke.com
20241022,朝阳,健翔桥,101125952632,民政局家属院封闭式管理本房在公积金改造名单中,610万,68401元/平,高楼层 (共14层) | 1990年 | 3室1厅 | 89.18平米 | 东 北,https://ke-image.ljcdn.com/110000-inspection/pc1_1RBBthwWf_1.jpg!m_fill,w_280,h_210,f_jpg?from=ke.com
20241022,朝阳,健翔桥,101125933360,中航住宅楼二居带客厅满五年唯一东易日盛精装,599万,69652元/平,低楼层 (共11层) | 1993年 | 2室1厅 | 86平米 | 东 西,https://ke-image.ljcdn.com/110000-inspection/pc1_hkv5KngPf_1.jpg!m_fill,w_280,h_210,f_jpg?from=ke.com
20241022,朝阳,健翔桥,101125872566,华严北里3号院精装修南向一居  高楼层  全天采光,348万,73980元/平,中楼层 (共14层) | 1986年 | 1室1厅 | 47.04平米 | 南,https://ke-image.ljcdn.com/110000-inspection/pc1_yW2wqkGS9_1.jpg!m_fill,w_280,h_210,f_jpg?from=ke.com
20241022,朝阳,健翔桥,101125831745,马甸经典家园 1室1厅 东南,420万,76364元/平,中楼层 (共24层) 1室1厅 | 55平米 | 东南,https://ke-image.ljcdn.com/110000-inspection/pc1_GDRtew32M_1.jpg!m_fill,w_280,h_210,f_jpg?from=ke.com
20241022,朝阳,健翔桥,101125786465,马甸经典一居室楼龄新管理好近地铁配套齐全,499万,77329元/平,低楼层 (共24层) 1室1厅 | 64.53平米 | 北,https://ke-image.ljcdn.com/110000-inspection/pc1_9Jnuhd7Mu.jpg!m_fill,w_280,h_210,f_jpg?from=ke.com
20241022,朝阳,健翔桥,101125748923,航天局宿舍 华严北里1号院 满五年唯一 户型方正,930万,79966元/平,低楼层 (共14层) 3室1厅 | 116.3平米 | 东 西,https://ke-image.ljcdn.com/110000-inspection/38023513-cdf8-4297-bcea-2a9b8f5e008c_1000.jpg!m_fill,w_280,h_210,f_jpg?from=ke.com
20241022,朝阳,健翔桥,101125739662,民政局2居 精装修 电梯下半层 业主诚售 近地铁,448万,69685元/平,中楼层 (共11层) | 1994年 | 2室1厅 | 64.29平米 | 东,https://ke-image.ljcdn.com/110000-inspection/pc1_Zm09QRL6u_1.jpg!m_fill,w_280,h_210,f_jpg?from=ke.com
20241022,朝阳,健翔桥,101125684628,华亭嘉园观景一居室安静不临街看房方便,625万,80511元/平,中楼层 (共32层) 1室1厅 | 77.63平米 | 东北,https://ke-image.ljcdn.com/110000-inspection/pc1_ItrFHNvHC_1.jpg!m_fill,w_280,h_210,f_jpg?from=ke.com
20241022,朝阳,健翔桥,101125649210,大客厅明厨明卫电梯直达不临街使用面积大,498万,76439元/平,低楼层 (共18层) | 1992年 | 2室1厅 | 65.15平米 | 东 北,https://ke-image.ljcdn.com/110000-inspection/980c8b0e-982b-4fcf-844e-dc2b8521487c_1000.jpg!m_fill,w_280,h_210,f_jpg?from=ke.com
20241022,朝阳,健翔桥,101125628695,华严北里3号院精装修 双南两居室电梯直达 中高楼层,530万,81917元/平,中楼层 (共14层) | 1986年 | 2室1厅 | 64.7平米 | 南,https://ke-image.ljcdn.com/110000-inspection/pc1_EPN8zcyWg_1.jpg!m_fill,w_280,h_210,f_jpg?from=ke.com
20241022,朝阳,健翔桥,101125587735,正规二室二厅双卫2001年建成落地窗满五唯一,720万,73313元/平,低楼层 (共18层) | 2001年 | 2室2厅 | 98.21平米 | 西北,https://ke-image.ljcdn.com/110000-inspection/pc1_D3Uzqwrmj_1.jpg!m_fill,w_280,h_210,f_jpg?from=ke.com
20241022,朝阳,健翔桥,101125567155,安翔里小区 2室1厅 南 北,650万,74662元/平,顶层 (共14层) | 2000年 | 2室1厅 | 87.06平米 | 南 北,https://ke-image.ljcdn.com/110000-inspection/pc1_5dcPNj32x_1.jpg!m_fill,w_280,h_210,f_jpg?from=ke.com
20241022,朝阳,健翔桥,101125555652,中科院南北通透三居  14平客厅  满五年唯一精装,678万,85943元/平,低楼层 (共12层) 3室1厅 | 78.89平米 | 南 北,https://ke-image.ljcdn.com/110000-inspection/pc1_XTvJkClWP_1.jpg!m_fill,w_280,h_210,f_jpg?from=ke.com
20241022,朝阳,健翔桥,101125547918,博洛尼精装10.4平米厨房5.6平米卫生间大客厅,600万,65474元/平,低楼层 (共22层) | 1999年 | 2室1厅 | 91.64平米 | 西北,https://ke-image.ljcdn.com/110000-inspection/pc1_C93mbcgg9_1.jpg!m_fill,w_280,h_210,f_jpg?from=ke.com
20241022,朝阳,健翔桥,101125539972,国家地震局住宅区正规南北三居室厨卫宽敞诚售,420万,67093元/平,高楼层 (共6层) 3室1厅 | 62.6平米 | 南 北,https://ke-image.ljcdn.com/110000-inspection/pc1_aujgpK2Rl_1.jpg!m_fill,w_280,h_210,f_jpg?from=ke.com
20241022,朝阳,健翔桥,101125532755,此房产权清晰满5年 电梯直达 全明格局 动静分离,530万,77373元/平,低楼层 (共18层) 2室1厅 | 68.5平米 | 南 西南 西,https://ke-image.ljcdn.com/110000-inspection/pc1_1fohRiweF_1.jpg!m_fill,w_280,h_210,f_jpg?from=ke.com
20241022,朝阳,健翔桥,101125478067,华严北里东西向三居室 精装修满五年成本价 随时签约,580万,68437元/平,中楼层 (共6层) 3室1厅 | 84.75平米 | 东 西,https://ke-image.ljcdn.com/110000-inspection/5f97c8bb-4814-42ac-af44-7d1caf1961d3_1000.jpg!m_fill,w_280,h_210,f_jpg?from=ke.com
20241022,朝阳,健翔桥,101125363247,北四环健翔桥99年板楼南北通透大客厅中间楼层,500万,71307元/平,中楼层 (共5层) 2室1厅 | 70.12平米 | 南 北,https://ke-image.ljcdn.com/110000-inspection/pc1_OyBWG41Fd_1.jpg!m_fill,w_280,h_210,f_jpg?from=ke.com
20241022,朝阳,健翔桥,101125308085,华严北里小区 2室1厅 东南,489万,77484元/平,低楼层 (共18层) | 2000年 | 2室1厅 | 63.11平米 | 东南,https://ke-image.ljcdn.com/110000-inspection/pc1_MXJUsUQug_1.jpg!m_fill,w_280,h_210,f_jpg?from=ke.com
20241022,朝阳,健翔桥,101125277183,1202印刷厂宿舍 满五年央产居家装修 保持很好,530万,71141元/平,中楼层 (共5层) 2室1厅 | 74.5平米 | 东 南 北,https://ke-image.ljcdn.com/110000-inspection/pc1_rLXD57aMe_1.jpg!m_fill,w_280,h_210,f_jpg?from=ke.com
20241022,朝阳,健翔桥,101125216870,华严北里小区 3室1厅 东 西,660万,80616元/平,中楼层 (共6层) 3室1厅 | 81.87平米 | 东 西,https://ke-image.ljcdn.com/110000-inspection/pc1_L0Ylxh9Bd.jpg!m_fill,w_280,h_210,f_jpg?from=ke.com
20241022,朝阳,健翔桥,101125166663,华严北里小区 2室2厅 南 西,600万,84770元/平,低楼层 (共18层) 2室2厅 | 70.78平米 | 南 西,https://ke-image.ljcdn.com/110000-inspection/pc1_bMd9V52yX_1.jpg!m_fill,w_280,h_210,f_jpg?from=ke.com
20241022,朝阳,健翔桥,101125130561,华严北里二区1号院公交公司家属院楼道干净有楼长,328万,51638元/平,高楼层 (共6层) | 1987年 | 2室1厅 | 63.52平米 | 东 西,https://ke-image.ljcdn.com/110000-inspection/cd4f7811-92d4-4c16-83c8-8798d2ae1271_1000.jpg!m_fill,w_280,h_210,f_jpg?from=ke.com
20241022,朝阳,健翔桥,101125092965,丝竹园 94年钢混 带电梯 户型好,410万,68804元/平,低楼层 (共9层) 2室1厅 | 59.59平米 | 东 南,https://ke-image.ljcdn.com/110000-inspection/pc1_xpFax3aUy.jpg!m_fill,w_280,h_210,f_jpg?from=ke.com
20241022,朝阳,健翔桥,101125030975,中科院满五唯一三居全明格局精装拎包入住无抵押,738万,90809元/平,低楼层 (共6层) | 1987年 | 3室1厅 | 81.27平米 | 南 北,https://ke-image.ljcdn.com/110000-inspection/pc1_3wPEYqSaM.jpg!m_fill,w_280,h_210,f_jpg?from=ke.com
20241022,朝阳,健翔桥,101125020207,中石油家属电梯全明3居 电梯直达 产权清晰 精装修,618万,66884元/平,中楼层 (共18层) 3室1厅 | 92.4平米 | 东 东南 北,https://ke-image.ljcdn.com/110000-inspection/pc1_toTTBt3VW.jpg!m_fill,w_280,h_210,f_jpg?from=ke.com
20241022,朝阳,健翔桥,101124994592,华严北里中科院 精装三居室  明厨明卫   拎包住,630万,82278元/平,顶层 (共6层) 3室1厅 | 76.57平米 | 南 北 西,https://ke-image.ljcdn.com/110000-inspection/pc1_bitu4Wg1D.jpg!m_fill,w_280,h_210,f_jpg?from=ke.com
20241022,朝阳,健翔桥,101124902532,京民社区 双东精装修两居室 有电梯 公积金27年房主自荐,435万,66524元/平,中楼层 (共11层) 2室1厅 | 65.39平米 | 东 西,https://ke-image.ljcdn.com/110000-inspection/pc1_njYe0tlSx_1.jpg!m_fill,w_280,h_210,f_jpg?from=ke.com
20241022,朝阳,健翔桥,101124810416,安翔里小区 满五年央产房 南北向三居室带储物间,995万,75101元/平,底层 (共12层) | 2000年 | 3室1厅 | 132.49平米 | 南 北,https://ke-image.ljcdn.com/110000-inspection/104b3ad2-ef49-42d4-a0b0-21eb0639b87b_1000.jpg!m_fill,w_280,h_210,f_jpg?from=ke.com
20241022,朝阳,健翔桥,101124782391,北四环内 华亭嘉园  人车分流 户型方正 诚意出售,978万,72893元/平,中楼层 (共32层) | 2000年 | 2室2厅 | 134.17平米 | 西南,https://ke-image.ljcdn.com/110000-inspection/pc1_vQh04iHnB_1.jpg!m_fill,w_280,h_210,f_jpg?from=ke.com
20241022,朝阳,健翔桥,101124729446,朝阳区华严北里积水潭福利房南北方正正规客厅,650万,78503元/平,顶层 (共6层) 2室1厅 | 82.8平米 | 南 北,https://ke-image.ljcdn.com/110000-inspection/pc1_0Iv1x1lKv_1.jpg!m_fill,w_280,h_210,f_jpg?from=ke.com
20241022,朝阳,健翔桥,101124679453,华严北里9号院 2室1厅 南 北,378万,66316元/平,顶层 (共6层) 2室1厅 | 57平米 | 南 北,https://ke-image.ljcdn.com/110000-inspection/pc1_4FYgam1SR_1.jpg!m_fill,w_280,h_210,f_jpg?from=ke.com
20241022,朝阳,健翔桥,101124649637,丝竹园小区 全明格局 三面采光  改造小区,449万,79894元/平,中楼层 (共6层) 2室1厅 | 56.2平米 | 东 南 北,https://ke-image.ljcdn.com/110000-inspection/pc1_hvYYjnTvU_1.jpg!m_fill,w_280,h_210,f_jpg?from=ke.com
20241022,朝阳,健翔桥,101124597369,华亭嘉园 精装 满五唯一有固定车位 平视小区花园,1470万,72986元/平,低楼层 (共32层) 3室1厅 | 201.41平米 | 西南,https://ke-image.ljcdn.com/110000-inspection/6483b7ea-b33b-4458-a3bd-39ebac510cea_1000.jpg!m_fill,w_280,h_210,f_jpg?from=ke.com
20241022,朝阳,健翔桥,101124549469,社科院把边户型 满五唯一 电梯直达 随时签约,650万,64949元/平,中楼层 (共14层) | 1995年 | 2室1厅 | 100.08平米 | 东 西 北,https://ke-image.ljcdn.com/110000-inspection/pc1_MLr51NTP3_1.jpg!m_fill,w_280,h_210,f_jpg?from=ke.com
20241022,朝阳,健翔桥,101124516362,华严北里中科院 东南朝向 电梯直达 采光好 精装修,530万,79772元/平,低楼层 (共16层) | 1988年 | 2室1厅 | 66.44平米 | 东南,https://ke-image.ljcdn.com/110000-inspection/pc1_V8oBWh9Hx_1.jpg!m_fill,w_280,h_210,f_jpg?from=ke.com
20241022,朝阳,健翔桥,101124497331,华盛乐章精装修两居室无遮挡诚心卖,640万,62488元/平,低楼层 (共23层) 2室2厅 | 102.42平米 | 西北,https://ke-image.ljcdn.com/110000-inspection/pc1_OapBUAMxV_1.jpg!m_fill,w_280,h_210,f_jpg?from=ke.com
20241022,朝阳,健翔桥,101124476326,北四环安翔里 精装两居  拎包住 随时配合面谈,476万,73788元/平,中楼层 (共6层) | 1994年 | 2室1厅 | 64.51平米 | 南 北,https://ke-image.ljcdn.com/110000-inspection/pc1_38LDdYi4d.jpg!m_fill,w_280,h_210,f_jpg?from=ke.com
20241022,朝阳,健翔桥,101124438513,中航自管楼  客厅带阳台23平 明厨明卫双阳台,415万,61282元/平,中楼层 (共11层) | 1993年 | 1室1厅 | 67.72平米 | 南 北,https://ke-image.ljcdn.com/110000-inspection/pc1_4OMGoFx4r_1.jpg!m_fill,w_280,h_210,f_jpg?from=ke.com
20241022,朝阳,健翔桥,101124336306,北四环健翔桥亚奥人家电梯大三居西南满五唯一！,990万,62355元/平,中楼层 (共22层) 3室2厅 | 158.77平米 | 西南,https://ke-image.ljcdn.com/110000-inspection/pc1_01p1lMVQ2_1.jpg!m_fill,w_280,h_210,f_jpg?from=ke.com
20241022,朝阳,健翔桥,101124323213,中国科学院微电子所单位院全明二居车位充足精装,480万,82489元/平,中楼层 (共5层) | 1982年 | 2室1厅 | 58.19平米 | 南 北,https://ke-image.ljcdn.com/110000-inspection/pc1_LpXiK3yME.jpg!m_fill,w_280,h_210,f_jpg?from=ke.com
20241022,朝阳,健翔桥,101124149202,华严北里全明格局三居采光时间长看房方便诚意出售房主自荐,580万,68204元/平,顶层 (共6层) 3室1厅 | 85.04平米 | 东南 西北,https://ke-image.ljcdn.com/110000-inspection/pc1_XFJMzvwqW_1.jpg!m_fill,w_280,h_210,f_jpg?from=ke.com
20241022,朝阳,健翔桥,101124095735,北四环内 华亭嘉园 华润置地开发商 人车分流,1078万,68047元/平,底层 (共32层) | 2000年 | 3室2厅 | 158.42平米 | 东南 北,https://ke-image.ljcdn.com/110000-inspection/a87e7bae-308b-4811-8f3b-a8714a473932_1000.jpg!m_fill,w_280,h_210,f_jpg?from=ke.com
20241022,朝阳,健翔桥,101124072772,丝竹园 南向  带电梯  一居室 满五年唯一,375万,64633元/平,低楼层 (共16层) 1室1厅 | 58.02平米 | 南,https://ke-image.ljcdn.com/110000-inspection/bc8f81fe-10a2-4264-a6a2-ed65c342da62_1000.jpg!m_fill,w_280,h_210,f_jpg?from=ke.com
20241022,朝阳,健翔桥,101124046138,鸟巢水立方西800米 改造全新小区 环境好停车方便,410万,75997元/平,底层 (共6层) | 1984年 | 2室1厅 | 53.95平米 | 南 北,https://ke-image.ljcdn.com/110000-inspection/pc1_QOfZCm9Me.jpg!m_fill,w_280,h_210,f_jpg?from=ke.com
20241022,朝阳,健翔桥,101123970943,鸟巢水立方西200米地铁奥体站900米 精装拎包入住,350万,67050元/平,底层 (共6层) 2室1厅 | 52.2平米 | 南 北,https://ke-image.ljcdn.com/110000-inspection/pc1_ZvTGpQRE5_1.jpg!m_fill,w_280,h_210,f_jpg?from=ke.com
20241022,朝阳,健翔桥,101123943311,满五年唯一 南北通透正规一居室 户型少 楼层好 装修棒,305万,66711元/平,低楼层 (共6层) | 1990年 | 1室1厅 | 45.72平米 | 南 北,https://ke-image.ljcdn.com/110000-inspection/pc1_MSvu4pKqF_1.jpg!m_fill,w_280,h_210,f_jpg?from=ke.com
20241022,朝阳,健翔桥,101123793731,华严北里满五唯一全明格局二居全新精装修,370万,65697元/平,顶层 (共6层) 2室1厅 | 56.32平米 | 西南,https://ke-image.ljcdn.com/110000-inspection/6d2f4169-e9e1-4f1c-9352-8d92acecdd03_1000.jpg!m_fill,w_280,h_210,f_jpg?from=ke.com
20241022,朝阳,健翔桥,101123730363,华严里 2室1厅 南 北,455万,79532元/平,顶层 (共5层) 2室1厅 | 57.21平米 | 南 北,https://ke-image.ljcdn.com/110000-inspection/pc1_j3mMXjn7f.jpg!m_fill,w_280,h_210,f_jpg?from=ke.com
20241022,朝阳,健翔桥,101123723614,水立方西500米2004年的电梯板楼落地窗。房主自荐,608万,80552元/平,高楼层 (共12层) | 2004年 | 2室1厅 | 75.48平米 | 西,https://ke-image.ljcdn.com/110000-inspection/pc1_2jDVxPrv7.jpg!m_fill,w_280,h_210,f_jpg?from=ke.com
20241022,朝阳,健翔桥,101123712617,华严北里中科院 精装南北全明格局三居 看房方便,630万,77046元/平,高楼层 (共6层) 3室1厅 | 81.77平米 | 东 南 北,https://ke-image.ljcdn.com/110000-inspection/6de63de5-e456-4af1-af04-227f8b59e504_1000.jpg!m_fill,w_280,h_210,f_jpg?from=ke.com
20241022,朝阳,健翔桥,101123670429,华严北里小区全明格局小2居室诚意出售房主自荐,330万,58594元/平,中楼层 (共6层) 2室1厅 | 56.32平米 | 西南 北,https://ke-image.ljcdn.com/110000-inspection/pc1_Vq153l6ZN.jpg!m_fill,w_280,h_210,f_jpg?from=ke.com
20241022,朝阳,健翔桥,101123629232,电梯直达正规三居室 小区单独管理 满五年 成本低,720万,60444元/平,高楼层 (共14层) | 1995年 | 3室1厅 | 119.12平米 | 东 西,https://ke-image.ljcdn.com/110000-inspection/37e1d748-f148-4e02-979d-c97eadc0e2b6_1000.jpg!m_fill,w_280,h_210,f_jpg?from=ke.com
20241022,朝阳,健翔桥,101123575269,民政局分房电梯平层停无连廊窗户全对外三居室。房主自荐,680万,79616元/平,中楼层 (共14层) 3室1厅 | 85.41平米 | 南 北,https://ke-image.ljcdn.com/110000-inspection/2bdf0166-a97e-4c53-93bf-d0978bdc31ba_1000.jpg!m_fill,w_280,h_210,f_jpg?from=ke.com
20241022,朝阳,健翔桥,101123572876,华严北里中科院 南北通透 全新改造 环境优美 车位充足房主自荐,630万,82884元/平,顶层 (共6层) 3室1厅 | 76.01平米 | 南 北,https://ke-image.ljcdn.com/110000-inspection/pc1_3daK4BCt1.jpg!m_fill,w_280,h_210,f_jpg?from=ke.com
20241022,朝阳,健翔桥,101123560079,民政局住宅楼南北二居带客厅高楼层采光视野好房主自荐,488万,75251元/平,高楼层 (共11层) 2室1厅 | 64.85平米 | 南 北,https://ke-image.ljcdn.com/110000-inspection/pc1_AXzCrD1cZ.jpg!m_fill,w_280,h_210,f_jpg?from=ke.com
20241022,朝阳,健翔桥,101123555397,华严北里2号院 1室1厅 南,320万,73446元/平,高楼层 (共6层) | 1985年 | 1室1厅 | 43.57平米 | 南,https://ke-image.ljcdn.com/110000-inspection/pc1_Fpq1So57V.jpg!m_fill,w_280,h_210,f_jpg?from=ke.com
20241022,朝阳,健翔桥,101123553755,华严北里2号院 南向电梯直达精装修  采光好,528万,76389元/平,中楼层 (共14层) 2室1厅 | 69.12平米 | 东南 南,https://ke-image.ljcdn.com/110000-inspection/pc1_JN62rJfU8_1.jpg!m_fill,w_280,h_210,f_jpg?from=ke.com
20241022,朝阳,健翔桥,101123355649,华严北里双南两居室采光好近地铁诚心出售,490万,81194元/平,中楼层 (共5层) 2室1厅 | 60.35平米 | 南 北,https://ke-image.ljcdn.com/110000-inspection/pc1_XlaXchao1_1.jpg!m_fill,w_280,h_210,f_jpg?from=ke.com
20241022,朝阳,健翔桥,101123196193,高楼层满五唯一商品房产权清晰可以随时签约,720万,79779元/平,中楼层 (共28层) 2室1厅 | 90.25平米 | 西北,https://ke-image.ljcdn.com/110000-inspection/pc1_YLFvC456J.jpg!m_fill,w_280,h_210,f_jpg?from=ke.com
20241022,朝阳,健翔桥,101123171407,丝竹园小区楼龄新适合公积金客户精装修购房成本少,465万,78034元/平,底层 (共9层) 2室1厅 | 59.59平米 | 南 东,https://ke-image.ljcdn.com/110000-inspection/pc1_XqufX3ViK.jpg!m_fill,w_280,h_210,f_jpg?from=ke.com
20241022,朝阳,健翔桥,101123170311,丝竹园 电梯直达 全南两居室  采光好,350万,59983元/平,低楼层 (共16层) 2室1厅 | 58.35平米 | 南,https://ke-image.ljcdn.com/110000-inspection/pc1_xyxrhjpst.jpg!m_fill,w_280,h_210,f_jpg?from=ke.com
20241022,朝阳,健翔桥,101123133123,华严北里小区电梯房西南朝向单独院,430万,66523元/平,低楼层 (共18层) 3室1厅 | 64.64平米 | 西南,https://ke-image.ljcdn.com/110000-inspection/pc1_osW2dmAdw.jpg!m_fill,w_280,h_210,f_jpg?from=ke.com
20241022,朝阳,健翔桥,101123070192,精装两居满五年有租赁车位大卧室采光好,560万,88162元/平,高楼层 (共6层) 2室1厅 | 63.52平米 | 东南 北,https://ke-image.ljcdn.com/110000-inspection/pc1_krWFExCri_1.jpg!m_fill,w_280,h_210,f_jpg?from=ke.com
20241022,朝阳,健翔桥,101123031507,华严北里8号院 东南三居 满五央产 首付318万 车位充足,1060万,100208元/平,中楼层 (共28层) 3室2厅 | 105.78平米 | 东南 南,https://ke-image.ljcdn.com/110000-inspection/82f3bf74-8d7d-40f7-b12f-bece2fbd047c_1000.jpg!m_fill,w_280,h_210,f_jpg?from=ke.com
20241022,朝阳,健翔桥,101123009215,峻峰华亭单价低视野好近地铁楼龄新采光好,440万,54822元/平,中楼层 (共27层) | 2004年 | 1室1厅 | 80.26平米 | 西北,https://ke-image.ljcdn.com/110000-inspection/pc1_U2xoBZGum.jpg!m_fill,w_280,h_210,f_jpg?from=ke.com
20241022,朝阳,健翔桥,101122999570,安翔里小区邻鸟巢水立方满五年唯一精装修有车位房主自荐,365万,62921元/平,顶层 (共6层) 2室1厅 | 58.01平米 | 东 西,https://ke-image.ljcdn.com/110000-inspection/pc1_BBUAO1z66.jpg!m_fill,w_280,h_210,f_jpg?from=ke.com
20241022,朝阳,健翔桥,101122971631,全国政协住宅院24小时门卫2023全新装修入住,415万,63032元/平,高楼层 (共6层) 2室1厅 | 65.84平米 | 东 南,https://ke-image.ljcdn.com/110000-inspection/pc1_Aac7jFNLh.jpg!m_fill,w_280,h_210,f_jpg?from=ke.com
20241022,朝阳,健翔桥,101122916933,社科院南北通透三居室 电梯直达 满五年央产,678万,67076元/平,中楼层 (共14层) | 1995年 | 3室1厅 | 101.08平米 | 南 北,https://ke-image.ljcdn.com/110000-inspection/ff6e8a10-4557-468f-ab22-4e89c3791432_1000.jpg!m_fill,w_280,h_210,f_jpg?from=ke.com
20241022,朝阳,健翔桥,101122879803,楼层高 直观西山落日余晖 电梯两居 随时可以签约房主自荐,1050万,78259元/平,高楼层 (共32层) | 2000年 | 2室2厅 | 134.17平米 | 西南,https://ke-image.ljcdn.com/110000-inspection/pc1_YnbmhkxO3_1.jpg!m_fill,w_280,h_210,f_jpg?from=ke.com
20241022,朝阳,健翔桥,101122829765,安翔里小区 2室1厅 南 北,558万,74850元/平,高楼层 (共6层) 2室1厅 | 74.55平米 | 南 北,https://ke-image.ljcdn.com/110000-inspection/19432151-d2fe-4b50-ac2b-9e99fd0db68a_1000.jpg!m_fill,w_280,h_210,f_jpg?from=ke.com
20241022,朝阳,健翔桥,101122820162,此房满五年不唯一高楼层采光充足双南,462万,69432元/平,中楼层 (共14层) | 1986年 | 2室1厅 | 66.54平米 | 南,https://ke-image.ljcdn.com/110000-inspection/pc1_0msCoPQBL.jpg!m_fill,w_280,h_210,f_jpg?from=ke.com
20241022,朝阳,健翔桥,101122752090,华严北里3号院 双南精装 有车位安静 电梯直达 靠谱卖房主自荐,549万,82507元/平,中楼层 (共14层) | 1986年 | 2室1厅 | 66.54平米 | 南 北,https://ke-image.ljcdn.com/110000-inspection/84cff7e6-9d29-4530-9732-c44dbf0d9cde_1000.jpg!m_fill,w_280,h_210,f_jpg?from=ke.com
20241022,朝阳,健翔桥,101122698807,华严北里2号院 环境管理好 距离地铁超市近 南向,348万,69021元/平,中楼层 (共11层) 1室1厅 | 50.42平米 | 南 北,https://ke-image.ljcdn.com/110000-inspection/9baa9cbd-72b0-40a6-8cc5-d8a6fd03a061_1000.jpg!m_fill,w_280,h_210,f_jpg?from=ke.com
20241022,朝阳,健翔桥,101122592921,华严北里1号院 南北通透四居室诚意出售,2050万,104924元/平,中楼层 (共14层) 4室2厅 | 195.38平米 | 南 北,https://ke-image.ljcdn.com/110000-inspection/pc1_wRkzToQT8.jpg!m_fill,w_280,h_210,f_jpg?from=ke.com
20241022,朝阳,健翔桥,101122552805,地震局精装婚房 电梯正南1居 楼下就是地铁站房主自荐,380万,87558元/平,高楼层 (共16层) | 1991年 | 1室1厅 | 43.4平米 | 南,https://ke-image.ljcdn.com/110000-inspection/b067046a-d127-4e05-a91a-7903c27bf0ed_1000.jpg!m_fill,w_280,h_210,f_jpg?from=ke.com
20241022,朝阳,健翔桥,101122504610,亚运村 健翔桥 1994年房龄 精装拎包入住 小区停车方便,410万,71181元/平,高楼层 (共6层) | 1994年 | 2室1厅 | 57.6平米 | 南 北,https://ke-image.ljcdn.com/110000-inspection/pc1_fA1AHN351_1.jpg!m_fill,w_280,h_210,f_jpg?from=ke.com
20241022,朝阳,健翔桥,101122332863,华严北里4号院 地震局单位 不临街 满五年 看房方便,620万,79305元/平,中楼层 (共6层) | 1988年 | 3室1厅 | 78.18平米 | 南 北,https://ke-image.ljcdn.com/110000-inspection/64c497e5-4b2d-418c-9602-104e62e47f12_1000.jpg!m_fill,w_280,h_210,f_jpg?from=ke.com
20241022,朝阳,健翔桥,101122159264,地震局单位央产 南北通透两居 大客厅 楼龄新 满五唯一,650万,83688元/平,高楼层 (共6层) 2室1厅 | 77.67平米 | 南 北,https://ke-image.ljcdn.com/110000-inspection/pc1_GxgK5zvPs_1.jpg!m_fill,w_280,h_210,f_jpg?from=ke.com
20241022,朝阳,健翔桥,101122115595,华严北里二区1号院 3室1厅 东 西,496万,55989元/平,高楼层 (共6层) | 1987年 | 3室1厅 | 88.59平米 | 东 西,https://ke-image.ljcdn.com/110000-inspection/b9915677-ddcb-462d-b6fd-26a1b37e39ff_1000.jpg!m_fill,w_280,h_210,f_jpg?from=ke.com
20241022,朝阳,健翔桥,101122028883,亚奥人家 4室2厅 西南 北,1350万,74209元/平,顶层 (共22层) 4室2厅 | 181.92平米 | 西南 北,https://ke-image.ljcdn.com/110000-inspection/pc1_fv7xz8378_1.jpg!m_fill,w_280,h_210,f_jpg?from=ke.com
20241022,朝阳,健翔桥,101122025233,中科院小区满五央产房西南向不临街,560万,87487元/平,高楼层 (共12层) 2室1厅 | 64.01平米 | 西南,https://ke-image.ljcdn.com/110000-inspection/pc1_DCqGjlAHd.jpg!m_fill,w_280,h_210,f_jpg?from=ke.com
20241022,朝阳,健翔桥,101121942269,华严北里小区 1室1厅 东南,283万,59667元/平,中楼层 (共6层) | 1991年 | 1室1厅 | 47.43平米 | 东南,https://ke-image.ljcdn.com/110000-inspection/6d572c21-13c5-4220-9cda-78341fdff7d2_1000.jpg!m_fill,w_280,h_210,f_jpg?from=ke.com
20241022,朝阳,健翔桥,101121891730,临近地铁 民政局小区 华严北里2号院房主自荐,360万,71543元/平,底层 (共11层) 2室1厅 | 50.32平米 | 西,https://ke-image.ljcdn.com/110000-inspection/pc1_1nPWXC352.jpg!m_fill,w_280,h_210,f_jpg?from=ke.com
20241022,朝阳,健翔桥,101121891687,临近地铁 民政局小区 华严北里2号院房主自荐,499万,66383元/平,底层 (共11层) 2室1厅 | 75.17平米 | 西北,https://ke-image.ljcdn.com/110000-inspection/ea757663-b481-4be3-8537-7cfbbdf180b6_1000.jpg!m_fill,w_280,h_210,f_jpg?from=ke.com
20241022,朝阳,健翔桥,101121839136,亚奥阳光2004年楼龄+满五唯一商品房+精装修+随时签约,278万,61073元/平,底层 (共12层) | 2004年 | 1室1厅 | 45.52平米 | 北,https://ke-image.ljcdn.com/110000-inspection/pc1_lGJGtm5P8_1.jpg!m_fill,w_280,h_210,f_jpg?from=ke.com
20241022,朝阳,健翔桥,101121741895,满五年唯一 电梯直达 半封闭式管理小区 北四环盘古旁,750万,62962元/平,低楼层 (共14层) | 1995年 | 3室2厅 | 119.12平米 | 东 西,https://ke-image.ljcdn.com/110000-inspection/pc1_GTUEM3p76_1.jpg!m_fill,w_280,h_210,f_jpg?from=ke.com
20241022,朝阳,健翔桥,101121719550,华严北里小区 西南全明格局两居 私密性高互不不打扰,485万,68523元/平,低楼层 (共18层) 2室1厅 | 70.78平米 | 西南,https://ke-image.ljcdn.com/110000-inspection/e166cf2e-27a6-484f-b7b9-e399568ce757_1000.jpg!m_fill,w_280,h_210,f_jpg?from=ke.com
20241022,朝阳,健翔桥,101121613023,物业单独管理 满五年唯一 高楼层无遮挡 视野很棒房主自荐,870万,75857元/平,高楼层 (共22层) 2室1厅 | 114.69平米 | 南,https://ke-image.ljcdn.com/110000-inspection/a35c2606-8a8a-453d-9695-848637d41f72_1000.jpg!m_fill,w_280,h_210,f_jpg?from=ke.com
20241022,朝阳,健翔桥,101121602036,华严北里9号院   满五年唯一   客厅有窗户    精装修房主自荐,560万,84926元/平,顶层 (共6层) 3室1厅 | 65.94平米 | 南 北,https://ke-image.ljcdn.com/110000-inspection/pc1_zLEwBdnmB.jpg!m_fill,w_280,h_210,f_jpg?from=ke.com
20241022,朝阳,健翔桥,101121588938,北四环健翔桥安翔南里全明格局中间楼层南北通透,370万,74975元/平,中楼层 (共5层) 2室1厅 | 49.35平米 | 南 北,https://ke-image.ljcdn.com/110000-inspection/pc1_cQAcqsy78_1.jpg!m_fill,w_280,h_210,f_jpg?from=ke.com
20241022,朝阳,健翔桥,101121510448,全明格局田字格三居室南北通透,580万,76176元/平,高楼层 (共6层) 3室1厅 | 76.14平米 | 南 北,https://ke-image.ljcdn.com/110000-inspection/pc1_eRJ0YaSwu_1.jpg!m_fill,w_280,h_210,f_jpg?from=ke.com
20241022,朝阳,健翔桥,101121407280,安翔里双卧南向卫生间大客厅好用业主诚心卖,350万,59003元/平,中楼层 (共6层) 2室1厅 | 59.32平米 | 南 北,https://ke-image.ljcdn.com/110000-inspection/62e3df6b-dcd4-43fc-b6d4-4998aeafdb4b_1000.jpg!m_fill,w_280,h_210,f_jpg?from=ke.com
20241022,朝阳,健翔桥,101121368468,健翔桥亚奥人家西南朝向电梯房精装修温馨大两居室,886万,72191元/平,中楼层 (共22层) | 1999年 | 2室1厅 | 122.73平米 | 西南,https://ke-image.ljcdn.com/110000-inspection/pc1_kh7j1q9A7_1.jpg!m_fill,w_280,h_210,f_jpg?from=ke.com
20241022,朝阳,健翔桥,101121367475,华亭嘉园标准一居不临街高层可观景视野开阔！,646万,84335元/平,高楼层 (共32层) | 2000年 | 1室1厅 | 76.6平米 | 东 北,https://ke-image.ljcdn.com/110000-inspection/6118e6ed-a81c-4fab-91a1-0024241bb2de_1000.jpg!m_fill,w_280,h_210,f_jpg?from=ke.com
20241022,朝阳,健翔桥,101121344159,此房满五唯一南向全明格局户型方正有装修,410万,67825元/平,顶层 (共6层) 2室1厅 | 60.45平米 | 南,https://ke-image.ljcdn.com/110000-inspection/pc1_64qm9mOgC.jpg!m_fill,w_280,h_210,f_jpg?from=ke.com
20241022,朝阳,健翔桥,101121337118,此房楼龄新 位置好 近地铁 公园 北向 户型方正好利用,465万,72060元/平,低楼层 (共24层) 1室1厅 | 64.53平米 | 北,https://ke-image.ljcdn.com/110000-inspection/pc1_pf6tjnsV5_1.jpg!m_fill,w_280,h_210,f_jpg?from=ke.com
20241022,朝阳,健翔桥,101121220538,丝竹园 独立物业 改造小区  有电梯 户型好 采光棒,330万,74008元/平,高楼层 (共9层) 1室1厅 | 44.59平米 | 南,https://ke-image.ljcdn.com/110000-inspection/pc1_zNT25RZK0.jpg!m_fill,w_280,h_210,f_jpg?from=ke.com
20241022,朝阳,健翔桥,101121163596,丝竹园 南北通透三居室  满五唯一 中间层,530万,72326元/平,低楼层 (共6层) | 1984年 | 3室1厅 | 73.28平米 | 南 北,https://ke-image.ljcdn.com/110000-inspection/pc1_N125nJY27_1.jpg!m_fill,w_280,h_210,f_jpg?from=ke.com
20241022,朝阳,健翔桥,101121041638,板楼一层民政局家属院北晟物业管理好,420万,75418元/平,底层 (共6层) 2室1厅 | 55.69平米 | 北 南,https://ke-image.ljcdn.com/110000-inspection/pc1_ZOkxY8QVT.jpg!m_fill,w_280,h_210,f_jpg?from=ke.com
20241022,朝阳,健翔桥,101121035710,华严里 楼龄新 管理好 南向电梯直达一居室,370万,85254元/平,中楼层 (共16层) | 1991年 | 1室1厅 | 43.4平米 | 南,https://ke-image.ljcdn.com/110000-inspection/pc1_ml7CZfdCI_1.jpg!m_fill,w_280,h_210,f_jpg?from=ke.com
20241022,朝阳,健翔桥,101121028557,华严北里1号院大三居南北向满五唯一带电梯诚售,1650万,95465元/平,中楼层 (共14层) 3室2厅 | 172.84平米 | 南 北,https://ke-image.ljcdn.com/110000-inspection/pc1_zHiLvjlGj.jpg!m_fill,w_280,h_210,f_jpg?from=ke.com
20241022,朝阳,健翔桥,101120908471,华严北里中科院新上南北三居看房有钥匙,780万,93079元/平,中楼层 (共6层) 3室1厅 | 83.8平米 | 南 北,https://ke-image.ljcdn.com/110000-inspection/pc1_Y4qJ7oG1Y.jpg!m_fill,w_280,h_210,f_jpg?from=ke.com
20241022,朝阳,健翔桥,101120908057,地震局单位 1999年建成 双南向两居室 大阳台 停车方便,590万,75885元/平,顶层 (共6层) 2室1厅 | 77.75平米 | 南,https://ke-image.ljcdn.com/110000-inspection/42b901c1-d4bf-403f-bb02-ef7410a37318_1000.jpg!m_fill,w_280,h_210,f_jpg?from=ke.com
20241022,朝阳,健翔桥,101120844739,华严北里小区 航天部单位分房 满五年唯一央产房,760万,109337元/平,高楼层 (共9层) | 1993年 | 2室1厅 | 69.51平米 | 南 北,https://ke-image.ljcdn.com/110000-inspection/pc1_t5sZxHXUy_1.jpg!m_fill,w_280,h_210,f_jpg?from=ke.com
20241022,朝阳,健翔桥,101120822152,华严北里小区 1室1厅 南,360万,76288元/平,中楼层 (共18层) 1室1厅 | 47.19平米 | 南,https://ke-image.ljcdn.com/110000-inspection/pc1_KoAPb7G5v.jpg!m_fill,w_280,h_210,f_jpg?from=ke.com
20241022,朝阳,健翔桥,101120663757,峻峰华亭大平层 阳光好视野开阔 诚心出售,1573万,38830元/平,低楼层 (共25层) | 2004年 | 5室2厅 | 405.1平米 | 东南,https://ke-image.ljcdn.com/110000-inspection/pc1_gotXsMur8.jpg!m_fill,w_280,h_210,f_jpg?from=ke.com
20241022,朝阳,健翔桥,101120630863,四环里 临近鸟巢水立方 南北通透两居室 满五年,350万,59232元/平,顶层 (共6层) 2室1厅 | 59.09平米 | 南 北,https://ke-image.ljcdn.com/110000-inspection/pc1_fZzxGANiE.jpg!m_fill,w_280,h_210,f_jpg?from=ke.com
20241022,朝阳,健翔桥,101120377555,华严北里1号院 2室1厅 南,499万,88054元/平,高楼层 (共6层) 2室1厅 | 56.67平米 | 南,https://ke-image.ljcdn.com/110000-inspection/pc1_hzpjhBgAo.jpg!m_fill,w_280,h_210,f_jpg?from=ke.com
20241022,朝阳,健翔桥,101119624433,航天511所分房华严北里1号院 四居南北诚意售,2200万,112602元/平,中楼层 (共14层) 4室2厅 | 195.38平米 | 南 北,https://ke-image.ljcdn.com/110000-inspection/35433ecf-90fd-470c-8639-501c76aeb023_1000.jpg!m_fill,w_280,h_210,f_jpg?from=ke.com
20241022,朝阳,健翔桥,101119551564,安翔南里独门独院南北通透交通方便,395万,69912元/平,高楼层 (共6层) 2室1厅 | 56.5平米 | 南 北,https://ke-image.ljcdn.com/110000-inspection/d50c3e5b-bf0f-415e-a224-b34e7ab7e4ad_1000.jpg!m_fill,w_280,h_210,f_jpg?from=ke.com
20241022,朝阳,健翔桥,101119359452,华严北里中科院全明格局二居带电梯无遮挡,560万,91939元/平,顶层 (共16层) 2室1厅 | 60.91平米 | 东北,https://ke-image.ljcdn.com/110000-inspection/pc1_QQxqzKbez_1.jpg!m_fill,w_280,h_210,f_jpg?from=ke.com
20241022,朝阳,健翔桥,101119305327,华严北里2号院精装修2居室带一个车位,415万,79686元/平,低楼层 (共6层) 2室1厅 | 52.08平米 | 西南,https://ke-image.ljcdn.com/110000-inspection/pc1_tsOZrpdRM_1.jpg!m_fill,w_280,h_210,f_jpg?from=ke.com
20241022,朝阳,健翔桥,101119294080,北四环外国zhuanjia大厦满五V1带电梯大两居采光好房主自荐,860万,95175元/平,低楼层 (共28层) 2室1厅 | 90.36平米 | 西南 北,https://ke-image.ljcdn.com/110000-inspection/pc1_MMsb4w85s.jpg!m_fill,w_280,h_210,f_jpg?from=ke.com
20241022,朝阳,健翔桥,101119159025,华严北里4号院南北通透 随时签约,450万,73302元/平,低楼层 (共6层) | 1988年 | 2室1厅 | 61.39平米 | 南 北,https://ke-image.ljcdn.com/110000-inspection/pc1_xstmwAUAd.jpg!m_fill,w_280,h_210,f_jpg?from=ke.com
20241022,朝阳,健翔桥,101119098733,3层三居室东西通透满五唯一诚意出售,660万,80616元/平,中楼层 (共6层) | 1989年 | 3室1厅 | 81.87平米 | 东 西,https://ke-image.ljcdn.com/110000-inspection/pc1_KFw8jd9IW.jpg!m_fill,w_280,h_210,f_jpg?from=ke.com
20241022,朝阳,健翔桥,101119062266,华严北里中科院1996年建成南北通透二居带客厅,540万,89212元/平,高楼层 (共16层) | 1996年 | 2室1厅 | 60.53平米 | 南 北,https://ke-image.ljcdn.com/110000-inspection/pc1_dJE7ZZxXn_1.jpg!m_fill,w_280,h_210,f_jpg?from=ke.com
20241022,朝阳,健翔桥,101118767357,中石油干部学院家属楼92年钢混精装修全明格局房主自荐,386万,75568元/平,低楼层 (共18层) | 1992年 | 2室0厅 | 51.08平米 | 东,https://ke-image.ljcdn.com/110000-inspection/pc1_byp5XqROW_1.jpg!m_fill,w_280,h_210,f_jpg?from=ke.com
20241022,朝阳,健翔桥,101118616157,房子满五年且唯一带电梯有大客厅正规两居,595万,88939元/平,低楼层 (共18层) | 1995年 | 2室1厅 | 66.9平米 | 西南,https://ke-image.ljcdn.com/110000-inspection/pc1_NgmgJYIXg.jpg!m_fill,w_280,h_210,f_jpg?from=ke.com
20241022,朝阳,健翔桥,101118269910,亚奥人家 1999年钢混结构 高层电梯直达 满五年可贷款,598万,65256元/平,中楼层 (共22层) | 1999年 | 2室1厅 | 91.64平米 | 西北,https://ke-image.ljcdn.com/110000-inspection/pc1_SbHMC705D.jpg!m_fill,w_280,h_210,f_jpg?from=ke.com
20241022,朝阳,健翔桥,101118229195,国家地震局住宅楼保障处管理满五年唯一全明,485万,80232元/平,高楼层 (共6层) 2室1厅 | 60.45平米 | 南,https://ke-image.ljcdn.com/110000-inspection/pc1_amZViyPUP.jpg!m_fill,w_280,h_210,f_jpg?from=ke.com
20241022,朝阳,健翔桥,101118137485,满五年唯一楼层好电梯直达无遮挡,500万,71348元/平,中楼层 (共16层) 2室1厅 | 70.08平米 | 南,https://ke-image.ljcdn.com/110000-inspection/4c215f13-3201-44ba-bb0d-2240798618d2_1000.jpg!m_fill,w_280,h_210,f_jpg?from=ke.com
20241022,朝阳,健翔桥,101117290969,自住精装修+高层+满五年+双卫设计+100米三甲医院,958万,74230元/平,高楼层 (共23层) 3室2厅 | 129.06平米 | 东,https://ke-image.ljcdn.com/110000-inspection/pc1_lkK6u7xfk.jpg!m_fill,w_280,h_210,f_jpg?from=ke.com
20241022,朝阳,健翔桥,101117077989,华严北里小区 方正三居室 诚意出售 随时签约,660万,81947元/平,顶层 (共6层) | 1990年 | 3室1厅 | 80.54平米 | 东 西,https://ke-image.ljcdn.com/110000-inspection/pc1_75yVwXmLx_1.jpg!m_fill,w_280,h_210,f_jpg?from=ke.com
20241022,朝阳,健翔桥,101116750280,华严北里 积水潭医院分房正南正北精装修拎包入住,680万,82126元/平,高楼层 (共6层) | 1997年 | 2室2厅 | 82.8平米 | 南 北,https://ke-image.ljcdn.com/110000-inspection/pc1_BGmL7cvmK.jpg!m_fill,w_280,h_210,f_jpg?from=ke.com
20241022,朝阳,健翔桥,101116457416,安翔里小区南北向三居室户型方正,520万,67815元/平,中楼层 (共6层) | 1992年 | 3室1厅 | 76.68平米 | 南 北,https://ke-image.ljcdn.com/110000-inspection/pc1_GrnNgZZX5.jpg!m_fill,w_280,h_210,f_jpg?from=ke.com
20241022,朝阳,健翔桥,101116432017,华严北里小区 精装修 东向一居室,375万,87332元/平,顶层 (共6层) | 1993年 | 1室1厅 | 42.94平米 | 东,https://ke-image.ljcdn.com/110000-inspection/1213fd61-f27e-457b-912c-0c9cbbececf5_1000.jpg!m_fill,w_280,h_210,f_jpg?from=ke.com
20241022,朝阳,健翔桥,101115613038,国家地震局住宅区1999年建成车位充足能看能签,495万,81161元/平,低楼层 (共6层) 2室1厅 | 60.99平米 | 南 北,https://ke-image.ljcdn.com/110000-inspection/57b288b5-18d3-45c1-89ca-7b553833b070_1000.jpg!m_fill,w_280,h_210,f_jpg?from=ke.com
20241022,朝阳,健翔桥,101115059553,亚奥阳光 南北通透 自住精装两居室,850万,81527元/平,低楼层 (共12层) | 2004年 | 2室1厅 | 104.26平米 | 南 北,https://ke-image.ljcdn.com/110000-inspection/080d8651-90b8-4c4a-ba74-181d6f586d30_1000.jpg!m_fill,w_280,h_210,f_jpg?from=ke.com
20241022,朝阳,健翔桥,101114875815,华严北里大客厅全明格局两居 婚房精装 满五唯一房主自荐,580万,87614元/平,高楼层 (共18层) | 1993年 | 2室1厅 | 66.2平米 | 东北,https://ke-image.ljcdn.com/110000-inspection/pc1_yI5hdEw38_1.jpg!m_fill,w_280,h_210,f_jpg?from=ke.com
20241022,朝阳,健翔桥,101113102988,华严北里南北通透全明格局一居无遮挡不临街诚售,350万,65654元/平,顶层 (共6层) 1室1厅 | 53.31平米 | 南 北,https://ke-image.ljcdn.com/110000-inspection/pc1_qbl0TeRcG_1.jpg!m_fill,w_280,h_210,f_jpg?from=ke.com
20241022,朝阳,健翔桥,101127195427,马甸经典家园 1室1厅 东南,660万,94098元/平,中楼层 (共18层) | 2001年 | 1室1厅 | 70.14平米 | 东南,https://ke-image.ljcdn.com/110000-inspection/d0151980-cca7-4e1f-bbbd-2aeed0e8bb5f_1000.jpg!m_fill,w_280,h_210,f_jpg?from=ke.com
20241022,朝阳,健翔桥,101127181509,亚奥人家 精装两居 布局合理 满五年央产 无遮挡,566万,61764元/平,中楼层 (共22层) | 1999年 | 2室1厅 | 91.64平米 | 东北,https://ke-image.ljcdn.com/110000-inspection/pc1_KxcXIEYQM_1.jpg!m_fill,w_280,h_210,f_jpg?from=ke.com
20241022,朝阳,健翔桥,101127164361,中航单位明厨明卫明厅两室两厅有电梯无遮挡新上,738万,78999元/平,中楼层 (共11层) | 1993年 | 2室2厅 | 93.42平米 | 东 南 北,https://ke-image.ljcdn.com/110000-inspection/pc1_d8amETGKo_1.jpg!m_fill,w_280,h_210,f_jpg?from=ke.com
20241022,朝阳,健翔桥,101127109926,安翔里小区 2室1厅 南 北新上,360万,55659元/平,底层 (共5层) 2室1厅 | 64.68平米 | 南 北,https://ke-image.ljcdn.com/110000-inspection/pc1_ZpPHwEJ7d.jpg!m_fill,w_280,h_210,f_jpg?from=ke.com
20241022,朝阳,健翔桥,101127039265,航天511家属院板楼已加装电梯南北通透全明格局,500万,82224元/平,顶层 (共6层) 2室1厅 | 60.81平米 | 南 北,https://ke-image.ljcdn.com/110000-inspection/pc1_c8Bi2xZnK.jpg!m_fill,w_280,h_210,f_jpg?from=ke.com
20241022,朝阳,健翔桥,101127027618,华严北里小区 2室1厅 东 南,420万,66121元/平,底层 (共6层) 2室1厅 | 63.52平米 | 东 南,https://ke-image.ljcdn.com/110000-inspection/pc1_xNXEh7vkB_1.jpg!m_fill,w_280,h_210,f_jpg?from=ke.com
20241022,朝阳,健翔桥,101127013062,华严北里小区 1室0厅 南新上,350万,73623元/平,中楼层 (共18层) | 1995年 | 1室0厅 | 47.54平米 | 南,https://ke-image.ljcdn.com/110000-inspection/pc1_ss7R8pcVc.jpg!m_fill,w_280,h_210,f_jpg?from=ke.com
20241022,朝阳,健翔桥,101127010083,华亭嘉园 特殊四居室 南向安静不临街 落地窗光线好新上,1250万,61426元/平,底层 (共32层) | 2000年 | 4室1厅 | 203.5平米 | 南 西南,https://ke-image.ljcdn.com/110000-inspection/pc1_UxAOSULhK.jpg!m_fill,w_280,h_210,f_jpg?from=ke.com
20241022,朝阳,健翔桥,101126995761,华严北里2号院南北通透两居室管理好近地铁。新上,445万,80094元/平,中楼层 (共6层) | 1983年 | 2室1厅 | 55.56平米 | 南 北,https://ke-image.ljcdn.com/110000-inspection/pc1_dHTl4tee8.jpg!m_fill,w_280,h_210,f_jpg?from=ke.com
20241022,朝阳,健翔桥,101126992512,华严北里小区 高层观景全明两居 阳光好 视野开阔新上,488万,73717元/平,顶层 (共18层) 2室1厅 | 66.2平米 | 西北,https://ke-image.ljcdn.com/110000-inspection/195319f2-dfb0-4cbc-9f8f-093ed45cd814_1000.jpg!m_fill,w_280,h_210,f_jpg?from=ke.com
20241022,朝阳,健翔桥,101126954934,丝竹园双南向两居室 精装修 无遮挡 满五唯一,480万,64997元/平,中楼层 (共16层) | 1987年 | 2室1厅 | 73.85平米 | 南,https://ke-image.ljcdn.com/110000-inspection/9e28c4c3-320a-42a8-9a45-8e04f5414d3b_1000.jpg!m_fill,w_280,h_210,f_jpg?from=ke.com
20241022,朝阳,健翔桥,101126940973,电梯房精装修三居 单独物业管理  改善房源,1035万,64684元/平,低楼层 (共22层) | 2000年 | 3室2厅 | 160.01平米 | 南 西,https://ke-image.ljcdn.com/110000-inspection/pc1_lT5MebrY4_1.jpg!m_fill,w_280,h_210,f_jpg?from=ke.com
20241022,朝阳,健翔桥,101126927489,1994年钢混  明厨明卫明厅 客厅带阳台18平,736万,91543元/平,中楼层 (共18层) | 1994年 | 3室1厅 | 80.4平米 | 西南,https://ke-image.ljcdn.com/110000-inspection/a7c5b96a-5ae3-42fc-ae56-41ab97cef8f8_1000.jpg!m_fill,w_280,h_210,f_jpg?from=ke.com
20241022,朝阳,健翔桥,101126899452,华严北里小区 1室1厅 南,320万,70656元/平,中楼层 (共16层) | 2000年 | 1室1厅 | 45.29平米 | 南,https://ke-image.ljcdn.com/110000-inspection/219b08b9-4982-4109-aca3-582c96401baa_1000.jpg!m_fill,w_280,h_210,f_jpg?from=ke.com
20241022,朝阳,健翔桥,101126871407,丝竹园小区 2室1厅 南,373万,64289元/平,中楼层 (共16层) 2室1厅 | 58.02平米 | 南,https://ke-image.ljcdn.com/110000-inspection/pc1_Z82c0TMOp.jpg!m_fill,w_280,h_210,f_jpg?from=ke.com
20241022,朝阳,健翔桥,101126853991,华严北里4号院 三层阳光充足 满五唯一 明厨明卫,328万,74682元/平,中楼层 (共6层) | 1988年 | 1室1厅 | 43.92平米 | 南,https://ke-image.ljcdn.com/110000-inspection/pc1_w4GgCMUGb.jpg!m_fill,w_280,h_210,f_jpg?from=ke.com
20241022,朝阳,健翔桥,101126654089,京民社区一层两居室小区管理好临地铁,409万,73443元/平,底层 (共6层) 2室1厅 | 55.69平米 | 南 北,https://ke-image.ljcdn.com/110000-inspection/9929433f-3d55-4e4d-a5fd-3bf0ae0a6377_1000.jpg!m_fill,w_280,h_210,f_jpg?from=ke.com
20241022,朝阳,健翔桥,101126616025,华严北里中科院精装修2居拎包入住看房方便,488万,80555元/平,底层 (共16层) | 1996年 | 2室1厅 | 60.58平米 | 东南 西北,https://ke-image.ljcdn.com/110000-inspection/855436df-7dba-47a3-8681-ba287b5aac5a_1000.jpg!m_fill,w_280,h_210,f_jpg?from=ke.com
20241022,朝阳,健翔桥,101126574646,华严北里2号院电梯直达电梯口南向一居室,335万,69589元/平,低楼层 (共14层) 1室1厅 | 48.14平米 | 南,https://ke-image.ljcdn.com/110000-inspection/pc1_oO2RM3kXL_1.jpg!m_fill,w_280,h_210,f_jpg?from=ke.com
20241022,朝阳,健翔桥,101126564402,华亭嘉园大平层一层两户视野好可观西山,2900万,78786元/平,顶层 (共32层) 5室3厅 | 368.09平米 | 西南 北,https://ke-image.ljcdn.com/110000-inspection/pc1_AYGoCfuCn_1.jpg!m_fill,w_280,h_210,f_jpg?from=ke.com
20241022,朝阳,健翔桥,101126527524,华严北里1号院 满五年唯一 南北通透 2004年建,1550万,89353元/平,低楼层 (共14层) 3室2厅 | 173.47平米 | 南 北,https://ke-image.ljcdn.com/110000-inspection/3ac29653-4b0e-4b65-b171-b59d2d7d4ca7_1000.jpg!m_fill,w_280,h_210,f_jpg?from=ke.com
20241022,朝阳,健翔桥,101126487129,华亭嘉园满五唯一精装三居不临街高层采光好！,1380万,75340元/平,高楼层 (共32层) 3室2厅 | 183.17平米 | 西南 北,https://ke-image.ljcdn.com/110000-inspection/27ca530a-64c0-4a1c-9baf-2d8a027ac350_1000.jpg!m_fill,w_280,h_210,f_jpg?from=ke.com
20241022,朝阳,健翔桥,101126454855,全明格局南北通透三居室有电梯管理好采光好,880万,85222元/平,高楼层 (共11层) | 1993年 | 3室1厅 | 103.26平米 | 南 北,https://ke-image.ljcdn.com/110000-inspection/pc1_GmCMBmQd7_1.jpg!m_fill,w_280,h_210,f_jpg?from=ke.com
20241022,朝阳,健翔桥,101126377213,华严北里小区 2室1厅 南,425万,72010元/平,高楼层 (共18层) | 1995年 | 2室1厅 | 59.02平米 | 南,https://ke-image.ljcdn.com/110000-inspection/pc1_koyWfrDCX.jpg!m_fill,w_280,h_210,f_jpg?from=ke.com
20241022,朝阳,健翔桥,101126302620,安翔路甲1号 2室2厅 东南 北,850万,65597元/平,低楼层 (共20层) | 2001年 | 2室2厅 | 129.58平米 | 东南 北,https://ke-image.ljcdn.com/110000-inspection/cfbf2ee1-c1c5-4af7-9f3f-90362287a413_1000.jpg!m_fill,w_280,h_210,f_jpg?from=ke.com
20241022,朝阳,健翔桥,101126249832,公积金可贷30年 中间层 民政局小区 自持物业,399万,71815元/平,中楼层 (共6层) 2室1厅 | 55.56平米 | 东 西,https://ke-image.ljcdn.com/110000-inspection/dcf90418-7b76-4e1a-b68c-d2eb2c9ad14e_1000.jpg!m_fill,w_280,h_210,f_jpg?from=ke.com
20241022,朝阳,健翔桥,101126203150,安翔里小区全明格局一居室电梯直达,430万,73884元/平,中楼层 (共14层) 1室1厅 | 58.2平米 | 南 北,https://ke-image.ljcdn.com/110000-inspection/3865f34d-52f5-4b08-b936-184d00639edc_1000.jpg!m_fill,w_280,h_210,f_jpg?from=ke.com
20241022,朝阳,健翔桥,101126109322,电梯直达三居室满五年高板楼供电局家属院,455万,66599元/平,低楼层 (共14层) | 1986年 | 3室1厅 | 68.32平米 | 东 北,https://ke-image.ljcdn.com/110000-inspection/pc1_IbOTNFEAV_1.jpg!m_fill,w_280,h_210,f_jpg?from=ke.com
20241022,朝阳,健翔桥,101126031233,北四环健翔桥丝竹园电梯大一居正南向电梯房！,340万,58601元/平,低楼层 (共16层) | 1987年 | 1室1厅 | 58.02平米 | 南,https://ke-image.ljcdn.com/110000-inspection/5228c823-f7d0-4f5e-ab60-c67a05cef887_1000.jpg!m_fill,w_280,h_210,f_jpg?from=ke.com
20241022,朝阳,健翔桥,101126008989,华亭嘉园  带落地阳台   格局方正,590万,68837元/平,低楼层 (共32层) | 2000年 | 2室0厅 | 85.71平米 | 北,https://ke-image.ljcdn.com/110000-inspection/pc1_MpU61d9ek_1.jpg!m_fill,w_280,h_210,f_jpg?from=ke.com
20241022,朝阳,健翔桥,101126001441,华亭嘉园安静不临街楼座诚意出售随时签约。,1278万,73100元/平,低楼层 (共32层) | 2000年 | 3室2厅 | 174.83平米 | 东北,https://ke-image.ljcdn.com/110000-inspection/60df60de-92e8-40f8-bd43-f5fa74b4ccb8_1000.jpg!m_fill,w_280,h_210,f_jpg?from=ke.com
20241022,朝阳,健翔桥,101125977237,2007年精装一居 出行方便 健德门站500米,250万,58879元/平,中楼层 (共13层) | 2007年 | 1室0厅 | 42.46平米 | 东,https://ke-image.ljcdn.com/110000-inspection/b15bb0e3-e42b-495b-bee1-aada14071813_1000.jpg!m_fill,w_280,h_210,f_jpg?from=ke.com
20241022,朝阳,健翔桥,101125969016,华盛乐章 2室1厅 东 北,640万,62488元/平,高楼层 (共23层) | 2001年 | 2室1厅 | 102.42平米 | 东 北,https://ke-image.ljcdn.com/110000-inspection/pc1_uXPw9I2cD_1.jpg!m_fill,w_280,h_210,f_jpg?from=ke.com
20241022,朝阳,健翔桥,101125875605,精装2居 卧室客厅均对外 电梯直达 视野采光好,570万,81569元/平,低楼层 (共18层) 2室1厅 | 69.88平米 | 西南 南,https://ke-image.ljcdn.com/110000-inspection/af234dff-6fe7-4cba-ad6c-7621b7a05b4d_1000.jpg!m_fill,w_280,h_210,f_jpg?from=ke.com
20241022,朝阳,健翔桥,101125835912,凌云名苑 北四环内2013年南向电梯一居室享受生活,770万,120899元/平,中楼层 (共11层) | 2014年 | 1室1厅 | 63.69平米 | 南 西,https://ke-image.ljcdn.com/110000-inspection/1456cb63-4eb0-457e-a8ca-c93e21f3f235_1000.jpg!m_fill,w_280,h_210,f_jpg?from=ke.com
20241022,朝阳,健翔桥,101125787824,华亭嘉园方正一居高层视野开阔室内亮堂 空间大,660万,76037元/平,中楼层 (共32层) | 2000年 | 1室1厅 | 86.8平米 | 东北,https://ke-image.ljcdn.com/110000-inspection/pc1_nhylv3BlK_1.jpg!m_fill,w_280,h_210,f_jpg?from=ke.com
20241022,朝阳,健翔桥,101125642086,全明格局高楼层两居 中科院小区 已完成改造 有钥匙,473万,77656元/平,高楼层 (共16层) 2室1厅 | 60.91平米 | 西北,https://ke-image.ljcdn.com/110000-inspection/pc1_1OkvQG0Xm_1.jpg!m_fill,w_280,h_210,f_jpg?from=ke.com
20241022,朝阳,健翔桥,101125613203,满五年业主唯一住房三层板楼全明格局通透户型,485万,54747元/平,中楼层 (共6层) | 1987年 | 3室1厅 | 88.59平米 | 南 东 西,https://ke-image.ljcdn.com/110000-inspection/pc1_HcsgovzGV_1.jpg!m_fill,w_280,h_210,f_jpg?from=ke.com
20241022,朝阳,健翔桥,101125565545,华亭嘉园 3室2厅 西南 北,1570万,79740元/平,中楼层 (共32层) | 2000年 | 3室2厅 | 196.89平米 | 西南 北,https://ke-image.ljcdn.com/110000-inspection/6b391174-0a42-4bc3-ba80-5a4f79de6a17_1000.jpg!m_fill,w_280,h_210,f_jpg?from=ke.com
20241022,朝阳,健翔桥,101125442836,华亭嘉园观景一居室视野好满五唯一中间层,630万,72581元/平,中楼层 (共32层) | 2000年 | 1室1厅 | 86.8平米 | 北,https://ke-image.ljcdn.com/110000-inspection/pc1_wbnSox20O.jpg!m_fill,w_280,h_210,f_jpg?from=ke.com
20241022,朝阳,健翔桥,101125368352,华盛乐章高层观景房采光好精装修。,660万,64441元/平,高楼层 (共23层) 2室2厅 | 102.42平米 | 西北,https://ke-image.ljcdn.com/110000-inspection/pc1_OqARa842f_1.jpg!m_fill,w_280,h_210,f_jpg?from=ke.com
20241022,朝阳,健翔桥,101125318079,中航自管楼  客厅带阳台24平 明厨明卫明厅双阳台房主自荐,670万,73667元/平,中楼层 (共11层) | 1993年 | 2室1厅 | 90.95平米 | 东 西,https://ke-image.ljcdn.com/110000-inspection/pc1_rnFLefYQF_1.jpg!m_fill,w_280,h_210,f_jpg?from=ke.com
20241022,朝阳,健翔桥,101125316245,华严北里2号院 精装居室有电梯近地铁只有契税,450万,69114元/平,中楼层 (共11层) | 1993年 | 2室1厅 | 65.11平米 | 西南,https://ke-image.ljcdn.com/110000-inspection/pc1_eViKV28f4_1.jpg!m_fill,w_280,h_210,f_jpg?from=ke.com
20241022,朝阳,健翔桥,101125216125,中科院 双阳全明 高干楼 已全新改造 停车相对方便,650万,77566元/平,顶层 (共6层) 3室1厅 | 83.8平米 | 北 南,https://ke-image.ljcdn.com/110000-inspection/7774a20c-7179-48eb-9a72-219163855e71_1000.jpg!m_fill,w_280,h_210,f_jpg?from=ke.com
20241022,朝阳,健翔桥,101125201651,华严北里精装修2居 有钥匙随时看房,481万,72310元/平,低楼层 (共16层) | 1995年 | 2室1厅 | 66.52平米 | 西南,https://ke-image.ljcdn.com/110000-inspection/pc1_WNhCUfkBE_1.jpg!m_fill,w_280,h_210,f_jpg?from=ke.com
20241022,朝阳,健翔桥,101124838437,北三环马甸桥北南北纯板楼跃层三居层高2.9米,1580万,72282元/平,高楼层 (共11层) 3室2厅 | 218.59平米 | 南 北,https://ke-image.ljcdn.com/110000-inspection/pc1_tBeXuYQpD.jpg!m_fill,w_280,h_210,f_jpg?from=ke.com
20241022,朝阳,健翔桥,101124806444,华亭嘉园 高层三居 满五唯一 无抵押无户口,1180万,74486元/平,高楼层 (共32层) | 2000年 | 3室2厅 | 158.42平米 | 西南 北,https://ke-image.ljcdn.com/110000-inspection/pc1_14DcqgXt2.jpg!m_fill,w_280,h_210,f_jpg?from=ke.com
20241022,朝阳,健翔桥,101124752394,华严北里2号院南北两居室精装修近地铁着急卖,435万,77430元/平,中楼层 (共6层) | 1985年 | 2室1厅 | 56.18平米 | 南 北,https://ke-image.ljcdn.com/110000-inspection/pc1_Gam4n7hIS.jpg!m_fill,w_280,h_210,f_jpg?from=ke.com
20241022,朝阳,健翔桥,101124196250,给周期费用少通体大阳台居住舒适视野好。,1245万,78589元/平,中楼层 (共32层) | 2000年 | 3室2厅 | 158.42平米 | 南 西 北,https://ke-image.ljcdn.com/110000-inspection/pc1_NVazM6na0.jpg!m_fill,w_280,h_210,f_jpg?from=ke.com
20241022,朝阳,健翔桥,101124011110,华严里低楼层两居室 2层上下楼方便,400万,77475元/平,低楼层 (共6层) 2室1厅 | 51.63平米 | 东南,https://ke-image.ljcdn.com/110000-inspection/pc1_sBQnqzsme.jpg!m_fill,w_280,h_210,f_jpg?from=ke.com
20241022,朝阳,健翔桥,101124005892,北四环健翔桥丝竹园社区满五唯一电梯三居！,383万,49922元/平,中楼层 (共9层) | 1994年 | 3室1厅 | 76.72平米 | 东 西,https://ke-image.ljcdn.com/110000-inspection/pc1_OVlSmL5Vm_1.jpg!m_fill,w_280,h_210,f_jpg?from=ke.com
20241022,朝阳,健翔桥,101124003809,近地铁 满五唯一 精装1居 2001年商品房 温馨居室,450万,81819元/平,低楼层 (共24层) | 2001年 | 1室1厅 | 55平米 | 西南,https://ke-image.ljcdn.com/110000-inspection/pc1_DOXtScq7z.jpg!m_fill,w_280,h_210,f_jpg?from=ke.com
20241022,朝阳,健翔桥,101124000958,华严北里小区 1室1厅 东 南,300万,63052元/平,高楼层 (共6层) | 1991年 | 1室1厅 | 47.58平米 | 东 南,https://ke-image.ljcdn.com/110000-inspection/94e8bfd2-9a8a-4cda-98e1-c5ab5a016a4d_1000.jpg!m_fill,w_280,h_210,f_jpg?from=ke.com
20241022,朝阳,健翔桥,101123814271,华盛乐章高层观景无遮挡视野开阔,715万,59893元/平,高楼层 (共23层) | 2001年 | 2室2厅 | 119.38平米 | 西北,https://ke-image.ljcdn.com/110000-inspection/pc1_rDFal3N5O_1.jpg!m_fill,w_280,h_210,f_jpg?from=ke.com
20241022,朝阳,健翔桥,101123807313,华严北里小区 满五年央产 南向采光 电梯直达随时签约,366万,76602元/平,顶层 (共18层) 2室1厅 | 47.78平米 | 南,https://ke-image.ljcdn.com/110000-inspection/pc1_51nr6m2g0.jpg!m_fill,w_280,h_210,f_jpg?from=ke.com
20241022,朝阳,健翔桥,101123807296,华严北里小区 电梯直达 满五年央产房 南向采光好,310万,64881元/平,顶层 (共18层) | 1994年 | 1室1厅 | 47.78平米 | 南,https://ke-image.ljcdn.com/110000-inspection/pc1_EQQdj8gnj.jpg!m_fill,w_280,h_210,f_jpg?from=ke.com
20241022,朝阳,健翔桥,101123741479,四环内电梯复式南北通透明厨明卫大客厅 精装修房主自荐,1120万,79586元/平,高楼层 (共11层) | 1993年 | 3室2厅 | 140.73平米 | 南 北,https://ke-image.ljcdn.com/110000-inspection/8f0bde23-395b-40a3-9523-3b198bd9e274_1000.jpg!m_fill,w_280,h_210,f_jpg?from=ke.com
20241022,朝阳,健翔桥,101123638129,华严北里小区全民格局1居室满五诚意出售,300万,67220元/平,中楼层 (共16层) | 1995年 | 1室1厅 | 44.63平米 | 西南,https://ke-image.ljcdn.com/110000-inspection/092cceea-8d84-40e5-bb19-51d80c1fc12f_1000.jpg!m_fill,w_280,h_210,f_jpg?from=ke.com
20241022,朝阳,健翔桥,101123608918,近地铁、电梯直达、全明格局、93年钢混、视野开阔,500万,79962元/平,高楼层 (共18层) 2室1厅 | 62.53平米 | 西南,https://ke-image.ljcdn.com/110000-inspection/pc1_iGibrYFBm.jpg!m_fill,w_280,h_210,f_jpg?from=ke.com
20241022,朝阳,健翔桥,101123601942,安翔里小区楼龄新次顶层看房方便,337万,58094元/平,高楼层 (共6层) 2室1厅 | 58.01平米 | 东 西,https://ke-image.ljcdn.com/110000-inspection/4aeb67ec-52da-4a98-b86f-37beaf925c67_1000.jpg!m_fill,w_280,h_210,f_jpg?from=ke.com
20241022,朝阳,健翔桥,101123601238,华亭嘉园精装三居户型方正满五唯一客厅面宽6米,1260万,67068元/平,底层 (共32层) 3室2厅 | 187.87平米 | 西南 北,https://ke-image.ljcdn.com/110000-inspection/e7fbad15-27b0-4d55-b866-f5b553ca22d2_1000.jpg!m_fill,w_280,h_210,f_jpg?from=ke.com
20241022,朝阳,健翔桥,101123598761,华严北里1号院    2004年电梯板楼   满五年唯一,1420万,97837元/平,顶层 (共14层) 4室1厅 | 145.14平米 | 南 北,https://ke-image.ljcdn.com/110000-inspection/pc1_peXpe3sTe.jpg!m_fill,w_280,h_210,f_jpg?from=ke.com
20241022,朝阳,健翔桥,101123597240,华严北里 精装两居室拎包住 通透户型 明厨明卫,460万,70445元/平,顶层 (共6层) 2室1厅 | 65.3平米 | 南 北 东,https://ke-image.ljcdn.com/110000-inspection/pc1_HSbRiNpkC.jpg!m_fill,w_280,h_210,f_jpg?from=ke.com
20241022,朝阳,健翔桥,101123596909,全明格局 拎包入住精装修 小区中间位置 不临街不吵闹,380万,58193元/平,顶层 (共6层) 2室1厅 | 65.3平米 | 南 西 北,https://ke-image.ljcdn.com/110000-inspection/18cee64b-16db-47d6-855e-9cf5598efbb7_1000.jpg!m_fill,w_280,h_210,f_jpg?from=ke.com
20241022,朝阳,健翔桥,101123595715,民政局小区南门近地铁 南向有电梯 52.24平米南北通透,360万,68913元/平,中楼层 (共11层) | 1994年 | 1室1厅 | 52.24平米 | 南 北,https://ke-image.ljcdn.com/110000-inspection/pc1_FyHOyw9rA.jpg!m_fill,w_280,h_210,f_jpg?from=ke.com
20241022,朝阳,健翔桥,101123595420,华严北里8号院 国管局分房 满五央产 诚意出售 可签约,860万,95291元/平,中楼层 (共28层) | 1999年 | 2室1厅 | 90.25平米 | 西北,https://ke-image.ljcdn.com/110000-inspection/pc1_6arpUUL21_1.jpg!m_fill,w_280,h_210,f_jpg?from=ke.com
20241022,朝阳,健翔桥,101123592400,健翔国际公寓 只有契税 东向不临街 诚售 可签约,230万,56125元/平,中楼层 (共13层) | 2007年 | 1室0厅 | 40.98平米 | 东,https://ke-image.ljcdn.com/110000-inspection/96aaa116-04a3-407a-8584-722552c561e6_1000.jpg!m_fill,w_280,h_210,f_jpg?from=ke.com
20241022,朝阳,健翔桥,101123592056,华亭嘉园正规三居业主诚意出售看房方便,1165万,75429元/平,低楼层 (共32层) | 2000年 | 3室2厅 | 154.45平米 | 西南 北,https://ke-image.ljcdn.com/110000-inspection/pc1_oJ2USuT2s_1.jpg!m_fill,w_280,h_210,f_jpg?from=ke.com
20241022,朝阳,健翔桥,101123577378,健翔公寓价格合适满五年唯一可以签约可以看房,240万,58882元/平,中楼层 (共13层) | 2007年 | 1室0厅 | 40.76平米 | 东,https://ke-image.ljcdn.com/110000-inspection/77989d31-e0c8-4bb9-bc76-0e91dc0cf3e1_1000.jpg!m_fill,w_280,h_210,f_jpg?from=ke.com
20241022,朝阳,健翔桥,101123571726,满五唯一 中科院单位 高楼层采光视野无遮挡 电梯直达,526万,79170元/平,中楼层 (共16层) 2室1厅 | 66.44平米 | 西南,https://ke-image.ljcdn.com/110000-inspection/e1e91401-55ac-4e1d-8061-bf9cb6fe6f65_1000.jpg!m_fill,w_280,h_210,f_jpg?from=ke.com
20241022,朝阳,健翔桥,101123551273,全南向两居室双卫设计2004年电梯直达百万精装,999万,92321元/平,低楼层 (共12层) | 2004年 | 2室1厅 | 108.21平米 | 南,https://ke-image.ljcdn.com/110000-inspection/b15a28d6-de07-4eed-87a2-2d1f51a29ad7_1000.jpg!m_fill,w_280,h_210,f_jpg?from=ke.com
20241022,朝阳,健翔桥,101123531166,峻峰华亭 把南边 有南向 上跃 观景 小区仅5套,1080万,53785元/平,高楼层 (共27层) | 2004年 | 4室2厅 | 200.8平米 | 西 东 南,https://ke-image.ljcdn.com/110000-inspection/pc1_JXmKA4Pw6.jpg!m_fill,w_280,h_210,f_jpg?from=ke.com
20241022,朝阳,健翔桥,101123530730,峻峰华亭 小区仅2套 高层观景 上跃 得房高房主自荐,1720万,60694元/平,中楼层 (共27层) | 2004年 | 5室2厅 | 283.39平米 | 东 西,https://ke-image.ljcdn.com/110000-inspection/1d421ab3-a0f9-483c-85bc-15c9d5d05894_1000.jpg!m_fill,w_280,h_210,f_jpg?from=ke.com
20241022,朝阳,健翔桥,101123460433,总监热推 健翔优质大一居 满五唯一费用少高层观景房,320万,43914元/平,高楼层 (共13层) | 2007年 | 1室0厅 | 72.87平米 | 东,https://ke-image.ljcdn.com/110000-inspection/9475d5e5-cd19-4556-97ea-8ceff6aaf96c_1000.jpg!m_fill,w_280,h_210,f_jpg?from=ke.com
20241022,朝阳,健翔桥,101123450792,华亭嘉园 精装 满五年唯一三居 大客厅 可观景,1420万,75392元/平,低楼层 (共32层) 3室2厅 | 188.35平米 | 东南 北,https://ke-image.ljcdn.com/110000-inspection/592dd819-254f-440a-b2c4-5824534c0adc_1000.jpg!m_fill,w_280,h_210,f_jpg?from=ke.com
20241022,朝阳,健翔桥,101123429153,中国音乐学院家属楼管理好高楼层视野开阔无遮挡,728万,69639元/平,高楼层 (共20层) | 2001年 | 3室1厅 | 104.54平米 | 西北,https://ke-image.ljcdn.com/110000-inspection/pc1_xyHyi9Zes.jpg!m_fill,w_280,h_210,f_jpg?from=ke.com
20241022,朝阳,健翔桥,101123428113,中国音乐学院家属楼南北通透采光无遮挡不临街,1350万,72193元/平,底层 (共20层) | 2001年 | 3室3厅 | 187平米 | 南 北,https://ke-image.ljcdn.com/110000-inspection/411f6346-6d11-4dc8-9215-4b816bd09fcd_1000.jpg!m_fill,w_280,h_210,f_jpg?from=ke.com
20241022,朝阳,健翔桥,101123421993,亚奥人家 2室1厅 西南,880万,71703元/平,低楼层 (共22层) | 2000年 | 2室1厅 | 122.73平米 | 西南,https://ke-image.ljcdn.com/110000-inspection/pc1_2NnzUOxKm.jpg!m_fill,w_280,h_210,f_jpg?from=ke.com
20241022,朝阳,健翔桥,101123414971,精装两居拎包入住南北通透无遮挡签约随时,320万,71830元/平,顶层 (共6层) | 1994年 | 2室1厅 | 44.55平米 | 南 北,https://ke-image.ljcdn.com/110000-inspection/9ff6e923-0b8c-425a-bc60-7496daf350e7_1000.jpg!m_fill,w_280,h_210,f_jpg?from=ke.com
20241022,朝阳,健翔桥,101123409373,健翔桥 安翔南里 明厨明卫双阳台 满五年唯一 4层,305万,65158元/平,中楼层 (共6层) 1室1厅 | 46.81平米 | 南 北,https://ke-image.ljcdn.com/110000-inspection/pc1_RQF4phV9E.jpg!m_fill,w_280,h_210,f_jpg?from=ke.com
20241022,朝阳,健翔桥,101123322094,华严北里东南向三居室满五年房改房可以看房签约,599万,75747元/平,低楼层 (共14层) | 1986年 | 3室1厅 | 79.08平米 | 南 东南,https://ke-image.ljcdn.com/110000-inspection/45473b06-16e9-4d24-8b8b-085e61b297ed_1000.jpg!m_fill,w_280,h_210,f_jpg?from=ke.com
20241022,朝阳,健翔桥,101123271651,婚房精装修 产权清晰小区中间位置 适合年轻人居住房主自荐,415万,66710元/平,高楼层 (共6层) | 1990年 | 2室1厅 | 62.21平米 | 东 西,https://ke-image.ljcdn.com/110000-inspection/afd48d3b-619f-4c10-bc25-a80580b27f02_1000.jpg!m_fill,w_280,h_210,f_jpg?from=ke.com
20241022,朝阳,健翔桥,101123246005,丝竹园小区 双南向 无遮挡采光好  出行方便 环境整洁,390万,68735元/平,顶层 (共6层) | 1989年 | 2室1厅 | 56.74平米 | 南,https://ke-image.ljcdn.com/110000-inspection/pc1_A5SWM1v98.jpg!m_fill,w_280,h_210,f_jpg?from=ke.com
20241022,朝阳,健翔桥,101123046141,华亭嘉园 西南三居 观景房 仅契税 有固定车位 落地窗房主自荐,1600万,82872元/平,低楼层 (共32层) | 2000年 | 3室2厅 | 193.07平米 | 西南,https://ke-image.ljcdn.com/110000-inspection/pc1_gA632Gw6P_1.jpg!m_fill,w_280,h_210,f_jpg?from=ke.com
20241022,朝阳,健翔桥,101123030466,双卧朝南双阳台精装修不临街满五唯一房主自荐,539万,82203元/平,底层 (共12层) | 1994年 | 2室1厅 | 65.57平米 | 南,https://ke-image.ljcdn.com/110000-inspection/pc1_ywPLtzLWu_1.jpg!m_fill,w_280,h_210,f_jpg?from=ke.com
20241022,朝阳,健翔桥,101122984251,华严北里小区    满五年    精装修,496万,80901元/平,低楼层 (共18层) 2室1厅 | 61.31平米 | 东南,https://ke-image.ljcdn.com/110000-inspection/pc1_Vx8D2OmLd_1.jpg!m_fill,w_280,h_210,f_jpg?from=ke.com
20241022,朝阳,健翔桥,101122978172,华亭落地阳台观景两居室使用率高亮堂,750万,85852元/平,高楼层 (共32层) | 2000年 | 2室1厅 | 87.36平米 | 西北,https://ke-image.ljcdn.com/110000-inspection/pc1_Fq5dZY7ug_1.jpg!m_fill,w_280,h_210,f_jpg?from=ke.com
20241022,朝阳,健翔桥,101122860395,精装三居室 采光好 通风好 安静不临街,555万,84168元/平,高楼层 (共6层) 3室1厅 | 65.94平米 | 南 北,https://ke-image.ljcdn.com/110000-inspection/pc1_2I9WgOZCS_1.jpg!m_fill,w_280,h_210,f_jpg?from=ke.com
20241022,朝阳,健翔桥,101122849063,信息科技大学内全明格局满五唯一安静不临街,330万,66546元/平,底层 (共5层) 2室1厅 | 49.59平米 | 东 南 西,https://ke-image.ljcdn.com/110000-inspection/pc1_bJThjGTjI.jpg!m_fill,w_280,h_210,f_jpg?from=ke.com
20241022,朝阳,健翔桥,101122775996,亚奥人家 4室2厅 东 南 北,1480万,81275元/平,顶层 (共22层) | 2000年 | 4室2厅 | 182.1平米 | 东 南 北,https://ke-image.ljcdn.com/110000-inspection/6858f002-c652-4f9a-b31c-d032bb4138be_1000.jpg!m_fill,w_280,h_210,f_jpg?from=ke.com
20241022,朝阳,健翔桥,101122749483,华亭嘉园 东南两居 诚意出售 高层观鸟巢水立方,1130万,83791元/平,高楼层 (共32层) | 2000年 | 2室1厅 | 134.86平米 | 东 南,https://ke-image.ljcdn.com/110000-inspection/debc9ce6-e975-4ec5-9033-a3bafb7c7a56_1000.jpg!m_fill,w_280,h_210,f_jpg?from=ke.com
20241022,朝阳,健翔桥,101122626710,华严北里小区 明厨明卫 通透一居室 不临街 安静,418万,78410元/平,中楼层 (共6层) 1室1厅 | 53.31平米 | 南 北,https://ke-image.ljcdn.com/110000-inspection/pc1_IYJ4eOoJD.jpg!m_fill,w_280,h_210,f_jpg?from=ke.com
20241022,朝阳,健翔桥,101122615386,华严北里小区 2室1厅 西南,560万,89558元/平,低楼层 (共18层) 2室1厅 | 62.53平米 | 西南,https://ke-image.ljcdn.com/110000-inspection/pc1_9fewT8BFY.jpg!m_fill,w_280,h_210,f_jpg?from=ke.com
20241022,朝阳,健翔桥,101122603595,峻峰华亭满五唯一平层两居室中间层采光好,599万,62442元/平,中楼层 (共27层) | 2004年 | 2室1厅 | 95.93平米 | 西,https://ke-image.ljcdn.com/110000-inspection/70235d6e-6bd9-4a57-beb8-f60931e89940_1000.jpg!m_fill,w_280,h_210,f_jpg?from=ke.com
20241022,朝阳,健翔桥,101122365258,丝竹园小区三居室中间层全明格局小区中间不临街,509万,74942元/平,中楼层 (共6层) 3室0厅 | 67.92平米 | 北 南 东,https://ke-image.ljcdn.com/110000-inspection/pc1_KTP9QMHIA.jpg!m_fill,w_280,h_210,f_jpg?from=ke.com
20241022,朝阳,健翔桥,101122330024,马甸经典家园      满五年唯一    精装修,998万,89684元/平,低楼层 (共24层) 2室2厅 | 111.28平米 | 南,https://ke-image.ljcdn.com/110000-inspection/pc1_nigdXeYYe_1.jpg!m_fill,w_280,h_210,f_jpg?from=ke.com
20241022,朝阳,健翔桥,101121756561,亚奥阳光2004年房满五唯一南北通透 大两居,728万,69826元/平,低楼层 (共12层) | 2004年 | 2室1厅 | 104.26平米 | 南 北,https://ke-image.ljcdn.com/110000-inspection/489bd5b7-5057-46e9-8d4f-f741ebe1d23f_1000.jpg!m_fill,w_280,h_210,f_jpg?from=ke.com
20241022,朝阳,健翔桥,101121278727,2001年华盛乐章+电梯直达+高层观景无遮挡+满五唯一,745万,61561元/平,高楼层 (共23层) | 2001年 | 2室2厅 | 121.02平米 | 南,https://ke-image.ljcdn.com/110000-inspection/pc1_ivQOwYMMp_1.jpg!m_fill,w_280,h_210,f_jpg?from=ke.com
20241022,朝阳,健翔桥,101121216588,安翔里西区  南北两居室 满五唯一 采光视野好,320万,56151元/平,顶层 (共6层) | 1990年 | 2室1厅 | 56.99平米 | 南 北,https://ke-image.ljcdn.com/110000-inspection/pc1_9Efl2JiqC_1.jpg!m_fill,w_280,h_210,f_jpg?from=ke.com
20241022,朝阳,健翔桥,101121107615,华严北里2号院南向一居室采光视野好电梯直达。,345万,71666元/平,中楼层 (共14层) | 1990年 | 1室1厅 | 48.14平米 | 南,https://ke-image.ljcdn.com/110000-inspection/pc1_rvk1Dbxgt.jpg!m_fill,w_280,h_210,f_jpg?from=ke.com
20241022,朝阳,健翔桥,101121051710,华严北里2号院 电梯房 东西通透 有钥匙随时看房,495万,76995元/平,中楼层 (共11层) | 1994年 | 2室1厅 | 64.29平米 | 东 西,https://ke-image.ljcdn.com/110000-inspection/pc1_EikcS4h2q_1.jpg!m_fill,w_280,h_210,f_jpg?from=ke.com
20241022,朝阳,健翔桥,101120998796,华亭嘉园不临街高层一居室精装修拎包入住,599万,78199元/平,高楼层 (共32层) 1室1厅 | 76.6平米 | 东北,https://ke-image.ljcdn.com/110000-inspection/pc1_gOtf8EnAw.jpg!m_fill,w_280,h_210,f_jpg?from=ke.com
20241022,朝阳,健翔桥,101120979684,地震局家属院满五年唯一精装中间层采光好,360万,81968元/平,中楼层 (共6层) | 1988年 | 1室1厅 | 43.92平米 | 南,https://ke-image.ljcdn.com/110000-inspection/pc1_0EFy2laCm.jpg!m_fill,w_280,h_210,f_jpg?from=ke.com
20241022,朝阳,健翔桥,101120568784,峻峰华亭 3室2厅 东 西,900万,55395元/平,低楼层 (共27层) | 2004年 | 3室2厅 | 162.47平米 | 东 西,https://ke-image.ljcdn.com/110000-inspection/pc1_whxc1K7xF_1.jpg!m_fill,w_280,h_210,f_jpg?from=ke.com
20241022,朝阳,健翔桥,101120098634,峻峰华亭四环内华润管理小区单价6万,950万,47677元/平,低楼层 (共27层) | 2004年 | 4室2厅 | 199.26平米 | 东 西,https://ke-image.ljcdn.com/110000-inspection/c096cc15-2910-41be-a45e-7a6c1ee08e01_1000.jpg!m_fill,w_280,h_210,f_jpg?from=ke.com
20241022,朝阳,健翔桥,101120096033,华严北里2号院带电梯两居室  安静不临街  无遮挡,527万,79284元/平,中楼层 (共11层) | 1994年 | 2室1厅 | 66.47平米 | 西 东,https://ke-image.ljcdn.com/110000-inspection/pc1_rHoko8X3p.jpg!m_fill,w_280,h_210,f_jpg?from=ke.com
20241022,朝阳,健翔桥,101118860045,华亭嘉园F座高楼层挑高3米,1450万,71993元/平,高楼层 (共32层) | 2002年 | 3室1厅 | 201.41平米 | 西南,https://ke-image.ljcdn.com/110000-inspection/09ff3eac-ef53-493d-9e98-d4108a616667_1000.jpg!m_fill,w_280,h_210,f_jpg?from=ke.com
20241022,朝阳,健翔桥,101118799243,安翔南里独门独院管理好精装修中间层,350万,61947元/平,中楼层 (共6层) 2室1厅 | 56.5平米 | 北 南,https://ke-image.ljcdn.com/110000-inspection/pc1_Z3t3O3rK7_1.jpg!m_fill,w_280,h_210,f_jpg?from=ke.com
20241022,朝阳,健翔桥,101118560552,华严里 满五年唯一 层高3米 随时签约 随时看房,790万,88556元/平,底层 (共5层) 3室1厅 | 89.21平米 | 东 西,https://ke-image.ljcdn.com/110000-inspection/pc1_XlkKHyWLH.jpg!m_fill,w_280,h_210,f_jpg?from=ke.com
20241022,朝阳,健翔桥,101118423013,安翔里全明格局自住精装直接入住南北通透三面采光,540万,79682元/平,底层 (共5层) | 1986年 | 3室1厅 | 67.77平米 | 南 北 西,https://ke-image.ljcdn.com/110000-inspection/82f2628b-caee-4f06-9cfc-2846987628de_1000.jpg!m_fill,w_280,h_210,f_jpg?from=ke.com
20241022,朝阳,健翔桥,101118005987,华亭嘉园 西南方正三居 不临街 面朝小区草坪 花园房主自荐,1420万,70503元/平,低楼层 (共32层) 3室2厅 | 201.41平米 | 西南,https://ke-image.ljcdn.com/110000-inspection/pc1_jEPkAN8I7_1.jpg!m_fill,w_280,h_210,f_jpg?from=ke.com
20241022,朝阳,健翔桥,101117029203,正规一居精装修 正对小区花园 不临街 随时看房,660万,84844元/平,低楼层 (共32层) | 2000年 | 1室1厅 | 77.79平米 | 东北,https://ke-image.ljcdn.com/110000-inspection/0f97d46d-639b-404b-b07c-236c7ee7558a_1000.jpg!m_fill,w_280,h_210,f_jpg?from=ke.com
20241022,朝阳,健翔桥,101111302229,华亭嘉园  顶层复式  270°观景,3500万,60035元/平,高楼层 (共32层) | 2000年 | 6室2厅 | 583平米 | 南 西 北,https://ke-image.ljcdn.com/110000-inspection/pc1_MVMkY69uM.jpg!m_fill,w_280,h_210,f_jpg?from=ke.com
20241022,朝阳,健翔桥,101127190948,华严北里3号院 2室1厅 南 北,378万,69897元/平,底层 (共6层) 2室1厅 | 54.08平米 | 南 北,https://s1.ljcdn.com/pegasus/redskull/images/common/default_house_list.png?_v=202410161653269
20241022,朝阳,健翔桥,101127189566,华严北里小区    1993年楼龄     近公交,248万,57117元/平,高楼层 (共6层) 1室1厅 | 43.42平米 | 东,https://s1.ljcdn.com/pegasus/redskull/images/common/default_house_list.png?_v=202410161653269
20241022,朝阳,健翔桥,101127105849,石油家属楼94年钢混电梯直达卧室客厅窗户都对外新上,630万,89464元/平,中楼层 (共18层) | 1995年 | 2室1厅 | 70.42平米 | 东 南,https://s1.ljcdn.com/pegasus/redskull/images/common/default_house_list.png?_v=202410161653269
20241022,朝阳,健翔桥,101127057614,北四环内精装一居室中间层精装拎包入住新上,250万,52710元/平,中楼层 (共6层) | 1991年 | 1室1厅 | 47.43平米 | 西南,https://s1.ljcdn.com/pegasus/redskull/images/common/default_house_list.png?_v=202410161653269
20241022,朝阳,健翔桥,101126956914,华亭嘉园 车位充足 落地窗光线好 观花园不临街,640万,82443元/平,中楼层 (共32层) 1室1厅 | 77.63平米 | 北,https://s1.ljcdn.com/pegasus/redskull/images/common/default_house_list.png?_v=202410161653269
20241022,朝阳,健翔桥,101126943510,亚运村 健翔桥 朝阳示范小区 环境好 安静不临街,560万,79978元/平,中楼层 (共6层) 3室1厅 | 70.02平米 | 南 北,https://s1.ljcdn.com/pegasus/redskull/images/common/default_house_list.png?_v=202410161653269
20241022,朝阳,健翔桥,101126789543,华严北里2号院 3室1厅 南 北,680万,88152元/平,高楼层 (共11层) 3室1厅 | 77.14平米 | 南 北,https://s1.ljcdn.com/pegasus/redskull/images/common/default_house_list.png?_v=202410161653269
20241022,朝阳,健翔桥,101126697952,华严北里中科院 3室1厅 南 北,699万,91673元/平,高楼层 (共6层) 3室1厅 | 76.25平米 | 南 北,https://s1.ljcdn.com/pegasus/redskull/images/common/default_house_list.png?_v=202410161653269
20241022,朝阳,健翔桥,101126489484,峻峰华亭价格低高楼层视野好诚意出售,1070万,59564元/平,中楼层 (共27层) | 2004年 | 3室2厅 | 179.64平米 | 东 西,https://s1.ljcdn.com/pegasus/redskull/images/common/default_house_list.png?_v=202410161653269
20241022,朝阳,健翔桥,101126457798,华严北里二区1号院 3室1厅 东 西 南,490万,55311元/平,中楼层 (共6层) | 1987年 | 3室1厅 | 88.59平米 | 东 西 南,https://s1.ljcdn.com/pegasus/redskull/images/common/default_house_list.png?_v=202410161653269
20241022,朝阳,健翔桥,101126382484,华亭嘉园精装一居正对小区花园精装可拎包入住。,630万,81155元/平,低楼层 (共32层) 1室1厅 | 77.63平米 | 东北,https://s1.ljcdn.com/pegasus/redskull/images/common/default_house_list.png?_v=202410161653269
20241022,朝阳,健翔桥,101126375159,老业主 诚意售房 全明格局 户型方正 楼座位置好,720万,87977元/平,底层 (共6层) 3室1厅 | 81.84平米 | 南 北,https://s1.ljcdn.com/pegasus/redskull/images/common/default_house_list.png?_v=202410161653269
20241022,朝阳,健翔桥,101126185405,安翔里小区 2室1厅 南 北,520万,69752元/平,中楼层 (共6层) 2室1厅 | 74.55平米 | 南 北,https://s1.ljcdn.com/pegasus/redskull/images/common/default_house_list.png?_v=202410161653269
20241022,朝阳,健翔桥,101125791315,近地铁10号线300米 楼龄新 落地窗 框架结构,480万,74385元/平,中楼层 (共24层) 1室1厅 | 64.53平米 | 北,https://s1.ljcdn.com/pegasus/redskull/images/common/default_house_list.png?_v=202410161653269
20241022,朝阳,健翔桥,101125783409,华严北里小区中石油单位自管 电梯直达 看房方便,445万,66488元/平,中楼层 (共18层) | 1995年 | 2室1厅 | 66.93平米 | 东南,https://s1.ljcdn.com/pegasus/redskull/images/common/default_house_list.png?_v=202410161653269
20241022,朝阳,健翔桥,101125315559,华严里 中科院小区 南北三居室 满五年唯一,378万,64101元/平,顶层 (共6层) 3室1厅 | 58.97平米 | 东南 北,https://s1.ljcdn.com/pegasus/redskull/images/common/default_house_list.png?_v=202410161653269
20241022,朝阳,健翔桥,101124026762,华严北里1号院  南北通透   高层  无遮挡,1580万,105955元/平,顶层 (共14层) 3室2厅 | 149.12平米 | 南 北,https://ke-image.ljcdn.com/110000-inspection/pc1_t6DwHrkn9_1.jpg!m_fill,w_280,h_210,f_jpg?from=ke.com
20241022,朝阳,健翔桥,101122043799,华严北里小区 满五年唯一央产房 精装修 随时签约,799万,92509元/平,中楼层 (共6层) 3室1厅 | 86.37平米 | 南 北,https://s1.ljcdn.com/pegasus/redskull/images/common/default_house_list.png?_v=202410161653269
20241022,朝阳,健翔桥,101120921595,华亭嘉园 观景一居 诚意出售 看房方便 可签约,690万,79494元/平,低楼层 (共32层) | 2002年 | 1室1厅 | 86.8平米 | 北,https://s1.ljcdn.com/pegasus/redskull/images/common/default_house_list.png?_v=202410161653269
20241022,朝阳,健翔桥,101119724095,北三环马甸桥北满五年唯一楼上楼下双入户门四居,1900万,68799元/平,低楼层 (共18层) 4室2厅 | 276.17平米 | 南 北,https://s1.ljcdn.com/pegasus/redskull/images/common/default_house_list.png?_v=202410161653269
20241022,朝阳,健翔桥,101117628442,安翔里小区 满五年唯一 直观奥林匹克大道,760万,63663元/平,中楼层 (共23层) | 2001年 | 2室1厅 | 119.38平米 | 东 北,https://s1.ljcdn.com/pegasus/redskull/images/common/default_house_list.png?_v=202410161653269
