20241023,海淀,双榆树,101127083279,知春东里南北三居 客厅带窗户边户 环境优美必看好房,920万,122341元/平,低楼层 (共6层) 3室1厅 | 75.2平米 | 南 北,https://ke-image.ljcdn.com/110000-inspection/pc1_ThvxYTA27_1.jpg!m_fill,w_280,h_210,f_jpg?from=ke.com
20241023,海淀,双榆树,101127081758,知春里  全南向  次顶层   采光好必看好房,510万,96409元/平,高楼层 (共6层) 2室1厅 | 52.9平米 | 南,https://ke-image.ljcdn.com/110000-inspection/1ac87bb3-9cad-4c4d-af8b-92b7abe3f3a6_1000.jpg!m_fill,w_280,h_210,f_jpg?from=ke.com
20241023,海淀,双榆树,101127060358,双榆树中间层 新装修优质三居 随时看房 停车方便必看好房,738万,104533元/平,低楼层 (共6层) | 1982年 | 3室1厅 | 70.6平米 | 南 北,https://ke-image.ljcdn.com/110000-inspection/pc1_jQUbRk3b1_1.jpg!m_fill,w_280,h_210,f_jpg?from=ke.com
20241023,海淀,双榆树,101127053132,知春里 3室1厅 东南 北必看好房,870万,101993元/平,中楼层 (共18层) | 1988年 | 3室1厅 | 85.3平米 | 东南 北,https://ke-image.ljcdn.com/110000-inspection/pc1_568yqu1UT_1.jpg!m_fill,w_280,h_210,f_jpg?from=ke.com
20241023,海淀,双榆树,101127010792,双榆树东里 中间楼层 小区中间位置 前后不临街必看好房,678万,94298元/平,中楼层 (共6层) | 2005年 | 3室1厅 | 71.9平米 | 南 北,https://ke-image.ljcdn.com/110000-inspection/b08ad15a-7956-46a5-92ab-c10e6b27376d_1000.jpg!m_fill,w_280,h_210,f_jpg?from=ke.com
20241023,海淀,双榆树,101127167663,精装修 满五唯一 采光好 带客厅 电梯房 看房方便新上,608万,94852元/平,低楼层 (共17层) | 1997年 | 2室1厅 | 64.1平米 | 南 西南 西,https://ke-image.ljcdn.com/110000-inspection/pc1_3GFzHqExX_1.jpg!m_fill,w_280,h_210,f_jpg?from=ke.com
20241023,海淀,双榆树,101127095252,双榆树北里南北两居室带客厅新上,549万,111360元/平,底层 (共6层) 2室1厅 | 49.3平米 | 南 北,https://ke-image.ljcdn.com/110000-inspection/ea2f8eed-027b-4cd3-8e30-8a659b50a332_1000.jpg!m_fill,w_280,h_210,f_jpg?from=ke.com
20241023,海淀,双榆树,101127022802,双榆树知春里西社区 板楼南北通透 有外挂电梯,768万,106964元/平,顶层 (共6层) 3室1厅 | 71.8平米 | 南 北,https://ke-image.ljcdn.com/110000-inspection/pc1_taPS1Mw0w_1.jpg!m_fill,w_280,h_210,f_jpg?from=ke.com
20241023,海淀,双榆树,101126997775,【区域聚焦】双榆树东里 精装修中间层 满五年唯一必看好房,379万,96684元/平,中楼层 (共6层) 1室1厅 | 39.2平米 | 南,https://ke-image.ljcdn.com/110000-inspection/pc1_oFj5HbkyL_1.jpg!m_fill,w_280,h_210,f_jpg?from=ke.com
20241023,海淀,双榆树,101126959389,【2000年小区】 步行地铁350米 带电梯高楼层,899万,93151元/平,高楼层 (共23层) | 1999年 | 2室2厅 | 96.51平米 | 西南,https://ke-image.ljcdn.com/110000-inspection/9db820d2-9206-4817-8852-5f578fbcf38b_1000.jpg!m_fill,w_280,h_210,f_jpg?from=ke.com
20241023,海淀,双榆树,101126948882,知春里 新上大两居 诚意出售 看房有钥匙,545万,86235元/平,高楼层 (共18层) 2室1厅 | 63.2平米 | 东南,https://ke-image.ljcdn.com/110000-inspection/bc3cd5e2-1b81-4138-adde-67cd794e4f58_1000.jpg!m_fill,w_280,h_210,f_jpg?from=ke.com
20241023,海淀,双榆树,101126778389,中关村双榆树西里 满五唯一 业主诚意卖 方便看房必看好房,380万,95262元/平,底层 (共6层) 1室1厅 | 39.89平米 | 南,https://ke-image.ljcdn.com/110000-inspection/77681d8c-48d8-44e3-b85c-d728ddb5acb1_1000.jpg!m_fill,w_280,h_210,f_jpg?from=ke.com
20241023,海淀,双榆树,101126735410,都市网景 精装修 高楼层 视野开阔  满五唯一必看好房,998万,92118元/平,高楼层 (共24层) 3室1厅 | 108.34平米 | 西南,https://ke-image.ljcdn.com/110000-inspection/7f53a827-045f-4051-9e44-0185a4120916_1000.jpg!m_fill,w_280,h_210,f_jpg?from=ke.com
20241023,海淀,双榆树,101126664704,知春东里   带电梯三居室   采光好  业主靠谱,795万,109959元/平,高楼层 (共20层) 3室1厅 | 72.3平米 | 西南,https://ke-image.ljcdn.com/110000-inspection/pc1_k2F31UQV7_1.jpg!m_fill,w_280,h_210,f_jpg?from=ke.com
20241023,海淀,双榆树,101126641616,双榆树北里 电梯楼 物业管理好 满五唯一必看好房,555万,93388元/平,高楼层 (共16层) | 1985年 | 2室1厅 | 59.43平米 | 西南,https://ke-image.ljcdn.com/110000-inspection/pc1_OLrq6O45N_1.jpg!m_fill,w_280,h_210,f_jpg?from=ke.com
20241023,海淀,双榆树,101126388705,知春路82号院 带电梯 小区有花园有食堂 有车库必看好房,999万,131795元/平,中楼层 (共18层) | 2002年 | 3室1厅 | 75.8平米 | 西南,https://ke-image.ljcdn.com/110000-inspection/pc1_UKB4ktPym_1.jpg!m_fill,w_280,h_210,f_jpg?from=ke.com
20241023,海淀,双榆树,101126370655,青云北区 全南两居带客厅 明厨明卫 97年楼龄新必看好房,580万,90231元/平,低楼层 (共17层) 2室1厅 | 64.28平米 | 南 西,https://ke-image.ljcdn.com/110000-inspection/pc1_lFdVIx6mz_1.jpg!m_fill,w_280,h_210,f_jpg?from=ke.com
20241023,海淀,双榆树,101126349276,双榆树东里 不临街 板楼中间层 两南一北停车方便必看好房,690万,98151元/平,中楼层 (共6层) 3室1厅 | 70.3平米 | 南 北,https://ke-image.ljcdn.com/110000-inspection/pc1_nlCE2lTbl_1.jpg!m_fill,w_280,h_210,f_jpg?from=ke.com
20241023,海淀,双榆树,101126271899,榆苑公寓 南北通 精装修 户型好 有电梯 诚意卖必看好房,980万,87407元/平,低楼层 (共10层) 3室1厅 | 112.12平米 | 南 北,https://ke-image.ljcdn.com/110000-inspection/pc1_oEk0Vhvtu_1.jpg!m_fill,w_280,h_210,f_jpg?from=ke.com
20241023,海淀,双榆树,101125995927,知春里 高楼层 一居 户型方正 视野好 采光好,398万,98515元/平,顶层 (共6层) 1室1厅 | 40.4平米 | 南,https://ke-image.ljcdn.com/110000-inspection/pc1_7Vv53an3h_1.jpg!m_fill,w_280,h_210,f_jpg?from=ke.com
20241023,海淀,双榆树,101125910895,双榆树榆苑公寓新上优质3居室,949万,90770元/平,中楼层 (共10层) | 1999年 | 3室1厅 | 104.55平米 | 南 北,https://ke-image.ljcdn.com/110000-inspection/pc1_9iOraDwCL_1.jpg!m_fill,w_280,h_210,f_jpg?from=ke.com
20241023,海淀,双榆树,101125755909,双榆树北里 板楼中间层  明厅带阳台 南北通透好房,420万,88125元/平,中楼层 (共6层) 1室1厅 | 47.66平米 | 南 北,https://ke-image.ljcdn.com/110000-inspection/pc1_2zdMJbJNL_1.jpg!m_fill,w_280,h_210,f_jpg?from=ke.com
20241023,海淀,双榆树,101125712823,双榆树北里 带电梯没遮挡 有物业 单独管理必看好房,565万,95118元/平,中楼层 (共16层) 2室1厅 | 59.4平米 | 西南,https://ke-image.ljcdn.com/110000-inspection/pc1_jbAkF04Fv_1.jpg!m_fill,w_280,h_210,f_jpg?from=ke.com
20241023,海淀,双榆树,101125677511,知春东里两居室带电梯单位分房中间楼层视野好,540万,87238元/平,中楼层 (共20层) 2室1厅 | 61.9平米 | 东南,https://ke-image.ljcdn.com/110000-inspection/pc1_S7UU7d2hg_1.jpg!m_fill,w_280,h_210,f_jpg?from=ke.com
20241023,海淀,双榆树,101125636876,双榆树东里 3室1厅 西南必看好房,510万,87479元/平,底层 (共6层) 3室1厅 | 58.3平米 | 西南,https://ke-image.ljcdn.com/110000-inspection/pc1_oGYsOCBne_1.jpg!m_fill,w_280,h_210,f_jpg?from=ke.com
20241023,海淀,双榆树,101125438389,知春路82号院航天单位分房精装修诚意出售 看房方便必看好房,860万,122682元/平,中楼层 (共18层) | 2002年 | 3室1厅 | 70.1平米 | 西南,https://ke-image.ljcdn.com/110000-inspection/7aa81649-f5b9-422d-877e-1ee00607b933_1000.jpg!m_fill,w_280,h_210,f_jpg?from=ke.com
20241023,海淀,双榆树,101125328760,知春里全南格局 南北可通透 采光好 视野好 管理好房主自荐,682万,111584元/平,高楼层 (共18层) 2室1厅 | 61.12平米 | 东南,https://ke-image.ljcdn.com/110000-inspection/32f891fc-a458-456a-a9f1-2491c1250c48_1000.jpg!m_fill,w_280,h_210,f_jpg?from=ke.com
20241023,海淀,双榆树,101125247102,知春路82号院航天五院家属楼人车分流车位充足必看好房,1290万,112753元/平,高楼层 (共20层) 3室1厅 | 114.41平米 | 西南,https://ke-image.ljcdn.com/110000-inspection/pc1_cgfHYk4Fh_1.jpg!m_fill,w_280,h_210,f_jpg?from=ke.com
20241023,海淀,双榆树,101125156200,青云北区没有抵押产权清晰使用面积大,535万,79614元/平,底层 (共6层) | 1993年 | 2室1厅 | 67.2平米 | 东 西,https://ke-image.ljcdn.com/110000-inspection/pc1_Qsec4C25f_1.jpg!m_fill,w_280,h_210,f_jpg?from=ke.com
20241023,海淀,双榆树,101124882913,青云北区 中间层不临街 满五年福利分房,508万,90553元/平,中楼层 (共5层) | 1980年 | 2室1厅 | 56.1平米 | 南 北,https://ke-image.ljcdn.com/110000-inspection/pc1_qPWf8Nynx_1.jpg!m_fill,w_280,h_210,f_jpg?from=ke.com
20241023,海淀,双榆树,101124637886,知春路82号院满五年唯一商品房人车分流 采光充足,539万,119778元/平,高楼层 (共18层) 2室1厅 | 45平米 | 东,https://ke-image.ljcdn.com/110000-inspection/pc1_iQvDuTgMy_1.jpg!m_fill,w_280,h_210,f_jpg?from=ke.com
20241023,海淀,双榆树,101124423752,双榆树 本楼改造过了 房顶是坡顶公积金可贷25年,420万,82678元/平,顶层 (共6层) | 1982年 | 2室1厅 | 50.8平米 | 南,https://ke-image.ljcdn.com/110000-inspection/pc1_KyUDkk10I_1.jpg!m_fill,w_280,h_210,f_jpg?from=ke.com
20241023,海淀,双榆树,101124270302,板楼三居室南北通透交通方便户型方正环境安静房主自荐,521万,83897元/平,顶层 (共6层) 3室1厅 | 62.1平米 | 南 北,https://ke-image.ljcdn.com/110000-inspection/pc1_k3f6l1rH4_1.jpg!m_fill,w_280,h_210,f_jpg?from=ke.com
20241023,海淀,双榆树,101124173492,南北两居户型格局好阳光充足满五唯一安静,890万,153185元/平,中楼层 (共6层) 2室1厅 | 58.1平米 | 南 北,https://ke-image.ljcdn.com/110000-inspection/6bc6978c-05ae-488a-bdee-9c9fde14127b_1000.jpg!m_fill,w_280,h_210,f_jpg?from=ke.com
20241023,海淀,双榆树,101123853022,中间楼层 南北通透 业主诚心出售 看房方便 随时签约,488万,90371元/平,中楼层 (共6层) 2室1厅 | 54平米 | 南 北,https://ke-image.ljcdn.com/110000-inspection/6c41445f-b82e-416c-8e3d-35ff135deb18_1000.jpg!m_fill,w_280,h_210,f_jpg?from=ke.com
20241023,海淀,双榆树,101123712493,双榆树北里全明格局两居室 满五年唯一 位置好不临街,522万,90625元/平,中楼层 (共6层) | 1987年 | 2室1厅 | 57.6平米 | 南 北,https://ke-image.ljcdn.com/110000-inspection/pc1_5iBfDnkhf_1.jpg!m_fill,w_280,h_210,f_jpg?from=ke.com
20241023,海淀,双榆树,101123703015,双榆树北里二居双南向满五年唯一商品房,465万,87720元/平,高楼层 (共6层) 2室1厅 | 53.01平米 | 南,https://ke-image.ljcdn.com/110000-inspection/pc1_W3yvcTcYe_1.jpg!m_fill,w_280,h_210,f_jpg?from=ke.com
20241023,海淀,双榆树,101123609906,双榆树西里满五唯一中间楼层拎包入住必看好房,400万,91765元/平,中楼层 (共16层) 1室1厅 | 43.59平米 | 南,https://ke-image.ljcdn.com/110000-inspection/pc1_bPUyInvPo_1.jpg!m_fill,w_280,h_210,f_jpg?from=ke.com
20241023,海淀,双榆树,101123571005,满五年唯一的商品房南北通透格局采光无遮挡。必看好房,499万,94813元/平,底层 (共6层) 2室1厅 | 52.63平米 | 南 北,https://ke-image.ljcdn.com/110000-inspection/pc1_r8A1Nybyz_1.jpg!m_fill,w_280,h_210,f_jpg?from=ke.com
20241023,海淀,双榆树,101122574450,【区域聚焦】双榆树北里不临街板楼中间层满五唯一,549万,99277元/平,中楼层 (共6层) 2室1厅 | 55.3平米 | 南 北,https://ke-image.ljcdn.com/110000-inspection/pc1_wliae5eG7_1.jpg!m_fill,w_280,h_210,f_jpg?from=ke.com
20241023,海淀,双榆树,101122517062,中关村东路小区  精装修一居室,450万,90891元/平,高楼层 (共6层) | 1997年 | 1室1厅 | 49.51平米 | 南,https://ke-image.ljcdn.com/110000-inspection/5cfa739b-8bc2-4d58-842b-da8dc66f3d7f_1000.jpg!m_fill,w_280,h_210,f_jpg?from=ke.com
20241023,海淀,双榆树,101122418842,双榆树知春东里新上南北通透一居室,499万,114713元/平,低楼层 (共6层) 1室1厅 | 43.5平米 | 南 北,https://ke-image.ljcdn.com/110000-inspection/pc1_J3vjhHZzP_1.jpg!m_fill,w_280,h_210,f_jpg?from=ke.com
20241023,海淀,双榆树,101122323583,【区域聚焦房】航天部自管楼单独物业 带电梯 看房方便必看好房,435万,83816元/平,中楼层 (共18层) | 1988年 | 1室1厅 | 51.9平米 | 东南,https://ke-image.ljcdn.com/110000-inspection/pc1_j3XfUgjUD_1.jpg!m_fill,w_280,h_210,f_jpg?from=ke.com
20241023,海淀,双榆树,101122152919,知春里小区 南向一居室 诚意出售,450万,86706元/平,中楼层 (共18层) | 1988年 | 1室1厅 | 51.9平米 | 东 南,https://ke-image.ljcdn.com/110000-inspection/pc1_xb4vHUy82_1.jpg!m_fill,w_280,h_210,f_jpg?from=ke.com
20241023,海淀,双榆树,101121867414,板楼南北通透两居室 小区中间位置 随时看房 随时签约,605万,104491元/平,中楼层 (共6层) 2室1厅 | 57.9平米 | 南 北,https://ke-image.ljcdn.com/110000-inspection/pc1_FV4KEa8T8_1.jpg!m_fill,w_280,h_210,f_jpg?from=ke.com
20241023,海淀,双榆树,101119842383,北三环 双榆树西里 满五唯一商品房 精装修 诚意出售,599万,100791元/平,低楼层 (共16层) 2室1厅 | 59.43平米 | 西南,https://ke-image.ljcdn.com/110000-inspection/pc1_1S4dJV7Gt_1.jpg!m_fill,w_280,h_210,f_jpg?from=ke.com
20241023,海淀,双榆树,101118344956,双榆树东里精装三居无遮挡诚意出售,579万,83550元/平,低楼层 (共12层) 3室1厅 | 69.3平米 | 东 西 北,https://ke-image.ljcdn.com/110000-inspection/357049a6-e6f7-4044-afd7-8e3605f191c5_1000.jpg!m_fill,w_280,h_210,f_jpg?from=ke.com
20241023,海淀,双榆树,101127198379,都市网景 2室1厅 东 南,1030万,103238元/平,中楼层 (共24层) | 2000年 | 2室1厅 | 99.77平米 | 东 南,https://ke-image.ljcdn.com/110000-inspection/316a959f-5c97-4ae6-a5c0-30d635e3162e_1000.jpg!m_fill,w_280,h_210,f_jpg?from=ke.com
20241023,海淀,双榆树,101127173165,双榆树西里高楼层带电梯老业主诚意出售必看好房,545万,91705元/平,高楼层 (共16层) 2室1厅 | 59.43平米 | 西南,https://ke-image.ljcdn.com/110000-inspection/pc1_7k70sSYKM_1.jpg!m_fill,w_280,h_210,f_jpg?from=ke.com
20241023,海淀,双榆树,101126463939,双榆树东里 精装修正规三居室 楼间距大 采光充足,569万,91480元/平,高楼层 (共6层) | 1981年 | 3室1厅 | 62.2平米 | 南 西 北,https://ke-image.ljcdn.com/110000-inspection/0ea964f8-1938-4c88-ac8e-37bb240a930f_1000.jpg!m_fill,w_280,h_210,f_jpg?from=ke.com
20241023,海淀,双榆树,101126330439,双榆树东里 精装修 单独管理 采光好,469万,85741元/平,高楼层 (共6层) | 1998年 | 2室1厅 | 54.7平米 | 南 北,https://ke-image.ljcdn.com/110000-inspection/pc1_RTGXQBfoY_1.jpg!m_fill,w_280,h_210,f_jpg?from=ke.com
20241023,海淀,双榆树,101126270429,区域主推好房 建材局自管楼 有物业 有电梯诚意出售,556万,93556元/平,低楼层 (共16层) | 1985年 | 2室1厅 | 59.43平米 | 西南,https://ke-image.ljcdn.com/110000-inspection/pc1_sxstQ9p4t_1.jpg!m_fill,w_280,h_210,f_jpg?from=ke.com
20241023,海淀,双榆树,101125985573,都市网景 小区人车分流 2000年楼龄 管理不错,1418万,94990元/平,高楼层 (共24层) 3室2厅 | 149.28平米 | 东南,https://ke-image.ljcdn.com/110000-inspection/pc1_P9ozllJzb_1.jpg!m_fill,w_280,h_210,f_jpg?from=ke.com
20241023,海淀,双榆树,101125949458,满五年视野开阔采光充足近地铁大客厅好户型,620万,84932元/平,中楼层 (共5层) | 1965年 | 2室1厅 | 73平米 | 南,https://ke-image.ljcdn.com/110000-inspection/pc1_xYSKIg9mO_1.jpg!m_fill,w_280,h_210,f_jpg?from=ke.com
20241023,海淀,双榆树,101125844664,青云北区 航空仪表厂家属院 小区环境管理都不错,438万,83429元/平,顶层 (共5层) | 1980年 | 2室1厅 | 52.5平米 | 南,https://ke-image.ljcdn.com/110000-inspection/pc1_qy7QgOBXr_1.jpg!m_fill,w_280,h_210,f_jpg?from=ke.com
20241023,海淀,双榆树,101125321323,双榆树北路 中间层南向一居室 采光好 原址高,358万,99169元/平,中楼层 (共6层) 1室0厅 | 36.1平米 | 南,https://ke-image.ljcdn.com/110000-inspection/798aa3d1-d1aa-46d4-950e-caa5873e07d0_1000.jpg!m_fill,w_280,h_210,f_jpg?from=ke.com
20241023,海淀,双榆树,101124331726,海淀区中关村知春路双榆树东里精装修电梯南向一居室,430万,97286元/平,中楼层 (共16层) | 1985年 | 1室1厅 | 44.2平米 | 南,https://ke-image.ljcdn.com/110000-inspection/6a2e983a-13ac-494f-b2c9-2cff800ced3d_1000.jpg!m_fill,w_280,h_210,f_jpg?from=ke.com
20241023,海淀,双榆树,101127061945,双榆树东里户型方正三居室有电梯诚意卖新上,698万,87689元/平,中楼层 (共12层) 3室1厅 | 79.6平米 | 南 北,https://s1.ljcdn.com/pegasus/redskull/images/common/default_house_list.png?_v=202410161653269
20241023,海淀,双榆树,101126845323,双榆树榆苑公寓 楼龄新1999年 南北通透带客厅,548万,94975元/平,低楼层 (共7层) 2室1厅 | 57.7平米 | 南 北,https://s1.ljcdn.com/pegasus/redskull/images/common/default_house_list.png?_v=202410161653269
20241023,海淀,双榆树,101126429503,【区域聚焦】双榆树东里 市政分房 完成改造 诚意售,595万,83451元/平,中楼层 (共16层) 3室1厅 | 71.3平米 | 东北,https://s1.ljcdn.com/pegasus/redskull/images/common/default_house_list.png?_v=202410161653269
20241023,海淀,双榆树,101125966609,青云北区 物业单独管理 高层视野好,646万,89848元/平,高楼层 (共17层) 2室1厅 | 71.9平米 | 西北,https://s1.ljcdn.com/pegasus/redskull/images/common/default_house_list.png?_v=202410161653269
20241023,海淀,双榆树,101125660553,人民大学双榆树西里 板楼好户型 南北通透 全明户型,570万,92683元/平,高楼层 (共6层) 2室1厅 | 61.5平米 | 南 北,https://s1.ljcdn.com/pegasus/redskull/images/common/default_house_list.png?_v=202410161653269
20241023,海淀,双榆树,101123330332,双榆树榆苑公寓 南北通透带客厅 双阳台 楼龄新,1020万,97561元/平,低楼层 (共10层) 3室1厅 | 104.55平米 | 南 北,https://s1.ljcdn.com/pegasus/redskull/images/common/default_house_list.png?_v=202410161653269
20241023,海淀,双榆树,101127096273,青云北区 南北通透  明厨明卫 格局方正的三居出售新上,750万,97912元/平,高楼层 (共6层) 3室1厅 | 76.6平米 | 南 北,https://ke-image.ljcdn.com/110000-inspection/pc1_6tdUbGvVV_1.jpg!m_fill,w_280,h_210,f_jpg?from=ke.com
20241023,海淀,双榆树,101127088427,青云北区 南北通透2居室带客厅 满五年唯一诚意出售新上,619万,104561元/平,低楼层 (共6层) | 1990年 | 2室1厅 | 59.2平米 | 南 北,https://ke-image.ljcdn.com/110000-inspection/pc1_zoCA4FVLJ_1.jpg!m_fill,w_280,h_210,f_jpg?from=ke.com
20241023,海淀,双榆树,101127008908,主推新上 电梯直达精装大两居 物业单独管理,639万,93558元/平,中楼层 (共16层) 2室1厅 | 68.3平米 | 南 北,https://ke-image.ljcdn.com/110000-inspection/pc1_OwqRx5zts_1.jpg!m_fill,w_280,h_210,f_jpg?from=ke.com
20241023,海淀,双榆树,101126939675,满五年视野开阔采光充足近地铁南北向好户型,570万,101064元/平,中楼层 (共5层) | 1965年 | 2室1厅 | 56.4平米 | 南 北,https://ke-image.ljcdn.com/110000-inspection/12973e2a-eb57-46b7-b4a6-0cefd150b82a_1000.jpg!m_fill,w_280,h_210,f_jpg?from=ke.com
20241023,海淀,双榆树,101126915406,知春里 1室1厅 南,480万,117504元/平,低楼层 (共6层) 1室1厅 | 40.85平米 | 南,https://ke-image.ljcdn.com/110000-inspection/pc1_AfIfoYfkY_1.jpg!m_fill,w_280,h_210,f_jpg?from=ke.com
20241023,海淀,双榆树,101126847169,双榆树北路 板楼中间层 交通生活便利,419万,99055元/平,中楼层 (共6层) 1室1厅 | 42.3平米 | 南,https://ke-image.ljcdn.com/110000-inspection/91d3fcc0-2304-4e54-8123-1e600370edd2_1000.jpg!m_fill,w_280,h_210,f_jpg?from=ke.com
20241023,海淀,双榆树,101126768669,98年板楼满五唯一社区安静安全 单独物业管理,1460万,99469元/平,高楼层 (共10层) 3室2厅 | 146.78平米 | 东 南 西,https://ke-image.ljcdn.com/110000-inspection/5a8fcbf4-f185-4836-9a27-8ebbb6b5ff19_1000.jpg!m_fill,w_280,h_210,f_jpg?from=ke.com
20241023,海淀,双榆树,101126703247,知春里  全南向   精装修  老业主委托,650万,105520元/平,低楼层 (共18层) | 1999年 | 2室1厅 | 61.6平米 | 南,https://ke-image.ljcdn.com/110000-inspection/pc1_bzanuCdiL_1.jpg!m_fill,w_280,h_210,f_jpg?from=ke.com
20241023,海淀,双榆树,101126698726,双榆树知春里 海淀黄庄附近 一居室 南向一居室,410万,99034元/平,中楼层 (共6层) 1室1厅 | 41.4平米 | 南,https://ke-image.ljcdn.com/110000-inspection/8c7d530c-d4d2-4c23-a1ba-aaa8200cf268_1000.jpg!m_fill,w_280,h_210,f_jpg?from=ke.com
20241023,海淀,双榆树,101126654972,聚焦房源 2003年建成 精装双卫 客厅朝南大四居,1650万,95897元/平,中楼层 (共20层) | 2003年 | 4室1厅 | 172.06平米 | 西南,https://ke-image.ljcdn.com/110000-inspection/89490962-e1db-4001-a00e-ee1406191e09_1000.jpg!m_fill,w_280,h_210,f_jpg?from=ke.com
20241023,海淀,双榆树,101126650516,知春里 1室1厅 东,440万,108911元/平,低楼层 (共6层) 1室1厅 | 40.4平米 | 东,https://ke-image.ljcdn.com/110000-inspection/pc1_DFLOR6fSQ_1.jpg!m_fill,w_280,h_210,f_jpg?from=ke.com
20241023,海淀,双榆树,101126624348,知春里小区两居电梯房、双南、正向无偏,680万,111112元/平,高楼层 (共18层) | 1999年 | 2室1厅 | 61.2平米 | 南,https://ke-image.ljcdn.com/110000-inspection/pc1_0Fg4yzoRn_1.jpg!m_fill,w_280,h_210,f_jpg?from=ke.com
20241023,海淀,双榆树,101126570725,满五唯一中间层南向阳光好诚意出售价格有聊,498万,103320元/平,中楼层 (共7层) 1室1厅 | 48.2平米 | 南,https://ke-image.ljcdn.com/110000-inspection/pc1_yQTYsZIIz_1.jpg!m_fill,w_280,h_210,f_jpg?from=ke.com
20241023,海淀,双榆树,101126515565,青云北区 2室1厅 南 北,750万,118859元/平,中楼层 (共6层) 2室1厅 | 63.1平米 | 南 北,https://ke-image.ljcdn.com/110000-inspection/pc1_4xcFzX1SJ_1.jpg!m_fill,w_280,h_210,f_jpg?from=ke.com
20241023,海淀,双榆树,101126505891,双榆树西里精装南向一居室 电梯直达,399万,91598元/平,中楼层 (共16层) 1室1厅 | 43.56平米 | 南,https://ke-image.ljcdn.com/110000-inspection/pc1_udMmgL82x_1.jpg!m_fill,w_280,h_210,f_jpg?from=ke.com
20241023,海淀,双榆树,101126494610,知春路82号院 航天五院家属楼 次顶层 采光视野棒,1100万,136139元/平,高楼层 (共18层) | 1997年 | 3室1厅 | 80.8平米 | 西南,https://ke-image.ljcdn.com/110000-inspection/pc1_Dzon5XV5g_1.jpg!m_fill,w_280,h_210,f_jpg?from=ke.com
20241023,海淀,双榆树,101126490590,知春里 不临街 精装优质一居 可谈,399万,98763元/平,低楼层 (共6层) | 1984年 | 1室1厅 | 40.4平米 | 南,https://ke-image.ljcdn.com/110000-inspection/4cc6d831-1710-48cc-8b60-e28581e6831c_1000.jpg!m_fill,w_280,h_210,f_jpg?from=ke.com
20241023,海淀,双榆树,101126471258,双榆树东里 2室1厅 南 北,570万,89482元/平,高楼层 (共16层) 2室1厅 | 63.7平米 | 南 北,https://ke-image.ljcdn.com/110000-inspection/pc1_IBKdho5jh_1.jpg!m_fill,w_280,h_210,f_jpg?from=ke.com
20241023,海淀,双榆树,101126375750,满五年唯一户型方正视野好采光好可随时签约,450万,111663元/平,顶层 (共6层) | 1984年 | 1室1厅 | 40.3平米 | 南,https://ke-image.ljcdn.com/110000-inspection/pc1_BG8FrtJ3K_1.jpg!m_fill,w_280,h_210,f_jpg?from=ke.com
20241023,海淀,双榆树,101126350810,人大东门 南北双阳台大两居 格局好 前后不临街,650万,94615元/平,中楼层 (共5层) | 1965年 | 2室1厅 | 68.7平米 | 南 北,https://ke-image.ljcdn.com/110000-inspection/842d64ec-9371-4f28-9662-dae225d721eb_1000.jpg!m_fill,w_280,h_210,f_jpg?from=ke.com
20241023,海淀,双榆树,101126337296,双榆树知春东里  板楼三居室  户型好 使用率高,780万,117648元/平,顶层 (共6层) | 1987年 | 3室1厅 | 66.3平米 | 南 北,https://ke-image.ljcdn.com/110000-inspection/pc1_fqIdebDF3_1.jpg!m_fill,w_280,h_210,f_jpg?from=ke.com
20241023,海淀,双榆树,101126319290,海淀黄庄 知春里 塔楼带电梯 户型方正 楼层高视野,850万,112434元/平,中楼层 (共18层) | 1988年 | 3室1厅 | 75.6平米 | 东南,https://ke-image.ljcdn.com/110000-inspection/pc1_7UJ7BmVaN_1.jpg!m_fill,w_280,h_210,f_jpg?from=ke.com
20241023,海淀,双榆树,101126300150,双榆树知春里 大两居 无遮挡 家属楼单独管理,670万,91481元/平,低楼层 (共18层) 2室1厅 | 73.24平米 | 西南,https://ke-image.ljcdn.com/110000-inspection/pc1_VZmxEGo7C_1.jpg!m_fill,w_280,h_210,f_jpg?from=ke.com
20241023,海淀,双榆树,101126199846,知春里 3室1厅 西南,850万,99649元/平,高楼层 (共18层) 3室1厅 | 85.3平米 | 西南,https://ke-image.ljcdn.com/110000-inspection/ea084306-7b70-45d6-a9a1-b5f249048750_1000.jpg!m_fill,w_280,h_210,f_jpg?from=ke.com
20241023,海淀,双榆树,101126174670,中关村4号线人民大学地铁南北通风小户型两居。,499万,95230元/平,中楼层 (共5层) | 1965年 | 2室1厅 | 52.4平米 | 南 北,https://ke-image.ljcdn.com/110000-inspection/pc1_8YowCIL09_1.jpg!m_fill,w_280,h_210,f_jpg?from=ke.com
20241023,海淀,双榆树,101126135228,知春里社区 电梯房 精装修 近海淀黄庄地铁站,988万,109778元/平,中楼层 (共18层) 3室1厅 | 90平米 | 东南 北,https://ke-image.ljcdn.com/110000-inspection/pc1_SWvapIWJB_1.jpg!m_fill,w_280,h_210,f_jpg?from=ke.com
20241023,海淀,双榆树,101126078460,知春路82号院 南向大三居 高楼层 带电梯 诚意卖,1680万,109347元/平,高楼层 (共20层) 3室1厅 | 153.64平米 | 南,https://ke-image.ljcdn.com/110000-inspection/pc1_gCzUB7EfO_1.jpg!m_fill,w_280,h_210,f_jpg?from=ke.com
20241023,海淀,双榆树,101126002824,双榆树东里精装两居南北通透采光好,540万,99448元/平,高楼层 (共6层) 2室1厅 | 54.3平米 | 南 北,https://ke-image.ljcdn.com/110000-inspection/pc1_hLF1HqDU8_1.jpg!m_fill,w_280,h_210,f_jpg?from=ke.com
20241023,海淀,双榆树,101125995272,双榆树东里 满五唯一 南北通透 板楼三居室,618万,85953元/平,顶层 (共6层) 3室1厅 | 71.9平米 | 南 北,https://ke-image.ljcdn.com/110000-inspection/pc1_ELLIczs9N_1.jpg!m_fill,w_280,h_210,f_jpg?from=ke.com
20241023,海淀,双榆树,101125986084,双榆树榆苑公寓 低楼层 大客厅 精装修 无遮挡,500万,103735元/平,低楼层 (共7层) 1室1厅 | 48.2平米 | 南,https://ke-image.ljcdn.com/110000-inspection/pc1_Wek4HpSGv_1.jpg!m_fill,w_280,h_210,f_jpg?from=ke.com
20241023,海淀,双榆树,101125980627,知春东里中间层两居满五年采光好。,650万,88340元/平,中楼层 (共20层) 2室1厅 | 73.58平米 | 西南,https://ke-image.ljcdn.com/110000-inspection/pc1_XRAsSSHWm_1.jpg!m_fill,w_280,h_210,f_jpg?from=ke.com
20241023,海淀,双榆树,101125932949,知春里 诚意出售 价格能谈 看房方便,510万,96227元/平,高楼层 (共6层) 2室1厅 | 53平米 | 南,https://ke-image.ljcdn.com/110000-inspection/pc1_I406aIe7W_1.jpg!m_fill,w_280,h_210,f_jpg?from=ke.com
20241023,海淀,双榆树,101125909551,知春路82号院新上西南向三居室业主诚意出售,1070万,141161元/平,低楼层 (共18层) | 2002年 | 3室1厅 | 75.8平米 | 西南,https://ke-image.ljcdn.com/110000-inspection/pc1_y0yK8sobP_1.jpg!m_fill,w_280,h_210,f_jpg?from=ke.com
20241023,海淀,双榆树,101125868586,知春里小区优质南向大一居诚意出售,429万,83790元/平,顶层 (共18层) | 1988年 | 1室1厅 | 51.2平米 | 南,https://ke-image.ljcdn.com/110000-inspection/pc1_T0lf4Ip9g_1.jpg!m_fill,w_280,h_210,f_jpg?from=ke.com
20241023,海淀,双榆树,101125824847,南北通透格局满五年唯一 市场价随时签约,480万,110345元/平,顶层 (共6层) 1室1厅 | 43.5平米 | 南 北,https://ke-image.ljcdn.com/110000-inspection/pc1_KzabNNeST_1.jpg!m_fill,w_280,h_210,f_jpg?from=ke.com
20241023,海淀,双榆树,101125760394,双榆树东里 板楼有电梯 精装修 视野采光好,390万,95589元/平,高楼层 (共6层) 1室1厅 | 40.8平米 | 南,https://ke-image.ljcdn.com/110000-inspection/pc1_0yyxFOsvJ_1.jpg!m_fill,w_280,h_210,f_jpg?from=ke.com
20241023,海淀,双榆树,101125756210,双榆树北路 2室1厅 南 北,630万,108621元/平,顶层 (共6层) 2室1厅 | 58平米 | 南 北,https://ke-image.ljcdn.com/110000-inspection/pc1_maTtYt2xq_1.jpg!m_fill,w_280,h_210,f_jpg?from=ke.com
20241023,海淀,双榆树,101125739114,双榆树北路 3室1厅 南 北,1030万,93569元/平,高楼层 (共6层) 3室1厅 | 110.08平米 | 南 北,https://ke-image.ljcdn.com/110000-inspection/pc1_J8hAA2R69_1.jpg!m_fill,w_280,h_210,f_jpg?from=ke.com
20241023,海淀,双榆树,101125710728,榆苑公寓 南北通透2居室不临街一层有客厅业主诚售！,575万,99654元/平,底层 (共7层) 2室1厅 | 57.7平米 | 南 北,https://ke-image.ljcdn.com/110000-inspection/pc1_DpMbJgRSd_1.jpg!m_fill,w_280,h_210,f_jpg?from=ke.com
20241023,海淀,双榆树,101125670769,双榆树97年楼龄得房率83%超优中间层南一居,450万,90891元/平,低楼层 (共6层) | 1997年 | 1室1厅 | 49.51平米 | 南,https://ke-image.ljcdn.com/110000-inspection/pc1_7joR5ROB1_1.jpg!m_fill,w_280,h_210,f_jpg?from=ke.com
20241023,海淀,双榆树,101125664467,双榆树北路三卧朝南三居户型方正采光好,666万,96592元/平,高楼层 (共6层) 3室1厅 | 68.95平米 | 南,https://ke-image.ljcdn.com/110000-inspection/pc1_YepEMcG1W_1.jpg!m_fill,w_280,h_210,f_jpg?from=ke.com
20241023,海淀,双榆树,101125633531,双榆树东里中间位置中间楼层南北通透看房方便房主自荐,498万,91377元/平,中楼层 (共6层) 2室1厅 | 54.5平米 | 南 北,https://ke-image.ljcdn.com/110000-inspection/pc1_D3D9IY1lP_1.jpg!m_fill,w_280,h_210,f_jpg?from=ke.com
20241023,海淀,双榆树,101125493242,双榆树知春里 板楼有电梯 诚意出售 靠谱卖,590万,113027元/平,中楼层 (共6层) 2室1厅 | 52.2平米 | 南,https://ke-image.ljcdn.com/110000-inspection/pc1_yK6sLsuWH_1.jpg!m_fill,w_280,h_210,f_jpg?from=ke.com
20241023,海淀,双榆树,101125484114,青云北区 2室1厅 南,560万,96886元/平,顶层 (共6层) 2室1厅 | 57.8平米 | 南,https://ke-image.ljcdn.com/110000-inspection/pc1_xzvY6fGVP_1.jpg!m_fill,w_280,h_210,f_jpg?from=ke.com
20241023,海淀,双榆树,101125379568,双榆树知春里有电梯东南三居室,788万,104233元/平,低楼层 (共18层) 3室1厅 | 75.6平米 | 东南,https://ke-image.ljcdn.com/110000-inspection/pc1_HPqWo8AwA_1.jpg!m_fill,w_280,h_210,f_jpg?from=ke.com
20241023,海淀,双榆树,101125331314,远洋领导楼  全南向双卫大三居 大客厅居住体验好！房主自荐,1388万,111981元/平,低楼层 (共10层) 3室1厅 | 123.95平米 | 南 西南,https://ke-image.ljcdn.com/110000-inspection/5c2a26aa-9050-458a-a928-43b4cc8dc8aa_1000.jpg!m_fill,w_280,h_210,f_jpg?from=ke.com
20241023,海淀,双榆树,101125304855,双榆树北路6号院 满五唯一 中间层 精装修 诚意卖,529万,94803元/平,中楼层 (共6层) | 2001年 | 2室1厅 | 55.8平米 | 南 北,https://ke-image.ljcdn.com/110000-inspection/7917d4ee-c461-42cc-a59d-cbe6d6016ef6_1000.jpg!m_fill,w_280,h_210,f_jpg?from=ke.com
20241023,海淀,双榆树,101125246995,双榆树东里 2室1厅 西北房主自荐,598万,92570元/平,低楼层 (共16层) | 1985年 | 2室1厅 | 64.6平米 | 西北,https://ke-image.ljcdn.com/110000-inspection/497120cf-118f-4f4f-aea0-a7cf3df7d3d4_1000.jpg!m_fill,w_280,h_210,f_jpg?from=ke.com
20241023,海淀,双榆树,101125240316,榆苑公寓 1室1厅 南,305万,69161元/平,地下室 (共7层) 1室1厅 | 44.1平米 | 南,https://ke-image.ljcdn.com/110000-inspection/pc1_JL57GxwJK_1.jpg!m_fill,w_280,h_210,f_jpg?from=ke.com
20241023,海淀,双榆树,101125134137,知春东里 精装修一居室 满五唯一 高楼层 电梯直达,630万,121857元/平,高楼层 (共20层) | 2000年 | 1室1厅 | 51.7平米 | 南,https://ke-image.ljcdn.com/110000-inspection/pc1_y6ZbTgb7G_1.jpg!m_fill,w_280,h_210,f_jpg?from=ke.com
20241023,海淀,双榆树,101125105980,中关村双榆树西里南向两居室电梯房,545万,94948元/平,中楼层 (共16层) | 1980年 | 2室1厅 | 57.4平米 | 南,https://ke-image.ljcdn.com/110000-inspection/pc1_H4DZjvwBY_1.jpg!m_fill,w_280,h_210,f_jpg?from=ke.com
20241023,海淀,双榆树,101125057402,双榆树人民大学地铁南北通风明厨明卫格局精装修,798万,110527元/平,高楼层 (共6层) 3室1厅 | 72.2平米 | 东 南 北,https://ke-image.ljcdn.com/110000-inspection/c4744673-a296-4a8f-9a64-5650d8666427_1000.jpg!m_fill,w_280,h_210,f_jpg?from=ke.com
20241023,海淀,双榆树,101125030992,房子满五年唯一的商品房中间层南向采光好,500万,96340元/平,低楼层 (共18层) | 1988年 | 1室1厅 | 51.9平米 | 南,https://ke-image.ljcdn.com/110000-inspection/pc1_evWiIVIAk_1.jpg!m_fill,w_280,h_210,f_jpg?from=ke.com
20241023,海淀,双榆树,101124967344,区政府大院 知春东里 小三居室 满五唯一诚意出售,830万,125189元/平,高楼层 (共6层) 3室1厅 | 66.3平米 | 东 南 北,https://ke-image.ljcdn.com/110000-inspection/pc1_3FjAz5HMz_1.jpg!m_fill,w_280,h_210,f_jpg?from=ke.com
20241023,海淀,双榆树,101124964033,海淀区政府大院 知春东里 满五唯一 带电梯 诚意卖,520万,100581元/平,顶层 (共20层) | 2000年 | 1室1厅 | 51.7平米 | 南,https://ke-image.ljcdn.com/110000-inspection/a44e9c3c-0478-4421-8c95-574800be3d9b_1000.jpg!m_fill,w_280,h_210,f_jpg?from=ke.com
20241023,海淀,双榆树,101124925253,双榆树北路6号 人车分流 南北通透  精装拎包入住,489万,88268元/平,底层 (共6层) | 2001年 | 2室1厅 | 55.4平米 | 南 北,https://ke-image.ljcdn.com/110000-inspection/pc1_uxyRsoaW9_1.jpg!m_fill,w_280,h_210,f_jpg?from=ke.com
20241023,海淀,双榆树,101124883689,双榆树北路6号院 南北通透两居室 明厅 安静不临街,575万,81445元/平,高楼层 (共6层) | 2001年 | 2室1厅 | 70.6平米 | 东 南 北,https://ke-image.ljcdn.com/110000-inspection/6b6d3964-e0a0-4465-b4e3-32e092c20331_1000.jpg!m_fill,w_280,h_210,f_jpg?from=ke.com
20241023,海淀,双榆树,101124762597,双榆树北里 田字格三居 精装修拎包 停车方便,755万,109899元/平,高楼层 (共6层) 3室1厅 | 68.7平米 | 南 北,https://ke-image.ljcdn.com/110000-inspection/pc1_OnOgyikwE_1.jpg!m_fill,w_280,h_210,f_jpg?from=ke.com
20241023,海淀,双榆树,101124760190,知春里小区 板楼三居 中间位置,735万,121689元/平,底层 (共6层) 3室1厅 | 60.4平米 | 东 南 北,https://ke-image.ljcdn.com/110000-inspection/5b1f8cd9-5824-464e-8306-5508de82f678_1000.jpg!m_fill,w_280,h_210,f_jpg?from=ke.com
20241023,海淀,双榆树,101124679640,知春路82号院 满五年唯一央产房可观西山 车位充足房主自荐,565万,125556元/平,高楼层 (共18层) | 1997年 | 1室1厅 | 45平米 | 西,https://ke-image.ljcdn.com/110000-inspection/fb83104b-7b4c-4778-938c-4729ef10bdc8_1000.jpg!m_fill,w_280,h_210,f_jpg?from=ke.com
20241023,海淀,双榆树,101124660545,南北通透采光充足视野好交通便利,430万,74783元/平,顶层 (共6层) 2室1厅 | 57.5平米 | 南 北,https://ke-image.ljcdn.com/110000-inspection/pc1_spIXbNwUQ_1.jpg!m_fill,w_280,h_210,f_jpg?from=ke.com
20241023,海淀,双榆树,101124609742,精装修 楼龄新 南北通透大客厅   视野开阔,1100万,119332元/平,中楼层 (共8层) 3室2厅 | 92.18平米 | 南 北,https://ke-image.ljcdn.com/110000-inspection/pc1_bLPY8VW2l_1.jpg!m_fill,w_280,h_210,f_jpg?from=ke.com
20241023,海淀,双榆树,101124607320,双榆树两卧朝南 带电梯装修好 小区公园商超交通便利,530万,92496元/平,低楼层 (共16层) | 1987年 | 2室1厅 | 57.3平米 | 南,https://ke-image.ljcdn.com/110000-inspection/pc1_AL4eNR3tv_1.jpg!m_fill,w_280,h_210,f_jpg?from=ke.com
20241023,海淀,双榆树,101124373855,双榆树北路 满五年唯一 南北通透 产权清晰 无遮挡,722万,97213元/平,高楼层 (共6层) 3室1厅 | 74.27平米 | 南 北,https://ke-image.ljcdn.com/110000-inspection/pc1_8bGxZeD1K_1.jpg!m_fill,w_280,h_210,f_jpg?from=ke.com
20241023,海淀,双榆树,101124341025,双榆树东里 2室1厅 南,595万,96341元/平,中楼层 (共12层) | 1999年 | 2室1厅 | 61.76平米 | 南,https://ke-image.ljcdn.com/110000-inspection/1ca8a907-36ce-421d-a485-7c0b0a3afab8_1000.jpg!m_fill,w_280,h_210,f_jpg?from=ke.com
20241023,海淀,双榆树,101124303911,双榆树东里 板楼带电梯 南北通透 满五年唯一,621.9万,99984元/平,高楼层 (共6层) 3室1厅 | 62.2平米 | 西南 北,https://ke-image.ljcdn.com/110000-inspection/f44a6afd-b18e-4631-8d69-c4a2dc71a2a0_1000.jpg!m_fill,w_280,h_210,f_jpg?from=ke.com
20241023,海淀,双榆树,101124231441,榆苑公寓 2室2厅 南 北,500万,91576元/平,顶层 (共7层) 2室2厅 | 54.6平米 | 南 北,https://ke-image.ljcdn.com/110000-inspection/pc1_TH5mek2PE_1.jpg!m_fill,w_280,h_210,f_jpg?from=ke.com
20241023,海淀,双榆树,101124158281,双榆树东里 双卫三居室 楼龄新 诚意出售 价格可谈,1238万,90970元/平,中楼层 (共20层) | 2003年 | 3室1厅 | 136.09平米 | 西北,https://ke-image.ljcdn.com/110000-inspection/pc1_iLYxxLyzZ_1.jpg!m_fill,w_280,h_210,f_jpg?from=ke.com
20241023,海淀,双榆树,101123944556,知春路82号院航天五院家属分房人车分流有食堂。,570万,126667元/平,底层 (共18层) 1室1厅 | 45平米 | 西,https://ke-image.ljcdn.com/110000-inspection/4e7d373c-ae9c-484b-9999-d3b778a9a296_1000.jpg!m_fill,w_280,h_210,f_jpg?from=ke.com
20241023,海淀,双榆树,101123942781,豪景佳苑 满五年唯一商品房两居室 诚意出售,1000万,103617元/平,底层 (共23层) | 1999年 | 2室2厅 | 96.51平米 | 东南,https://ke-image.ljcdn.com/110000-inspection/pc1_VCZq4nDtj_1.jpg!m_fill,w_280,h_210,f_jpg?from=ke.com
20241023,海淀,双榆树,101123833733,知春里小区南北通透两居室高层采光好,548万,99818元/平,顶层 (共6层) 2室1厅 | 54.9平米 | 南 北,https://ke-image.ljcdn.com/110000-inspection/pc1_V6CGru6ll_1.jpg!m_fill,w_280,h_210,f_jpg?from=ke.com
20241023,海淀,双榆树,101123821062,板楼四层电梯四居 三卧朝南 明厨明卫,1488万,163877元/平,中楼层 (共6层) 4室1厅 | 90.8平米 | 南 北,https://ke-image.ljcdn.com/110000-inspection/pc1_IgX6Pvr2D_1.jpg!m_fill,w_280,h_210,f_jpg?from=ke.com
20241023,海淀,双榆树,101123760234,双榆树北路 2室1厅 南 北,850万,87620元/平,顶层 (共6层) 2室1厅 | 97.01平米 | 南 北,https://ke-image.ljcdn.com/110000-inspection/pc1_Rieyv575D_1.jpg!m_fill,w_280,h_210,f_jpg?from=ke.com
20241023,海淀,双榆树,101123600310,青云北区 带客厅大两居 钢混结构 满五唯一,580万,88348元/平,低楼层 (共17层) 2室1厅 | 65.65平米 | 南,https://ke-image.ljcdn.com/110000-inspection/pc1_rhVxNSbiI_1.jpg!m_fill,w_280,h_210,f_jpg?from=ke.com
20241023,海淀,双榆树,101123537993,双榆树北里 1室1厅 南,477万,114940元/平,低楼层 (共6层) 1室1厅 | 41.5平米 | 南,https://ke-image.ljcdn.com/110000-inspection/pc1_JrL2f5ljq_1.jpg!m_fill,w_280,h_210,f_jpg?from=ke.com
20241023,海淀,双榆树,101123524480,14号楼单独管理物业管理人员素质高停车方便,520万,100193元/平,高楼层 (共18层) | 1988年 | 1室1厅 | 51.9平米 | 东南,https://ke-image.ljcdn.com/110000-inspection/pc1_Xc7i8S9Wa_1.jpg!m_fill,w_280,h_210,f_jpg?from=ke.com
20241023,海淀,双榆树,101123509109,满五年单位分房 南北通透 采光棒！,458万,82079元/平,顶层 (共6层) | 2001年 | 2室1厅 | 55.8平米 | 南 北,https://ke-image.ljcdn.com/110000-inspection/a044ccb3-c475-453f-bf25-a7dca6ffd940_1000.jpg!m_fill,w_280,h_210,f_jpg?from=ke.com
20241023,海淀,双榆树,101123440741,双榆树知春里西社区环境好位置好,748万,109678元/平,底层 (共6层) 3室1厅 | 68.2平米 | 南 北,https://ke-image.ljcdn.com/110000-inspection/baaf3981-ef81-4f2c-af95-b968283ddb4e_1000.jpg!m_fill,w_280,h_210,f_jpg?from=ke.com
20241023,海淀,双榆树,101123410127,小泥湾  经典南北通透好三居   中间好楼层  闹中取静,660万,93221元/平,中楼层 (共5层) | 1965年 | 3室1厅 | 70.8平米 | 南 北 东,https://ke-image.ljcdn.com/110000-inspection/pc1_4ZHmQD5sx_1.jpg!m_fill,w_280,h_210,f_jpg?from=ke.com
20241023,海淀,双榆树,101123365077,大客厅    满五唯一     视野好,575万,85655元/平,中楼层 (共6层) | 1993年 | 2室1厅 | 67.13平米 | 东 西,https://ke-image.ljcdn.com/110000-inspection/pc1_qoy1qAmdv_1.jpg!m_fill,w_280,h_210,f_jpg?from=ke.com
20241023,海淀,双榆树,101123330427,双榆树东里 南北通透三居室  次卧带西窗  视野采光好,523万,83949元/平,顶层 (共6层) | 1981年 | 3室1厅 | 62.3平米 | 南 西 北,https://ke-image.ljcdn.com/110000-inspection/899b340c-535a-4c1e-be94-6d8e15268d32_1000.jpg!m_fill,w_280,h_210,f_jpg?from=ke.com
20241023,海淀,双榆树,101123323505,双榆树东里 南北通透三居 业主自住精装修,645万,89708元/平,顶层 (共6层) | 1981年 | 3室1厅 | 71.9平米 | 南 北,https://ke-image.ljcdn.com/110000-inspection/pc1_tpMCtBrh2_1.jpg!m_fill,w_280,h_210,f_jpg?from=ke.com
20241023,海淀,双榆树,101123220243,出售中关村东路105号院大一居室房主自荐,450万,90891元/平,底层 (共6层) | 1997年 | 1室1厅 | 49.51平米 | 南,https://ke-image.ljcdn.com/110000-inspection/pc1_cyl4dBjaF_1.jpg!m_fill,w_280,h_210,f_jpg?from=ke.com
20241023,海淀,双榆树,101123178663,海淀区 区政府大院分房 知春东里 南向 诚意出售房主自荐,540万,139176元/平,底层 (共6层) 1室1厅 | 38.8平米 | 南,https://ke-image.ljcdn.com/110000-inspection/pc1_Wk9eqfoVv_1.jpg!m_fill,w_280,h_210,f_jpg?from=ke.com
20241023,海淀,双榆树,101123159934,海淀中关村知春里知春路双榆树青云北区精装南向两居室,525万,100191元/平,顶层 (共5层) 2室1厅 | 52.4平米 | 南,https://ke-image.ljcdn.com/110000-inspection/pc1_1bPxfhQbt_1.jpg!m_fill,w_280,h_210,f_jpg?from=ke.com
20241023,海淀,双榆树,101123102037,双榆树榆苑公寓  正规三居室  1999年楼龄  业主诚售,555万,75000元/平,地下室 (共7层) | 1999年 | 3室1厅 | 74平米 | 南 北,https://ke-image.ljcdn.com/110000-inspection/pc1_uasSIMtit.jpg!m_fill,w_280,h_210,f_jpg?from=ke.com
20241023,海淀,双榆树,101123074349,青云北区 南北通透2居室全明格局业主诚售,590万,101900元/平,中楼层 (共5层) 2室1厅 | 57.9平米 | 南 北,https://ke-image.ljcdn.com/110000-inspection/pc1_PCjUvWQUO_1.jpg!m_fill,w_280,h_210,f_jpg?from=ke.com
20241023,海淀,双榆树,101123041198,中关村大街46号院 双卧朝南采光好 满五唯一 诚意出售,530万,83334元/平,中楼层 (共5层) | 1965年 | 2室1厅 | 63.6平米 | 南,https://ke-image.ljcdn.com/110000-inspection/pc1_jbmomie0e_1.jpg!m_fill,w_280,h_210,f_jpg?from=ke.com
20241023,海淀,双榆树,101122981485,双榆树东里 满五年唯一 采光好 单独管理,535万,100754元/平,高楼层 (共6层) | 1998年 | 2室1厅 | 53.1平米 | 南 北,https://ke-image.ljcdn.com/110000-inspection/cfd5176c-7ce1-4c29-899d-31894aa6aaa5_1000.jpg!m_fill,w_280,h_210,f_jpg?from=ke.com
20241023,海淀,双榆树,101122979670,知春里大两居室 业主自住 价格可谈 满五年唯一房主自荐,690万,93118元/平,高楼层 (共18层) 2室1厅 | 74.1平米 | 西南,https://ke-image.ljcdn.com/110000-inspection/b3f87797-241e-4331-a55d-93ee9712c069_1000.jpg!m_fill,w_280,h_210,f_jpg?from=ke.com
20241023,海淀,双榆树,101122863393,双榆树北里满五年2层南北通透3居室,729万,97984元/平,低楼层 (共6层) 3室1厅 | 74.4平米 | 南 北,https://ke-image.ljcdn.com/110000-inspection/pc1_CrKYPqikt_1.jpg!m_fill,w_280,h_210,f_jpg?from=ke.com
20241023,海淀,双榆树,101122613797,知春路82号院东南三居中间楼层采光好,1100万,143604元/平,中楼层 (共18层) 3室1厅 | 76.6平米 | 南,https://ke-image.ljcdn.com/110000-inspection/pc1_qEgupZHbF_1.jpg!m_fill,w_280,h_210,f_jpg?from=ke.com
20241023,海淀,双榆树,101122500738,满五年唯一 楼龄新 小区中间位置 在3层 看房方便,570万,96284元/平,中楼层 (共6层) | 1993年 | 2室1厅 | 59.2平米 | 南 北,https://ke-image.ljcdn.com/110000-inspection/16d01461-619b-4ad0-bcc9-3da654e597b2_1000.jpg!m_fill,w_280,h_210,f_jpg?from=ke.com
20241023,海淀,双榆树,101122488105,航天部央产房电梯直达采光足视野好。,720万,116884元/平,低楼层 (共18层) | 1988年 | 2室1厅 | 61.6平米 | 南,https://ke-image.ljcdn.com/110000-inspection/670bf491-650a-4c15-8ae5-59abb08d93d4_1000.jpg!m_fill,w_280,h_210,f_jpg?from=ke.com
20241023,海淀,双榆树,101122487299,南北正通双阳台 精装修 带客厅 小区中间位置 不临街,650万,94615元/平,顶层 (共5层) | 1965年 | 2室1厅 | 68.7平米 | 南 北,https://ke-image.ljcdn.com/110000-inspection/pc1_kLUFw0owb_1.jpg!m_fill,w_280,h_210,f_jpg?from=ke.com
20241023,海淀,双榆树,101122441431,人民大学站 双榆树东里 满五唯一 优质两居 诚意出售,505万,93346元/平,顶层 (共6层) 2室1厅 | 54.1平米 | 南 北,https://ke-image.ljcdn.com/110000-inspection/pc1_fptz74SBI_1.jpg!m_fill,w_280,h_210,f_jpg?from=ke.com
20241023,海淀,双榆树,101122373369,知春路82号院全南大三居中间楼层满五年唯一,2180万,141891元/平,中楼层 (共20层) 3室1厅 | 153.64平米 | 南,https://ke-image.ljcdn.com/110000-inspection/pc1_88JkwwU6R_1.jpg!m_fill,w_280,h_210,f_jpg?from=ke.com
20241023,海淀,双榆树,101122355932,双榆树北路6号院 全南全明一居 无任何遮挡 随时签约,430万,100000元/平,顶层 (共6层) | 2001年 | 1室1厅 | 43平米 | 南,https://ke-image.ljcdn.com/110000-inspection/pc1_LXFc1uxF4_1.jpg!m_fill,w_280,h_210,f_jpg?from=ke.com
20241023,海淀,双榆树,101122348462,豪景佳苑 精装修三居室 中间楼层小区车位充足,1150万,101429元/平,中楼层 (共23层) | 1999年 | 3室2厅 | 113.38平米 | 东南,https://ke-image.ljcdn.com/110000-inspection/88ee5dc8-dd2f-493b-a7f1-d6b0248f4c3b_1000.jpg!m_fill,w_280,h_210,f_jpg?from=ke.com
20241023,海淀,双榆树,101122336602,双榆树 优质房源 诚意出售 价格能谈,490万,92106元/平,顶层 (共6层) 2室1厅 | 53.2平米 | 南,https://ke-image.ljcdn.com/110000-inspection/ebba97ee-a2cf-4a5e-b21c-19782efc9947_1000.jpg!m_fill,w_280,h_210,f_jpg?from=ke.com
20241023,海淀,双榆树,101122331626,满庭芳园 户型方正三居室 满五年的央产房 1999年社区,1410万,106247元/平,中楼层 (共24层) 3室1厅 | 132.71平米 | 东南,https://ke-image.ljcdn.com/110000-inspection/pc1_4iegvdIo9_1.jpg!m_fill,w_280,h_210,f_jpg?from=ke.com
20241023,海淀,双榆树,101122202335,知春东里    大四居室      业主诚心出售,1170万,114706元/平,顶层 (共6层) | 1988年 | 4室1厅 | 102平米 | 南 北,https://ke-image.ljcdn.com/110000-inspection/pc1_L4LXEIyRb_1.jpg!m_fill,w_280,h_210,f_jpg?from=ke.com
20241023,海淀,双榆树,101122100738,知春东里 有物业单独管理 有电梯,628万,101454元/平,中楼层 (共20层) 2室1厅 | 61.9平米 | 东南,https://ke-image.ljcdn.com/110000-inspection/1d00a1f8-aa3b-44d8-95b8-ae95891695c0_1000.jpg!m_fill,w_280,h_210,f_jpg?from=ke.com
20241023,海淀,双榆树,101122074034,双榆树北里 带电梯 南向正规一居 看房方便 诚意出售,410万,94037元/平,低楼层 (共16层) | 1986年 | 1室1厅 | 43.6平米 | 南,https://ke-image.ljcdn.com/110000-inspection/bda92eb7-8393-4175-9aee-5ef7ecc3c0d6_1000.jpg!m_fill,w_280,h_210,f_jpg?from=ke.com
20241023,海淀,双榆树,101121951551,满五年唯一的商品房1999年板楼非顶层停车方便,585万,101387元/平,高楼层 (共7层) 2室1厅 | 57.7平米 | 南 北,https://ke-image.ljcdn.com/110000-inspection/7a5e37fa-e54c-4e4d-aacc-0efc50cf8118_1000.jpg!m_fill,w_280,h_210,f_jpg?from=ke.com
20241023,海淀,双榆树,101121932830,知春路82号院大三居高楼层全南向满五年唯一住房,2180万,141891元/平,高楼层 (共20层) 3室1厅 | 153.64平米 | 南 北,https://ke-image.ljcdn.com/110000-inspection/beb94e91-d150-4b24-ac07-8b264bb6af58_1000.jpg!m_fill,w_280,h_210,f_jpg?from=ke.com
20241023,海淀,双榆树,101121928538,双榆树东里三居室业主诚心出售房主自荐,638万,102738元/平,顶层 (共6层) 3室1厅 | 62.1平米 | 南 西 北,https://ke-image.ljcdn.com/110000-inspection/pc1_UvskUqfo3_1.jpg!m_fill,w_280,h_210,f_jpg?from=ke.com
20241023,海淀,双榆树,101121909364,双榆树西里 诚意出售 价格能谈,639万,90639元/平,中楼层 (共16层) | 2001年 | 3室1厅 | 70.5平米 | 西北,https://ke-image.ljcdn.com/110000-inspection/5e0d3127-3f25-472c-ad09-fe92767cb5d2_1000.jpg!m_fill,w_280,h_210,f_jpg?from=ke.com
20241023,海淀,双榆树,101121909025,双榆树东里 双南大两居室 户型好 带电梯,585万,86667元/平,低楼层 (共16层) 2室1厅 | 67.5平米 | 南,https://ke-image.ljcdn.com/110000-inspection/pc1_9K6jz5O5U_1.jpg!m_fill,w_280,h_210,f_jpg?from=ke.com
20241023,海淀,双榆树,101121863797,新上双榆树东里 东北向三居 精装修 大客厅,678万,95092元/平,低楼层 (共16层) 3室1厅 | 71.3平米 | 西 东北,https://ke-image.ljcdn.com/110000-inspection/pc1_E3icIVgAa_1.jpg!m_fill,w_280,h_210,f_jpg?from=ke.com
20241023,海淀,双榆树,101121711886,人民大学地铁站旁的中间楼层两居室,540万,84494元/平,高楼层 (共16层) 2室1厅 | 63.91平米 | 西 西北 北,https://ke-image.ljcdn.com/110000-inspection/pc1_2vr9ycJ71_1.jpg!m_fill,w_280,h_210,f_jpg?from=ke.com
20241023,海淀,双榆树,101121667378,双榆树东里 带电梯 两居 采光好 视野好 诚意出售,510万,92225元/平,低楼层 (共16层) 2室1厅 | 55.3平米 | 东 北,https://ke-image.ljcdn.com/110000-inspection/pc1_wcgRsJP4w_1.jpg!m_fill,w_280,h_210,f_jpg?from=ke.com
20241023,海淀,双榆树,101121660526,青云航空仪表公司北宿舍区第四管区,810万,102662元/平,顶层 (共6层) 3室1厅 | 78.9平米 | 南 北,https://ke-image.ljcdn.com/110000-inspection/pc1_chl0iow1w_1.jpg!m_fill,w_280,h_210,f_jpg?from=ke.com
20241023,海淀,双榆树,101121633245,双榆树东里小区不临街精装修大三居,1350万,99200元/平,高楼层 (共20层) | 2003年 | 3室1厅 | 136.09平米 | 西 北,https://ke-image.ljcdn.com/110000-inspection/f193448d-d07d-4409-90e5-f1757e6ea5df_1000.jpg!m_fill,w_280,h_210,f_jpg?from=ke.com
20241023,海淀,双榆树,101121597668,满五年唯一商品房户型方正无遮挡,380万,96939元/平,顶层 (共6层) 1室1厅 | 39.2平米 | 南,https://ke-image.ljcdn.com/110000-inspection/pc1_6ObkU8MpA.jpg!m_fill,w_280,h_210,f_jpg?from=ke.com
20241023,海淀,双榆树,101121528570,知春里 次顶层 精装双南两居 拎包入住,585万,110170元/平,高楼层 (共6层) 2室1厅 | 53.1平米 | 南,https://ke-image.ljcdn.com/110000-inspection/85cc6d7a-513a-4d72-9781-2522b0d079c5_1000.jpg!m_fill,w_280,h_210,f_jpg?from=ke.com
20241023,海淀,双榆树,101121507662,知春东里 两居室 南北通透 双阳台 满五唯一 精装修房主自荐,725万,123721元/平,中楼层 (共6层) 2室1厅 | 58.6平米 | 南 北,https://ke-image.ljcdn.com/110000-inspection/pc1_9vp3Z43Xu_1.jpg!m_fill,w_280,h_210,f_jpg?from=ke.com
20241023,海淀,双榆树,101121407844,知春里小区  新上单位分房  婚房装修  视野好,998万,116999元/平,中楼层 (共18层) 3室1厅 | 85.3平米 | 南 北,https://ke-image.ljcdn.com/110000-inspection/pc1_WOk6AlxM3_1.jpg!m_fill,w_280,h_210,f_jpg?from=ke.com
20241023,海淀,双榆树,101121344704,双榆树北路大三居三卧室朝南 满五年唯一住房房主自荐,985万,85653元/平,顶层 (共6层) 3室1厅 | 115平米 | 南 北,https://ke-image.ljcdn.com/110000-inspection/pc1_32Qp1DyJz_1.jpg!m_fill,w_280,h_210,f_jpg?from=ke.com
20241023,海淀,双榆树,101121304206,双榆树西里两居视野开阔采光充足近地铁大阳台,780万,131115元/平,中楼层 (共16层) 2室1厅 | 59.49平米 | 西南,https://ke-image.ljcdn.com/110000-inspection/pc1_6ujwTbtyP_1.jpg!m_fill,w_280,h_210,f_jpg?from=ke.com
20241023,海淀,双榆树,101121241988,双榆树知春里南向三居地铁沿线房,880万,120384元/平,底层 (共18层) | 1988年 | 3室1厅 | 73.1平米 | 西南,https://ke-image.ljcdn.com/110000-inspection/2dda7b37-3e7d-4355-9836-6703dacf0e45_1000.jpg!m_fill,w_280,h_210,f_jpg?from=ke.com
20241023,海淀,双榆树,101121220158,板楼2层 南北通透 视野开阔 采光好！,539万,114438元/平,低楼层 (共6层) 1室1厅 | 47.1平米 | 南 北,https://ke-image.ljcdn.com/110000-inspection/e7cb99b3-0d02-40cb-a511-9b2f5a1822d1_1000.jpg!m_fill,w_280,h_210,f_jpg?from=ke.com
20241023,海淀,双榆树,101121183439,知春路82号院 2室1厅 南 北,830万,146385元/平,中楼层 (共6层) 2室1厅 | 56.7平米 | 南 北,https://ke-image.ljcdn.com/110000-inspection/1797196b-6701-4395-9d15-793bc866d218_1000.jpg!m_fill,w_280,h_210,f_jpg?from=ke.com
20241023,海淀,双榆树,101121163501,知春路82号院南向大三居满五年单位分房中间楼层无遮挡,1699万,110584元/平,中楼层 (共20层) 3室2厅 | 153.64平米 | 西南 北,https://ke-image.ljcdn.com/110000-inspection/pc1_EFTx4uUc0_1.jpg!m_fill,w_280,h_210,f_jpg?from=ke.com
20241023,海淀,双榆树,101121021208,双榆树东里 南北通透卧室客厅都很大全明格局,598万,91916元/平,低楼层 (共12层) 2室1厅 | 65.06平米 | 南 北,https://ke-image.ljcdn.com/110000-inspection/pc1_i8K29ju5j_1.jpg!m_fill,w_280,h_210,f_jpg?from=ke.com
20241023,海淀,双榆树,101121005365,双榆树西里近地铁全南向中间层一居室房主自荐,440万,99774元/平,高楼层 (共16层) 1室1厅 | 44.1平米 | 南,https://ke-image.ljcdn.com/110000-inspection/pc1_T4gDhA9za_1.jpg!m_fill,w_280,h_210,f_jpg?from=ke.com
20241023,海淀,双榆树,101120976227,榆苑公寓 单位分房 高层东南向 拎包入住房主自荐,1298万,101804元/平,高楼层 (共10层) 3室1厅 | 127.5平米 | 东南,https://ke-image.ljcdn.com/110000-inspection/pc1_B2nyqU0dl_1.jpg!m_fill,w_280,h_210,f_jpg?from=ke.com
20241023,海淀,双榆树,101120931128,海淀区双榆树东里小区独门独院很安全,720万,103897元/平,低楼层 (共12层) 3室1厅 | 69.3平米 | 东 北,https://ke-image.ljcdn.com/110000-inspection/pc1_CMVTr5k3z_1.jpg!m_fill,w_280,h_210,f_jpg?from=ke.com
20241023,海淀,双榆树,101120930396,海淀区中关村双榆树楼龄新二层南向一居室,505万,102000元/平,低楼层 (共6层) | 1997年 | 1室1厅 | 49.51平米 | 南,https://ke-image.ljcdn.com/110000-inspection/pc1_q2L7gCeD9_1.jpg!m_fill,w_280,h_210,f_jpg?from=ke.com
20241023,海淀,双榆树,101120777719,双榆树东里优质精装一居室 电梯直达 诚意出售,470万,107552元/平,中楼层 (共16层) | 1987年 | 1室1厅 | 43.7平米 | 南,https://ke-image.ljcdn.com/110000-inspection/pc1_f6G3jGEAv_1.jpg!m_fill,w_280,h_210,f_jpg?from=ke.com
20241023,海淀,双榆树,101120723107,知春路82号院南北两居一南一北两个卧室加装了电梯,870万,151042元/平,低楼层 (共6层) 2室1厅 | 57.6平米 | 南 北,https://ke-image.ljcdn.com/110000-inspection/9faf628e-f493-40d5-9476-11d8ec2dc61b_1000.jpg!m_fill,w_280,h_210,f_jpg?from=ke.com
20241023,海淀,双榆树,101120650883,双榆树东里 主卧双窗 高层视野好,650万,99389元/平,高楼层 (共16层) | 1985年 | 2室1厅 | 65.4平米 | 西北,https://ke-image.ljcdn.com/110000-inspection/3290b0df-8d10-47fc-8124-6523eaca0951_1000.jpg!m_fill,w_280,h_210,f_jpg?from=ke.com
20241023,海淀,双榆树,101120633745,青云北精装带明厅采光视野无遮挡业主人好诚心卖,600万,108500元/平,顶层 (共5层) 2室1厅 | 55.3平米 | 南 北,https://ke-image.ljcdn.com/110000-inspection/pc1_amC31tcRc_1.jpg!m_fill,w_280,h_210,f_jpg?from=ke.com
20241023,海淀,双榆树,101120560006,知春东里南北通透双阳台中间层两居室诚意出售,720万,124353元/平,高楼层 (共6层) 2室1厅 | 57.9平米 | 南 北,https://ke-image.ljcdn.com/110000-inspection/pc1_NUZSHucZj_1.jpg!m_fill,w_280,h_210,f_jpg?from=ke.com
20241023,海淀,双榆树,101120522045,双榆树东里低楼层三居室 格局方正 看房方便,560万,96055元/平,底层 (共6层) 3室1厅 | 58.3平米 | 东 南 北,https://ke-image.ljcdn.com/110000-inspection/249d6d13-8502-44a4-9ed7-2bcf74b2f4ad_1000.jpg!m_fill,w_280,h_210,f_jpg?from=ke.com
20241023,海淀,双榆树,101120356367,双榆树西里小区一居室低楼层满五年央产房,459万,115910元/平,底层 (共6层) 1室1厅 | 39.6平米 | 南,https://ke-image.ljcdn.com/110000-inspection/pc1_UlzNd9iIA_1.jpg!m_fill,w_280,h_210,f_jpg?from=ke.com
20241023,海淀,双榆树,101120180143,南北通透三居室 安静不临街 靠谱出售,598万,83172元/平,顶层 (共6层) 3室1厅 | 71.9平米 | 南 北,https://ke-image.ljcdn.com/110000-inspection/0d350ce0-68a5-4681-b8a2-c7c061ff49f3_1000.jpg!m_fill,w_280,h_210,f_jpg?from=ke.com
20241023,海淀,双榆树,101120116424,北三环人大东门青云北区全南大两居,550万,110000元/平,顶层 (共5层) 2室1厅 | 50平米 | 南,https://ke-image.ljcdn.com/110000-inspection/pc1_X91VyAtvc_1.jpg!m_fill,w_280,h_210,f_jpg?from=ke.com
20241023,海淀,双榆树,101119792399,科南中心 西南大四居 三卧室南 采光好单位分房,1980万,115077元/平,中楼层 (共20层) | 2020年 | 4室2厅 | 172.06平米 | 西南,https://ke-image.ljcdn.com/110000-inspection/pc1_VouGt7Cow_1.jpg!m_fill,w_280,h_210,f_jpg?from=ke.com
20241023,海淀,双榆树,101119772306,双榆树北里二层南向两居户型方正采光好,505万,99606元/平,低楼层 (共6层) 2室1厅 | 50.7平米 | 南,https://ke-image.ljcdn.com/110000-inspection/pc1_sRbWkLM33_1.jpg!m_fill,w_280,h_210,f_jpg?from=ke.com
20241023,海淀,双榆树,101119691015,知春东里南北通透三居有加装电梯有平改坡,950万,118160元/平,顶层 (共6层) 3室1厅 | 80.4平米 | 南 北,https://ke-image.ljcdn.com/110000-inspection/pc1_kM5Pw1rIw_1.jpg!m_fill,w_280,h_210,f_jpg?from=ke.com
20241023,海淀,双榆树,101119687378,中关村知春路82号院精致两居室！带电梯！有地下车库！,836万,153395元/平,低楼层 (共6层) 2室1厅 | 54.5平米 | 南 北,https://ke-image.ljcdn.com/110000-inspection/pc1_M6pB0BdPd.jpg!m_fill,w_280,h_210,f_jpg?from=ke.com
20241023,海淀,双榆树,101119635683,知春东里西南向高层两居视野开阔采光好,689万,94774元/平,高楼层 (共20层) | 1990年 | 2室1厅 | 72.7平米 | 西南,https://ke-image.ljcdn.com/110000-inspection/ab73f435-1596-450a-86f7-1515caabc4f3_1000.jpg!m_fill,w_280,h_210,f_jpg?from=ke.com
20241023,海淀,双榆树,101119564232,海淀黄庄知春里电梯房正规一居室,520万,100193元/平,低楼层 (共18层) | 1988年 | 1室1厅 | 51.9平米 | 南,https://ke-image.ljcdn.com/110000-inspection/pc1_sYwSIymqr_1.jpg!m_fill,w_280,h_210,f_jpg?from=ke.com
20241023,海淀,双榆树,101119534944,南北通透三居室 中间楼层 小区里面安静不临街,985万,134932元/平,中楼层 (共6层) 3室1厅 | 73平米 | 南 北,https://ke-image.ljcdn.com/110000-inspection/pc1_OEUmxXQGd_1.jpg!m_fill,w_280,h_210,f_jpg?from=ke.com
20241023,海淀,双榆树,101119454983,双榆树东里 南向一居室 楼层高 采光好 环境安静,389万,99235元/平,顶层 (共6层) 1室1厅 | 39.2平米 | 南,https://ke-image.ljcdn.com/110000-inspection/pc1_jsCasuc4b_2.jpg!m_fill,w_280,h_210,f_jpg?from=ke.com
20241023,海淀,双榆树,101119396784,单位分房视野采光好房子产权清晰,696万,131074元/平,中楼层 (共6层) 2室1厅 | 53.1平米 | 南,https://ke-image.ljcdn.com/110000-inspection/f80fcfea-12ee-4ea1-b686-a3c850e76f1a_1000.jpg!m_fill,w_280,h_210,f_jpg?from=ke.com
20241023,海淀,双榆树,101119390632,知春里全明格局   南北通透     楼层佳,730万,119282元/平,低楼层 (共6层) 2室1厅 | 61.2平米 | 南 北,https://ke-image.ljcdn.com/110000-inspection/81093a70-d832-405d-9524-44fa7dbb9578_1000.jpg!m_fill,w_280,h_210,f_jpg?from=ke.com
20241023,海淀,双榆树,101119371179,知春里 带电梯 精装修 南向一居室 诚意卖,460万,89844元/平,顶层 (共18层) 1室1厅 | 51.2平米 | 南,https://ke-image.ljcdn.com/110000-inspection/d34fad64-c3d7-4417-a216-a8a76ef3d587_1000.jpg!m_fill,w_280,h_210,f_jpg?from=ke.com
20241023,海淀,双榆树,101119276741,中关村青云北区全明两居！南北通透双阳台！航空家属院,630万,100000元/平,高楼层 (共6层) 2室1厅 | 63平米 | 南 北,https://ke-image.ljcdn.com/110000-inspection/pc1_8ItXjwLL2_1.jpg!m_fill,w_280,h_210,f_jpg?from=ke.com
20241023,海淀,双榆树,101118885922,双榆树东里 满五年唯一 精装修  南北通透 全明格局,780万,95671元/平,中楼层 (共12层) 3室1厅 | 81.53平米 | 南 北,https://ke-image.ljcdn.com/110000-inspection/pc1_XMcT08r2X_1.jpg!m_fill,w_280,h_210,f_jpg?from=ke.com
20241023,海淀,双榆树,101118835214,双榆树东里带电梯两居西南向诚意出售,700万,109035元/平,中楼层 (共16层) | 1987年 | 2室1厅 | 64.2平米 | 西北,https://ke-image.ljcdn.com/110000-inspection/pc1_qKGOrLn1X_1.jpg!m_fill,w_280,h_210,f_jpg?from=ke.com
20241023,海淀,双榆树,101118771022,黄庄南知春里西区 东南北经典三居 满五年唯一单位分房,750万,124793元/平,高楼层 (共6层) | 1984年 | 3室1厅 | 60.1平米 | 东 南 北,https://ke-image.ljcdn.com/110000-inspection/0f07d529-f69c-4de0-86a2-d854653e21b0_1000.jpg!m_fill,w_280,h_210,f_jpg?from=ke.com
20241023,海淀,双榆树,101118754925,双榆树北里 南北向三居室 业主诚意出售房主自荐,736万,128672元/平,高楼层 (共6层) | 1982年 | 3室1厅 | 57.2平米 | 南 北,https://ke-image.ljcdn.com/110000-inspection/062d258e-6c01-45aa-936b-fd997d23419b_1000.jpg!m_fill,w_280,h_210,f_jpg?from=ke.com
20241023,海淀,双榆树,101118751463,双榆树东里双南两居阳光视野好满五唯一商品房,560万,105462元/平,顶层 (共6层) 2室1厅 | 53.1平米 | 南,https://ke-image.ljcdn.com/110000-inspection/pc1_tP5eOCf3Y_1.jpg!m_fill,w_280,h_210,f_jpg?from=ke.com
20241023,海淀,双榆树,101118731878,知春东里板楼 南北全明一居室 中间楼层 随时签,499万,114713元/平,中楼层 (共6层) | 1988年 | 1室1厅 | 43.5平米 | 南 北,https://ke-image.ljcdn.com/110000-inspection/67a8db44-b991-40a9-b39e-9ed193376b47_1000.jpg!m_fill,w_280,h_210,f_jpg?from=ke.com
20241023,海淀,双榆树,101118717292,双榆树知春里 南向一居室 高楼层 视野好,565万,112059元/平,中楼层 (共18层) 2室1厅 | 50.42平米 | 南,https://ke-image.ljcdn.com/110000-inspection/pc1_qHxYQKwTO_1.jpg!m_fill,w_280,h_210,f_jpg?from=ke.com
20241023,海淀,双榆树,101118695211,满五年唯一三居室 精装修 不临街,615万,86256元/平,底层 (共16层) 3室1厅 | 71.3平米 | 东 西 北,https://ke-image.ljcdn.com/110000-inspection/66317169-d72c-4fdb-84a0-f08c0e29a0de_1000.jpg!m_fill,w_280,h_210,f_jpg?from=ke.com
20241023,海淀,双榆树,101118650797,双榆树 小泥湾 满五年单位分房 视野开阔 采光充足,635万,99843元/平,中楼层 (共5层) | 1965年 | 2室1厅 | 63.6平米 | 南,https://ke-image.ljcdn.com/110000-inspection/pc1_jGJCI47gA_1.jpg!m_fill,w_280,h_210,f_jpg?from=ke.com
20241023,海淀,双榆树,101118650048,知春里 带电梯朝南向2居精装修业主诚心出售！,720万,116884元/平,高楼层 (共18层) 2室1厅 | 61.6平米 | 西南,https://ke-image.ljcdn.com/110000-inspection/pc1_p9tQYF2LF_1.jpg!m_fill,w_280,h_210,f_jpg?from=ke.com
20241023,海淀,双榆树,101118633239,西南向两居室采光没遮挡业主诚意出售,945万,92994元/平,底层 (共19层) 2室2厅 | 101.62平米 | 东南,https://ke-image.ljcdn.com/110000-inspection/f96a9927-cf02-40bf-bc48-85f9d8659832_1000.jpg!m_fill,w_280,h_210,f_jpg?from=ke.com
20241023,海淀,双榆树,101118606755,北三环双榆树 带电梯3居 满五年单位分房 带装修 诚售,655万,94517元/平,顶层 (共12层) 3室1厅 | 69.3平米 | 东 西 北,https://ke-image.ljcdn.com/110000-inspection/pc1_XZWVVJwXF_1.jpg!m_fill,w_280,h_210,f_jpg?from=ke.com
20241023,海淀,双榆树,101118569698,知春里 中间层楼层朝南向一居室业主诚心出售！,598万,148020元/平,中楼层 (共6层) | 1985年 | 1室1厅 | 40.4平米 | 南,https://ke-image.ljcdn.com/110000-inspection/pc1_0FT9my8a8_1.jpg!m_fill,w_280,h_210,f_jpg?from=ke.com
20241023,海淀,双榆树,101118505150,双榆树知春里 单位福利分房诚意出售,780万,106704元/平,底层 (共18层) 3室1厅 | 73.1平米 | 西南,https://ke-image.ljcdn.com/110000-inspection/595765bb-b51a-47b3-acbb-4eb1ba5805dc_1000.jpg!m_fill,w_280,h_210,f_jpg?from=ke.com
20241023,海淀,双榆树,101118443929,满庭芳园 高层全明 满五唯一 出小区三环近地铁公交,1095万,85367元/平,高楼层 (共24层) 3室1厅 | 128.27平米 | 南 西北,https://ke-image.ljcdn.com/110000-inspection/pc1_XyhUQZQTl_1.jpg!m_fill,w_280,h_210,f_jpg?from=ke.com
20241023,海淀,双榆树,101118400181,中关村 人车分流 满五年唯一 随时可看 全明户型,1498万,105881元/平,中楼层 (共24层) | 2000年 | 3室1厅 | 141.48平米 | 东 东南 南 西 北,https://ke-image.ljcdn.com/110000-inspection/pc1_q62dwd9Mk_1.jpg!m_fill,w_280,h_210,f_jpg?from=ke.com
20241023,海淀,双榆树,101118342197,黄庄南知春里高楼层电梯大一居室,469万,95132元/平,中楼层 (共18层) 1室1厅 | 49.3平米 | 南,https://ke-image.ljcdn.com/110000-inspection/pc1_RKpcGprcX_1.jpg!m_fill,w_280,h_210,f_jpg?from=ke.com
20241023,海淀,双榆树,101118211451,中关村知春里豪景佳苑优质三居！楼龄新！交通便利！,1130万,87638元/平,低楼层 (共23层) | 1999年 | 3室2厅 | 128.94平米 | 东北,https://ke-image.ljcdn.com/110000-inspection/pc1_srmumRSJ5_1.jpg!m_fill,w_280,h_210,f_jpg?from=ke.com
20241023,海淀,双榆树,101118175286,都市网景 西南向双卫二居 朝小区内无噪音 满五唯一,1198万,97367元/平,中楼层 (共24层) | 2000年 | 2室1厅 | 123.04平米 | 西南,https://ke-image.ljcdn.com/110000-inspection/pc1_K6HsC28lq_1.jpg!m_fill,w_280,h_210,f_jpg?from=ke.com
20241023,海淀,双榆树,101118040964,知春里南向两居户型方正采光好,768万,144633元/平,底层 (共6层) | 1985年 | 2室1厅 | 53.1平米 | 南,https://ke-image.ljcdn.com/110000-inspection/pc1_H8E94JXPK_1.jpg!m_fill,w_280,h_210,f_jpg?from=ke.com
20241023,海淀,双榆树,101117903733,双榆树北路 东南向板楼高楼层采光视野好,450万,85878元/平,顶层 (共6层) 2室1厅 | 52.4平米 | 东南,https://ke-image.ljcdn.com/110000-inspection/dc74f6f8-b4ef-4af0-94f8-1fad83910deb_1000.jpg!m_fill,w_280,h_210,f_jpg?from=ke.com
20241023,海淀,双榆树,101117706801,知春里地铁  朝向好采光充足楼层好视野开阔,620万,100162元/平,高楼层 (共20层) | 2000年 | 2室1厅 | 61.9平米 | 东南,https://ke-image.ljcdn.com/110000-inspection/pc1_7VRJyBmcF_1.jpg!m_fill,w_280,h_210,f_jpg?from=ke.com
20241023,海淀,双榆树,101117531329,双榆树两居户型方正明厨明卫近地铁房主自荐,640万,101266元/平,顶层 (共6层) 2室1厅 | 63.2平米 | 南 北,https://ke-image.ljcdn.com/110000-inspection/pc1_0uRw19nV5_1.jpg!m_fill,w_280,h_210,f_jpg?from=ke.com
20241023,海淀,双榆树,101117298822,双榆树北路 1996年的板楼 南北通透 诚意出售,866万,120379元/平,底层 (共6层) 3室1厅 | 71.94平米 | 南 北,https://ke-image.ljcdn.com/110000-inspection/cb4514cf-46bd-4da4-9d9d-8a2ccb74ff70_1000.jpg!m_fill,w_280,h_210,f_jpg?from=ke.com
20241023,海淀,双榆树,101116818526,知春路82号院电梯带客厅三居,1550万,133748元/平,顶层 (共20层) 3室1厅 | 115.89平米 | 东 南,https://ke-image.ljcdn.com/110000-inspection/069f872b-7b05-4ed2-b5e1-fbcc479e3ff9_1000.jpg!m_fill,w_280,h_210,f_jpg?from=ke.com
20241023,海淀,双榆树,101116784106,双榆树北路南北大两居单价低南北通透采光好,710万,99762元/平,顶层 (共5层) 2室1厅 | 71.17平米 | 南 北,https://ke-image.ljcdn.com/110000-inspection/98738f35-47d5-4dba-aba4-fea11f69cbdc_1000.jpg!m_fill,w_280,h_210,f_jpg?from=ke.com
20241023,海淀,双榆树,101116513217,南北通透一居室 板楼有电梯 中间位置不临街,570万,140741元/平,高楼层 (共6层) 1室1厅 | 40.5平米 | 南 北,https://ke-image.ljcdn.com/110000-inspection/pc1_CRxVLZruF_1.jpg!m_fill,w_280,h_210,f_jpg?from=ke.com
20241023,海淀,双榆树,101116316664,双榆树东里少有的大客厅三居 南北向明厨明卫 楼龄新,895万,115039元/平,低楼层 (共13层) 3室1厅 | 77.8平米 | 南 北,https://ke-image.ljcdn.com/110000-inspection/pc1_V73rHZpq1_1.jpg!m_fill,w_280,h_210,f_jpg?from=ke.com
20241023,海淀,双榆树,101116041136,双榆树知春里小区 楼层高 采光好 视野好 电梯直达,790万,108831元/平,高楼层 (共18层) 2室1厅 | 72.59平米 | 南 西,https://ke-image.ljcdn.com/110000-inspection/pc1_mGQBk77GS_1.jpg!m_fill,w_280,h_210,f_jpg?from=ke.com
20241023,海淀,双榆树,101115968364,都市网景全明格局三居室大客厅视野开阔。,1370万,96656元/平,低楼层 (共24层) | 2000年 | 3室1厅 | 141.74平米 | 西北,https://ke-image.ljcdn.com/110000-inspection/e4aa7f82-aa15-472e-92fd-2b581038ce6d_1000.jpg!m_fill,w_280,h_210,f_jpg?from=ke.com
20241023,海淀,双榆树,101114894610,青云北区明厨明卫两居室婚房装修,530万,90754元/平,顶层 (共6层) 2室1厅 | 58.4平米 | 南,https://ke-image.ljcdn.com/110000-inspection/pc1_WGQJMENgT_1.jpg!m_fill,w_280,h_210,f_jpg?from=ke.com
20241023,海淀,双榆树,101114336934,海淀黄庄双榆树知春里优质南向1居室,520万,100193元/平,低楼层 (共18层) 1室1厅 | 51.9平米 | 南,https://ke-image.ljcdn.com/110000-inspection/1a311e04-3df3-4888-8dda-bdce135540be_1000.jpg!m_fill,w_280,h_210,f_jpg?from=ke.com
20241023,海淀,双榆树,101114067409,海淀黄庄双榆树知春里豪景佳苑3居室,899万,88931元/平,低楼层 (共19层) 3室1厅 | 101.09平米 | 东 西 北,https://ke-image.ljcdn.com/110000-inspection/pc1_TyxvQY3Kc_1.jpg!m_fill,w_280,h_210,f_jpg?from=ke.com
20241023,海淀,双榆树,101113671316,双榆树西里 南向两居室 采光视野无遮挡,580万,98156元/平,中楼层 (共16层) 2室1厅 | 59.09平米 | 南 东,https://ke-image.ljcdn.com/110000-inspection/f58acb03-a030-4168-8f6d-07929a5de40f_1000.jpg!m_fill,w_280,h_210,f_jpg?from=ke.com
20241023,海淀,双榆树,101113318920,双榆树大客厅两居室南北通透有电梯楼龄新,720万,92308元/平,顶层 (共10层) 2室2厅 | 78平米 | 南 北,https://ke-image.ljcdn.com/110000-inspection/d431fd0b-cfe6-4f6a-8b58-260fe35f3688_1000.jpg!m_fill,w_280,h_210,f_jpg?from=ke.com
20241023,海淀,双榆树,101113169148,双榆树北路南北通透客厅带东窗价格能谈随时看房,485万,114658元/平,中楼层 (共6层) 1室1厅 | 42.3平米 | 南 北,https://ke-image.ljcdn.com/110000-inspection/pc1_hpSlvrCei_1.jpg!m_fill,w_280,h_210,f_jpg?from=ke.com
20241023,海淀,双榆树,101112918490,双榆树照相机厂宿舍 单位分房 刚改造完 诚意出售,685万,119131元/平,顶层 (共6层) | 1985年 | 2室1厅 | 57.5平米 | 南 北,https://ke-image.ljcdn.com/110000-inspection/pc1_2mHzpws9W_1.jpg!m_fill,w_280,h_210,f_jpg?from=ke.com
20241023,海淀,双榆树,101112406898,双榆树 电梯房 中间楼层 南向 满五唯一 诚售,725万,122882元/平,高楼层 (共16层) 2室1厅 | 59平米 | 南,https://ke-image.ljcdn.com/110000-inspection/881632b5-ca87-42f6-a01a-40f787462248_1000.jpg!m_fill,w_280,h_210,f_jpg?from=ke.com
20241023,海淀,双榆树,101111177927,双榆树东里南向一居室 业主诚意出售,650万,133580元/平,中楼层 (共12层) 1室1厅 | 48.66平米 | 南,https://ke-image.ljcdn.com/110000-inspection/pc1_ybT8TI4G6_1.jpg!m_fill,w_280,h_210,f_jpg?from=ke.com
20241023,海淀,双榆树,101110809088,知春东里  次顶层一居室  朝南向 不临街 采光好房主自荐,650万,152583元/平,高楼层 (共6层) | 1987年 | 1室1厅 | 42.6平米 | 南,https://ke-image.ljcdn.com/110000-inspection/pc1_lCR5I9LwM_1.jpg!m_fill,w_280,h_210,f_jpg?from=ke.com
20241023,海淀,双榆树,101110501596,中关村东路优质两居室一楼带大套间,690万,131104元/平,底层 (共6层) 2室1厅 | 52.63平米 | 南 北,https://ke-image.ljcdn.com/110000-inspection/pc1_PVJLwwGHi_1.jpg!m_fill,w_280,h_210,f_jpg?from=ke.com
20241023,海淀,双榆树,101109412180,知春路82号院  航天五院家属区 央产大院,620万,147972元/平,底层 (共6层) | 1985年 | 1室1厅 | 41.9平米 | 南 北,https://ke-image.ljcdn.com/110000-inspection/pc1_LS9tS4BEK_1.jpg!m_fill,w_280,h_210,f_jpg?from=ke.com
20241023,海淀,双榆树,101127218413,知春里 3室1厅 南 西 北,720万,119801元/平,低楼层 (共6层) 3室1厅 | 60.1平米 | 南 西 北,https://ke-image.ljcdn.com/110000-inspection/pc1_7WqBUYKUR_1.jpg!m_fill,w_280,h_210,f_jpg?from=ke.com
20241023,海淀,双榆树,101127145505,知春东里精装修 环境优美 高楼层采光好新上,660万,127660元/平,高楼层 (共20层) | 2000年 | 1室1厅 | 51.7平米 | 南 北,https://ke-image.ljcdn.com/110000-inspection/pc1_Jh6IFtlPf_1.jpg!m_fill,w_280,h_210,f_jpg?from=ke.com
20241023,海淀,双榆树,101127134021,双榆树东里 2室1厅 东 东南新上,950万,86474元/平,中楼层 (共20层) | 2003年 | 2室1厅 | 109.86平米 | 东 东南,https://ke-image.ljcdn.com/110000-inspection/pc1_a61qdonms_1.jpg!m_fill,w_280,h_210,f_jpg?from=ke.com
20241023,海淀,双榆树,101127122403,双榆树北路6号院 南北通透客厅有窗户2居室诚售！新上,530万,94983元/平,中楼层 (共6层) 2室1厅 | 55.8平米 | 南 北 西,https://ke-image.ljcdn.com/110000-inspection/a7d417c8-e4c5-479f-9e08-347af73adc21_1000.jpg!m_fill,w_280,h_210,f_jpg?from=ke.com
20241023,海淀,双榆树,101127077332,双榆树东里  全南精装两居室出售 拎包入住满五唯一新上,485万,91338元/平,高楼层 (共6层) 2室1厅 | 53.1平米 | 南,https://ke-image.ljcdn.com/110000-inspection/pc1_lN2DriuAN_1.jpg!m_fill,w_280,h_210,f_jpg?from=ke.com
20241023,海淀,双榆树,101127009030,双榆树北里 精装修 南北通透 大卫生间 采光充足,750万,109171元/平,顶层 (共6层) | 1982年 | 3室1厅 | 68.7平米 | 南 北,https://ke-image.ljcdn.com/110000-inspection/pc1_3zWSmRGxz_1.jpg!m_fill,w_280,h_210,f_jpg?from=ke.com
20241023,海淀,双榆树,101126975798,核工业部家属院 地铁口精装修大三居 层高3.1米,849万,92889元/平,底层 (共5层) | 1965年 | 3室1厅 | 91.4平米 | 南 北,https://ke-image.ljcdn.com/110000-inspection/pc1_m2LyGKI3y_1.jpg!m_fill,w_280,h_210,f_jpg?from=ke.com
20241023,海淀,双榆树,101126919998,榆苑公寓 2室1厅 南 北,415万,75730元/平,地下室 (共7层) | 1999年 | 2室1厅 | 54.8平米 | 南 北,https://ke-image.ljcdn.com/110000-inspection/pc1_4x6guMk5o_1.jpg!m_fill,w_280,h_210,f_jpg?from=ke.com
20241023,海淀,双榆树,101126835430,双榆树东里 南北两居 精装修 中间楼层 业主急售,570万,104205元/平,中楼层 (共6层) 2室1厅 | 54.7平米 | 北 南,https://ke-image.ljcdn.com/110000-inspection/pc1_vyjQ8jxRB_1.jpg!m_fill,w_280,h_210,f_jpg?from=ke.com
20241023,海淀,双榆树,101126804469,双榆树北路 正规朝南一居室有客厅西窗！,378万,89362元/平,高楼层 (共6层) 1室1厅 | 42.3平米 | 南 西 北,https://ke-image.ljcdn.com/110000-inspection/59a1a056-afe1-4ef0-a6c3-cbc6f6c7d30f_1000.jpg!m_fill,w_280,h_210,f_jpg?from=ke.com
20241023,海淀,双榆树,101126742744,满庭芳园 满五年 高楼层 双卧朝南 采光好,980万,106534元/平,高楼层 (共24层) 2室1厅 | 91.99平米 | 南,https://ke-image.ljcdn.com/110000-inspection/pc1_9mQz6Eo4k_1.jpg!m_fill,w_280,h_210,f_jpg?from=ke.com
20241023,海淀,双榆树,101126679643,双榆树北里视野宽阔无遮挡采光充足南北通透带客厅2居,475万,82753元/平,顶层 (共6层) | 1994年 | 2室1厅 | 57.4平米 | 北 南,https://ke-image.ljcdn.com/110000-inspection/pc1_ZwIjCynZX_1.jpg!m_fill,w_280,h_210,f_jpg?from=ke.com
20241023,海淀,双榆树,101126677628,青云北区一居室安静不临街高品质低楼层,399万,87080元/平,低楼层 (共6层) | 1993年 | 1室1厅 | 45.82平米 | 南,https://ke-image.ljcdn.com/110000-inspection/pc1_2oG0w37xk_1.jpg!m_fill,w_280,h_210,f_jpg?from=ke.com
20241023,海淀,双榆树,101126675263,双榆树东里建成年代1996年有电梯满五唯一商品房,639万,87058元/平,低楼层 (共13层) 3室1厅 | 73.4平米 | 南 北,https://ke-image.ljcdn.com/110000-inspection/pc1_S6HzzPZGz_1.jpg!m_fill,w_280,h_210,f_jpg?from=ke.com
20241023,海淀,双榆树,101126653136,北三环人大东门中关村满庭芳园全南大居室,890万,96750元/平,中楼层 (共24层) | 2000年 | 2室1厅 | 91.99平米 | 南,https://ke-image.ljcdn.com/110000-inspection/a1af6c68-ae6a-4535-a1af-3454bb15afee_1000.jpg!m_fill,w_280,h_210,f_jpg?from=ke.com
20241023,海淀,双榆树,101126636811,满五唯一 全朝南采光好 价格可以大谈 小区有食堂,1699万,110584元/平,底层 (共20层) 3室1厅 | 153.64平米 | 南,https://ke-image.ljcdn.com/110000-inspection/pc1_84N4mVqHA_1.jpg!m_fill,w_280,h_210,f_jpg?from=ke.com
20241023,海淀,双榆树,101126632653,青云北区 一层两居室 双南向 业主自住精装修,620万,118321元/平,底层 (共5层) 2室1厅 | 52.4平米 | 南,https://ke-image.ljcdn.com/110000-inspection/cdd7984c-ffb1-4ea5-bbaa-5b99cce04a1e_1000.jpg!m_fill,w_280,h_210,f_jpg?from=ke.com
20241023,海淀,双榆树,101126577919,青云北区 西南向2居室带电梯业主诚售！,598万,95528元/平,高楼层 (共17层) 2室1厅 | 62.6平米 | 西,https://ke-image.ljcdn.com/110000-inspection/ad7dfe8b-abf8-4135-8f73-95404e447d3b_1000.jpg!m_fill,w_280,h_210,f_jpg?from=ke.com
20241023,海淀,双榆树,101126531890,中关村双榆树  双榆树东里 小区安静,495万,87922元/平,低楼层 (共16层) | 1985年 | 2室1厅 | 56.3平米 | 东北,https://ke-image.ljcdn.com/110000-inspection/pc1_77m0G47wy_1.jpg!m_fill,w_280,h_210,f_jpg?from=ke.com
20241023,海淀,双榆树,101126527786,双榆树北路6号院 2室1厅 南 北,539万,97293元/平,低楼层 (共6层) | 1993年 | 2室1厅 | 55.4平米 | 南 北,https://ke-image.ljcdn.com/110000-inspection/0fc9723e-c755-46e1-afd4-13e75f6ae407_1000.jpg!m_fill,w_280,h_210,f_jpg?from=ke.com
20241023,海淀,双榆树,101126470399,知春东里带电梯一居室 高楼层 采光视野好,520万,102971元/平,高楼层 (共20层) 1室1厅 | 50.5平米 | 南,https://ke-image.ljcdn.com/110000-inspection/pc1_IKJMtN65l_1.jpg!m_fill,w_280,h_210,f_jpg?from=ke.com
20241023,海淀,双榆树,101126453703,知春东里 3室1厅 南 北,730万,101249元/平,低楼层 (共6层) | 1988年 | 3室1厅 | 72.1平米 | 南 北,https://ke-image.ljcdn.com/110000-inspection/d223eac8-99ed-41d9-a9f8-8ce92ae59c38_1000.jpg!m_fill,w_280,h_210,f_jpg?from=ke.com
20241023,海淀,双榆树,101126450418,双南向 采光好 随时签约 精装修 停车方便,499万,92924元/平,高楼层 (共6层) 2室1厅 | 53.7平米 | 南,https://ke-image.ljcdn.com/110000-inspection/f0442a49-9c9c-4703-b059-d65651664cd9_1000.jpg!m_fill,w_280,h_210,f_jpg?from=ke.com
20241023,海淀,双榆树,101126441361,满庭芳园好户型三居采光好楼龄新,1200万,90423元/平,低楼层 (共24层) | 1999年 | 3室1厅 | 132.71平米 | 西南,https://ke-image.ljcdn.com/110000-inspection/pc1_Sc3Mpq8OX_1.jpg!m_fill,w_280,h_210,f_jpg?from=ke.com
20241023,海淀,双榆树,101126362459,满庭芳园 2000年小区   精装修  采光视野好,1380万,91228元/平,高楼层 (共24层) 3室2厅 | 151.27平米 | 东南,https://ke-image.ljcdn.com/110000-inspection/pc1_b3pyLm4Rd_1.jpg!m_fill,w_280,h_210,f_jpg?from=ke.com
20241023,海淀,双榆树,101125927409,新上房源 双榆树知春里 带电梯 视野好 看房方便,475万,91523元/平,中楼层 (共18层) 1室1厅 | 51.9平米 | 东南,https://ke-image.ljcdn.com/110000-inspection/a94381b0-e9e3-4d9b-b4b7-1cca9cbc9196_1000.jpg!m_fill,w_280,h_210,f_jpg?from=ke.com
20241023,海淀,双榆树,101125913164,知春里 3室1厅 东 东南 南 北,950万,112520元/平,中楼层 (共18层) 3室1厅 | 84.43平米 | 东 东南 南 北,https://ke-image.ljcdn.com/110000-inspection/pc1_pDC1ZCep6_1.jpg!m_fill,w_280,h_210,f_jpg?from=ke.com
20241023,海淀,双榆树,101125868614,北三环人民大学地铁电梯房全明格局三居适合改善。,1045万,81469元/平,高楼层 (共24层) | 2000年 | 3室2厅 | 128.27平米 | 南 西北,https://ke-image.ljcdn.com/110000-inspection/pc1_CZocUe69A_1.jpg!m_fill,w_280,h_210,f_jpg?from=ke.com
20241023,海淀,双榆树,101125852984,海淀区中关村双榆树东里精装三居室两南一北,690万,103140元/平,顶层 (共6层) | 1981年 | 3室1厅 | 66.9平米 | 南 北,https://ke-image.ljcdn.com/110000-inspection/243fb4cb-be47-4bb3-91b2-1746d55dd316_1000.jpg!m_fill,w_280,h_210,f_jpg?from=ke.com
20241023,海淀,双榆树,101125758651,满庭芳园 北三环联想桥 东南向大三居 看房有钥匙,1300万,84641元/平,低楼层 (共24层) | 2000年 | 3室2厅 | 153.59平米 | 东南,https://ke-image.ljcdn.com/110000-inspection/pc1_wtHm3DJX7_1.jpg!m_fill,w_280,h_210,f_jpg?from=ke.com
20241023,海淀,双榆树,101125729311,青云北区 全南向两居室诚意出售,438万,86221元/平,顶层 (共5层) 2室1厅 | 50.8平米 | 南,https://ke-image.ljcdn.com/110000-inspection/pc1_UJcyaSBxs_1.jpg!m_fill,w_280,h_210,f_jpg?from=ke.com
20241023,海淀,双榆树,101125617816,榆苑公寓精装三居室双榆树房主自荐,460万,70988元/平,地下室 (共7层) 3室1厅 | 64.8平米 | 南 北,https://ke-image.ljcdn.com/110000-inspection/pc1_nGXmuZxvX_1.jpg!m_fill,w_280,h_210,f_jpg?from=ke.com
20241023,海淀,双榆树,101125606872,满五唯一南北通透央产房大客厅楼龄新,630万,106419元/平,中楼层 (共6层) 2室1厅 | 59.2平米 | 南 北,https://ke-image.ljcdn.com/110000-inspection/pc1_TYAmdccds_1.jpg!m_fill,w_280,h_210,f_jpg?from=ke.com
20241023,海淀,双榆树,101125447431,海淀黄庄 豪景佳苑 优质两居室 诚意出售 采光有,920万,90534元/平,底层 (共19层) 2室2厅 | 101.62平米 | 西南,https://ke-image.ljcdn.com/110000-inspection/pc1_uNIIbP8Id_1.jpg!m_fill,w_280,h_210,f_jpg?from=ke.com
20241023,海淀,双榆树,101125235364,满庭芳园 3室2厅 东南房主自荐,1095万,82567元/平,低楼层 (共24层) 3室2厅 | 132.62平米 | 东南,https://ke-image.ljcdn.com/110000-inspection/e270e532-033c-4f47-8557-8bfe4eddef7b_1000.jpg!m_fill,w_280,h_210,f_jpg?from=ke.com
20241023,海淀,双榆树,101125231457,双榆树东里 南北两居 满五唯一 近地铁 采光好,440万,80439元/平,顶层 (共6层) 2室1厅 | 54.7平米 | 南 北,https://ke-image.ljcdn.com/110000-inspection/pc1_9PEJAjVeS_1.jpg!m_fill,w_280,h_210,f_jpg?from=ke.com
20241023,海淀,双榆树,101125183888,北三环人大东门中关村满庭芳园全南大两居室,889万,96641元/平,中楼层 (共24层) 2室1厅 | 91.99平米 | 南,https://ke-image.ljcdn.com/110000-inspection/pc1_BKQqqRQSV_1.jpg!m_fill,w_280,h_210,f_jpg?from=ke.com
20241023,海淀,双榆树,101124942567,知春里小区正中间位置 塔楼西南方正三居 满五年唯一,880万,120384元/平,中楼层 (共18层) | 1988年 | 3室1厅 | 73.1平米 | 西南,https://ke-image.ljcdn.com/110000-inspection/03e938d9-bbf3-46df-96e6-bdcdeb723097_1000.jpg!m_fill,w_280,h_210,f_jpg?from=ke.com
20241023,海淀,双榆树,101124815106,满五唯一精装修两居室西向安静采光好视野棒！,890万,91480元/平,中楼层 (共24层) | 2000年 | 2室1厅 | 97.29平米 | 西南,https://ke-image.ljcdn.com/110000-inspection/pc1_s909qnVnP_1.jpg!m_fill,w_280,h_210,f_jpg?from=ke.com
20241023,海淀,双榆树,101124811553,人大东门 东南向四居 央产房 户型少 随时看房,1300万,99473元/平,高楼层 (共24层) 4室1厅 | 130.69平米 | 东南,https://ke-image.ljcdn.com/110000-inspection/dfa4c495-c042-4892-94d8-7522aa23a07f_1000.jpg!m_fill,w_280,h_210,f_jpg?from=ke.com
20241023,海淀,双榆树,101124500948,区域内大2居室主次卧面积大舒适南北朝向通风,690万,102298元/平,低楼层 (共6层) 2室1厅 | 67.45平米 | 南 北,https://ke-image.ljcdn.com/110000-inspection/pc1_r7KBECMXK_1.jpg!m_fill,w_280,h_210,f_jpg?from=ke.com
20241023,海淀,双榆树,101124359626,知春里 朝南向 精装修 电梯房 采光充足 视野开阔,559万,107708元/平,低楼层 (共18层) 1室1厅 | 51.9平米 | 南,https://ke-image.ljcdn.com/110000-inspection/f66ae7b4-3f78-4cb4-a0fb-a6f298a0f969_1000.jpg!m_fill,w_280,h_210,f_jpg?from=ke.com
20241023,海淀,双榆树,101124220737,中关村大街46号院 精装两居室,660万,96070元/平,中楼层 (共5层) | 1965年 | 2室1厅 | 68.7平米 | 北 南,https://ke-image.ljcdn.com/110000-inspection/8d8e53cc-9ffa-4727-8f46-6e23b86e0a14_1000.jpg!m_fill,w_280,h_210,f_jpg?from=ke.com
20241023,海淀,双榆树,101124049050,此房满五年唯一全南向精装两居无遮挡采光充足业房主自荐,499万,94151元/平,顶层 (共6层) 2室1厅 | 53平米 | 南,https://ke-image.ljcdn.com/110000-inspection/pc1_QW3kukdIi_1.jpg!m_fill,w_280,h_210,f_jpg?from=ke.com
20241023,海淀,双榆树,101124009505,双榆树西里 东南向2居室采光好业主诚售！,490万,83433元/平,顶层 (共16层) | 1988年 | 2室1厅 | 58.73平米 | 东南,https://ke-image.ljcdn.com/110000-inspection/7af720ea-5f84-40fc-af29-09d7b4d58a98_1000.jpg!m_fill,w_280,h_210,f_jpg?from=ke.com
20241023,海淀,双榆树,101124003000,双榆树 榆苑公寓 南北通透 精装修 正规客厅 房龄新,576万,99827元/平,中楼层 (共7层) 2室1厅 | 57.7平米 | 南 北,https://ke-image.ljcdn.com/110000-inspection/pc1_Tomn557g9_1.jpg!m_fill,w_280,h_210,f_jpg?from=ke.com
20241023,海淀,双榆树,101123993803,豪景佳苑 6室2厅 东南,2280万,87457元/平,高楼层 (共23层) | 1999年 | 6室2厅 | 260.7平米 | 东南,https://ke-image.ljcdn.com/110000-inspection/2a185331-43f6-49d3-8cae-3e6db3fbf7bc_1000.jpg!m_fill,w_280,h_210,f_jpg?from=ke.com
20241023,海淀,双榆树,101123948648,青云北区南向2居室精装修业主诚意出售价格可谈,570万,97603元/平,中楼层 (共6层) 2室1厅 | 58.4平米 | 南,https://ke-image.ljcdn.com/110000-inspection/pc1_zfpOIrPMU_1.jpg!m_fill,w_280,h_210,f_jpg?from=ke.com
20241023,海淀,双榆树,101123940364,双榆树北路 双南两居室  采光通风,570万,95000元/平,顶层 (共6层) 2室1厅 | 60平米 | 南 西,https://ke-image.ljcdn.com/110000-inspection/4bd1f547-6998-4eeb-842f-86c3fbd0b405_1000.jpg!m_fill,w_280,h_210,f_jpg?from=ke.com
20241023,海淀,双榆树,101123866822,知春里带电梯塔楼两居室精装修业主诚意出售价格可以谈,620万,100650元/平,低楼层 (共18层) | 1988年 | 2室1厅 | 61.6平米 | 西南,https://ke-image.ljcdn.com/110000-inspection/pc1_6CdEPaXJa_1.jpg!m_fill,w_280,h_210,f_jpg?from=ke.com
20241023,海淀,双榆树,101123770849,双榆树东里 1室1厅 南,525万,105000元/平,中楼层 (共12层) 1室1厅 | 50平米 | 南,https://ke-image.ljcdn.com/110000-inspection/e95e1662-8394-4b54-9529-9e8e3030c569_1000.jpg!m_fill,w_280,h_210,f_jpg?from=ke.com
20241023,海淀,双榆树,101123742957,双榆树东里精装双南两居 看房方便 随时可签约,516万,103407元/平,底层 (共6层) 2室1厅 | 49.9平米 | 南,https://ke-image.ljcdn.com/110000-inspection/79d6c42e-dfcd-4c0a-ad60-7d6dd19fd864_1000.jpg!m_fill,w_280,h_210,f_jpg?from=ke.com
20241023,海淀,双榆树,101123731811,满庭芳园 2室1厅 西南,940万,107552元/平,高楼层 (共24层) 2室1厅 | 87.4平米 | 西南,https://ke-image.ljcdn.com/110000-inspection/pc1_x3jOM5xmm_1.jpg!m_fill,w_280,h_210,f_jpg?from=ke.com
20241023,海淀,双榆树,101123691745,双榆树北路 南北带大客厅 楼龄新 全明户型 随时签约,828万,82941元/平,顶层 (共6层) 2室1厅 | 99.83平米 | 南 北,https://ke-image.ljcdn.com/110000-inspection/pc1_nS6Px7HRT_1.jpg!m_fill,w_280,h_210,f_jpg?from=ke.com
20241023,海淀,双榆树,101123596453,知春里小区 有电梯 南向一居室 无遮挡,650万,125241元/平,低楼层 (共18层) | 1988年 | 1室1厅 | 51.9平米 | 南,https://ke-image.ljcdn.com/110000-inspection/pc1_zwHbtGhsr_1.jpg!m_fill,w_280,h_210,f_jpg?from=ke.com
20241023,海淀,双榆树,101123517654,知春路82号全明南北通透 带电梯精装修两居 带地下车库,788万,146197元/平,低楼层 (共6层) 2室1厅 | 53.9平米 | 南 北,https://ke-image.ljcdn.com/110000-inspection/d07d46e2-5731-4339-9074-fa9fb7ef71d1_1000.jpg!m_fill,w_280,h_210,f_jpg?from=ke.com
20241023,海淀,双榆树,101123464124,海淀黄庄 知春里小区  电梯直达 精装修 诚意出售,539万,106903元/平,高楼层 (共18层) 1室1厅 | 50.42平米 | 南,https://ke-image.ljcdn.com/110000-inspection/28da95e5-8f13-4dc2-9060-d545beb07fbb_1000.jpg!m_fill,w_280,h_210,f_jpg?from=ke.com
20241023,海淀,双榆树,101123447577,双榆树东里 新上满五年唯一 精装修不临街 看房方便,649万,90265元/平,高楼层 (共6层) 3室1厅 | 71.9平米 | 南 北,https://ke-image.ljcdn.com/110000-inspection/pc1_tUAmY9bdx_1.jpg!m_fill,w_280,h_210,f_jpg?from=ke.com
20241023,海淀,双榆树,101123375986,满五年唯一 有正规客厅 厨房卫生间带窗户,450万,94419元/平,顶层 (共6层) 1室1厅 | 47.66平米 | 南 北,https://ke-image.ljcdn.com/110000-inspection/21a8429d-d0c7-48b6-82f0-87ca5aa180c8_1000.jpg!m_fill,w_280,h_210,f_jpg?from=ke.com
20241023,海淀,双榆树,101123358212,此房房本满五年家庭唯一南北向三居室前后不临街,599万,102745元/平,底层 (共6层) 3室1厅 | 58.3平米 | 南 北,https://ke-image.ljcdn.com/110000-inspection/pc1_it7oiwd0d_1.jpg!m_fill,w_280,h_210,f_jpg?from=ke.com
20241023,海淀,双榆树,101123265345,榆苑公寓 楼龄新1997年 南北通透复式 双卫生间,1350万,93110元/平,高楼层 (共7层) 4室2厅 | 144.99平米 | 南 北,https://ke-image.ljcdn.com/110000-inspection/pc1_mAUOJJPfG_1.jpg!m_fill,w_280,h_210,f_jpg?from=ke.com
20241023,海淀,双榆树,101123160642,双榆树北里东西通透  全明一居室出售  精装可拎包入住,438万,97768元/平,底层 (共6层) 1室1厅 | 44.8平米 | 西 东,https://ke-image.ljcdn.com/110000-inspection/pc1_PLPEN56TG_1.jpg!m_fill,w_280,h_210,f_jpg?from=ke.com
20241023,海淀,双榆树,101123131782,满庭芳园 改善大三居 满五唯一 楼龄新 三环边 配套齐,1350万,93731元/平,低楼层 (共24层) 3室1厅 | 144.03平米 | 西南,https://ke-image.ljcdn.com/110000-inspection/pc1_XLLTboKWF_1.jpg!m_fill,w_280,h_210,f_jpg?from=ke.com
20241023,海淀,双榆树,101122970276,双榆树东里板楼2层 南北通透两居 诚意出售,568万,104221元/平,低楼层 (共6层) 2室1厅 | 54.5平米 | 南 北,https://ke-image.ljcdn.com/110000-inspection/ea73297f-4eec-402e-9359-9531dc8493da_1000.jpg!m_fill,w_280,h_210,f_jpg?from=ke.com
20241023,海淀,双榆树,101122930765,双榆树北路  南北通透大3居室  中间楼层,1165万,99522元/平,中楼层 (共6层) 3室1厅 | 117.06平米 | 南 北,https://ke-image.ljcdn.com/110000-inspection/pc1_VVf0MZa4N_1.jpg!m_fill,w_280,h_210,f_jpg?from=ke.com
20241023,海淀,双榆树,101122914803,双榆树东里优质三居室 诚意出售,640万,95523元/平,顶层 (共6层) 3室1厅 | 67平米 | 南 北,https://ke-image.ljcdn.com/110000-inspection/pc1_2zjG8NdwE_1.jpg!m_fill,w_280,h_210,f_jpg?from=ke.com
20241023,海淀,双榆树,101122795875,央产房  南北通透  大户型  明厅,666万,81121元/平,顶层 (共6层) | 1993年 | 3室1厅 | 82.1平米 | 南 北,https://ke-image.ljcdn.com/110000-inspection/pc1_fq4LGT054_1.jpg!m_fill,w_280,h_210,f_jpg?from=ke.com
20241023,海淀,双榆树,101122742331,中关村东路105号院 业主诚意出售 看房方便,1050万,92946元/平,高楼层 (共6层) | 1997年 | 4室1厅 | 112.97平米 | 东 西,https://ke-image.ljcdn.com/110000-inspection/fc8cd770-689d-4768-a0f7-84e9827465d1_1000.jpg!m_fill,w_280,h_210,f_jpg?from=ke.com
20241023,海淀,双榆树,101122741574,70年产权商品房朝南向大两居室2梯5户地下车位房主自荐,840万,72364元/平,低楼层 (共20层) | 1996年 | 2室2厅 | 116.08平米 | 南,https://ke-image.ljcdn.com/110000-inspection/80d53961-aba6-419d-8b3f-cafb68f7f59f_1000.jpg!m_fill,w_280,h_210,f_jpg?from=ke.com
20241023,海淀,双榆树,101122646006,知春里 电梯楼 精装修 不临街 满五唯一 单价低房主自荐,650万,87720元/平,低楼层 (共18层) | 1988年 | 2室1厅 | 74.1平米 | 西南,https://ke-image.ljcdn.com/110000-inspection/a2d51095-ddcf-443d-85f2-db7a2a1e1a69_1000.jpg!m_fill,w_280,h_210,f_jpg?from=ke.com
20241023,海淀,双榆树,101122544778,满庭芳园西南向两居 户型好 满五唯一 诚心出售房主自荐,885万,101259元/平,中楼层 (共24层) 2室1厅 | 87.4平米 | 西南,https://ke-image.ljcdn.com/110000-inspection/pc1_4V5QwNiCq_1.jpg!m_fill,w_280,h_210,f_jpg?from=ke.com
20241023,海淀,双榆树,101122431239,北三环人大东门中关村满庭芳园精装三居室,1099万,91333元/平,中楼层 (共24层) 3室1厅 | 120.33平米 | 西,https://ke-image.ljcdn.com/110000-inspection/ec77a315-c4eb-4ecd-b565-d094a85136c6_1000.jpg!m_fill,w_280,h_210,f_jpg?from=ke.com
20241023,海淀,双榆树,101122310126,知春里西社区 满五年唯一的商品房 塔楼 不临街,576万,91140元/平,低楼层 (共18层) 2室1厅 | 63.2平米 | 东南,https://ke-image.ljcdn.com/110000-inspection/pc1_tw1dotmXO_1.jpg!m_fill,w_280,h_210,f_jpg?from=ke.com
20241023,海淀,双榆树,101122056361,满庭芳园 2室1厅 西,910万,99508元/平,底层 (共24层) | 2001年 | 2室1厅 | 91.45平米 | 西,https://ke-image.ljcdn.com/110000-inspection/39b5249a-37f7-46f2-891b-25851372814b_1000.jpg!m_fill,w_280,h_210,f_jpg?from=ke.com
20241023,海淀,双榆树,101121971919,双榆树北路板楼次顶层满二年商品房采光视野无遮挡,509万,97138元/平,高楼层 (共6层) 2室1厅 | 52.4平米 | 东南,https://ke-image.ljcdn.com/110000-inspection/pc1_MhhuTBeT6_1.jpg!m_fill,w_280,h_210,f_jpg?from=ke.com
20241023,海淀,双榆树,101121885392,新上 双榆树北里 南北通透 明厨明卫 带客厅！,770万,120501元/平,底层 (共6层) 2室1厅 | 63.9平米 | 南 北,https://ke-image.ljcdn.com/110000-inspection/pc1_5LxsIonOM_1.jpg!m_fill,w_280,h_210,f_jpg?from=ke.com
20241023,海淀,双榆树,101121876166,人民大学双榆树三居精装,550万,90610元/平,顶层 (共6层) 3室1厅 | 60.7平米 | 东南,https://ke-image.ljcdn.com/110000-inspection/pc1_JHqMd8y3n_1.jpg!m_fill,w_280,h_210,f_jpg?from=ke.com
20241023,海淀,双榆树,101121850937,双榆树西里南向方正一居浓厚生活气息房主自荐,528万,121129元/平,低楼层 (共16层) 1室1厅 | 43.59平米 | 南,https://ke-image.ljcdn.com/110000-inspection/3c61decb-86c0-4e0b-be27-06c41c234527_1000.jpg!m_fill,w_280,h_210,f_jpg?from=ke.com
20241023,海淀,双榆树,101121640696,双榆树北里南北两居满五年唯一板楼2层,645万,118567元/平,低楼层 (共6层) | 1982年 | 2室1厅 | 54.4平米 | 南 北,https://ke-image.ljcdn.com/110000-inspection/pc1_tIGHB9nO4_1.jpg!m_fill,w_280,h_210,f_jpg?from=ke.com
20241023,海淀,双榆树,101121614889,满庭芳园精装满五唯一两居央产房高层视野好房主自荐,990万,108256元/平,高楼层 (共24层) 2室1厅 | 91.45平米 | 东 北,https://ke-image.ljcdn.com/110000-inspection/pc1_kgvHMcLvn_1.jpg!m_fill,w_280,h_210,f_jpg?from=ke.com
20241023,海淀,双榆树,101121506863,双榆树东里优质高分房源 满五年唯一3/6停车方便  安静,589万,107286元/平,中楼层 (共6层) 2室1厅 | 54.9平米 | 南 北,https://ke-image.ljcdn.com/110000-inspection/7855dd03-6910-467d-9d3e-e0e49827650d_1000.jpg!m_fill,w_280,h_210,f_jpg?from=ke.com
20241023,海淀,双榆树,101121139275,北三环双榆树 满庭芳园 方正三居室 诚意出售,1080万,81974元/平,底层 (共24层) 3室1厅 | 131.75平米 | 东北,https://ke-image.ljcdn.com/110000-inspection/6b9bcc59-a241-40de-bc6d-3d383532dd4b_1000.jpg!m_fill,w_280,h_210,f_jpg?from=ke.com
20241023,海淀,双榆树,101120956069,都市网景 高层东向大两居 视野好 满五唯一,1098万,96843元/平,顶层 (共24层) | 2000年 | 2室1厅 | 113.38平米 | 东南,https://ke-image.ljcdn.com/110000-inspection/8019a3c5-d8cc-405e-b0d1-b8f0c06765e6_1000.jpg!m_fill,w_280,h_210,f_jpg?from=ke.com
20241023,海淀,双榆树,101120934882,房子室南北通透全明三居客厅有窗户满五年央产,720万,98793元/平,底层 (共6层) 3室1厅 | 72.88平米 | 南 西 北,https://ke-image.ljcdn.com/110000-inspection/pc1_HVofEytxz_1.jpg!m_fill,w_280,h_210,f_jpg?from=ke.com
20241023,海淀,双榆树,101120671189,双榆树西里 塔楼两居带电梯 户型方正 装修好,670万,104835元/平,中楼层 (共16层) 2室1厅 | 63.91平米 | 西北,https://ke-image.ljcdn.com/110000-inspection/pc1_PEx7vzARt_1.jpg!m_fill,w_280,h_210,f_jpg?from=ke.com
20241023,海淀,双榆树,101120482443,双榆树东里 低单价两居 双卧朝南,595万,88149元/平,低楼层 (共16层) 2室1厅 | 67.5平米 | 南,https://ke-image.ljcdn.com/110000-inspection/pc1_WrmJDZMEt_1.jpg!m_fill,w_280,h_210,f_jpg?from=ke.com
20241023,海淀,双榆树,101120465839,双榆树西里 人民大学地铁口 中间层 精装修 靠谱好房,419万,95772元/平,中楼层 (共16层) 1室1厅 | 43.75平米 | 南,https://ke-image.ljcdn.com/110000-inspection/pc1_Bs4s6YLS0_1.jpg!m_fill,w_280,h_210,f_jpg?from=ke.com
20241023,海淀,双榆树,101119765847,航天大院地下停车位充足人车分流小区绿化好,1276万,165072元/平,底层 (共5层) 3室1厅 | 77.3平米 | 南 北,https://ke-image.ljcdn.com/110000-inspection/pc1_sfn4FV2jF_1.jpg!m_fill,w_280,h_210,f_jpg?from=ke.com
20241023,海淀,双榆树,101118974691,海淀区中关村双榆树青云北区精装修南向两居室,618万,128483元/平,顶层 (共5层) | 1978年 | 2室1厅 | 48.1平米 | 南,https://ke-image.ljcdn.com/110000-inspection/pc1_vQFe7f015_1.jpg!m_fill,w_280,h_210,f_jpg?from=ke.com
20241023,海淀,双榆树,101118217990,双榆树北里 有电梯   户型方正,650万,100932元/平,高楼层 (共16层) | 1986年 | 2室1厅 | 64.4平米 | 西北,https://ke-image.ljcdn.com/110000-inspection/cea5754d-fd6f-460a-9a6b-0a9f27d06046_1000.jpg!m_fill,w_280,h_210,f_jpg?from=ke.com
20241023,海淀,双榆树,101118204692,中关村东路南北通透随时签约两居室房主自荐,560万,97392元/平,顶层 (共6层) 2室1厅 | 57.5平米 | 南 北,https://ke-image.ljcdn.com/110000-inspection/pc1_8NyFDoWJ5_1.jpg!m_fill,w_280,h_210,f_jpg?from=ke.com
20241023,海淀,双榆树,101117029675,双榆树东里  南向一居室户型方正 采光充足。,530万,140958元/平,底层 (共6层) 1室1厅 | 37.6平米 | 南,https://ke-image.ljcdn.com/110000-inspection/51247c8b-8c86-465f-a33a-fb7771167ddc_1000.jpg!m_fill,w_280,h_210,f_jpg?from=ke.com
20241023,海淀,双榆树,101114507475,北三环 人大东门 电梯直达 顶层复式 诚意出售,1399万,68092元/平,顶层 (共24层) | 1999年 | 5室3厅 | 205.46平米 | 东 北,https://ke-image.ljcdn.com/110000-inspection/5446123d-6717-4674-99fc-b2b565df9867_1000.jpg!m_fill,w_280,h_210,f_jpg?from=ke.com
20241023,海淀,双榆树,101127220374,知春里 2室1厅 东 西,730万,118700元/平,低楼层 (共6层) 2室1厅 | 61.5平米 | 东 西,https://s1.ljcdn.com/pegasus/redskull/images/common/default_house_list.png?_v=202410161653269
20241023,海淀,双榆树,101127213437,双榆树东里格局方正精装修老业主诚意出售,599万,94929元/平,低楼层 (共12层) 2室1厅 | 63.1平米 | 南,https://s1.ljcdn.com/pegasus/redskull/images/common/default_house_list.png?_v=202410161653269
20241023,海淀,双榆树,101127187486,双榆树北路6号院 1室1厅 南新上,399万,92791元/平,中楼层 (共6层) | 2001年 | 1室1厅 | 43平米 | 南,https://s1.ljcdn.com/pegasus/redskull/images/common/default_house_list.png?_v=202410161653269
20241023,海淀,双榆树,101127175049,满五年不临街 房子精装修 南北通透新上,700万,121318元/平,顶层 (共6层) 2室1厅 | 57.7平米 | 南 北,https://s1.ljcdn.com/pegasus/redskull/images/common/default_house_list.png?_v=202410161653269
20241023,海淀,双榆树,101127109041,双榆树西里 2室1厅 东北新上,528万,95618元/平,中楼层 (共16层) 2室1厅 | 55.22平米 | 东北,https://s1.ljcdn.com/pegasus/redskull/images/common/default_house_list.png?_v=202410161653269
20241023,海淀,双榆树,101127078642,双榆树北路 3室1厅 南 北新上,1130万,98261元/平,中楼层 (共6层) | 2001年 | 3室1厅 | 115平米 | 南 北,https://s1.ljcdn.com/pegasus/redskull/images/common/default_house_list.png?_v=202410161653269
20241023,海淀,双榆树,101127042560,双榆树东里 高楼层南北向两居室业主诚意出售,440万,81032元/平,顶层 (共6层) 2室1厅 | 54.3平米 | 南 北,https://s1.ljcdn.com/pegasus/redskull/images/common/default_house_list.png?_v=202410161653269
20241023,海淀,双榆树,101126834987,双榆树知春里 一居室 诚意出售 靠谱卖,380万,94060元/平,中楼层 (共6层) | 1984年 | 1室1厅 | 40.4平米 | 东,https://s1.ljcdn.com/pegasus/redskull/images/common/default_house_list.png?_v=202410161653269
20241023,海淀,双榆树,101126433356,都市网景 满五年大两居无抵押产权清晰诚意出售,970万,101507元/平,高楼层 (共24层) 2室1厅 | 95.56平米 | 西南,https://s1.ljcdn.com/pegasus/redskull/images/common/default_house_list.png?_v=202410161653269
20241023,海淀,双榆树,101126396193,青云北区 南北通透户型 不临街房主自荐,780万,98835元/平,顶层 (共6层) 3室1厅 | 78.92平米 | 北 南,https://s1.ljcdn.com/pegasus/redskull/images/common/default_house_list.png?_v=202410161653269
20241023,海淀,双榆树,101126044688,豪景大厦 2室1厅 西,899万,64948元/平,顶层 (共22层) 2室1厅 | 138.42平米 | 西,https://s1.ljcdn.com/pegasus/redskull/images/common/default_house_list.png?_v=202410161653269
20241023,海淀,双榆树,101125985280,双榆树东里 诚意出售 价格能谈 南北三居室,729万,89415元/平,顶层 (共12层) 3室1厅 | 81.53平米 | 北 南,https://s1.ljcdn.com/pegasus/redskull/images/common/default_house_list.png?_v=202410161653269
20241023,海淀,双榆树,101125889226,人大东门 满五年唯一 精装修板楼中间层 不临街,595万,109577元/平,中楼层 (共6层) 2室1厅 | 54.3平米 | 南 北,https://s1.ljcdn.com/pegasus/redskull/images/common/default_house_list.png?_v=202410161653269
20241023,海淀,双榆树,101125397670,知春东里  带电梯大两居室 视野不错采光好,600万,96931元/平,低楼层 (共20层) | 2000年 | 2室1厅 | 61.9平米 | 东南,https://s1.ljcdn.com/pegasus/redskull/images/common/default_house_list.png?_v=202410161653269
20241023,海淀,双榆树,101124884779,青云北区 电梯直达 高层两居 1997年楼龄,480万,90567元/平,高楼层 (共17层) | 1997年 | 2室1厅 | 53平米 | 东,https://s1.ljcdn.com/pegasus/redskull/images/common/default_house_list.png?_v=202410161653269
20241023,海淀,双榆树,101124826388,知春里小区 次顶层 无遮挡 精装修 随时签约,420万,103961元/平,高楼层 (共6层) 1室1厅 | 40.4平米 | 南,https://s1.ljcdn.com/pegasus/redskull/images/common/default_house_list.png?_v=202410161653269
20241023,海淀,双榆树,101124813689,满五年唯一精装修两居户型方正光线好环境安静,690万,115772元/平,高楼层 (共16层) | 1987年 | 2室1厅 | 59.6平米 | 西南,https://s1.ljcdn.com/pegasus/redskull/images/common/default_house_list.png?_v=202410161653269
20241023,海淀,双榆树,101124047522,双榆村小区东里 南北通透小三居室 格局合理,660万,106281元/平,中楼层 (共6层) | 1981年 | 3室1厅 | 62.1平米 | 南 北,https://s1.ljcdn.com/pegasus/redskull/images/common/default_house_list.png?_v=202410161653269
20241023,海淀,双榆树,101123911330,海淀黄庄 豪景大厦  楼龄新 有电梯,1300万,72679元/平,中楼层 (共22层) 3室1厅 | 178.87平米 | 南,https://s1.ljcdn.com/pegasus/redskull/images/common/default_house_list.png?_v=202410161653269
20241023,海淀,双榆树,101122790959,双榆树东里 2室1厅 南,580万,109434元/平,中楼层 (共6层) 2室1厅 | 53平米 | 南,https://s1.ljcdn.com/pegasus/redskull/images/common/default_house_list.png?_v=202410161653269
20241023,海淀,双榆树,101122785330,知春里西社区板楼带电梯南北三居室,780万,130435元/平,顶层 (共6层) 3室1厅 | 59.8平米 | 南,https://s1.ljcdn.com/pegasus/redskull/images/common/default_house_list.png?_v=202410161653269
20241023,海淀,双榆树,101122597595,榆苑公寓 高层带电梯朝南2居室钢混结构,950万,110466元/平,中楼层 (共10层) 2室1厅 | 86平米 | 南,https://s1.ljcdn.com/pegasus/redskull/images/common/default_house_list.png?_v=202410161653269
20241023,海淀,双榆树,101122581124,人大东门精装一居室不临街位置好,550万,135803元/平,底层 (共6层) 1室1厅 | 40.5平米 | 南,https://s1.ljcdn.com/pegasus/redskull/images/common/default_house_list.png?_v=202410161653269
20241023,海淀,双榆树,101122569108,都市网景 2室2厅 东南,900万,83072元/平,低楼层 (共24层) 2室2厅 | 108.34平米 | 东南,https://s1.ljcdn.com/pegasus/redskull/images/common/default_house_list.png?_v=202410161653269
20241023,海淀,双榆树,101121135753,人大地铁站旁的西南向低楼层两居室,540万,89701元/平,低楼层 (共16层) 2室1厅 | 60.2平米 | 西南,https://s1.ljcdn.com/pegasus/redskull/images/common/default_house_list.png?_v=202410161653269
20241023,海淀,双榆树,101120126649,满五年央产视野开阔采光充足近地铁大阳台,643万,100611元/平,中楼层 (共16层) 2室1厅 | 63.91平米 | 西北,https://s1.ljcdn.com/pegasus/redskull/images/common/default_house_list.png?_v=202410161653269
