20241030,朝阳,国展,101127057885,左家庄北里 精装修 带电梯 南向 95年楼龄新必看好房,410万,68277元/平,中楼层 (共20层) | 1996年 | 2室1厅 | 60.05平米 | 南 北,https://ke-image.ljcdn.com/110000-inspection/403d5ba2-1979-4bfc-84ab-7c76378c1264_1000.jpg!m_fill,w_280,h_210,f_jpg?from=ke.com
20241030,朝阳,国展,101127024043,左家庄北里 精装修中间楼层满五年价格可谈必看好房,298万,59482元/平,中楼层 (共6层) | 1982年 | 2室1厅 | 50.1平米 | 东北,https://ke-image.ljcdn.com/110000-inspection/3867ade7-eb09-49ae-94e2-b2635c5adaad_1000.jpg!m_fill,w_280,h_210,f_jpg?from=ke.com
20241030,朝阳,国展,101126948929,三环里 正南一居室 随时看随时签 近地铁必看好房,200万,53121元/平,高楼层 (共6层) 1室1厅 | 37.65平米 | 南,https://ke-image.ljcdn.com/110000-inspection/221f76a5-6c82-48cc-8f3e-952277230a90_1000.jpg!m_fill,w_280,h_210,f_jpg?from=ke.com
20241030,朝阳,国展,101126877427,东直门外 1997年钢混双南电梯两居 有钥匙随时看必看好房,398万,66869元/平,低楼层 (共21层) 2室1厅 | 59.52平米 | 南,https://ke-image.ljcdn.com/110000-inspection/ebbb82c0-4b51-4b00-9b12-6e58f99467fe_1000.jpg!m_fill,w_280,h_210,f_jpg?from=ke.com
20241030,朝阳,国展,101126795186,左家庄东里 2室1厅 南 北必看好房,395万,65670元/平,中楼层 (共6层) | 1995年 | 2室1厅 | 60.15平米 | 南 北,https://ke-image.ljcdn.com/110000-inspection/pc1_yAsz2SjHJ_2.jpg!m_fill,w_280,h_210,f_jpg?from=ke.com
20241030,朝阳,国展,101126987107,三元桥畔南北通透双阳台18米客厅带南窗满五年必看好房,400万,65693元/平,低楼层 (共6层) | 1995年 | 2室1厅 | 60.89平米 | 南 北,https://ke-image.ljcdn.com/110000-inspection/1195a570-54b8-4cca-bf1b-0509004736ff_1000.jpg!m_fill,w_280,h_210,f_jpg?from=ke.com
20241030,朝阳,国展,101126802854,东南向 高楼层 采光充足 大客厅带窗户 满五一居必看好房,310万,65388元/平,中楼层 (共21层) 1室1厅 | 47.41平米 | 东南,https://ke-image.ljcdn.com/110000-inspection/pc1_mkGpe1KAy.jpg!m_fill,w_280,h_210,f_jpg?from=ke.com
20241030,朝阳,国展,101126791505,左家庄二区 中间层精装自住2居 有车位双正南采光房必看好房,321万,64252元/平,中楼层 (共6层) 2室1厅 | 49.96平米 | 南,https://ke-image.ljcdn.com/110000-inspection/pc1_E7TqvmmwH_2.jpg!m_fill,w_280,h_210,f_jpg?from=ke.com
20241030,朝阳,国展,101126779819,柳芳北里 1室1厅 南必看好房,285万,69683元/平,底层 (共6层) 1室1厅 | 40.9平米 | 南,https://ke-image.ljcdn.com/110000-inspection/pc1_PUq8HDPAZ_2.jpg!m_fill,w_280,h_210,f_jpg?from=ke.com
20241030,朝阳,国展,101126750137,左家庄 满五唯一 双南向 采光视野无遮挡必看好房,273万,51912元/平,高楼层 (共6层) | 1983年 | 2室1厅 | 52.59平米 | 南,https://ke-image.ljcdn.com/110000-inspection/837b7a4e-a8fd-4446-86ad-cd47427ab09c_1000.jpg!m_fill,w_280,h_210,f_jpg?from=ke.com
20241030,朝阳,国展,101126717313,正南向一居室中间楼层无遮挡不临街配套成熟必看好房,248万,53797元/平,中楼层 (共6层) 1室1厅 | 46.1平米 | 南,https://ke-image.ljcdn.com/110000-inspection/8e20fb1e-b563-49ea-adeb-885ee973e910_1000.jpg!m_fill,w_280,h_210,f_jpg?from=ke.com
20241030,朝阳,国展,101126664259,新上静安东里二层南向两居央产管理好诚心出售价格可谈必看好房,349万,58824元/平,低楼层 (共6层) | 1983年 | 2室1厅 | 59.33平米 | 西南 东北,https://ke-image.ljcdn.com/110000-inspection/7a720591-5cad-45f7-88b8-21ddadb21e94_1000.jpg!m_fill,w_280,h_210,f_jpg?from=ke.com
20241030,朝阳,国展,101126651228,东直门外 左家庄全明三居 3/6中间层 满五年唯一必看好房,447万,64877元/平,中楼层 (共6层) 3室1厅 | 68.9平米 | 南 北,https://ke-image.ljcdn.com/110000-inspection/2b1672d2-405f-4a21-9467-6c0d08878f42_1000.jpg!m_fill,w_280,h_210,f_jpg?from=ke.com
20241030,朝阳,国展,101126604804,新上中间层 南北通透3层两居室 客厅带明窗 随时看必看好房,309万,54003元/平,中楼层 (共6层) 2室1厅 | 57.22平米 | 南 北,https://ke-image.ljcdn.com/110000-inspection/pc1_sByM64AYm_1.jpg!m_fill,w_280,h_210,f_jpg?from=ke.com
20241030,朝阳,国展,101126421565,左家庄北里大客厅两居室。95年钢混采光好视野好必看好房,395万,59506元/平,低楼层 (共20层) | 1997年 | 2室1厅 | 66.38平米 | 西南,https://ke-image.ljcdn.com/110000-inspection/pc1_DCuAl1ixy_2.jpg!m_fill,w_280,h_210,f_jpg?from=ke.com
20241030,朝阳,国展,101126253377,房子满五年住宅明厨明卫正南正北中间楼层安静必看好房,460万,58975元/平,中楼层 (共5层) | 1984年 | 3室1厅 | 78平米 | 南 北,https://ke-image.ljcdn.com/110000-inspection/e4d26434-a79e-4730-a124-206c3e68dca7_1000.jpg!m_fill,w_280,h_210,f_jpg?from=ke.com
20241030,朝阳,国展,101125960029,左家庄 一居室 低楼层 户型方正必看好房,225万,53179元/平,低楼层 (共7层) | 1991年 | 1室1厅 | 42.31平米 | 东 西,https://ke-image.ljcdn.com/110000-inspection/a114f52e-647d-48c6-bb97-39d4385edf69_1000.jpg!m_fill,w_280,h_210,f_jpg?from=ke.com
20241030,朝阳,国展,101125848426,带固定车位 精装修两居明厨明卫格局 南北通透必看好房,350万,57274元/平,高楼层 (共6层) 2室1厅 | 61.11平米 | 南 北,https://ke-image.ljcdn.com/110000-inspection/pc1_L5xlJE1ER_2.jpg!m_fill,w_280,h_210,f_jpg?from=ke.com
20241030,朝阳,国展,101125795941,南北通透两居满五年唯一采光好,365万,62618元/平,高楼层 (共6层) 2室1厅 | 58.29平米 | 南 北,https://ke-image.ljcdn.com/110000-inspection/96544cef-d899-44fa-96ab-129d3d299156_1000.jpg!m_fill,w_280,h_210,f_jpg?from=ke.com
20241030,朝阳,国展,101125752692,柳芳北里 中间楼层 采光视野好 南北通透 生活便利必看好房,368万,63635元/平,中楼层 (共6层) | 1984年 | 2室1厅 | 57.83平米 | 南 北,https://ke-image.ljcdn.com/110000-inspection/e1f2eb9e-1ad5-44ae-9ea4-be6cdeb9714e_1000.jpg!m_fill,w_280,h_210,f_jpg?from=ke.com
20241030,朝阳,国展,101125739035,润民柳芳居精装修带电梯人车分流两居室落地窗一梯两户必看好房,838万,76328元/平,中楼层 (共16层) 2室1厅 | 109.79平米 | 东 西,https://ke-image.ljcdn.com/110000-inspection/ba12deed-072b-4938-9848-dd3685545275_1000.jpg!m_fill,w_280,h_210,f_jpg?from=ke.com
20241030,朝阳,国展,101125613168,柳芳北里 正规三居室 满五年 视野开阔 业主诚售必看好房,448万,64138元/平,中楼层 (共16层) 3室1厅 | 69.85平米 | 西北,https://ke-image.ljcdn.com/110000-inspection/c56952a7-9ba6-492c-9a71-6fb74d22134d_1000.jpg!m_fill,w_280,h_210,f_jpg?from=ke.com
20241030,朝阳,国展,101125611890,东直门外 满五年唯一明厨明卫二居1993年楼龄必看好房,330万,53407元/平,高楼层 (共6层) 2室1厅 | 61.79平米 | 南 北,https://ke-image.ljcdn.com/110000-inspection/pc1_4wrNnsTIp_1.jpg!m_fill,w_280,h_210,f_jpg?from=ke.com
20241030,朝阳,国展,101125530806,精装修的两居室带客厅好利用。满五年唯一必看好房,365万,60591元/平,中楼层 (共6层) | 1990年 | 2室1厅 | 60.24平米 | 南,https://ke-image.ljcdn.com/110000-inspection/e06f61e4-ab7a-409c-a9e6-b6e7a7720cee_1000.jpg!m_fill,w_280,h_210,f_jpg?from=ke.com
20241030,朝阳,国展,101125421765,管理好满五唯一 精装三居  南北通透 全明格局必看好房,433万,57192元/平,顶层 (共6层) | 1984年 | 3室1厅 | 75.71平米 | 南 北,https://ke-image.ljcdn.com/110000-inspection/pc1_adhc7zGz9_2.jpg!m_fill,w_280,h_210,f_jpg?from=ke.com
20241030,朝阳,国展,101124976527,此房满五年南向1居室采光充足不临街无遮挡必看好房,226万,53227元/平,高楼层 (共6层) | 1982年 | 1室1厅 | 42.46平米 | 南,https://ke-image.ljcdn.com/110000-inspection/842a8ebd-3801-40d3-8c79-a090a42c6db0_1000.jpg!m_fill,w_280,h_210,f_jpg?from=ke.com
20241030,朝阳,国展,101124862587,静安东里 3室1厅 东南 南必看好房,548万,63025元/平,中楼层 (共18层) 3室1厅 | 86.95平米 | 东南 南,https://ke-image.ljcdn.com/110000-inspection/pc1_9W6tyXcEq.jpg!m_fill,w_280,h_210,f_jpg?from=ke.com
20241030,朝阳,国展,101124838217,静安里二层满五年正对花园双南两居公积金可贷24年必看好房,308万,59186元/平,低楼层 (共6层) 2室1厅 | 52.04平米 | 东南,https://ke-image.ljcdn.com/110000-inspection/64de4529-90e6-44b1-8862-66ef9fda1160_1000.jpg!m_fill,w_280,h_210,f_jpg?from=ke.com
20241030,朝阳,国展,101124646990,东直门外 精装南向一居室 首套首付88万 诚心出售必看好房,255万,56516元/平,高楼层 (共6层) 1室1厅 | 45.12平米 | 东南,https://ke-image.ljcdn.com/110000-inspection/pc1_1waNWBQKN_1.jpg!m_fill,w_280,h_210,f_jpg?from=ke.com
20241030,朝阳,国展,101124637526,静安里 甲10号楼1996房龄新 中信集团自管宿舍必看好房,484万,45268元/平,顶层 (共6层) | 1996年 | 3室1厅 | 106.92平米 | 东南 西北,https://ke-image.ljcdn.com/110000-inspection/8c6c8b9a-aaee-40a5-ac67-5ae7484ada31_1000.jpg!m_fill,w_280,h_210,f_jpg?from=ke.com
20241030,朝阳,国展,101124253710,东直门外 二环边 浩鸿园高楼层无遮挡 落地观景飘窗,788万,75314元/平,高楼层 (共25层) 2室1厅 | 104.63平米 | 西,https://ke-image.ljcdn.com/110000-inspection/a27d4bb1-072e-4d39-9667-aa44336ccfb3_1000.jpg!m_fill,w_280,h_210,f_jpg?from=ke.com
20241030,朝阳,国展,101123909955,东直门外 98年带电梯 带客厅二居 30万婚房装修必看好房,418万,65672元/平,中楼层 (共22层) 2室1厅 | 63.65平米 | 西南,https://ke-image.ljcdn.com/110000-inspection/9eb2aff5-7b66-40d8-8326-8dcf59a7619d_1000.jpg!m_fill,w_280,h_210,f_jpg?from=ke.com
20241030,朝阳,国展,101123304763,静安里南北通透两居室 满五年采光无遮挡 看房方便,335万,62959元/平,底层 (共5层) | 1981年 | 2室1厅 | 53.21平米 | 南 北,https://ke-image.ljcdn.com/110000-inspection/97f75e2c-6104-468e-9239-df2b29e4796a_1000.jpg!m_fill,w_280,h_210,f_jpg?from=ke.com
20241030,朝阳,国展,101123206348,满五年在京唯一住房1997年钢混公积金可贷款30年必看好房,289万,58432元/平,低楼层 (共21层) 1室1厅 | 49.46平米 | 南,https://ke-image.ljcdn.com/110000-inspection/93289a84-f280-4a63-88e0-bfe1c05a4153_1000.jpg!m_fill,w_280,h_210,f_jpg?from=ke.com
20241030,朝阳,国展,101122959328,左家庄南里明厨明卫带电梯一居室必看好房,280万,56316元/平,高楼层 (共14层) | 1996年 | 1室1厅 | 49.72平米 | 南,https://ke-image.ljcdn.com/110000-inspection/pc1_6CUf3Jy2s_2.jpg!m_fill,w_280,h_210,f_jpg?from=ke.com
20241030,朝阳,国展,101122692428,二环边 94年安静不临街南向一居 距离地铁17号线430米必看好房,255万,54663元/平,高楼层 (共6层) 1室1厅 | 46.65平米 | 南,https://ke-image.ljcdn.com/110000-inspection/pc1_SwxNRkV1e_2.jpg!m_fill,w_280,h_210,f_jpg?from=ke.com
20241030,朝阳,国展,101122689794,柳芳北里满五年唯一带电梯的南向两居室全天采光无遮挡必看好房,410万,68084元/平,高楼层 (共16层) 2室1厅 | 60.22平米 | 南,https://ke-image.ljcdn.com/110000-inspection/fafb6857-3104-49c5-a9f2-872211fe7e09_1000.jpg!m_fill,w_280,h_210,f_jpg?from=ke.com
20241030,朝阳,国展,101122015075,东直门外 精装修 有车位 诚心出售必看好房,350万,60076元/平,顶层 (共6层) 2室1厅 | 58.26平米 | 南,https://ke-image.ljcdn.com/110000-inspection/pc1_npe01wILW.jpg!m_fill,w_280,h_210,f_jpg?from=ke.com
20241030,朝阳,国展,101118153312,柳芳北里 精装修 一居室 户型方正必看好房,264万,62177元/平,中楼层 (共5层) 1室1厅 | 42.46平米 | 南,https://ke-image.ljcdn.com/110000-inspection/a20bbdf3-bccb-4f8e-8b76-a480ae915ac2_1000.jpg!m_fill,w_280,h_210,f_jpg?from=ke.com
20241030,朝阳,国展,101127054635,静安里 国有资产转让 半地下 有钥匙随时看,198万,25920元/平,地下室 (共6层) 3室1厅 | 76.39平米 | 北 南,https://ke-image.ljcdn.com/110000-inspection/f0294416-8220-450c-8f89-5c0912ea899f_1000.jpg!m_fill,w_280,h_210,f_jpg?from=ke.com
20241030,朝阳,国展,101127006869,静安里 有电梯 首付47万起 看房随时必看好房,299万,52191元/平,低楼层 (共22层) | 1989年 | 2室1厅 | 57.29平米 | 东南 东北,https://ke-image.ljcdn.com/110000-inspection/17a3245a-ccdd-4b47-a6f7-68fc05c39ef4_1000.jpg!m_fill,w_280,h_210,f_jpg?from=ke.com
20241030,朝阳,国展,101126814854,左家庄北里正规三居带客厅 柳芳老国展三元桥必看好房,399万,55425元/平,顶层 (共6层) 3室1厅 | 71.99平米 | 南 北,https://ke-image.ljcdn.com/110000-inspection/6774ff26-6248-46be-86ba-209cd76561a7_1000.jpg!m_fill,w_280,h_210,f_jpg?from=ke.com
20241030,朝阳,国展,101126798029,MASTER领域 1室1厅 西南必看好房,299万,52540元/平,高楼层 (共20层) | 2008年 | 1室1厅 | 56.91平米 | 西南,https://ke-image.ljcdn.com/110000-inspection/pc1_HxqBlurGn_2.jpg!m_fill,w_280,h_210,f_jpg?from=ke.com
20241030,朝阳,国展,101126542611,东三环内 南北通透 3居带客厅 满五年 看房方便必看好房,430万,61818元/平,底层 (共5层) | 1990年 | 3室1厅 | 69.56平米 | 南 北,https://ke-image.ljcdn.com/110000-inspection/pc1_stlBPMi1L_1.jpg!m_fill,w_280,h_210,f_jpg?from=ke.com
20241030,朝阳,国展,101126506190,房子满五年唯一户型南北通透楼龄新必看好房,299万,48706元/平,顶层 (共6层) | 1993年 | 2室1厅 | 61.39平米 | 南 北,https://ke-image.ljcdn.com/110000-inspection/pc1_WnyQ9Sjun_2.jpg!m_fill,w_280,h_210,f_jpg?from=ke.com
20241030,朝阳,国展,101126460529,东北二环边 力鸿花园 中高层东南无遮挡 小区环境好房主自荐,855万,60288元/平,中楼层 (共24层) 3室1厅 | 141.82平米 | 东 南,https://ke-image.ljcdn.com/110000-inspection/97ed4ede-220f-4122-a766-f58bbce06f7b_1000.jpg!m_fill,w_280,h_210,f_jpg?from=ke.com
20241030,朝阳,国展,101126443020,力鸿花园 东南向三居满五年唯一中间楼层无遮挡,1149万,73185元/平,中楼层 (共24层) 3室2厅 | 157平米 | 东南,https://ke-image.ljcdn.com/110000-inspection/pc1_WfbcniEBH_2.jpg!m_fill,w_280,h_210,f_jpg?from=ke.com
20241030,朝阳,国展,101126431604,2000年楼龄 满五年唯一 精装复式 业主诚售必看好房,627万,44783元/平,高楼层 (共7层) 3室2厅 | 140.01平米 | 南 北,https://ke-image.ljcdn.com/110000-inspection/8678b284-1a78-42c4-a0cb-0bb61cb3bec6_1000.jpg!m_fill,w_280,h_210,f_jpg?from=ke.com
20241030,朝阳,国展,101125464466,东直门 坝河 品质商品房 高层大两居必看好房,845万,84543元/平,高楼层 (共23层) 2室1厅 | 99.95平米 | 西,https://ke-image.ljcdn.com/110000-inspection/pc1_wwH0eAhO1_2.jpg!m_fill,w_280,h_210,f_jpg?from=ke.com
20241030,朝阳,国展,101125220354,东直门外 力鸿花园 明厨明卫一居室 精装修,415万,79123元/平,低楼层 (共24层) 1室1厅 | 52.45平米 | 北,https://ke-image.ljcdn.com/110000-inspection/53b30220-57c3-4926-ab50-48da8f673794_1000.jpg!m_fill,w_280,h_210,f_jpg?from=ke.com
20241030,朝阳,国展,101125150850,三元桥左家庄一居室采光好看房方便必看好房,210万,55556元/平,低楼层 (共6层) | 1983年 | 1室1厅 | 37.8平米 | 东南,https://ke-image.ljcdn.com/110000-inspection/pc1_gWIXns7L5.jpg!m_fill,w_280,h_210,f_jpg?from=ke.com
20241030,朝阳,国展,101125039731,静安里 2室1厅 西南必看好房,305万,59075元/平,低楼层 (共12层) | 1985年 | 2室1厅 | 51.63平米 | 西南,https://ke-image.ljcdn.com/110000-inspection/pc1_Uq7NulVCd_2.jpg!m_fill,w_280,h_210,f_jpg?from=ke.com
20241030,朝阳,国展,101124711562,东直门外 力鸿花园 明厨明卫一居室 满五年唯一房主自荐,407万,77598元/平,低楼层 (共24层) 1室1厅 | 52.45平米 | 北,https://ke-image.ljcdn.com/110000-inspection/6caff979-a0ea-463f-871a-e1c472b07fad_1000.jpg!m_fill,w_280,h_210,f_jpg?from=ke.com
20241030,朝阳,国展,101124643244,三环里  经典通透80筑2 满五唯一 业主诚心出售必看好房,310万,54320元/平,顶层 (共6层) 2室1厅 | 57.07平米 | 东南,https://ke-image.ljcdn.com/110000-inspection/pc1_BOJve0adW_2.jpg!m_fill,w_280,h_210,f_jpg?from=ke.com
20241030,朝阳,国展,101123256764,豪成大厦 2室1厅 西北,460万,38944元/平,高楼层 (共25层) 2室1厅 | 118.12平米 | 西北,https://ke-image.ljcdn.com/110000-inspection/93a16c53-86df-4b82-8632-f5f9955ac281_1000.jpg!m_fill,w_280,h_210,f_jpg?from=ke.com
20241030,朝阳,国展,101123056556,静安里 板楼三层 公积金67-房龄不临街 出行方便必看好房,260万,53998元/平,中楼层 (共6层) 1室1厅 | 48.15平米 | 南,https://ke-image.ljcdn.com/110000-inspection/pc1_uIr6gZRnZ.jpg!m_fill,w_280,h_210,f_jpg?from=ke.com
20241030,朝阳,国展,101123000985,MASTER领域 1室1厅 西南必看好房,265万,45153元/平,中楼层 (共20层) | 2008年 | 1室1厅 | 58.69平米 | 西南,https://ke-image.ljcdn.com/110000-inspection/pc1_vcUP02sYr.jpg!m_fill,w_280,h_210,f_jpg?from=ke.com
20241030,朝阳,国展,101125755608,力鸿花园三居室 满两年分房 明厨明卫 采光好,880万,62540元/平,中楼层 (共24层) 3室1厅 | 140.71平米 | 南 西南 西,https://s1.ljcdn.com/pegasus/redskull/images/common/default_house_list.png?_v=202410161653269
20241030,朝阳,国展,101127204340,静安里 3室1厅 东南 西北,370万,62596元/平,中楼层 (共6层) 3室1厅 | 59.11平米 | 东南 西北,https://ke-image.ljcdn.com/110000-inspection/211899c3-a796-4b82-8f29-b6ea8ae6df08_1000.jpg!m_fill,w_280,h_210,f_jpg?from=ke.com
20241030,朝阳,国展,101127189998,柳芳南里 2室1厅 南 北,430万,72209元/平,高楼层 (共6层) | 1988年 | 2室1厅 | 59.55平米 | 南 北,https://ke-image.ljcdn.com/110000-inspection/f42c3236-9bb6-44b7-99dd-854ff551ac6f_1000.jpg!m_fill,w_280,h_210,f_jpg?from=ke.com
20241030,朝阳,国展,101127181792,满五年唯一住房  装修很好 业主诚售 有车位房主自荐,410万,65464元/平,顶层 (共6层) | 1989年 | 2室1厅 | 62.63平米 | 东 西,https://ke-image.ljcdn.com/110000-inspection/pc1_NQ5yaZHJX.jpg!m_fill,w_280,h_210,f_jpg?from=ke.com
20241030,朝阳,国展,101127163604,柳芳南里南北通透明厨明卫电梯三居室近地铁左家庄站,690万,73955元/平,中楼层 (共18层) 3室1厅 | 93.3平米 | 南 北,https://ke-image.ljcdn.com/110000-inspection/15c43d72-7d54-4b5b-9f67-e3eb47f3d662_1000.jpg!m_fill,w_280,h_210,f_jpg?from=ke.com
20241030,朝阳,国展,101127139212,香河园中里 2室1厅 南 北,360万,62664元/平,底层 (共6层) 2室1厅 | 57.45平米 | 南 北,https://ke-image.ljcdn.com/110000-inspection/pc1_CSyQN0g6v_2.jpg!m_fill,w_280,h_210,f_jpg?from=ke.com
20241030,朝阳,国展,101127127841,左家庄北里 2室1厅 南,310万,58107元/平,顶层 (共6层) 2室1厅 | 53.35平米 | 南,https://ke-image.ljcdn.com/110000-inspection/e63de278-1d63-4dce-9e1a-5ae012d84d32_1000.jpg!m_fill,w_280,h_210,f_jpg?from=ke.com
20241030,朝阳,国展,101127122530,静安里新上南北精装修两居 面积大 户型好 全明格局,360万,55156元/平,顶层 (共5层) 2室1厅 | 65.27平米 | 东南 西北,https://ke-image.ljcdn.com/110000-inspection/05f89e95-4001-47eb-905d-64628c69de86_1000.jpg!m_fill,w_280,h_210,f_jpg?from=ke.com
20241030,朝阳,国展,101127069998,二环外 商品房小区 满五年唯一 落地窗 诚心出售,640万,77992元/平,顶层 (共16层) 2室1厅 | 82.06平米 | 西,https://ke-image.ljcdn.com/110000-inspection/fc4c53fa-1e64-464e-a41a-7184efde705c_1000.jpg!m_fill,w_280,h_210,f_jpg?from=ke.com
20241030,朝阳,国展,101127042566,左家庄西街 2室1厅 东,336万,53976元/平,高楼层 (共7层) 2室1厅 | 62.25平米 | 东,https://ke-image.ljcdn.com/110000-inspection/22e2b2a6-544a-4252-a8df-787413b37324_1000.jpg!m_fill,w_280,h_210,f_jpg?from=ke.com
20241030,朝阳,国展,101127039619,三元桥国展静安里南向一居室1995公积金可贷30年房主自荐,235万,48867元/平,顶层 (共6层) 1室1厅 | 48.09平米 | 南,https://ke-image.ljcdn.com/110000-inspection/pc1_Oi5SEv89r_2.jpg!m_fill,w_280,h_210,f_jpg?from=ke.com
20241030,朝阳,国展,101127006927,三环内三元桥 南北通透带客厅二居 正南正北 好楼层,410万,67203元/平,底层 (共6层) | 1992年 | 2室1厅 | 61.01平米 | 南 北,https://ke-image.ljcdn.com/110000-inspection/8fb929e6-f505-4dbb-9984-2b08490d29a2_1000.jpg!m_fill,w_280,h_210,f_jpg?from=ke.com
20241030,朝阳,国展,101126997826,三环里 精装修全南满五唯一业主诚心出售房主自荐,368万,68632元/平,高楼层 (共6层) | 1981年 | 2室1厅 | 53.62平米 | 南,https://ke-image.ljcdn.com/110000-inspection/6955958a-7740-4830-8e84-722a7f4e7bc9_1000.jpg!m_fill,w_280,h_210,f_jpg?from=ke.com
20241030,朝阳,国展,101126967583,静安里电梯高层双东南两居精装满五唯一中旅楼管理好,450万,67386元/平,高楼层 (共22层) | 1988年 | 2室1厅 | 66.78平米 | 东南,https://ke-image.ljcdn.com/110000-inspection/d9fa9b0e-e8d3-45df-935a-794e11c85b43_1000.jpg!m_fill,w_280,h_210,f_jpg?from=ke.com
20241030,朝阳,国展,101126966659,柳芳南里 1室1厅 南,328万,65824元/平,高楼层 (共18层) 1室1厅 | 49.83平米 | 南,https://ke-image.ljcdn.com/110000-inspection/b083bec8-c777-4bb4-856b-69c042a5f2f4_1000.jpg!m_fill,w_280,h_210,f_jpg?from=ke.com
20241030,朝阳,国展,101126914074,左家庄北里 2室1厅 东房主自荐,299万,59361元/平,顶层 (共6层) | 1982年 | 2室1厅 | 50.37平米 | 东,https://ke-image.ljcdn.com/110000-inspection/a1dd5f97-ab47-4be1-97f5-1a9d472f4d85_1000.jpg!m_fill,w_280,h_210,f_jpg?from=ke.com
20241030,朝阳,国展,101126909028,柳芳北里 电梯高层 有明厅 精装修,460万,65602元/平,高楼层 (共16层) 3室1厅 | 70.12平米 | 西北,https://ke-image.ljcdn.com/110000-inspection/ec82158c-a1e8-4d1c-be9f-3fbbeb69ca07_1000.jpg!m_fill,w_280,h_210,f_jpg?from=ke.com
20241030,朝阳,国展,101126906319,左家庄东里 1室1厅 南,298万,70135元/平,低楼层 (共22层) | 1998年 | 1室1厅 | 42.49平米 | 南,https://ke-image.ljcdn.com/110000-inspection/pc1_CNHa0AwQD_2.jpg!m_fill,w_280,h_210,f_jpg?from=ke.com
20241030,朝阳,国展,101126801838,静安里 2室1厅 东南,420万,64507元/平,中楼层 (共22层) | 1989年 | 2室1厅 | 65.11平米 | 东南,https://ke-image.ljcdn.com/110000-inspection/d8f90923-b103-4c8a-a439-75d4c95fd783_1000.jpg!m_fill,w_280,h_210,f_jpg?from=ke.com
20241030,朝阳,国展,101126666780,此房满五唯一交易仅有契税节约购房成本,580万,74955元/平,低楼层 (共23层) 1室1厅 | 77.38平米 | 东,https://ke-image.ljcdn.com/110000-inspection/3893f264-00a7-477f-9b76-ce5b18e797bc_1000.jpg!m_fill,w_280,h_210,f_jpg?from=ke.com
20241030,朝阳,国展,101126647060,柳芳北里 次顶层 南向一居室 看房方便 中信宿舍楼,335万,76835元/平,高楼层 (共18层) 1室1厅 | 43.6平米 | 南,https://ke-image.ljcdn.com/110000-inspection/7b3111b9-0e80-4417-a832-8bd60f853878_1000.jpg!m_fill,w_280,h_210,f_jpg?from=ke.com
20241030,朝阳,国展,101126643174,柳芳南里 1室1厅 南,290万,67489元/平,中楼层 (共18层) 1室1厅 | 42.97平米 | 南,https://ke-image.ljcdn.com/110000-inspection/pc1_zr9Z8b3DG_2.jpg!m_fill,w_280,h_210,f_jpg?from=ke.com
20241030,朝阳,国展,101126628615,东三环 南向1居 房屋保持不错 可以直接入住 诚售,300万,69963元/平,高楼层 (共18层) | 1989年 | 1室1厅 | 42.88平米 | 南,https://ke-image.ljcdn.com/110000-inspection/333f89c6-bb56-4181-a04d-6fdffff8d456_1000.jpg!m_fill,w_280,h_210,f_jpg?from=ke.com
20241030,朝阳,国展,101126621035,南北通透小区内部安静不临街采光好,410万,69257元/平,中楼层 (共6层) | 1984年 | 2室1厅 | 59.2平米 | 南 北,https://ke-image.ljcdn.com/110000-inspection/3bfc9057-95e5-4506-8f08-19b47d468c94_1000.jpg!m_fill,w_280,h_210,f_jpg?from=ke.com
20241030,朝阳,国展,101126614345,静安东里  国旅单位 一层两户楼道干净 首付57万,380万,66330元/平,中楼层 (共6层) 2室1厅 | 57.29平米 | 西南 东北,https://ke-image.ljcdn.com/110000-inspection/4a8480bd-dd39-4d0e-979f-5a2d185d99a3_1000.jpg!m_fill,w_280,h_210,f_jpg?from=ke.com
20241030,朝阳,国展,101126611293,左家庄 2室1厅 西北,300万,52102元/平,中楼层 (共6层) 2室1厅 | 57.58平米 | 西北,https://ke-image.ljcdn.com/110000-inspection/6d6c4f2e-e2ec-490c-86eb-7e239c945524_1000.jpg!m_fill,w_280,h_210,f_jpg?from=ke.com
20241030,朝阳,国展,101126598567,楼龄新 1993年；中间层 满五年唯一精装修,300万,68713元/平,中楼层 (共6层) | 1993年 | 1室1厅 | 43.66平米 | 南,https://ke-image.ljcdn.com/110000-inspection/87843e87-d8f4-4929-ba42-b867e049619b_1000.jpg!m_fill,w_280,h_210,f_jpg?from=ke.com
20241030,朝阳,国展,101126550818,二环边 左家庄西街1号院1994年小区 二居,360万,62273元/平,中楼层 (共6层) 2室1厅 | 57.81平米 | 南 北 东,https://ke-image.ljcdn.com/110000-inspection/42c63dcf-11f0-4d41-bd33-41d44d7e778a_1000.jpg!m_fill,w_280,h_210,f_jpg?from=ke.com
20241030,朝阳,国展,101126514498,左家庄南里 3室1厅 南 北,488万,62565元/平,中楼层 (共5层) | 1984年 | 3室1厅 | 78平米 | 南 北,https://ke-image.ljcdn.com/110000-inspection/pc1_9AT6o8yQf.jpg!m_fill,w_280,h_210,f_jpg?from=ke.com
20241030,朝阳,国展,101126409830,东直门外 带电梯 大客厅三居室 24小时门卫管理好,799万,70546元/平,高楼层 (共20层) | 1994年 | 3室1厅 | 113.26平米 | 西南,https://ke-image.ljcdn.com/110000-inspection/0c51e355-6476-4117-9b0f-981249b16999_1000.jpg!m_fill,w_280,h_210,f_jpg?from=ke.com
20241030,朝阳,国展,101126389831,左家庄北里 2室1厅 南 北,388万,58806元/平,顶层 (共6层) | 1990年 | 2室1厅 | 65.98平米 | 南 北,https://ke-image.ljcdn.com/110000-inspection/0fd04e3b-2cea-4201-b41c-a69864307b06_1000.jpg!m_fill,w_280,h_210,f_jpg?from=ke.com
20241030,朝阳,国展,101126371240,东三环内 东北朝向 楼道干净 满五年 唯一 诚售,398万,63225元/平,高楼层 (共18层) 2室1厅 | 62.95平米 | 东北,https://ke-image.ljcdn.com/110000-inspection/pc1_s0jmWMDyD_2.jpg!m_fill,w_280,h_210,f_jpg?from=ke.com
20241030,朝阳,国展,101126367296,左家庄西街5号院人事部坡顶三居室,400万,55556元/平,顶层 (共6层) | 1994年 | 3室1厅 | 72平米 | 东 西,https://ke-image.ljcdn.com/110000-inspection/b2359b57-507c-45b5-9642-89b62fd4d4a2_1000.jpg!m_fill,w_280,h_210,f_jpg?from=ke.com
20241030,朝阳,国展,101126360121,精装修一居室 满五年大客厅 价格便宜随时签约,265万,58942元/平,高楼层 (共6层) 1室1厅 | 44.96平米 | 东南,https://ke-image.ljcdn.com/110000-inspection/pc1_gM6LiLiFY_2.jpg!m_fill,w_280,h_210,f_jpg?from=ke.com
20241030,朝阳,国展,101126349456,三环里 婚房精装两居室 带车位 明厨明卫 业主诚售,365万,58948元/平,顶层 (共6层) | 1993年 | 2室1厅 | 61.92平米 | 南 北,https://ke-image.ljcdn.com/110000-inspection/pc1_jNWDdEWJT_2.jpg!m_fill,w_280,h_210,f_jpg?from=ke.com
20241030,朝阳,国展,101126339264,静安西街 2室1厅 东,375万,65026元/平,中楼层 (共20层) | 1990年 | 2室1厅 | 57.67平米 | 东,https://ke-image.ljcdn.com/110000-inspection/pc1_3ntFWgmmY_2.jpg!m_fill,w_280,h_210,f_jpg?from=ke.com
20241030,朝阳,国展,101126330031,左家庄 新上2001年南北通透 大客厅两居室,860万,79388元/平,低楼层 (共7层) | 2001年 | 2室1厅 | 108.33平米 | 南 北,https://ke-image.ljcdn.com/110000-inspection/4664addf-cf69-4046-a1e2-64268da46097_1000.jpg!m_fill,w_280,h_210,f_jpg?from=ke.com
20241030,朝阳,国展,101126190263,柳芳南里 2室1厅 南,516万,76809元/平,低楼层 (共18层) | 1989年 | 2室1厅 | 67.18平米 | 南,https://ke-image.ljcdn.com/110000-inspection/7c20f55a-7eb0-4de1-b52b-4aaae6733b31_1000.jpg!m_fill,w_280,h_210,f_jpg?from=ke.com
20241030,朝阳,国展,101126160519,香河园中里明厨明卫南北通透两居室,360万,59377元/平,中楼层 (共6层) 2室1厅 | 60.63平米 | 南 北,https://ke-image.ljcdn.com/110000-inspection/pc1_cGPUKFkNX_2.jpg!m_fill,w_280,h_210,f_jpg?from=ke.com
20241030,朝阳,国展,101126115358,静安里 1室1厅 东南,205万,51521元/平,顶层 (共6层) 1室1厅 | 39.79平米 | 东南,https://ke-image.ljcdn.com/110000-inspection/d485ebf0-f679-48ea-9804-d7eeb082e320_1000.jpg!m_fill,w_280,h_210,f_jpg?from=ke.com
20241030,朝阳,国展,101125969742,左家庄南里 3室1厅 南 北,390万,56885元/平,顶层 (共6层) 3室1厅 | 68.56平米 | 南 北,https://ke-image.ljcdn.com/110000-inspection/be201a4c-01e6-4c9c-bd8a-399afc2a510e_1000.jpg!m_fill,w_280,h_210,f_jpg?from=ke.com
20241030,朝阳,国展,101125919563,精装修近地铁中间层南北两居,320万,64270元/平,中楼层 (共6层) 2室1厅 | 49.79平米 | 南,https://ke-image.ljcdn.com/110000-inspection/52540af4-76b4-4afe-9991-23a0b7b08e77_1000.jpg!m_fill,w_280,h_210,f_jpg?from=ke.com
20241030,朝阳,国展,101125915819,静安里 3室1厅 南 北,478万,68443元/平,中楼层 (共12层) | 1984年 | 3室1厅 | 69.84平米 | 南 北,https://ke-image.ljcdn.com/110000-inspection/ff72df55-74c2-4560-b910-af9421c3f226_1000.jpg!m_fill,w_280,h_210,f_jpg?from=ke.com
20241030,朝阳,国展,101125895702,柳芳南里 2室1厅 南,377万,64710元/平,顶层 (共6层) 2室1厅 | 58.26平米 | 南,https://ke-image.ljcdn.com/110000-inspection/pc1_J0rcYR73E_1.jpg!m_fill,w_280,h_210,f_jpg?from=ke.com
20241030,朝阳,国展,101125885623,三环内静安东里南北通透大三居房主自荐,530万,65692元/平,顶层 (共6层) | 1992年 | 3室1厅 | 80.68平米 | 南 北,https://ke-image.ljcdn.com/110000-inspection/a9ff7009-9766-4f1f-8b16-07d105af2863_1000.jpg!m_fill,w_280,h_210,f_jpg?from=ke.com
20241030,朝阳,国展,101125788102,东南向大一居楼龄新采光好单价低 靠谱出售,238万,50328元/平,顶层 (共6层) | 1995年 | 1室1厅 | 47.29平米 | 东南,https://ke-image.ljcdn.com/110000-inspection/aadd58d7-2ffb-4101-90a3-abc55c6778d1_1000.jpg!m_fill,w_280,h_210,f_jpg?from=ke.com
20241030,朝阳,国展,101125655081,中煤集团家属楼 有电梯 首付56万 看房随时,369万,61521元/平,低楼层 (共18层) 2室1厅 | 59.98平米 | 西南,https://ke-image.ljcdn.com/110000-inspection/e513f253-5e4f-4187-9ee9-a266740e3cc2_1000.jpg!m_fill,w_280,h_210,f_jpg?from=ke.com
20241030,朝阳,国展,101125633282,左家庄 2室1厅 东 西,335万,64128元/平,底层 (共6层) 2室1厅 | 52.24平米 | 东 西,https://ke-image.ljcdn.com/110000-inspection/1c4c4719-5548-4713-aadd-7a4aacf374d1_1000.jpg!m_fill,w_280,h_210,f_jpg?from=ke.com
20241030,朝阳,国展,101125612255,十佳文明社区一居室有客厅正南向,299万,65932元/平,低楼层 (共18层) 1室1厅 | 45.35平米 | 南,https://ke-image.ljcdn.com/110000-inspection/ae69847a-a7aa-46a0-9b54-18bdd39946d2_1000.jpg!m_fill,w_280,h_210,f_jpg?from=ke.com
20241030,朝阳,国展,101125526044,左家庄北里两居室带客厅明厅 柳芳国展三元桥,286万,49844元/平,顶层 (共6层) 2室1厅 | 57.38平米 | 东 西,https://ke-image.ljcdn.com/110000-inspection/e327f3bb-7a94-407c-aa1e-4a8abedf803b_1000.jpg!m_fill,w_280,h_210,f_jpg?from=ke.com
20241030,朝阳,国展,101125473104,柳芳南里明厨明卫一居室 拎包入住,298万,70052元/平,顶层 (共6层) 1室1厅 | 42.54平米 | 南,https://ke-image.ljcdn.com/110000-inspection/0e8eaa7c-d7c6-4386-8c07-f94a66b06aa1_1000.jpg!m_fill,w_280,h_210,f_jpg?from=ke.com
20241030,朝阳,国展,101125434968,93年楼龄 板楼1层精装修满五年 大客厅,275万,68992元/平,底层 (共6层) 1室1厅 | 39.86平米 | 南,https://ke-image.ljcdn.com/110000-inspection/67aaecb0-39cd-4be4-8289-9c269b14fb25_1000.jpg!m_fill,w_280,h_210,f_jpg?from=ke.com
20241030,朝阳,国展,101125373946,静安里 2室1厅 东南 西北,350万,64517元/平,低楼层 (共6层) | 1986年 | 2室1厅 | 54.25平米 | 东南 西北,https://ke-image.ljcdn.com/110000-inspection/6e490eea-c92f-46a9-9cd8-34564d7125cc_1000.jpg!m_fill,w_280,h_210,f_jpg?from=ke.com
20241030,朝阳,国展,101125306517,左家庄东里 精装修 大客厅两居室 98年楼龄,520万,69067元/平,低楼层 (共22层) | 1998年 | 2室1厅 | 75.29平米 | 南 北,https://ke-image.ljcdn.com/110000-inspection/pc1_wlqdMGwgx_2.jpg!m_fill,w_280,h_210,f_jpg?from=ke.com
20241030,朝阳,国展,101125208168,南向采光8小时全明格局通风性好诚心出售,298万,76021元/平,中楼层 (共14层) | 1988年 | 1室1厅 | 39.2平米 | 南,https://ke-image.ljcdn.com/110000-inspection/1e2a2ac9-6cbe-4f9c-be6f-8d0fb53e667b_1000.jpg!m_fill,w_280,h_210,f_jpg?from=ke.com
20241030,朝阳,国展,101125195416,左家庄满五年唯一住房采光好看花园,250万,69464元/平,顶层 (共6层) | 1980年 | 1室1厅 | 35.99平米 | 南,https://ke-image.ljcdn.com/110000-inspection/6d8ba3a2-2f78-4b34-85c1-5de88c4c7006_1000.jpg!m_fill,w_280,h_210,f_jpg?from=ke.com
20241030,朝阳,国展,101125189407,柳芳南里 精装两居室 看房方便 业主诚心出售,510万,75916元/平,低楼层 (共18层) 2室1厅 | 67.18平米 | 南,https://ke-image.ljcdn.com/110000-inspection/9071b7b4-4b34-498b-ad0e-41b798cd6d0c_1000.jpg!m_fill,w_280,h_210,f_jpg?from=ke.com
20241030,朝阳,国展,101125142333,静安里 3室1厅 南 北,495万,64580元/平,底层 (共6层) | 1983年 | 3室1厅 | 76.65平米 | 南 北,https://ke-image.ljcdn.com/110000-inspection/a45b0863-3df0-4e04-981c-9f33c60a0aeb_1000.jpg!m_fill,w_280,h_210,f_jpg?from=ke.com
20241030,朝阳,国展,101125137633,左家庄北里 楼龄新 南北通透 客厅带窗户 精装修,445万,69132元/平,中楼层 (共6层) 3室1厅 | 64.37平米 | 南 北,https://ke-image.ljcdn.com/110000-inspection/pc1_ssuOSJW0w.jpg!m_fill,w_280,h_210,f_jpg?from=ke.com
20241030,朝阳,国展,101125133046,静安里 1室1厅 东南 西北,260万,54749元/平,顶层 (共6层) 1室1厅 | 47.49平米 | 东南 西北,https://ke-image.ljcdn.com/110000-inspection/pc1_aSQEdmRoU_2.jpg!m_fill,w_280,h_210,f_jpg?from=ke.com
20241030,朝阳,国展,101125104968,静安西街 2室1厅 南 西北,490万,79289元/平,低楼层 (共20层) 2室1厅 | 61.8平米 | 南 西北,https://ke-image.ljcdn.com/110000-inspection/cae641d4-c7d2-4f8b-9b01-62e33d2b53c6_1000.jpg!m_fill,w_280,h_210,f_jpg?from=ke.com
20241030,朝阳,国展,101125093505,（新上）柳芳北里南北通透明厨明卫两居室房主自荐,397万,66024元/平,高楼层 (共6层) | 1988年 | 2室1厅 | 60.13平米 | 南 北,https://ke-image.ljcdn.com/110000-inspection/pc1_KAJ4fW8FB.jpg!m_fill,w_280,h_210,f_jpg?from=ke.com
20241030,朝阳,国展,101125090761,20万精装修南北通透三居室公积金可贷24年,370万,62596元/平,高楼层 (共6层) | 1981年 | 3室1厅 | 59.11平米 | 东南 西北,https://ke-image.ljcdn.com/110000-inspection/676bfbea-bb40-46d3-bd8e-7d2f2effcb33_1000.jpg!m_fill,w_280,h_210,f_jpg?from=ke.com
20241030,朝阳,国展,101125087784,二环边 三环里正规两居室 精装修视野好 可看西山,1150万,83171元/平,中楼层 (共26层) 2室1厅 | 138.27平米 | 西,https://ke-image.ljcdn.com/110000-inspection/04d415fe-85d2-46fa-8de4-92efc5482e9e_1000.jpg!m_fill,w_280,h_210,f_jpg?from=ke.com
20241030,朝阳,国展,101125025010,南北通透 边户三居室 次次顶层 彩光视野好,1050万,78936元/平,高楼层 (共12层) 3室1厅 | 133.02平米 | 南 北,https://ke-image.ljcdn.com/110000-inspection/a1f5d0c9-647e-4eb1-962d-842b6bc14413_1000.jpg!m_fill,w_280,h_210,f_jpg?from=ke.com
20241030,朝阳,国展,101124974035,正南向1居室采光充足不临街无遮挡,300万,70689元/平,中楼层 (共6层) 1室1厅 | 42.44平米 | 南,https://ke-image.ljcdn.com/110000-inspection/150a5825-7ceb-4c12-8ea9-79672d5f489e_1000.jpg!m_fill,w_280,h_210,f_jpg?from=ke.com
20241030,朝阳,国展,101124950295,柳芳北里 3室1厅 南 北,790万,88784元/平,中楼层 (共18层) 3室1厅 | 88.98平米 | 南 北,https://ke-image.ljcdn.com/110000-inspection/pc1_l5hRAlIvk_1.jpg!m_fill,w_280,h_210,f_jpg?from=ke.com
20241030,朝阳,国展,101124928474,静安里 3室1厅 南 北,385万,66186元/平,底层 (共12层) | 1985年 | 3室1厅 | 58.17平米 | 南 北,https://ke-image.ljcdn.com/110000-inspection/4fbafa86-0745-49b3-b1d7-1500a753a2ae_1000.jpg!m_fill,w_280,h_210,f_jpg?from=ke.com
20241030,朝阳,国展,101124874421,静安里   满五唯一  精装修 有钥匙  看房方便房主自荐,292万,57662元/平,低楼层 (共6层) 2室1厅 | 50.64平米 | 西北 东北,https://ke-image.ljcdn.com/110000-inspection/6fae343b-1845-43b6-b828-8617972848f7_1000.jpg!m_fill,w_280,h_210,f_jpg?from=ke.com
20241030,朝阳,国展,101124803368,17号地铁左家庄明厨明卫两居中间层 南北通透,425万,69536元/平,中楼层 (共6层) | 1993年 | 2室1厅 | 61.12平米 | 南 北,https://ke-image.ljcdn.com/110000-inspection/pc1_AHDYwNVyM.jpg!m_fill,w_280,h_210,f_jpg?from=ke.com
20241030,朝阳,国展,101124800262,东三环 东北向3居室 满五年 唯一 低楼层 诚售,350万,56009元/平,低楼层 (共6层) 3室1厅 | 62.49平米 | 东 南 北,https://ke-image.ljcdn.com/110000-inspection/456d22fc-5d26-491c-b4e3-bf0ac07828f3_1000.jpg!m_fill,w_280,h_210,f_jpg?from=ke.com
20241030,朝阳,国展,101124715841,柳芳南里带正规客厅两居室 全天采光充足 看房随时,475万,69526元/平,中楼层 (共18层) 2室1厅 | 68.32平米 | 南 西,https://ke-image.ljcdn.com/110000-inspection/b1e62e7f-f795-4c04-b2d7-ea2407bfa7dc_1000.jpg!m_fill,w_280,h_210,f_jpg?from=ke.com
20241030,朝阳,国展,101124696701,南北通透两居室楼道干净出行方便,280万,49063元/平,顶层 (共6层) 2室1厅 | 57.07平米 | 南 北,https://ke-image.ljcdn.com/110000-inspection/2ef1a8cc-6fa2-47e2-ad6a-124c90b1f449_1000.jpg!m_fill,w_280,h_210,f_jpg?from=ke.com
20241030,朝阳,国展,101124622993,二环边  满五唯一 柳芳北里 南北通透两居,356万,62876元/平,高楼层 (共6层) | 1984年 | 2室1厅 | 56.62平米 | 南 北,https://ke-image.ljcdn.com/110000-inspection/pc1_g3BbjMKsf.jpg!m_fill,w_280,h_210,f_jpg?from=ke.com
20241030,朝阳,国展,101124551248,左家庄南里南向一居室采光好,310万,67553元/平,高楼层 (共6层) | 1996年 | 1室1厅 | 45.89平米 | 南,https://ke-image.ljcdn.com/110000-inspection/d222f181-27aa-48d9-8bf4-8e39aad419ea_1000.jpg!m_fill,w_280,h_210,f_jpg?from=ke.com
20241030,朝阳,国展,101124539522,左家庄西街户型方正明厨明卫两居室房主自荐,342万,52063元/平,顶层 (共7层) | 1994年 | 2室1厅 | 65.69平米 | 东 西,https://ke-image.ljcdn.com/110000-inspection/b813b203-9af8-4be9-a298-bf07a810991e_1000.jpg!m_fill,w_280,h_210,f_jpg?from=ke.com
20241030,朝阳,国展,101124536995,柳芳南里 电梯东南三居室 看房有钥匙 随时签约,735万,87355元/平,中楼层 (共18层) | 1990年 | 3室1厅 | 84.14平米 | 东 南,https://ke-image.ljcdn.com/110000-inspection/pc1_P3Oud3h04_1.jpg!m_fill,w_280,h_210,f_jpg?from=ke.com
20241030,朝阳,国展,101124532652,国际友谊花园 1室1厅 北,499万,59775元/平,低楼层 (共18层) | 1998年 | 1室1厅 | 83.48平米 | 北,https://ke-image.ljcdn.com/110000-inspection/782fee89-3fe4-4b97-a2b2-ccf686f76bfc_1000.jpg!m_fill,w_280,h_210,f_jpg?from=ke.com
20241030,朝阳,国展,101124412008,左家庄北里 90年楼龄 南北通透三居室带大客厅,430万,61263元/平,中楼层 (共5层) 3室1厅 | 70.19平米 | 南 北,https://ke-image.ljcdn.com/110000-inspection/pc1_u28fYSHnB.jpg!m_fill,w_280,h_210,f_jpg?from=ke.com
20241030,朝阳,国展,101124386757,柳芳南里 1室1厅 南,280万,66194元/平,顶层 (共18层) | 1990年 | 1室1厅 | 42.3平米 | 南,https://ke-image.ljcdn.com/110000-inspection/4a4cf54a-014b-40ac-899c-aedc61f1d7f6_1000.jpg!m_fill,w_280,h_210,f_jpg?from=ke.com
20241030,朝阳,国展,101124305086,三环里 2002年电梯大两居 业主诚心出售,834万,62170元/平,中楼层 (共14层) 2室2厅 | 134.15平米 | 东南 西北,https://ke-image.ljcdn.com/110000-inspection/323582fe-0949-4a72-9596-c40c5f69f4bd_1000.jpg!m_fill,w_280,h_210,f_jpg?from=ke.com
20241030,朝阳,国展,101124222629,新天第高层精装南向两居无遮挡视野开阔诚心出售房主自荐,980万,72679元/平,中楼层 (共29层) | 2000年 | 2室2厅 | 134.84平米 | 南,https://ke-image.ljcdn.com/110000-inspection/3d08c94f-7907-4084-b005-3fa92330bc28_1000.jpg!m_fill,w_280,h_210,f_jpg?from=ke.com
20241030,朝阳,国展,101124155362,柳芳南里 有电梯 南北两居 明厨明卫,420万,70529元/平,中楼层 (共6层) | 1986年 | 2室1厅 | 59.55平米 | 南 北,https://ke-image.ljcdn.com/110000-inspection/c1c73247-305b-42f3-9fce-d436c1e43e1f_1000.jpg!m_fill,w_280,h_210,f_jpg?from=ke.com
20241030,朝阳,国展,101124123986,1993年 带电梯 大客厅 满五年唯一 户型方正,322万,56761元/平,底层 (共21层) 1室1厅 | 56.73平米 | 西南,https://ke-image.ljcdn.com/110000-inspection/c307872e-320a-47af-9b64-89195a51fe46_1000.jpg!m_fill,w_280,h_210,f_jpg?from=ke.com
20241030,朝阳,国展,101124112341,柳芳北里双南卧室户型好视野好 布局合理,398万,66600元/平,低楼层 (共14层) | 1988年 | 2室1厅 | 59.76平米 | 南,https://ke-image.ljcdn.com/110000-inspection/832a3527-484a-45ff-b493-36f95461b62b_1000.jpg!m_fill,w_280,h_210,f_jpg?from=ke.com
20241030,朝阳,国展,101124103017,静安里 贸促会央产房 24小时门卫 管理好 户型通透房主自荐,448万,74531元/平,中楼层 (共14层) 2室1厅 | 60.11平米 | 西南 东北,https://ke-image.ljcdn.com/110000-inspection/f3153b94-2e34-4992-808d-7008aae93a83_1000.jpg!m_fill,w_280,h_210,f_jpg?from=ke.com
20241030,朝阳,国展,101124069731,左家庄南里 1996年 有电梯 有客厅 居住舒适,332万,66321元/平,中楼层 (共14层) | 1996年 | 1室1厅 | 50.06平米 | 东,https://ke-image.ljcdn.com/110000-inspection/pc1_DdRJE2wFt_2.jpg!m_fill,w_280,h_210,f_jpg?from=ke.com
20241030,朝阳,国展,101124025248,此房满五年唯一南北通透正规客厅正对花园,430万,62211元/平,顶层 (共6层) 3室1厅 | 69.12平米 | 南 北,https://ke-image.ljcdn.com/110000-inspection/pc1_78v3Nz51J_2.jpg!m_fill,w_280,h_210,f_jpg?from=ke.com
20241030,朝阳,国展,101123989369,左家庄北里1995年板楼中间层南北通透满五唯一两居房主自荐,325万,56434元/平,高楼层 (共6层) 2室1厅 | 57.59平米 | 南 北,https://ke-image.ljcdn.com/110000-inspection/33ef5534-44a7-4d1e-9638-62e986a6d1c5_1000.jpg!m_fill,w_280,h_210,f_jpg?from=ke.com
20241030,朝阳,国展,101123938399,精装修 近地铁  一层半 不临街,386万,58761元/平,低楼层 (共7层) | 1994年 | 2室1厅 | 65.69平米 | 东 西,https://ke-image.ljcdn.com/110000-inspection/3b08b910-f402-423a-9358-2469285e94b1_1000.jpg!m_fill,w_280,h_210,f_jpg?from=ke.com
20241030,朝阳,国展,101123882475,左家庄北里 东向精装修两居室 满五年唯一 拎包入住房主自荐,359万,58214元/平,中楼层 (共12层) 2室1厅 | 61.67平米 | 东,https://ke-image.ljcdn.com/110000-inspection/7c9bd3c7-1b9f-43c2-8de3-10a64d07ee63_1000.jpg!m_fill,w_280,h_210,f_jpg?from=ke.com
20241030,朝阳,国展,101123860615,柳芳北里 2室1厅 南 北,365万,63756元/平,高楼层 (共6层) | 1984年 | 2室1厅 | 57.25平米 | 南 北,https://ke-image.ljcdn.com/110000-inspection/e58123e1-5ff9-4770-abf2-bede949b9828_1000.jpg!m_fill,w_280,h_210,f_jpg?from=ke.com
20241030,朝阳,国展,101123856277,柳芳北里三居室 带电梯 东直门 左家庄 国展  无遮挡,450万,62946元/平,低楼层 (共16层) | 2019年 | 3室1厅 | 71.49平米 | 西北,https://ke-image.ljcdn.com/110000-inspection/pc1_JYIWGlwM1_1.jpg!m_fill,w_280,h_210,f_jpg?from=ke.com
20241030,朝阳,国展,101123836027,左家庄 93年 精装修 20平米正规明厅 户型方正,548万,72430元/平,低楼层 (共21层) | 1993年 | 2室1厅 | 75.66平米 | 西,https://ke-image.ljcdn.com/110000-inspection/900cb72f-ea27-4ade-855a-8d4b09d99724_1000.jpg!m_fill,w_280,h_210,f_jpg?from=ke.com
20241030,朝阳,国展,101123798498,左家庄东里 1室1厅 南,303万,68615元/平,中楼层 (共6层) 1室1厅 | 44.16平米 | 南,https://ke-image.ljcdn.com/110000-inspection/ada6fd22-3329-4eea-b8ac-fd6be681634a_1000.jpg!m_fill,w_280,h_210,f_jpg?from=ke.com
20241030,朝阳,国展,101123797716,左家庄北里 电梯直达南向两居 明厅 钢混结构 满五一套房主自荐,420万,69942元/平,中楼层 (共20层) 2室1厅 | 60.05平米 | 南,https://ke-image.ljcdn.com/110000-inspection/908e8491-3622-4ae8-a9cc-c0b61f7a6c1f_1000.jpg!m_fill,w_280,h_210,f_jpg?from=ke.com
20241030,朝阳,国展,101123759465,东直门外 1993年满五年唯一 公积金贷款30年,240万,51481元/平,低楼层 (共6层) 1室1厅 | 46.62平米 | 南,https://ke-image.ljcdn.com/110000-inspection/pc1_wUPClNKbD.jpg!m_fill,w_280,h_210,f_jpg?from=ke.com
20241030,朝阳,国展,101123711344,柳北小区满五年唯一精装修三居室房主自荐,473万,67611元/平,底层 (共6层) | 1982年 | 3室1厅 | 69.96平米 | 东 西,https://ke-image.ljcdn.com/110000-inspection/05f8b612-9ce0-4794-8932-34e34b46057f_1000.jpg!m_fill,w_280,h_210,f_jpg?from=ke.com
20241030,朝阳,国展,101123693613,装修比较好家居家电都是新的可以拎包入住。,295万,48600元/平,底层 (共7层) 2室1厅 | 60.7平米 | 东,https://ke-image.ljcdn.com/110000-inspection/2262f1d3-d916-4243-9c23-99e773b80743_1000.jpg!m_fill,w_280,h_210,f_jpg?from=ke.com
20241030,朝阳,国展,101123620221,满五年唯一双南朝向楼层佳视野开阔采光充足,492万,76624元/平,高楼层 (共14层) | 1987年 | 2室1厅 | 64.21平米 | 南,https://ke-image.ljcdn.com/110000-inspection/prod-4088a524-7559-4bef-a72f-8862fac9fbf6.jpg!m_fill,w_280,h_210,f_jpg?from=ke.com
20241030,朝阳,国展,101123602462,左家庄东里 1室1厅 东南,310万,68798元/平,高楼层 (共6层) 1室1厅 | 45.06平米 | 东南,https://ke-image.ljcdn.com/110000-inspection/72d8d5a7-68a0-4397-acea-05a52f936ec2_1000.jpg!m_fill,w_280,h_210,f_jpg?from=ke.com
20241030,朝阳,国展,101123602148,左家庄北里两居室 精装修 柳芳 国展 三元桥,395万,67765元/平,高楼层 (共6层) | 1993年 | 2室1厅 | 58.29平米 | 南 北,https://ke-image.ljcdn.com/110000-inspection/54f05fad-7a60-4521-966f-ea9311a6736d_1000.jpg!m_fill,w_280,h_210,f_jpg?from=ke.com
20241030,朝阳,国展,101123563926,柳芳北里 2室1厅 南 北,379万,66620元/平,低楼层 (共6层) | 1984年 | 2室1厅 | 56.89平米 | 南 北,https://ke-image.ljcdn.com/110000-inspection/4174e5cc-3a00-495a-8ff3-1157d2bf0314_1000.jpg!m_fill,w_280,h_210,f_jpg?from=ke.com
20241030,朝阳,国展,101123510371,静安里 板楼三层 满五年唯一 有钥匙 随时签约,359万,64580元/平,中楼层 (共6层) | 1986年 | 2室1厅 | 55.59平米 | 东南,https://ke-image.ljcdn.com/110000-inspection/pc1_BXmGxntyW_1.jpg!m_fill,w_280,h_210,f_jpg?from=ke.com
20241030,朝阳,国展,101123494970,柳芳北里 电梯房 双卧朝南 中间楼层 采光充足 满五年,425万,71226元/平,中楼层 (共16层) 2室1厅 | 59.67平米 | 南,https://ke-image.ljcdn.com/110000-inspection/0a13df09-f6be-4e4b-8cb7-15a4bd323c54_1000.jpg!m_fill,w_280,h_210,f_jpg?from=ke.com
20241030,朝阳,国展,101123455633,左家庄东里 1室1厅 南,310万,71281元/平,中楼层 (共22层) | 1998年 | 1室1厅 | 43.49平米 | 南,https://ke-image.ljcdn.com/110000-inspection/9e2c151f-91e9-4fdc-8419-36938a1ffe35_1000.jpg!m_fill,w_280,h_210,f_jpg?from=ke.com
20241030,朝阳,国展,101123455559,左家庄东里 1室1厅 南,310万,72278元/平,中楼层 (共22层) | 1998年 | 1室1厅 | 42.89平米 | 南,https://ke-image.ljcdn.com/110000-inspection/pc1_6cLO4Kqc6_2.jpg!m_fill,w_280,h_210,f_jpg?from=ke.com
20241030,朝阳,国展,101123376680,东直门 南北通透 明厨明卫 板楼中间层 诚意出售,455万,79616元/平,中楼层 (共6层) | 1987年 | 2室1厅 | 57.15平米 | 南 北,https://ke-image.ljcdn.com/110000-inspection/pc1_It5MDUjCR_1.jpg!m_fill,w_280,h_210,f_jpg?from=ke.com
20241030,朝阳,国展,101123362281,满五唯一 全明格局 大客厅 南北通透 中间层管理好房主自荐,539万,66282元/平,中楼层 (共6层) 3室1厅 | 81.32平米 | 南 北,https://ke-image.ljcdn.com/110000-inspection/pc1_LhL1YsT82_1.jpg!m_fill,w_280,h_210,f_jpg?from=ke.com
20241030,朝阳,国展,101123336301,左家庄南里 2室1厅 南 北,470万,72959元/平,中楼层 (共6层) | 1996年 | 2室1厅 | 64.42平米 | 南 北,https://ke-image.ljcdn.com/110000-inspection/b0398ba8-1803-4ec3-bc0f-66b23216b5ac_1000.jpg!m_fill,w_280,h_210,f_jpg?from=ke.com
20241030,朝阳,国展,101123081508,静安东里 2室1厅 西南,465万,67392元/平,高楼层 (共18层) 2室1厅 | 69平米 | 西南,https://ke-image.ljcdn.com/110000-inspection/pc1_ZmZllMZ7v_2.jpg!m_fill,w_280,h_210,f_jpg?from=ke.com
20241030,朝阳,国展,101123063637,满五年不唯一成本价购房成本低1995年房龄房主自荐,428万,67808元/平,底层 (共6层) 2室1厅 | 63.12平米 | 南 北,https://ke-image.ljcdn.com/110000-inspection/777f1f31-1082-4d28-845b-dfc4057b874e_1000.jpg!m_fill,w_280,h_210,f_jpg?from=ke.com
20241030,朝阳,国展,101123061294,17号线地铁 东直门外 明厨明卫 采光无遮挡,365万,54332元/平,中楼层 (共7层) | 1994年 | 2室1厅 | 67.18平米 | 东 西,https://ke-image.ljcdn.com/110000-inspection/d1027e7a-dd4e-49ac-a934-b393772f1ca2_1000.jpg!m_fill,w_280,h_210,f_jpg?from=ke.com
20241030,朝阳,国展,101123033033,左家庄南里 一层  正南北两居  带租赁车位,439万,68253元/平,底层 (共6层) | 1995年 | 2室1厅 | 64.32平米 | 南 北,https://ke-image.ljcdn.com/110000-inspection/3de95a6c-df10-44e3-b8c0-1d986d9a02d7_1000.jpg!m_fill,w_280,h_210,f_jpg?from=ke.com
20241030,朝阳,国展,101123023507,柳芳南里东北二环外带电梯双南两居室！,486万,73237元/平,中楼层 (共18层) | 1988年 | 2室1厅 | 66.36平米 | 南,https://ke-image.ljcdn.com/110000-inspection/46eedb42-f9aa-4f30-afa5-4fff6260e705_1000.jpg!m_fill,w_280,h_210,f_jpg?from=ke.com
20241030,朝阳,国展,101122946460,柳芳北里 双南向 电梯高层 无遮挡 小区环境好,415万,69550元/平,顶层 (共16层) 2室1厅 | 59.67平米 | 南,https://ke-image.ljcdn.com/110000-inspection/7418ad8f-f148-46c4-b9a5-e69897d2ea57_1000.jpg!m_fill,w_280,h_210,f_jpg?from=ke.com
20241030,朝阳,国展,101122934817,东直门外 1998年带电梯南向一居室 满五年唯一,330万,76942元/平,中楼层 (共22层) | 1998年 | 1室1厅 | 42.89平米 | 东南,https://ke-image.ljcdn.com/110000-inspection/08b9601f-40da-4238-8389-33cf20e66ad6_1000.jpg!m_fill,w_280,h_210,f_jpg?from=ke.com
20241030,朝阳,国展,101122870997,东直门外 95年板楼 精装修明厨明卫2居 随时签约房主自荐,408万,63227元/平,中楼层 (共8层) 2室1厅 | 64.53平米 | 东 西,https://ke-image.ljcdn.com/110000-inspection/f05fd384-472b-4809-928a-97f74a635bd1_1000.jpg!m_fill,w_280,h_210,f_jpg?from=ke.com
20241030,朝阳,国展,101122536092,左家庄 满五年 板楼东西通透两居 中间层 看房方便,350万,54239元/平,中楼层 (共8层) 2室1厅 | 64.53平米 | 东 西,https://ke-image.ljcdn.com/110000-inspection/bc5ca88c-17be-46ec-bfec-fe7c1483e500_1000.jpg!m_fill,w_280,h_210,f_jpg?from=ke.com
20241030,朝阳,国展,101122423969,静安里三环内1993年楼龄采光好,269万,55868元/平,中楼层 (共6层) 1室1厅 | 48.15平米 | 东南,https://ke-image.ljcdn.com/110000-inspection/91de3b08-9658-48b2-b40f-f7775112f54f_1000.jpg!m_fill,w_280,h_210,f_jpg?from=ke.com
20241030,朝阳,国展,101122326836,左家庄北里 东南向一居室 中间楼层 采光视野好,320万,73294元/平,中楼层 (共6层) | 1993年 | 1室1厅 | 43.66平米 | 南,https://ke-image.ljcdn.com/110000-inspection/94e1bd56-896c-4a07-9fde-cb59dcb21380_1000.jpg!m_fill,w_280,h_210,f_jpg?from=ke.com
20241030,朝阳,国展,101122294278,公积金可贷款26年 通透两居 满五年唯一 看房随时,279万,48888元/平,顶层 (共6层) | 1980年 | 2室1厅 | 57.07平米 | 东南 西北,https://ke-image.ljcdn.com/110000-inspection/pc1_swEDZRNLd_2.jpg!m_fill,w_280,h_210,f_jpg?from=ke.com
20241030,朝阳,国展,101122248194,静安里 中旅家属楼 楼道干净 满五年唯一  有电梯,265万,59955元/平,中楼层 (共22层) | 1988年 | 1室1厅 | 44.2平米 | 西北,https://ke-image.ljcdn.com/110000-inspection/6e0c7a32-4911-48f4-90d3-e128783148f0_1000.jpg!m_fill,w_280,h_210,f_jpg?from=ke.com
20241030,朝阳,国展,101121919548,柳芳北里满五唯一 二层 不临街 南北通透两居随时看房,360万,62414元/平,低楼层 (共6层) 2室1厅 | 57.68平米 | 南 北,https://ke-image.ljcdn.com/110000-inspection/3b354690-c3c0-4292-b052-6a9e09714887_1000.jpg!m_fill,w_280,h_210,f_jpg?from=ke.com
20241030,朝阳,国展,101121859652,静安东里 精装修两居 户型通透 业主随时签约,313万,55350元/平,顶层 (共6层) | 1988年 | 2室1厅 | 56.55平米 | 东南 西北,https://ke-image.ljcdn.com/110000-inspection/93dfe3c2-6776-45db-abae-21f9eddbc01b_1000.jpg!m_fill,w_280,h_210,f_jpg?from=ke.com
20241030,朝阳,国展,101121838056,80筑2自己一院出租一年还有5个月,380万,66667元/平,顶层 (共6层) | 1986年 | 2室1厅 | 57平米 | 南 北,https://ke-image.ljcdn.com/110000-inspection/pc1_qISDmvqVY.jpg!m_fill,w_280,h_210,f_jpg?from=ke.com
20241030,朝阳,国展,101121747113,浩鸿园高层  观景两居室 落地窗视野好,1180万,84868元/平,高楼层 (共16层) 2室1厅 | 139.04平米 | 东,https://ke-image.ljcdn.com/110000-inspection/cf1b503b-2deb-4c71-a7f2-cb0cda515adb_1000.jpg!m_fill,w_280,h_210,f_jpg?from=ke.com
20241030,朝阳,国展,101121598540,左家庄北里20㎡带阳台明厅管理好环境好看房方便房主自荐,608万,80360元/平,低楼层 (共21层) | 1993年 | 2室1厅 | 75.66平米 | 东 西南 西北,https://ke-image.ljcdn.com/110000-inspection/35dd5f15-1a84-4482-b845-9f9f98050dac_1000.jpg!m_fill,w_280,h_210,f_jpg?from=ke.com
20241030,朝阳,国展,101121327532,左家庄东里 1996年楼龄新 精装修一居 中间楼层  诚售,310万,65972元/平,中楼层 (共6层) | 1996年 | 1室1厅 | 46.99平米 | 南,https://ke-image.ljcdn.com/110000-inspection/b2af2b6e-9450-4eea-bdac-8500e1a40e99_1000.jpg!m_fill,w_280,h_210,f_jpg?from=ke.com
20241030,朝阳,国展,101121297910,柳芳南里 中间楼层 明厨明卫 南北通透管理好,475万,79765元/平,低楼层 (共6层) 2室1厅 | 59.55平米 | 南 北,https://ke-image.ljcdn.com/110000-inspection/23b09947-08f9-4b5f-a450-0e723bd44089_1000.jpg!m_fill,w_280,h_210,f_jpg?from=ke.com
20241030,朝阳,国展,101121295928,静安里带电梯双南两居室 钢混结构 满五年唯一,340万,65854元/平,中楼层 (共12层) | 1984年 | 2室1厅 | 51.63平米 | 西南,https://ke-image.ljcdn.com/110000-inspection/2f2a28bb-f092-41fa-9b00-4bf2d93ee92a_1000.jpg!m_fill,w_280,h_210,f_jpg?from=ke.com
20241030,朝阳,国展,101121102216,静安东里二层南北通明厨明卫安静舒适公积金贷款26年,400万,67993元/平,低楼层 (共6层) 2室1厅 | 58.83平米 | 南 北,https://ke-image.ljcdn.com/110000-inspection/4a7cc76e-f013-43d0-9398-771e4e29ec5a_1000.jpg!m_fill,w_280,h_210,f_jpg?from=ke.com
20241030,朝阳,国展,101121071664,东直门外东西南朝向三居 地铁17号线左家庄站 满五唯一房主自荐,465万,60516元/平,顶层 (共6层) 3室1厅 | 76.84平米 | 东 南 西,https://ke-image.ljcdn.com/110000-inspection/pc1_XTRIo1gQU.jpg!m_fill,w_280,h_210,f_jpg?from=ke.com
20241030,朝阳,国展,101121056754,静安东里南向全明一居室满五唯一精装,290万,69015元/平,顶层 (共6层) | 1984年 | 1室1厅 | 42.02平米 | 西南,https://ke-image.ljcdn.com/110000-inspection/4b5d5d6f-c2dd-442b-804f-ba64dad7bf7f_1000.jpg!m_fill,w_280,h_210,f_jpg?from=ke.com
20241030,朝阳,国展,101121041904,静安里 党校无线所宿舍 板楼2层八零筑一大厅 精品房源,338万,62305元/平,低楼层 (共6层) | 1986年 | 2室1厅 | 54.25平米 | 东南 西北,https://ke-image.ljcdn.com/110000-inspection/287a1419-3a6e-42f0-b61e-03c94db82056_1000.jpg!m_fill,w_280,h_210,f_jpg?from=ke.com
20241030,朝阳,国展,101121008310,电梯东南三居室 看房有钥匙 随时签约,770万,91515元/平,低楼层 (共18层) | 1990年 | 3室1厅 | 84.14平米 | 东 南,https://ke-image.ljcdn.com/110000-inspection/03d3691d-bbf1-41ad-bb60-c439a9004135_1000.jpg!m_fill,w_280,h_210,f_jpg?from=ke.com
20241030,朝阳,国展,101120990163,东直门外 香河园中里满五年唯一钢混两居 南北通透,395万,68281元/平,底层 (共6层) 2室1厅 | 57.85平米 | 南 北,https://ke-image.ljcdn.com/110000-inspection/8b4bcbdc-7a40-41c1-b24d-5854c161dae2_1000.jpg!m_fill,w_280,h_210,f_jpg?from=ke.com
20241030,朝阳,国展,101120945980,三环内 南北向精装两居室 管理好,282万,51972元/平,顶层 (共6层) | 1982年 | 2室1厅 | 54.26平米 | 南 北,https://ke-image.ljcdn.com/110000-inspection/0e8fb228-3c58-4aa7-acf0-9ad03df44a45_1000.jpg!m_fill,w_280,h_210,f_jpg?from=ke.com
20241030,朝阳,国展,101120799585,润民柳芳居 1室1厅 东,548万,86123元/平,高楼层 (共16层) 1室1厅 | 63.63平米 | 东,https://ke-image.ljcdn.com/110000-inspection/912e14ea-693b-4147-a528-0e96b0a15900_1000.jpg!m_fill,w_280,h_210,f_jpg?from=ke.com
20241030,朝阳,国展,101120656215,静安里中间楼层 厨卫带窗 满五年唯一,352万,62467元/平,中楼层 (共5层) 2室1厅 | 56.35平米 | 东南 西南 北,https://ke-image.ljcdn.com/110000-inspection/pc1_hXnV8EiCj_2.jpg!m_fill,w_280,h_210,f_jpg?from=ke.com
20241030,朝阳,国展,101120516939,公积金可贷款30年 满五年唯一 全新精装修一居室,239万,60707元/平,高楼层 (共6层) | 1988年 | 1室1厅 | 39.37平米 | 东南,https://ke-image.ljcdn.com/110000-inspection/pc1_WMmQ15KOU_2.jpg!m_fill,w_280,h_210,f_jpg?from=ke.com
20241030,朝阳,国展,101120184698,左家庄东里 电梯一居室 厨卫带窗 高层视野好 98年钢混,299万,68752元/平,中楼层 (共22层) | 1998年 | 1室1厅 | 43.49平米 | 南,https://ke-image.ljcdn.com/110000-inspection/pc1_LxD7hUQR6.jpg!m_fill,w_280,h_210,f_jpg?from=ke.com
20241030,朝阳,国展,101119987214,香河园中里 9号楼钢混塔楼 一层南向和西向有对流风房主自荐,327万,60411元/平,底层 (共16层) | 1981年 | 2室1厅 | 54.13平米 | 南 北,https://ke-image.ljcdn.com/110000-inspection/pc1_DjiFJGtNw.jpg!m_fill,w_280,h_210,f_jpg?from=ke.com
20241030,朝阳,国展,101119916098,三元桥  2层一居 1996年楼龄  有钥匙 随时签约,269万,57247元/平,低楼层 (共6层) | 1996年 | 1室1厅 | 46.99平米 | 南,https://ke-image.ljcdn.com/110000-inspection/71ece595-3292-48d3-9706-a753dae3f03d_1000.jpg!m_fill,w_280,h_210,f_jpg?from=ke.com
20241030,朝阳,国展,101119793975,东直门外三居室 南部通透精装修,496万,70636元/平,顶层 (共6层) 3室1厅 | 70.22平米 | 南 北,https://ke-image.ljcdn.com/110000-inspection/pc1_dbxyOUyoN_2.jpg!m_fill,w_280,h_210,f_jpg?from=ke.com
20241030,朝阳,国展,101119619741,央产楼精装修全明格局拎包入住随时签约房主自荐,480万,76373元/平,低楼层 (共18层) | 1990年 | 2室1厅 | 62.85平米 | 东北,https://ke-image.ljcdn.com/110000-inspection/pc1_abaoqcER7_1.jpg!m_fill,w_280,h_210,f_jpg?from=ke.com
20241030,朝阳,国展,101119595276,静安东里电梯楼中间层三居室满五唯一公积金可贷30年,579万,74136元/平,中楼层 (共18层) 3室1厅 | 78.1平米 | 东南 西南,https://ke-image.ljcdn.com/110000-inspection/pc1_MDkGN0BRr.jpg!m_fill,w_280,h_210,f_jpg?from=ke.com
20241030,朝阳,国展,101119511852,三环里 满五年唯一精装修三居室 拎包入住 采光好房主自荐,430万,72464元/平,高楼层 (共6层) | 1983年 | 3室1厅 | 59.34平米 | 南 北,https://ke-image.ljcdn.com/110000-inspection/22905c91-9fe6-4f3c-8756-a40dc54b4af1_1000.jpg!m_fill,w_280,h_210,f_jpg?from=ke.com
20241030,朝阳,国展,101118921159,满五年 电梯中高层 楼道干净 采光好  有钥匙,456万,73371元/平,中楼层 (共22层) | 1988年 | 2室1厅 | 62.15平米 | 西南,https://ke-image.ljcdn.com/110000-inspection/pc1_rjz1T3OOx_2.jpg!m_fill,w_280,h_210,f_jpg?from=ke.com
20241030,朝阳,国展,101118739930,诚意出售 满五年 南北通透 中间楼层 楼道干净,345万,60357元/平,中楼层 (共5层) 3室1厅 | 57.16平米 | 南 北,https://ke-image.ljcdn.com/110000-inspection/852245fa-69f2-48d3-98d0-83980f9a0755_1000.jpg!m_fill,w_280,h_210,f_jpg?from=ke.com
20241030,朝阳,国展,101118460547,香河园中里 南向一居室 满五年唯一房主自荐,230万,63049元/平,顶层 (共6层) | 1982年 | 1室1厅 | 36.48平米 | 南,https://ke-image.ljcdn.com/110000-inspection/pc1_KfhzKOqGY.jpg!m_fill,w_280,h_210,f_jpg?from=ke.com
20241030,朝阳,国展,101118410467,高层三居客厅带明窗满五年家庭唯一诚售,725万,78968元/平,高楼层 (共21层) | 1997年 | 3室1厅 | 91.81平米 | 东 南 北,https://ke-image.ljcdn.com/110000-inspection/cc83d6c8-19bd-44a1-8fe7-18e878ee51ed_1000.jpg!m_fill,w_280,h_210,f_jpg?from=ke.com
20241030,朝阳,国展,101118257070,东直门 板楼南北通透 精装修两居室 明厨明卫明厅房主自荐,380万,63855元/平,顶层 (共6层) | 1988年 | 2室1厅 | 59.51平米 | 南 北,https://ke-image.ljcdn.com/110000-inspection/pc1_qXfMDQ8Nj.jpg!m_fill,w_280,h_210,f_jpg?from=ke.com
20241030,朝阳,国展,101117947577,东直门外 南北通透、明厨明卫、全明户型二居 非顶层！,360万,58300元/平,顶层 (共6层) 2室1厅 | 61.75平米 | 南 北,https://ke-image.ljcdn.com/110000-inspection/decdaa60-ecae-4c48-bdb8-251d9953526a_1000.jpg!m_fill,w_280,h_210,f_jpg?from=ke.com
20241030,朝阳,国展,101116957804,国展 柳芳南里 十佳文明社区 南北通透 明厨明卫两居室房主自荐,475万,79459元/平,底层 (共6层) | 1988年 | 2室1厅 | 59.78平米 | 南 北,https://ke-image.ljcdn.com/110000-inspection/pc1_hI4ePlc96.jpg!m_fill,w_280,h_210,f_jpg?from=ke.com
20241030,朝阳,国展,101116820383,静安东里  东南朝向两居室 有一个11平米客厅,460万,77014元/平,中楼层 (共6层) | 1990年 | 2室1厅 | 59.73平米 | 东南,https://ke-image.ljcdn.com/110000-inspection/c7b45447-2a27-4dbb-b939-e8c91c0491ae_1000.jpg!m_fill,w_280,h_210,f_jpg?from=ke.com
20241030,朝阳,国展,101116659711,香河园中里一层满五唯一住房 东西朝向,380万,64038元/平,底层 (共6层) 2室1厅 | 59.34平米 | 东 西,https://ke-image.ljcdn.com/110000-inspection/pc1_OvCKHq1HS.jpg!m_fill,w_280,h_210,f_jpg?from=ke.com
20241030,朝阳,国展,101115602099,三环里 国际友谊花园精装修大两居 观景房房主自荐,1198万,81486元/平,高楼层 (共18层) | 1998年 | 2室1厅 | 147.02平米 | 西 北,https://ke-image.ljcdn.com/110000-inspection/pc1_ZCYO0HQQ6_2.jpg!m_fill,w_280,h_210,f_jpg?from=ke.com
20241030,朝阳,国展,101115229786,静安里1993年板楼2层 满五年唯一 精装修一居室,263万,65915元/平,低楼层 (共6层) | 1993年 | 1室1厅 | 39.9平米 | 东南,https://ke-image.ljcdn.com/110000-inspection/pc1_50OmJLnDZ_1.jpg!m_fill,w_280,h_210,f_jpg?from=ke.com
20241030,朝阳,国展,101115183519,左家庄东里南向两居 双阳台通透格局 楼龄新 看房方便,489万,78504元/平,中楼层 (共22层) 2室1厅 | 62.29平米 | 东南,https://ke-image.ljcdn.com/110000-inspection/pc1_gRHSdgxQX_2.jpg!m_fill,w_280,h_210,f_jpg?from=ke.com
20241030,朝阳,国展,101114666999,板楼一层 出行方便 明厨明卫格局,350万,63372元/平,底层 (共7层) | 1994年 | 2室1厅 | 55.23平米 | 东 西,https://ke-image.ljcdn.com/110000-inspection/pc1_5XRC8jTrI_1.jpg!m_fill,w_280,h_210,f_jpg?from=ke.com
20241030,朝阳,国展,101114296639,三环里 南北通透 明厨明卫 3/6层 免费停车 诚心出售房主自荐,435万,79279元/平,中楼层 (共6层) | 1984年 | 2室1厅 | 54.87平米 | 西南 东北,https://ke-image.ljcdn.com/110000-inspection/3b1cf018-05aa-4f7c-b248-b20f10bcebaa_1000.jpg!m_fill,w_280,h_210,f_jpg?from=ke.com
20241030,朝阳,国展,101108354641,静安里 南北通透 一层二居室 看房有钥匙 随时签约,375万,65964元/平,底层 (共6层) 2室1厅 | 56.85平米 | 东南 西北,https://ke-image.ljcdn.com/110000-inspection/e58bdf6c-8510-4c3c-8a6e-88d09a7aa286_1000.jpg!m_fill,w_280,h_210,f_jpg?from=ke.com
20241030,朝阳,国展,101091978877,高板楼带电梯 2002年  南北通透 三居室  满五年唯一房主自荐,1050万,64072元/平,低楼层 (共14层) 3室2厅 | 163.88平米 | 南 北,https://ke-image.ljcdn.com/110000-inspection/pc1_WslVyFlKK.jpg!m_fill,w_280,h_210,f_jpg?from=ke.com
20241030,朝阳,国展,101127319137,东直门外1994年钢混电梯楼中层满五年一居室诚售新上,288万,62365元/平,中楼层 (共9层) | 1994年 | 1室1厅 | 46.18平米 | 南,https://ke-image.ljcdn.com/110000-inspection/pc1_tE7I35Hj1.jpg!m_fill,w_280,h_210,f_jpg?from=ke.com
20241030,朝阳,国展,101127275283,三元桥 南向 满五年 带客厅 非顶层新上,294万,62131元/平,高楼层 (共6层) | 1992年 | 1室1厅 | 47.32平米 | 南,https://ke-image.ljcdn.com/110000-inspection/db86d197-011a-4fd2-918b-9f7bdfa54e5b_1000.jpg!m_fill,w_280,h_210,f_jpg?from=ke.com
20241030,朝阳,国展,101127257829,电梯高层 满五年唯一 大客厅  公积金67-房龄新上,380万,61920元/平,高楼层 (共12层) | 1985年 | 3室1厅 | 61.37平米 | 南 北 西,https://ke-image.ljcdn.com/110000-inspection/e6a9dbf4-6f06-4b13-9c6e-94c2896ffc8a_1000.jpg!m_fill,w_280,h_210,f_jpg?from=ke.com
20241030,朝阳,国展,101127171509,柳芳南里 3室1厅 南 北,610万,81042元/平,顶层 (共6层) 3室1厅 | 75.27平米 | 南 北,https://ke-image.ljcdn.com/110000-inspection/e541deb6-3e93-4035-8ebe-7073ec31db6e_1000.jpg!m_fill,w_280,h_210,f_jpg?from=ke.com
20241030,朝阳,国展,101127165374,芳馨园 1室1厅 北,560万,86500元/平,中楼层 (共23层) 1室1厅 | 64.74平米 | 北,https://ke-image.ljcdn.com/110000-inspection/21f26931-8ccf-42d0-9b19-81fa8564ffd8_1000.jpg!m_fill,w_280,h_210,f_jpg?from=ke.com
20241030,朝阳,国展,101127116748,静安东里  三居  全明户型 南北通透,399万,64314元/平,高楼层 (共6层) | 1983年 | 3室1厅 | 62.04平米 | 南 北,https://ke-image.ljcdn.com/110000-inspection/pc1_DykWzIu4y_2.jpg!m_fill,w_280,h_210,f_jpg?from=ke.com
20241030,朝阳,国展,101127078485,静安里 1室1厅 南 北,295万,69380元/平,底层 (共6层) | 1993年 | 1室1厅 | 42.52平米 | 南 北,https://ke-image.ljcdn.com/110000-inspection/pc1_8kOl5fvx8_2.jpg!m_fill,w_280,h_210,f_jpg?from=ke.com
20241030,朝阳,国展,101127045512,三元桥 单价5万 管理好 户型方正,1030万,52721元/平,低楼层 (共22层) | 1997年 | 4室2厅 | 195.37平米 | 东北,https://ke-image.ljcdn.com/110000-inspection/4affd3f1-5b33-4da2-a7f6-e97d90b695ec_1000.jpg!m_fill,w_280,h_210,f_jpg?from=ke.com
20241030,朝阳,国展,101127044571,国际友谊花园 管家式物业管理 小区内有免费会所,1020万,69873元/平,低楼层 (共18层) | 1998年 | 2室1厅 | 145.98平米 | 西 北,https://ke-image.ljcdn.com/110000-inspection/pc1_T3z1hkzR3_2.jpg!m_fill,w_280,h_210,f_jpg?from=ke.com
20241030,朝阳,国展,101126946713,三元桥国展静安里一层1996年精装修带客厅两居室,390万,58895元/平,底层 (共6层) 2室1厅 | 66.22平米 | 西北,https://ke-image.ljcdn.com/110000-inspection/pc1_l30hDVXGs_1.jpg!m_fill,w_280,h_210,f_jpg?from=ke.com
20241030,朝阳,国展,101126919453,柳芳南里 2室1厅 东北,360万,62490元/平,底层 (共18层) 2室1厅 | 57.61平米 | 东北,https://ke-image.ljcdn.com/110000-inspection/pc1_Mrmyqxyqh_2.jpg!m_fill,w_280,h_210,f_jpg?from=ke.com
20241030,朝阳,国展,101126903697,静安里  精装两居 楼下公交车站 公积金可贷28年,355万,58649元/平,底层 (共12层) | 1985年 | 2室1厅 | 60.53平米 | 西南,https://ke-image.ljcdn.com/110000-inspection/7ea0f87c-231e-46a4-b8f7-0482ed14d227_1000.jpg!m_fill,w_280,h_210,f_jpg?from=ke.com
20241030,朝阳,国展,101126901493,国际友谊花园 精装两居 24H保安 有会所管理好,888万,59578元/平,高楼层 (共16层) 2室2厅 | 149.05平米 | 西北,https://ke-image.ljcdn.com/110000-inspection/pc1_sZD3LN8r2_1.jpg!m_fill,w_280,h_210,f_jpg?from=ke.com
20241030,朝阳,国展,101126894472,豪成大厦 2室1厅 西,650万,56498元/平,中楼层 (共25层) 2室1厅 | 115.05平米 | 西,https://ke-image.ljcdn.com/110000-inspection/3a6093fc-c622-4e31-a925-c74cfa06b7de_1000.jpg!m_fill,w_280,h_210,f_jpg?from=ke.com
20241030,朝阳,国展,101126880721,香河园中里 小关早市地铁左家庄站17号线北侧 精装,380万,62676元/平,高楼层 (共6层) | 1988年 | 2室1厅 | 60.63平米 | 东南,https://ke-image.ljcdn.com/110000-inspection/26cd01db-6ab9-41ce-9054-2ca749cbe760_1000.jpg!m_fill,w_280,h_210,f_jpg?from=ke.com
20241030,朝阳,国展,101126858616,房子精装修全明格局满五年唯一 带电梯,280万,67002元/平,顶层 (共6层) | 1988年 | 1室1厅 | 41.79平米 | 南,https://ke-image.ljcdn.com/110000-inspection/pc1_AZeKahFH7_1.jpg!m_fill,w_280,h_210,f_jpg?from=ke.com
20241030,朝阳,国展,101126854816,静安里 3室1厅 南 北,477万,69973元/平,底层 (共5层) | 1981年 | 3室1厅 | 68.17平米 | 南 北,https://ke-image.ljcdn.com/110000-inspection/pc1_LdbRyPJW8_1.jpg!m_fill,w_280,h_210,f_jpg?from=ke.com
20241030,朝阳,国展,101126851862,柳芳南里南向两居室 采光视野好 大客厅房主自荐,545万,65719元/平,中楼层 (共18层) | 1993年 | 2室1厅 | 82.93平米 | 南,https://ke-image.ljcdn.com/110000-inspection/93edb978-7654-4d92-a4d1-c65e0bff7d07_1000.jpg!m_fill,w_280,h_210,f_jpg?from=ke.com
20241030,朝阳,国展,101126815255,力鸿花园  博洛尼精装修 南向复式  拎包入住,1850万,72875元/平,高楼层 (共24层) | 1998年 | 4室2厅 | 253.86平米 | 南 东南 东,https://ke-image.ljcdn.com/110000-inspection/5fc14805-805e-4c7c-bd09-b4a74ecfcaf5_1000.jpg!m_fill,w_280,h_210,f_jpg?from=ke.com
20241030,朝阳,国展,101126799524,左家庄东里 一层方正大面积一居室 精装通透东南好角房主自荐,260万,55331元/平,底层 (共6层) | 1996年 | 1室1厅 | 46.99平米 | 东南,https://ke-image.ljcdn.com/110000-inspection/ce85d572-8d1f-433b-a9e2-4ee915334d97_1000.jpg!m_fill,w_280,h_210,f_jpg?from=ke.com
20241030,朝阳,国展,101126644765,左家庄北里 一层南北通透 户型方正 诚意出售可看房,350万,71066元/平,底层 (共6层) 1室1厅 | 49.25平米 | 南 北,https://ke-image.ljcdn.com/110000-inspection/1a9ca92e-89a7-4b99-8835-048486231de4_1000.jpg!m_fill,w_280,h_210,f_jpg?from=ke.com
20241030,朝阳,国展,101126621987,力鸿花园 1室1厅 北,402万,76645元/平,高楼层 (共24层) | 2001年 | 1室1厅 | 52.45平米 | 北,https://ke-image.ljcdn.com/110000-inspection/pc1_EbGwuIkCW_2.jpg!m_fill,w_280,h_210,f_jpg?from=ke.com
20241030,朝阳,国展,101126474605,左家庄北里 30万装修 民水电 可贷款 有车位,299万,52540元/平,中楼层 (共20层) | 2008年 | 1室1厅 | 56.91平米 | 西南,https://ke-image.ljcdn.com/110000-inspection/8cf3fb14-d343-456f-979d-65b7636ed161_1000.jpg!m_fill,w_280,h_210,f_jpg?from=ke.com
20241030,朝阳,国展,101126451744,南北通透板楼2层明厨明卫三居室满五年诚心卖,490万,64019元/平,低楼层 (共6层) | 1984年 | 3室1厅 | 76.54平米 | 南 北,https://ke-image.ljcdn.com/110000-inspection/pc1_8VdoxG2kw.jpg!m_fill,w_280,h_210,f_jpg?from=ke.com
20241030,朝阳,国展,101126418758,柳芳北里 中信宿舍楼 东南向小两居 满五年看房方便,378万,66620元/平,低楼层 (共18层) 2室1厅 | 56.74平米 | 东 东南 南,https://ke-image.ljcdn.com/110000-inspection/38ce55dd-cfda-4661-8dcf-fedc8490caa1_1000.jpg!m_fill,w_280,h_210,f_jpg?from=ke.com
20241030,朝阳,国展,101126393439,柳芳北里 精装两居 带客厅 双南向房主自荐,499万,60921元/平,低楼层 (共18层) | 1987年 | 2室1厅 | 81.91平米 | 南 北,https://ke-image.ljcdn.com/110000-inspection/pc1_3OdZao1MQ.jpg!m_fill,w_280,h_210,f_jpg?from=ke.com
20241030,朝阳,国展,101126388092,国际友谊花园 双南向 双位两居室 物业管理严格,769万,72726元/平,顶层 (共16层) | 1998年 | 2室1厅 | 105.74平米 | 南,https://ke-image.ljcdn.com/110000-inspection/9b824087-8913-411e-80ff-c7de73d7c85a_1000.jpg!m_fill,w_280,h_210,f_jpg?from=ke.com
20241030,朝阳,国展,101126205438,润民柳芳居精装上跃人车分流独栋独院安静社区,1536万,79702元/平,高楼层 (共16层) 4室1厅 | 192.72平米 | 南 北,https://ke-image.ljcdn.com/110000-inspection/8bc705e4-b2e2-4818-91e1-3ee1f0433525_1000.jpg!m_fill,w_280,h_210,f_jpg?from=ke.com
20241030,朝阳,国展,101126160218,电梯中高层 方正一居室满五年唯一精装修,285万,64832元/平,中楼层 (共12层) | 1985年 | 1室1厅 | 43.96平米 | 南,https://ke-image.ljcdn.com/110000-inspection/pc1_kgP1IITWj_2.jpg!m_fill,w_280,h_210,f_jpg?from=ke.com
20241030,朝阳,国展,101125952035,静安东里*管理好视野开阔采光充足*随时看房房主自荐,418万,71295元/平,低楼层 (共18层) | 1987年 | 2室1厅 | 58.63平米 | 东南,https://ke-image.ljcdn.com/110000-inspection/pc1_Df1RBaYNP_2.jpg!m_fill,w_280,h_210,f_jpg?from=ke.com
20241030,朝阳,国展,101125885206,柳芳北里全明一居室 二环边 带电梯 三元桥 老国展,290万,65611元/平,中楼层 (共14层) | 1988年 | 1室1厅 | 44.2平米 | 南 北,https://ke-image.ljcdn.com/110000-inspection/47c8873d-d9a6-4458-9938-896b206caa1c_1000.jpg!m_fill,w_280,h_210,f_jpg?from=ke.com
20241030,朝阳,国展,101125864118,（新上）南北通透板楼二层  明厨明卫田字格三居室房主自荐,570万,78697元/平,低楼层 (共6层) | 1987年 | 3室1厅 | 72.43平米 | 南 北,https://ke-image.ljcdn.com/110000-inspection/3da46122-db21-4a3a-9ff1-4173628178e1_1000.jpg!m_fill,w_280,h_210,f_jpg?from=ke.com
20241030,朝阳,国展,101125792762,力鸿花园 通透4居明厨明卫正对小区花园大平层,1499万,69178元/平,中楼层 (共12层) 4室2厅 | 216.69平米 | 东 西,https://ke-image.ljcdn.com/110000-inspection/607752ee-b942-4de4-955b-ebefcfa6bd62_1000.jpg!m_fill,w_280,h_210,f_jpg?from=ke.com
20241030,朝阳,国展,101125781970,浩鸿园高层无遮挡两居三年未出本小区优质房源之一,980万,69896元/平,高楼层 (共26层) 2室1厅 | 140.21平米 | 东,https://ke-image.ljcdn.com/110000-inspection/pc1_5fTRIvapS_1.jpg!m_fill,w_280,h_210,f_jpg?from=ke.com
20241030,朝阳,国展,101125780002,柳芳南里 全明格局 南北通透 满五唯一,660万,94286元/平,底层 (共6层) 3室1厅 | 70平米 | 南 北,https://ke-image.ljcdn.com/110000-inspection/aef842ae-cb80-4835-ab60-e02212e0160e_1000.jpg!m_fill,w_280,h_210,f_jpg?from=ke.com
20241030,朝阳,国展,101125769423,东直门外 1995年楼龄 正南向一居 满五年唯一！,315万,69814元/平,高楼层 (共6层) | 1993年 | 1室1厅 | 45.12平米 | 南,https://ke-image.ljcdn.com/110000-inspection/8f54ef1e-0712-4a4c-823f-3f4b79b51567_1000.jpg!m_fill,w_280,h_210,f_jpg?from=ke.com
20241030,朝阳,国展,101125753460,左家庄北里电梯楼中层满五年西向两居诚售,389万,61796元/平,中楼层 (共20层) 2室1厅 | 62.95平米 | 西,https://ke-image.ljcdn.com/110000-inspection/a574541d-8ded-42de-9d50-f3c582731bef_1000.jpg!m_fill,w_280,h_210,f_jpg?from=ke.com
20241030,朝阳,国展,101125683645,民水电有车位满五年唯一可贷款,302万,42079元/平,高楼层 (共20层) | 2008年 | 1室1厅 | 71.77平米 | 东北,https://ke-image.ljcdn.com/110000-inspection/38c488ae-cbbc-401a-9ed3-35df9fb83831_1000.jpg!m_fill,w_280,h_210,f_jpg?from=ke.com
20241030,朝阳,国展,101125616546,豪成大厦一居室 满五年唯一 落地窗采光视野好房主自荐,280万,46137元/平,低楼层 (共25层) 1室1厅 | 60.69平米 | 东,https://ke-image.ljcdn.com/110000-inspection/pc1_Wfk3doD4v.jpg!m_fill,w_280,h_210,f_jpg?from=ke.com
20241030,朝阳,国展,101125485528,2008年建成 民水民电 满五唯一 装修不错,325万,48748元/平,高楼层 (共20层) | 2008年 | 1室1厅 | 66.67平米 | 东北,https://ke-image.ljcdn.com/110000-inspection/17348305-03e8-4815-8e62-a1d7066c735f_1000.jpg!m_fill,w_280,h_210,f_jpg?from=ke.com
20241030,朝阳,国展,101125463884,柳芳南里 南北通透 明厨明卫三居室 可公积金30年,670万,71927元/平,中楼层 (共18层) 3室1厅 | 93.15平米 | 南 北,https://ke-image.ljcdn.com/110000-inspection/acf94e4c-a26d-4802-a69d-bcd91530d30f_1000.jpg!m_fill,w_280,h_210,f_jpg?from=ke.com
20241030,朝阳,国展,101125455444,左家庄东里 3室1厅 东 南 北,695万,80033元/平,底层 (共20层) | 1994年 | 3室1厅 | 86.84平米 | 东 南 北,https://ke-image.ljcdn.com/110000-inspection/pc1_76Wi6B46v.jpg!m_fill,w_280,h_210,f_jpg?from=ke.com
20241030,朝阳,国展,101125441483,2008年建成 民水民电 满五唯一 精装修,287万,42538元/平,中楼层 (共20层) | 2008年 | 1室1厅 | 67.47平米 | 东北,https://ke-image.ljcdn.com/110000-inspection/pc1_kEjQQovrL.jpg!m_fill,w_280,h_210,f_jpg?from=ke.com
20241030,朝阳,国展,101125397895,力鸿花园 6室2厅 东 西,1980万,72722元/平,顶层 (共12层) 6室2厅 | 272.27平米 | 东 西,https://ke-image.ljcdn.com/110000-inspection/275b3b70-5d30-4c42-8b8f-44f3ce6b4725_1000.jpg!m_fill,w_280,h_210,f_jpg?from=ke.com
20241030,朝阳,国展,101125349319,1号楼 高层 西南大两居 满五年唯一 双卫,1150万,78919元/平,高楼层 (共22层) | 1997年 | 2室1厅 | 145.72平米 | 南 西,https://ke-image.ljcdn.com/110000-inspection/pc1_Ph9ae6mM6_2.jpg!m_fill,w_280,h_210,f_jpg?from=ke.com
20241030,朝阳,国展,101125349305,电梯高层双南两居室 大客厅 双卫 满五年唯一,820万,79021元/平,高楼层 (共22层) | 1997年 | 2室1厅 | 103.77平米 | 南,https://ke-image.ljcdn.com/110000-inspection/pc1_ZRi9nIm6h_2.jpg!m_fill,w_280,h_210,f_jpg?from=ke.com
20241030,朝阳,国展,101125343040,本房南北通透 明厨明卫 南北双阳台 通风好 采光好,696万,74719元/平,低楼层 (共18层) | 1989年 | 3室1厅 | 93.15平米 | 南 北,https://ke-image.ljcdn.com/110000-inspection/820d041a-e974-4e94-a0e1-a312f4fad7cb_1000.jpg!m_fill,w_280,h_210,f_jpg?from=ke.com
20241030,朝阳,国展,101125328954,三元桥静安东里三居室公积金67-楼龄 近地铁房主自荐,399万,63344元/平,顶层 (共6层) | 1984年 | 3室1厅 | 62.99平米 | 西南 东北,https://ke-image.ljcdn.com/110000-inspection/0e2c3405-2e4a-4d93-aa38-9b7837891936_1000.jpg!m_fill,w_280,h_210,f_jpg?from=ke.com
20241030,朝阳,国展,101125316241,柳芳南里中间层南北两居室 小区安静,480万,80659元/平,中楼层 (共6层) 2室1厅 | 59.51平米 | 南 西 北,https://ke-image.ljcdn.com/110000-inspection/a4d81333-4c97-49b3-a985-351ab59fc65b_1000.jpg!m_fill,w_280,h_210,f_jpg?from=ke.com
20241030,朝阳,国展,101125313919,满五年 可以贷款中楼层采光视野好,430万,65172元/平,底层 (共6层) | 1990年 | 2室1厅 | 65.98平米 | 南 北,https://ke-image.ljcdn.com/110000-inspection/87296b5f-92d3-4216-a0fa-1a77df005b4c_1000.jpg!m_fill,w_280,h_210,f_jpg?from=ke.com
20241030,朝阳,国展,101125313365,柳芳南里 新上电梯南向一居室 户型方正诚意出售,285万,67376元/平,高楼层 (共18层) | 1990年 | 1室1厅 | 42.3平米 | 南,https://ke-image.ljcdn.com/110000-inspection/652e4d17-cd91-46a2-b058-712496822ba4_1000.jpg!m_fill,w_280,h_210,f_jpg?from=ke.com
20241030,朝阳,国展,101125302180,力鸿花园 2室1厅 西,750万,75249元/平,中楼层 (共24层) 2室1厅 | 99.67平米 | 西,https://ke-image.ljcdn.com/110000-inspection/pc1_75VcHjcvN.jpg!m_fill,w_280,h_210,f_jpg?from=ke.com
20241030,朝阳,国展,101125288358,东三环东直门外左家庄西街四室两厅两卫明厨明卫,570万,50834元/平,高楼层 (共7层) | 1994年 | 4室2厅 | 112.13平米 | 东 西,https://ke-image.ljcdn.com/110000-inspection/pc1_sxROHdmkS_2.jpg!m_fill,w_280,h_210,f_jpg?from=ke.com
20241030,朝阳,国展,101125280927,平墅四居一梯两户南北通透正对小区花园,1880万,85393元/平,高楼层 (共6层) 4室2厅 | 220.16平米 | 南 北,https://ke-image.ljcdn.com/110000-inspection/pc1_2WFTU8gwO.jpg!m_fill,w_280,h_210,f_jpg?from=ke.com
20241030,朝阳,国展,101125279078,二环边 优质两居室 诚意出售 可看花园,710万,77461元/平,中楼层 (共24层) 2室1厅 | 91.66平米 | 西,https://ke-image.ljcdn.com/110000-inspection/a98a3031-cf49-47b3-a84b-5025796156ce_1000.jpg!m_fill,w_280,h_210,f_jpg?from=ke.com
20241030,朝阳,国展,101125275956,二环边 全南户型 落地飘窗 采光视野好,1900万,76214元/平,高楼层 (共26层) 3室2厅 | 249.3平米 | 南,https://ke-image.ljcdn.com/110000-inspection/5c9b63a2-7379-4959-9497-e5566dc29830_1000.jpg!m_fill,w_280,h_210,f_jpg?from=ke.com
20241030,朝阳,国展,101125260035,静安里 3室1厅 南 北,535万,52069元/平,顶层 (共6层) | 1997年 | 3室1厅 | 102.75平米 | 南 北,https://ke-image.ljcdn.com/110000-inspection/pc1_PId7OG6ln_2.jpg!m_fill,w_280,h_210,f_jpg?from=ke.com
20241030,朝阳,国展,101125243571,柳芳北里 2室1厅 南,415万,72553元/平,高楼层 (共18层) | 1988年 | 2室1厅 | 57.2平米 | 南,https://ke-image.ljcdn.com/110000-inspection/4b45fe8e-4939-4a26-8dd6-4f6e7b16040a_1000.jpg!m_fill,w_280,h_210,f_jpg?from=ke.com
20241030,朝阳,国展,101125243323,力鸿花园两居室 东北二环边 小区环境好 生活便捷,799万,87841元/平,高楼层 (共24层) 2室1厅 | 90.96平米 | 东,https://ke-image.ljcdn.com/110000-inspection/pc1_X30emWoju_2.jpg!m_fill,w_280,h_210,f_jpg?from=ke.com
20241030,朝阳,国展,101125243043,柳芳北里两居室 公积金67-房龄 三元桥 东直门,308万,53399元/平,顶层 (共6层) | 1984年 | 2室1厅 | 57.68平米 | 南 北,https://ke-image.ljcdn.com/110000-inspection/ed9248c8-d618-4678-b171-998e50588b63_1000.jpg!m_fill,w_280,h_210,f_jpg?from=ke.com
20241030,朝阳,国展,101125187777,香河园中里新上南向一居户型方正业主诚心出售总价较低,220万,60308元/平,顶层 (共6层) | 1982年 | 1室1厅 | 36.48平米 | 南,https://ke-image.ljcdn.com/110000-inspection/dcb02842-0552-4bc8-b35c-5221685a74e4_1000.jpg!m_fill,w_280,h_210,f_jpg?from=ke.com
20241030,朝阳,国展,101125161614,国际友谊花园 新上大两居 满五年唯一 免费会所,998万,67882元/平,高楼层 (共18层) | 1998年 | 2室1厅 | 147.02平米 | 南 西,https://ke-image.ljcdn.com/110000-inspection/18ca586f-26d2-486a-83d5-ade4be43a137_1000.jpg!m_fill,w_280,h_210,f_jpg?from=ke.com
20241030,朝阳,国展,101125109986,香河园中里 3室1厅 东南 西北,426万,61955元/平,顶层 (共6层) | 1982年 | 3室1厅 | 68.76平米 | 东南 西北,https://ke-image.ljcdn.com/110000-inspection/pc1_vLU57c6vN.jpg!m_fill,w_280,h_210,f_jpg?from=ke.com
20241030,朝阳,国展,101125094471,力鸿花园2+1户型可做方正格局靠谱问定出售,850万,59936元/平,低楼层 (共24层) | 2000年 | 3室1厅 | 141.82平米 | 东南,https://ke-image.ljcdn.com/110000-inspection/ea982ce7-45d7-4f02-89b4-232308458693_1000.jpg!m_fill,w_280,h_210,f_jpg?from=ke.com
20241030,朝阳,国展,101125086880,国际友谊花园新上大两居 户型好满五唯一 私密会所,1098万,73940元/平,高楼层 (共16层) 2室2厅 | 148.5平米 | 南 西,https://ke-image.ljcdn.com/110000-inspection/b9e835b2-ea1d-4b86-9dd6-e78ffb2f943c_1000.jpg!m_fill,w_280,h_210,f_jpg?from=ke.com
20241030,朝阳,国展,101125083414,左家庄北里一层 南北通透 交通生活便捷 满五年唯一房主自荐,365万,58251元/平,底层 (共6层) | 1990年 | 2室1厅 | 62.66平米 | 南 北,https://ke-image.ljcdn.com/110000-inspection/00144861-6a2d-4759-ae99-cf2d29775013_1000.jpg!m_fill,w_280,h_210,f_jpg?from=ke.com
20241030,朝阳,国展,101125059376,08年商品房业主重新装修过看房有钥匙随时签约,298万,44168元/平,高楼层 (共20层) | 2008年 | 1室1厅 | 67.47平米 | 东北,https://ke-image.ljcdn.com/110000-inspection/8860f68f-17e6-45fb-aba1-5917cfaf704e_1000.jpg!m_fill,w_280,h_210,f_jpg?from=ke.com
20241030,朝阳,国展,101125046071,三元桥静安里 双南两居 满五央产 管理好 交通便利,310万,54800元/平,底层 (共14层) | 1986年 | 2室1厅 | 56.57平米 | 西南,https://ke-image.ljcdn.com/110000-inspection/pc1_yP2GWTPgI.jpg!m_fill,w_280,h_210,f_jpg?from=ke.com
20241030,朝阳,国展,101124986412,首付65万 国家旅游局宿舍 户型方正 采光好有坡顶,429万,56664元/平,顶层 (共6层) | 1984年 | 3室1厅 | 75.71平米 | 西南 东北,https://ke-image.ljcdn.com/110000-inspection/pc1_TW8enMP2S.jpg!m_fill,w_280,h_210,f_jpg?from=ke.com
20241030,朝阳,国展,101124903677,豪成大厦 4室1厅 南,850万,50329元/平,高楼层 (共25层) 4室1厅 | 168.89平米 | 南,https://ke-image.ljcdn.com/110000-inspection/ce5859e1-a6cd-41c1-9a87-580ca11ec4b5_1000.jpg!m_fill,w_280,h_210,f_jpg?from=ke.com
20241030,朝阳,国展,101124894222,2008年小区楼龄新精装修拎包入住随时签约,290万,50958元/平,高楼层 (共20层) | 2008年 | 1室1厅 | 56.91平米 | 西南,https://ke-image.ljcdn.com/110000-inspection/aa5330a9-9b08-48ca-907d-faf92de7c8d7_1000.jpg!m_fill,w_280,h_210,f_jpg?from=ke.com
20241030,朝阳,国展,101124827504,公积金可贷26年！ 三居室 不临街 满五年唯一,430万,68265元/平,中楼层 (共6层) | 1983年 | 3室1厅 | 62.99平米 | 西南 东北,https://ke-image.ljcdn.com/110000-inspection/2bf4c58e-bc35-44de-aeed-2ce7acf606de_1000.jpg!m_fill,w_280,h_210,f_jpg?from=ke.com
20241030,朝阳,国展,101124824995,瑞福楼 3室2厅 南 北,1288万,65385元/平,高楼层 (共14层) 3室2厅 | 196.99平米 | 南 北,https://ke-image.ljcdn.com/110000-inspection/ec32ef89-0d99-491f-82b2-47eb266bdfc3_1000.jpg!m_fill,w_280,h_210,f_jpg?from=ke.com
20241030,朝阳,国展,101124815088,林达大厦 3室2厅 东,1190万,65998元/平,顶层 (共25层) | 1999年 | 3室2厅 | 180.31平米 | 东,https://ke-image.ljcdn.com/110000-inspection/pc1_zjvooU0OK.jpg!m_fill,w_280,h_210,f_jpg?from=ke.com
20241030,朝阳,国展,101124763810,柳芳北里 小三居低于同户型20万户型方正 随时可看,405万,64032元/平,底层 (共16层) | 1987年 | 3室1厅 | 63.25平米 | 西 西北,https://ke-image.ljcdn.com/110000-inspection/pc1_rD29ZzDtD.jpg!m_fill,w_280,h_210,f_jpg?from=ke.com
20241030,朝阳,国展,101124738977,满五年唯一中楼层无遮挡民水电,259万,38388元/平,中楼层 (共20层) | 2008年 | 1室1厅 | 67.47平米 | 东北,https://ke-image.ljcdn.com/110000-inspection/c268840a-8839-44ca-941c-731b3c171db7_1000.jpg!m_fill,w_280,h_210,f_jpg?from=ke.com
20241030,朝阳,国展,101124718782,地铁左家庄站旁  正南电梯一居室 业主诚心出售,268万,60854元/平,中楼层 (共16层) | 1981年 | 1室1厅 | 44.04平米 | 南,https://ke-image.ljcdn.com/110000-inspection/59ec3051-98f5-44f7-81a2-aa43523a65b2_1000.jpg!m_fill,w_280,h_210,f_jpg?from=ke.com
20241030,朝阳,国展,101124681050,柳芳南里电梯精装全明户型格局俩室,409万,64248元/平,中楼层 (共18层) 2室1厅 | 63.66平米 | 东北,https://ke-image.ljcdn.com/110000-inspection/pc1_c4HnfCNV4_1.jpg!m_fill,w_280,h_210,f_jpg?from=ke.com
20241030,朝阳,国展,101124661037,柳芳北里 南北通透婚房精装修 小区内部不临街采光好,345万,59813元/平,高楼层 (共6层) 2室1厅 | 57.68平米 | 南 北,https://ke-image.ljcdn.com/110000-inspection/ddcc595a-b154-442a-81a8-d7ded72ecd3e_1000.jpg!m_fill,w_280,h_210,f_jpg?from=ke.com
20241030,朝阳,国展,101124615256,东北二环边浩鸿园跃层六居室 满五年唯一,1880万,66900元/平,底层 (共16层) | 2002年 | 6室2厅 | 281.02平米 | 南 西 北,https://ke-image.ljcdn.com/110000-inspection/cb304644-2a4c-4f13-a20d-5698cce3f3c8_1000.jpg!m_fill,w_280,h_210,f_jpg?from=ke.com
20241030,朝阳,国展,101124534843,豪成大厦 1室1厅 东,235万,47716元/平,低楼层 (共25层) 1室1厅 | 49.25平米 | 东,https://ke-image.ljcdn.com/110000-inspection/88ace953-ee15-4fa2-bf90-4e2e5afdeead_1000.jpg!m_fill,w_280,h_210,f_jpg?from=ke.com
20241030,朝阳,国展,101124532002,东直门外 南北通透的大复式 双卫设计 满五年唯一！房主自荐,695万,46960元/平,顶层 (共6层) 4室2厅 | 148平米 | 南 北,https://ke-image.ljcdn.com/110000-inspection/b993047a-d0f1-48d1-be2e-9935edf1aa91_1000.jpg!m_fill,w_280,h_210,f_jpg?from=ke.com
20241030,朝阳,国展,101124491868,带大客厅两居 楼龄新 正南正北 17号地铁左家庄站,345万,53539元/平,高楼层 (共6层) | 1992年 | 2室1厅 | 64.44平米 | 南 北,https://ke-image.ljcdn.com/110000-inspection/pc1_AhQwIHoBF_2.jpg!m_fill,w_280,h_210,f_jpg?from=ke.com
20241030,朝阳,国展,101124475293,满两年 东西通透三居室 双阳台 双外飘窗,998万,75145元/平,高楼层 (共12层) 3室2厅 | 132.81平米 | 东 西,https://ke-image.ljcdn.com/110000-inspection/a647cc04-45c6-41f0-a5fc-0bd48917ccde_1000.jpg!m_fill,w_280,h_210,f_jpg?from=ke.com
20241030,朝阳,国展,101124357705,西南向 满五唯一 中高层 随时可看 保持好 装修好,1066万,75166元/平,中楼层 (共24层) 2室1厅 | 141.82平米 | 南 西,https://ke-image.ljcdn.com/110000-inspection/6326d73d-d18e-4eef-a147-b39cb5485b6c_1000.jpg!m_fill,w_280,h_210,f_jpg?from=ke.com
20241030,朝阳,国展,101124333486,国家旅游局宿舍 可视门禁 精装修 有停车位,485万,87609元/平,低楼层 (共18层) | 1989年 | 2室1厅 | 55.36平米 | 东南,https://ke-image.ljcdn.com/110000-inspection/12aaafcd-249f-485e-baa0-a2f8c12f650f_1000.jpg!m_fill,w_280,h_210,f_jpg?from=ke.com
20241030,朝阳,国展,101124312851,中信家属楼  一层两户 楼道干净 22㎡客厅有窗户,611万,68185元/平,中楼层 (共7层) 2室1厅 | 89.61平米 | 东南 西北,https://ke-image.ljcdn.com/110000-inspection/60aa8264-369a-491f-8fe2-fa8e5d0ce770_1000.jpg!m_fill,w_280,h_210,f_jpg?from=ke.com
20241030,朝阳,国展,101124227108,左家庄北里 95年带电梯带明厅东南两居室 满五唯一房主自荐,439万,66135元/平,高楼层 (共20层) 2室1厅 | 66.38平米 | 东南 南 东,https://ke-image.ljcdn.com/110000-inspection/68e3ecae-e3ee-4f51-9f7c-245baafe8dbe_1000.jpg!m_fill,w_280,h_210,f_jpg?from=ke.com
20241030,朝阳,国展,101124189808,力鸿花园 华润部长楼 板楼两梯三户 正对花园,1320万,78755元/平,中楼层 (共12层) | 1997年 | 3室2厅 | 167.61平米 | 东 西,https://ke-image.ljcdn.com/110000-inspection/58d003e7-4209-4ba8-90f5-2e931c39d915_1000.jpg!m_fill,w_280,h_210,f_jpg?from=ke.com
20241030,朝阳,国展,101124178229,柳芳北里 精装一居室 满五年唯一 带电梯 诚心出售,289万,69976元/平,高楼层 (共14层) | 1988年 | 1室1厅 | 41.3平米 | 南 北,https://ke-image.ljcdn.com/110000-inspection/0edf7ea3-2d2b-4bed-91f8-05989eff3cf2_1000.jpg!m_fill,w_280,h_210,f_jpg?from=ke.com
20241030,朝阳,国展,101124112189,国际友谊花园 双卫 大两局 满五年 带车位,980万,66658元/平,低楼层 (共18层) | 1998年 | 2室1厅 | 147.02平米 | 西 北,https://ke-image.ljcdn.com/110000-inspection/pc1_24t8msIXT_1.jpg!m_fill,w_280,h_210,f_jpg?from=ke.com
20241030,朝阳,国展,101124103117,贸促会 管理好 精装两居室 全明格局 满五年唯一,448万,69826元/平,高楼层 (共14层) 2室1厅 | 64.16平米 | 南,https://ke-image.ljcdn.com/110000-inspection/ccdc62b4-672f-48bf-89d4-115675968d89_1000.jpg!m_fill,w_280,h_210,f_jpg?from=ke.com
20241030,朝阳,国展,101123999389,力鸿花园 满五年唯一 高楼层采光好 小区环境好,406万,87463元/平,高楼层 (共24层) | 1998年 | 1室1厅 | 46.42平米 | 北,https://ke-image.ljcdn.com/110000-inspection/f40610b0-bc1e-4d0b-88a5-d7175539258c_1000.jpg!m_fill,w_280,h_210,f_jpg?from=ke.com
20241030,朝阳,国展,101123979416,豪成大厦 楼龄新满五年落地窗看房方便,580万,48954元/平,低楼层 (共25层) | 2008年 | 1室1厅 | 118.48平米 | 西北,https://ke-image.ljcdn.com/110000-inspection/78c9186b-ca51-4711-9a87-98a085f481b3_1000.jpg!m_fill,w_280,h_210,f_jpg?from=ke.com
20241030,朝阳,国展,101123766657,柳芳南里 双南大两居 中间层 采光视野好,536万,64633元/平,中楼层 (共18层) 2室1厅 | 82.93平米 | 南,https://ke-image.ljcdn.com/110000-inspection/0f09f87f-f117-4acb-b1b7-4ce296505261_1000.jpg!m_fill,w_280,h_210,f_jpg?from=ke.com
20241030,朝阳,国展,101123766421,林达大厦 东土城路8号  大三居,880万,46914元/平,低楼层 (共25层) | 2000年 | 4室1厅 | 187.58平米 | 西,https://ke-image.ljcdn.com/110000-inspection/cb68b161-2472-4b2f-a026-9bb84d2ff9bb_1000.jpg!m_fill,w_280,h_210,f_jpg?from=ke.com
20241030,朝阳,国展,101123694607,豪成大厦楼龄新满五年楼层好看房方便,550万,46328元/平,中楼层 (共25层) 2室1厅 | 118.72平米 | 西,https://ke-image.ljcdn.com/110000-inspection/8d7cb516-9242-4198-8d0a-dc63414a30ae_1000.jpg!m_fill,w_280,h_210,f_jpg?from=ke.com
20241030,朝阳,国展,101123640100,东南向小三居 明厨双明卫 实景花园 采光好,909万,64592元/平,低楼层 (共24层) 3室1厅 | 140.73平米 | 东南,https://ke-image.ljcdn.com/110000-inspection/60bace0c-aff9-4f70-b73f-173fe2972846_1000.jpg!m_fill,w_280,h_210,f_jpg?from=ke.com
20241030,朝阳,国展,101123634839,楼龄新双卫单价低居室多正南正北通透,668万,50541元/平,顶层 (共6层) | 1994年 | 3室1厅 | 132.17平米 | 南 北,https://ke-image.ljcdn.com/110000-inspection/911976eb-94f8-4abd-8b89-a53c61fd86b3_1000.jpg!m_fill,w_280,h_210,f_jpg?from=ke.com
20241030,朝阳,国展,101123624067,豪成大厦 2室1厅 西,560万,48675元/平,中楼层 (共25层) 2室1厅 | 115.05平米 | 西,https://ke-image.ljcdn.com/110000-inspection/87a6ec03-36cf-443a-aab1-5752a8ac5de5_1000.jpg!m_fill,w_280,h_210,f_jpg?from=ke.com
20241030,朝阳,国展,101123540108,满五年家庭唯一住房精装修拎包入住双南朝向无遮挡,475万,69967元/平,中楼层 (共14层) | 1988年 | 2室1厅 | 67.89平米 | 南,https://ke-image.ljcdn.com/110000-inspection/c5f7445b-6ccc-420a-8ea9-8c471c3bd088_1000.jpg!m_fill,w_280,h_210,f_jpg?from=ke.com
20241030,朝阳,国展,101123532726,满五年唯一 中间楼层采光好 不临街 中海油三居室房主自荐,575万,79300元/平,中楼层 (共6层) | 1987年 | 3室1厅 | 72.51平米 | 南 北,https://ke-image.ljcdn.com/110000-inspection/26f26a2f-6acc-4d2f-a3c0-8fc67622c066_1000.jpg!m_fill,w_280,h_210,f_jpg?from=ke.com
20241030,朝阳,国展,101123318308,左家庄北里 3室1厅 东南,640万,60202元/平,顶层 (共6层) 3室1厅 | 106.31平米 | 东南,https://ke-image.ljcdn.com/110000-inspection/f8f54e21-c53a-492a-88dc-ab0e1899f059_1000.jpg!m_fill,w_280,h_210,f_jpg?from=ke.com
20241030,朝阳,国展,101123296172,单价3.89万满五年唯一看房随时有车位,385万,38964元/平,低楼层 (共20层) | 2008年 | 1室1厅 | 98.81平米 | 东南,https://ke-image.ljcdn.com/110000-inspection/2a4bdb0f-458f-4c6e-9e2b-24278a735174_1000.jpg!m_fill,w_280,h_210,f_jpg?from=ke.com
20241030,朝阳,国展,101123290421,国际友谊花园 中间层 双南两居 双卫设计 有会所,799万,76321元/平,中楼层 (共18层) | 1998年 | 2室1厅 | 104.69平米 | 南,https://ke-image.ljcdn.com/110000-inspection/75c454b9-4d61-4c14-bdc2-88ba54dc9e31_1000.jpg!m_fill,w_280,h_210,f_jpg?from=ke.com
20241030,朝阳,国展,101123280423,左家庄南里 2室1厅 南,420万,69365元/平,中楼层 (共6层) | 1996年 | 2室1厅 | 60.55平米 | 南,https://ke-image.ljcdn.com/110000-inspection/f48d0d96-b78b-41d2-9ae5-ec973fd54df7_1000.jpg!m_fill,w_280,h_210,f_jpg?from=ke.com
20241030,朝阳,国展,101123256197,左家庄东里 2室1厅 东南,615万,57790元/平,顶层 (共6层) 2室1厅 | 106.42平米 | 东南,https://ke-image.ljcdn.com/110000-inspection/dcd94aea-ec47-4b62-83b5-9e5eba7b744f_1000.jpg!m_fill,w_280,h_210,f_jpg?from=ke.com
20241030,朝阳,国展,101123170850,力鸿花园华润央产全采光3居2卫居住舒适温馨之选,1160万,89645元/平,低楼层 (共24层) 3室1厅 | 129.4平米 | 东南,https://ke-image.ljcdn.com/110000-inspection/pc1_Uo5IpGHNz_2.jpg!m_fill,w_280,h_210,f_jpg?from=ke.com
20241030,朝阳,国展,101123119800,2008年 MASTER领域民水民电 楼龄新管理好,499万,42530元/平,中楼层 (共20层) | 2008年 | 2室1厅 | 117.33平米 | 东南,https://ke-image.ljcdn.com/110000-inspection/pc1_TC4tZcsdp.jpg!m_fill,w_280,h_210,f_jpg?from=ke.com
20241030,朝阳,国展,101123113962,东直门外 1993年板楼二层精装修南向一居室 拎包入住,315万,71951元/平,低楼层 (共6层) 1室1厅 | 43.78平米 | 南,https://ke-image.ljcdn.com/110000-inspection/7e3dec0c-f1b2-427f-8c3e-715c1dee12e9_1000.jpg!m_fill,w_280,h_210,f_jpg?from=ke.com
20241030,朝阳,国展,101123089967,豪成大厦 1室1厅 东,245万,49747元/平,高楼层 (共25层) 1室1厅 | 49.25平米 | 东,https://ke-image.ljcdn.com/110000-inspection/54bd57ea-e815-4bcd-9d93-6265511abb77_1000.jpg!m_fill,w_280,h_210,f_jpg?from=ke.com
20241030,朝阳,国展,101123068791,三环内高楼层视野好24小时门卫带休闲会所,513万,60847元/平,高楼层 (共16层) 1室1厅 | 84.31平米 | 北,https://ke-image.ljcdn.com/110000-inspection/208729a6-03ae-4935-8ef3-16e99e7b8393_1000.jpg!m_fill,w_280,h_210,f_jpg?from=ke.com
20241030,朝阳,国展,101123043526,公积金可贷30年柳芳满五年唯一正南北采光好,310万,54168元/平,顶层 (共6层) | 1987年 | 2室1厅 | 57.23平米 | 南 北,https://ke-image.ljcdn.com/110000-inspection/6ba04c02-6771-4d02-967d-826941ad3cb4_1000.jpg!m_fill,w_280,h_210,f_jpg?from=ke.com
20241030,朝阳,国展,101122991196,东直门边 地铁17 精装跃层 满五唯一 看房方便房主自荐,729万,68503元/平,顶层 (共6层) 3室1厅 | 106.42平米 | 东南,https://ke-image.ljcdn.com/110000-inspection/006bcccf-0f9f-499a-a541-4fdb09652279_1000.jpg!m_fill,w_280,h_210,f_jpg?from=ke.com
20241030,朝阳,国展,101122974034,左家庄 全明两居室 南北通透 采光视野好 安静不临街,350万,61404元/平,高楼层 (共6层) 2室1厅 | 57平米 | 南 北,https://ke-image.ljcdn.com/110000-inspection/7dd92e4e-bdb0-4985-9f34-ca00aeb9861a_1000.jpg!m_fill,w_280,h_210,f_jpg?from=ke.com
20241030,朝阳,国展,101122966337,房子满五唯一双卫精装修大客厅中间层,420万,68842元/平,中楼层 (共6层) | 1992年 | 2室1厅 | 61.01平米 | 南 北,https://ke-image.ljcdn.com/110000-inspection/8fe74525-a57f-4e51-a118-cc30e219d393_1000.jpg!m_fill,w_280,h_210,f_jpg?from=ke.com
20241030,朝阳,国展,101122964222,民水电能贷款价能谈满五唯一,268万,47092元/平,中楼层 (共20层) | 2008年 | 1室1厅 | 56.91平米 | 西南,https://ke-image.ljcdn.com/110000-inspection/b0572e92-04f1-4730-af6b-61d075778372_1000.jpg!m_fill,w_280,h_210,f_jpg?from=ke.com
20241030,朝阳,国展,101122963901,东直门外 力鸿花园 通透三居室 7000平米花园小区,1098万,79566元/平,高楼层 (共24层) 3室2厅 | 138平米 | 东南 西北,https://ke-image.ljcdn.com/110000-inspection/f0c25a9f-e698-4958-ba66-5120f37a0503_1000.jpg!m_fill,w_280,h_210,f_jpg?from=ke.com
20241030,朝阳,国展,101122962483,芳馨园 前后花园 东直门外 大一居室 落地窗,545万,84183元/平,低楼层 (共23层) | 2002年 | 1室1厅 | 64.74平米 | 北,https://ke-image.ljcdn.com/110000-inspection/pc1_wCbRdXLAb_2.jpg!m_fill,w_280,h_210,f_jpg?from=ke.com
20241030,朝阳,国展,101122962134,此房满五唯一高楼层视野好小区环境好！,370万,64393元/平,高楼层 (共6层) | 1984年 | 2室1厅 | 57.46平米 | 南 北,https://ke-image.ljcdn.com/110000-inspection/97a41b21-6949-4884-9b17-d285ccb80ad2_1000.jpg!m_fill,w_280,h_210,f_jpg?from=ke.com
20241030,朝阳,国展,101122959974,左家庄 南北三居室 满五年 两南一北 户型方正,460万,67410元/平,顶层 (共6层) | 1980年 | 3室1厅 | 68.24平米 | 南 北,https://ke-image.ljcdn.com/110000-inspection/cd68668e-7db5-455a-aa57-57c67f70ceaf_1000.jpg!m_fill,w_280,h_210,f_jpg?from=ke.com
20241030,朝阳,国展,101122959902,东北二环外 左家庄西街 东西通透 满五年唯一 四居室,570万,52749元/平,高楼层 (共7层) 4室2厅 | 108.06平米 | 东 西,https://ke-image.ljcdn.com/110000-inspection/pc1_c1x8o5HIL.jpg!m_fill,w_280,h_210,f_jpg?from=ke.com
20241030,朝阳,国展,101122949104,MASTER领域 2室1厅 东南,439万,37416元/平,低楼层 (共20层) | 2008年 | 2室1厅 | 117.33平米 | 东南,https://ke-image.ljcdn.com/110000-inspection/a99d74e9-e828-457a-8544-f89e24e5bf24_1000.jpg!m_fill,w_280,h_210,f_jpg?from=ke.com
20241030,朝阳,国展,101122911062,MASTER领域 1室1厅 东北,294.5万,43650元/平,低楼层 (共20层) | 2008年 | 1室1厅 | 67.47平米 | 东北,https://ke-image.ljcdn.com/110000-inspection/pc1_skzBf01FP_1.jpg!m_fill,w_280,h_210,f_jpg?from=ke.com
20241030,朝阳,国展,101122859761,东北二环边 2008年社区 落地窗 采光好 交通生活便捷,350万,57671元/平,低楼层 (共25层) | 2008年 | 1室1厅 | 60.69平米 | 东,https://ke-image.ljcdn.com/110000-inspection/ba3b1e27-739f-41fd-9c27-7cdfdd37e35b_1000.jpg!m_fill,w_280,h_210,f_jpg?from=ke.com
20241030,朝阳,国展,101122830368,三环内满五年唯一双位设计。户型方正随时签约,1150万,72278元/平,高楼层 (共22层) | 1997年 | 3室1厅 | 159.11平米 | 东 北,https://ke-image.ljcdn.com/110000-inspection/f658554f-5eaf-4bdd-ac4a-20a81564c199_1000.jpg!m_fill,w_280,h_210,f_jpg?from=ke.com
20241030,朝阳,国展,101122752773,左家庄南里顶层复式三居室南北向精装修,703万,54901元/平,顶层 (共6层) 3室2厅 | 128.05平米 | 南 北,https://ke-image.ljcdn.com/110000-inspection/a658d1fa-76a8-43e1-aab0-3a04b67b8d16_1000.jpg!m_fill,w_280,h_210,f_jpg?from=ke.com
20241030,朝阳,国展,101122703940,三环内 满五年唯一商品房精装修三居室产权清晰,1100万,68125元/平,低楼层 (共18层) | 1998年 | 3室1厅 | 161.47平米 | 东 南,https://ke-image.ljcdn.com/110000-inspection/30def155-d000-4af4-8703-f7852ad9ebef_1000.jpg!m_fill,w_280,h_210,f_jpg?from=ke.com
20241030,朝阳,国展,101122617404,柳芳北里 南向电梯明厨明卫一居 精装修,320万,62906元/平,中楼层 (共16层) | 1987年 | 1室1厅 | 50.87平米 | 南,https://ke-image.ljcdn.com/110000-inspection/pc1_VdeKtHFxG_1.jpg!m_fill,w_280,h_210,f_jpg?from=ke.com
20241030,朝阳,国展,101122611845,08年小区MASTER领域落地窗楼层高 采光视野,465万,39632元/平,高楼层 (共20层) | 2008年 | 2室1厅 | 117.33平米 | 西南,https://ke-image.ljcdn.com/110000-inspection/pc1_mj29Kb0gb_2.jpg!m_fill,w_280,h_210,f_jpg?from=ke.com
20241030,朝阳,国展,101122573742,浩鸿园 落地窗 户型方正两居室 满五年唯一,1049万,76542元/平,中楼层 (共16层) 2室1厅 | 137.05平米 | 西,https://ke-image.ljcdn.com/110000-inspection/f483cc01-93c5-41a1-9e09-9c2308c749f4_1000.jpg!m_fill,w_280,h_210,f_jpg?from=ke.com
20241030,朝阳,国展,101122572411,新天第 2室1厅 南,1018万,89803元/平,高楼层 (共29层) | 2000年 | 2室1厅 | 113.36平米 | 南,https://ke-image.ljcdn.com/110000-inspection/pc1_zf4crDbAA.jpg!m_fill,w_280,h_210,f_jpg?from=ke.com
20241030,朝阳,国展,101122569923,二环边 正对花园 三居室 满5年唯一 户型采光好,1510万,90091元/平,顶层 (共12层) 3室2厅 | 167.61平米 | 东 西,https://ke-image.ljcdn.com/110000-inspection/ce517de3-a88b-4a25-be8e-a5d9de32a5b6_1000.jpg!m_fill,w_280,h_210,f_jpg?from=ke.com
20241030,朝阳,国展,101122569464,二环边方正户型落地飘窗 采光好,1350万,84794元/平,低楼层 (共26层) | 2001年 | 3室1厅 | 159.21平米 | 南 西南,https://ke-image.ljcdn.com/110000-inspection/5edd5ed2-834e-4d3f-9a27-cb592056660f_1000.jpg!m_fill,w_280,h_210,f_jpg?from=ke.com
20241030,朝阳,国展,101122544875,满五年唯一 有电梯 正南向 视野采光很好,300万,70822元/平,顶层 (共14层) | 1988年 | 1室1厅 | 42.36平米 | 南,https://ke-image.ljcdn.com/110000-inspection/pc1_uMG5mLeSL_1.jpg!m_fill,w_280,h_210,f_jpg?from=ke.com
20241030,朝阳,国展,101122517732,左家庄一层 两居室 户型方正 出行方便,368万,74479元/平,底层 (共6层) 2室1厅 | 49.41平米 | 西南,https://ke-image.ljcdn.com/110000-inspection/pc1_l1Nj7aQg0_2.jpg!m_fill,w_280,h_210,f_jpg?from=ke.com
20241030,朝阳,国展,101122452586,左家庄北里 1室1厅 东南房主自荐,330万,82542元/平,底层 (共6层) 1室1厅 | 39.98平米 | 东南,https://ke-image.ljcdn.com/110000-inspection/ec260821-1d1b-4e55-9896-5d37c0951d6e_1000.jpg!m_fill,w_280,h_210,f_jpg?from=ke.com
20241030,朝阳,国展,101122337668,满五年 香河园中里 南向 电梯楼 独立社区独立管理,380万,66007元/平,高楼层 (共16层) | 1981年 | 2室0厅 | 57.57平米 | 南,https://ke-image.ljcdn.com/110000-inspection/17353169-1a14-47c0-af8b-49fca3fd0b9a_1000.jpg!m_fill,w_280,h_210,f_jpg?from=ke.com
20241030,朝阳,国展,101122337439,力鸿花园 明厨明卫 满五年唯一 经典一居室,445万,84843元/平,低楼层 (共24层) 1室1厅 | 52.45平米 | 北,https://ke-image.ljcdn.com/110000-inspection/pc1_4K5acyXCR_2.jpg!m_fill,w_280,h_210,f_jpg?from=ke.com
20241030,朝阳,国展,101122337433,满五唯一精装修三面朝南整个小区就2套此户型。房主自荐,550万,76496元/平,底层 (共14层) | 1986年 | 2室2厅 | 71.9平米 | 南 北,https://ke-image.ljcdn.com/110000-inspection/4d362ef3-1179-4bca-a37e-0c2d828df5be_1000.jpg!m_fill,w_280,h_210,f_jpg?from=ke.com
20241030,朝阳,国展,101122268190,国际友谊花园 正规四居室 双卫设计 精装修看房方便,1330万,71333元/平,高楼层 (共18层) | 1998年 | 4室1厅 | 186.45平米 | 东北,https://ke-image.ljcdn.com/110000-inspection/cb884803-cd05-4e0d-9fb3-56113c855ce2_1000.jpg!m_fill,w_280,h_210,f_jpg?from=ke.com
20241030,朝阳,国展,101122217024,豪成大厦 4室1厅 西南,938万,55540元/平,低楼层 (共25层) 4室1厅 | 168.89平米 | 西南,https://ke-image.ljcdn.com/110000-inspection/pc1_R87c2ucDk.jpg!m_fill,w_280,h_210,f_jpg?from=ke.com
20241030,朝阳,国展,101122216091,北二环外东土城路林达大厦东向三居室,915万,47617元/平,中楼层 (共25层) 3室2厅 | 192.16平米 | 东,https://ke-image.ljcdn.com/110000-inspection/pc1_3NBeK0Wtg_1.jpg!m_fill,w_280,h_210,f_jpg?from=ke.com
20241030,朝阳,国展,101122216039,北二环外东土城路林达大厦东南三居三居室双卫,949万,47531元/平,中楼层 (共25层) 3室2厅 | 199.66平米 | 东南,https://ke-image.ljcdn.com/110000-inspection/2ce6b6da-a7cb-4455-8977-a26993cb1474_1000.jpg!m_fill,w_280,h_210,f_jpg?from=ke.com
20241030,朝阳,国展,101122122082,豪成大厦 2室1厅 南 西,306万,49571元/平,低楼层 (共25层) 2室1厅 | 61.73平米 | 南 西,https://ke-image.ljcdn.com/110000-inspection/pc1_RT5ram4ZP_2.jpg!m_fill,w_280,h_210,f_jpg?from=ke.com
20241030,朝阳,国展,101122082972,左家庄北里 南北通透3居 带客厅 看房方便 价格可谈,400万,60414元/平,顶层 (共6层) | 1983年 | 3室1厅 | 66.21平米 | 南 北,https://ke-image.ljcdn.com/110000-inspection/pc1_YDgdFG2HR.jpg!m_fill,w_280,h_210,f_jpg?from=ke.com
20241030,朝阳,国展,101121880630,左家庄中街6号院二环外大平层南向精装四居价格可谈房主自荐,998万,59089元/平,低楼层 (共25层) 4室1厅 | 168.9平米 | 南 西,https://ke-image.ljcdn.com/110000-inspection/pc1_DbObzSGw4_2.jpg!m_fill,w_280,h_210,f_jpg?from=ke.com
20241030,朝阳,国展,101121831546,三环内满五年高2.8米有钥匙 随时签约,369万,56080元/平,中楼层 (共5层) 2室1厅 | 65.8平米 | 西南,https://ke-image.ljcdn.com/110000-inspection/dc89fbb3-e81f-400b-8e16-aa6eb6c8c6e6_1000.jpg!m_fill,w_280,h_210,f_jpg?from=ke.com
20241030,朝阳,国展,101121830700,MASTER领域 1室1厅 东北,315万,46688元/平,中楼层 (共20层) | 2008年 | 1室1厅 | 67.47平米 | 东北,https://ke-image.ljcdn.com/110000-inspection/97445e26-38ca-48a3-a4c2-57c93b900b8e_1000.jpg!m_fill,w_280,h_210,f_jpg?from=ke.com
20241030,朝阳,国展,101121819746,左家庄东里 小区有车位  上下2层复式格局面积大单价低房主自荐,550万,51683元/平,顶层 (共6层) 3室1厅 | 106.42平米 | 南 北,https://ke-image.ljcdn.com/110000-inspection/b9332b29-5791-4b12-84d7-c5fec88e884b_1000.jpg!m_fill,w_280,h_210,f_jpg?from=ke.com
20241030,朝阳,国展,101121728078,二环边 柳芳北里 满五唯一 精装修 中海油管理好一居,325万,74748元/平,高楼层 (共18层) 1室1厅 | 43.48平米 | 南,https://ke-image.ljcdn.com/110000-inspection/252e0c90-0b80-46d5-8159-a81dbdf1328a_1000.jpg!m_fill,w_280,h_210,f_jpg?from=ke.com
20241030,朝阳,国展,101121501583,空中别墅、采光视野棒棒哒、满五唯一、看房随时,3500万,88286元/平,顶层 (共23层) 7室3厅 | 396.44平米 | 东 南,https://ke-image.ljcdn.com/110000-inspection/5490a0c5-b27c-4358-a791-574c63e19869_1000.jpg!m_fill,w_280,h_210,f_jpg?from=ke.com
20241030,朝阳,国展,101121494541,豪成大厦 2室1厅 南,695万,63686元/平,中楼层 (共25层) | 2008年 | 2室1厅 | 109.13平米 | 南,https://ke-image.ljcdn.com/110000-inspection/7f1601bb-8bcc-4877-a06d-0e8b4810da0a_1000.jpg!m_fill,w_280,h_210,f_jpg?from=ke.com
20241030,朝阳,国展,101121297408,力鸿花园 两梯两户 通透户型 前后无遮挡 满五唯一,1898万,82865元/平,中楼层 (共12层) 4室2厅 | 229.05平米 | 东 西,https://ke-image.ljcdn.com/110000-inspection/94ec9f39-fc8c-4585-a58c-e20de7957185_1000.jpg!m_fill,w_280,h_210,f_jpg?from=ke.com
20241030,朝阳,国展,101121277248,林达大厦 3室1厅 东北,1390万,76766元/平,高楼层 (共25层) | 2000年 | 3室1厅 | 181.07平米 | 东北,https://ke-image.ljcdn.com/110000-inspection/3ed052b1-b627-4bbe-8f1f-881788f78cd8_1000.jpg!m_fill,w_280,h_210,f_jpg?from=ke.com
20241030,朝阳,国展,101121250027,左家庄北里1990年的明厨明卫明厅,310万,54177元/平,高楼层 (共6层) | 1990年 | 2室1厅 | 57.22平米 | 南 北,https://ke-image.ljcdn.com/110000-inspection/pc1_d4ywRC4qq.jpg!m_fill,w_280,h_210,f_jpg?from=ke.com
20241030,朝阳,国展,101121174584,满五年唯一 电梯高层 采光视野良好小区中间南北不临街,422万,71369元/平,顶层 (共14层) | 1987年 | 2室1厅 | 59.13平米 | 南,https://ke-image.ljcdn.com/110000-inspection/pc1_FKzVo4yIV.jpg!m_fill,w_280,h_210,f_jpg?from=ke.com
20241030,朝阳,国展,101121126703,方正户型管理好房况很好业主诚心出售满五年唯一,750万,72276元/平,高楼层 (共22层) | 1997年 | 2室1厅 | 103.77平米 | 北,https://ke-image.ljcdn.com/110000-inspection/d0417d32-a628-4462-bc50-32e85d602f3c_1000.jpg!m_fill,w_280,h_210,f_jpg?from=ke.com
20241030,朝阳,国展,101121079188,MASTER领域 1室1厅 东北,335万,50248元/平,低楼层 (共20层) | 2008年 | 1室1厅 | 66.67平米 | 东北,https://ke-image.ljcdn.com/110000-inspection/28aae317-832f-43f8-9353-99f62a0a365d_1000.jpg!m_fill,w_280,h_210,f_jpg?from=ke.com
20241030,朝阳,国展,101121031088,静安东里90年东南朝向客厅带窗户两居室,350万,57804元/平,中楼层 (共6层) | 1990年 | 2室1厅 | 60.55平米 | 东南,https://ke-image.ljcdn.com/110000-inspection/pc1_0SwPD1Lmb_1.jpg!m_fill,w_280,h_210,f_jpg?from=ke.com
20241030,朝阳,国展,101121012118,左家庄西街1号院有客厅户型方正三居室房主自荐,441万,61319元/平,高楼层 (共6层) | 1994年 | 3室1厅 | 71.92平米 | 东 西,https://ke-image.ljcdn.com/110000-inspection/pc1_J2K8citBH.jpg!m_fill,w_280,h_210,f_jpg?from=ke.com
20241030,朝阳,国展,101120986509,豪成大厦 1室1厅 东,300万,49432元/平,低楼层 (共25层) | 2008年 | 1室1厅 | 60.69平米 | 东,https://ke-image.ljcdn.com/110000-inspection/c0aa5ec3-8dfb-4950-b57d-693f12247d2a_1000.jpg!m_fill,w_280,h_210,f_jpg?from=ke.com
20241030,朝阳,国展,101120917831,力鸿花园  中间位置  南北通透  视野开阔  满五唯一,1750万,84833元/平,中楼层 (共12层) 4室2厅 | 206.29平米 | 南 北,https://ke-image.ljcdn.com/110000-inspection/38c398db-8634-4ced-87db-644f5b839231_1000.jpg!m_fill,w_280,h_210,f_jpg?from=ke.com
20241030,朝阳,国展,101120891359,明厨明卫户型 楼龄新 正南正北 满五唯一 精装修哦,445万,71717元/平,高楼层 (共6层) | 1994年 | 2室1厅 | 62.05平米 | 南 北,https://ke-image.ljcdn.com/110000-inspection/34015967-76b7-4823-a5e6-12fc5b17ec4f_1000.jpg!m_fill,w_280,h_210,f_jpg?from=ke.com
20241030,朝阳,国展,101120505166,左家庄东里 3室1厅 南,650万,61074元/平,顶层 (共6层) | 1995年 | 3室1厅 | 106.43平米 | 南,https://ke-image.ljcdn.com/110000-inspection/pc1_065ieZM3M.jpg!m_fill,w_280,h_210,f_jpg?from=ke.com
20241030,朝阳,国展,101120214420,左家庄北里   四居  复式精装修   地铁10号线,760万,51571元/平,顶层 (共6层) 3室1厅 | 147.37平米 | 南 北,https://ke-image.ljcdn.com/110000-inspection/pc1_tRT48dhJp.jpg!m_fill,w_280,h_210,f_jpg?from=ke.com
20241030,朝阳,国展,101119724342,MASTER领域 精装修2008年住宅,475万,83466元/平,高楼层 (共20层) | 2008年 | 1室1厅 | 56.91平米 | 西南,https://ke-image.ljcdn.com/110000-inspection/3f1b3063-8667-42c3-b48a-eec19d32228e_1000.jpg!m_fill,w_280,h_210,f_jpg?from=ke.com
20241030,朝阳,国展,101119475540,力鸿花园 全明格局三居 带大阳台 通透性好,1150万,83334元/平,中楼层 (共24层) | 2000年 | 3室2厅 | 138平米 | 西南 东北,https://ke-image.ljcdn.com/110000-inspection/19383bbe-5ec9-439f-83bd-d963be9e71fb_1000.jpg!m_fill,w_280,h_210,f_jpg?from=ke.com
20241030,朝阳,国展,101119381434,左家庄北里一居室带客厅 20平米空间大 板楼4层,370万,54718元/平,中楼层 (共6层) | 1994年 | 1室1厅 | 67.62平米 | 南,https://ke-image.ljcdn.com/110000-inspection/pc1_dJ7kMngFW_1.jpg!m_fill,w_280,h_210,f_jpg?from=ke.com
20241030,朝阳,国展,101119362243,MASTER领域 精装修一居室 满五年唯一 视野无遮挡,335万,49652元/平,高楼层 (共20层) | 2008年 | 1室1厅 | 67.47平米 | 东北,https://ke-image.ljcdn.com/110000-inspection/pc1_3ELPIQxbN_2.jpg!m_fill,w_280,h_210,f_jpg?from=ke.com
20241030,朝阳,国展,101118739634,好房子 左家庄北里 满五唯一 随时看房签约,359万,66941元/平,高楼层 (共6层) 2室1厅 | 53.63平米 | 南 北,https://ke-image.ljcdn.com/110000-inspection/pc1_kjcTjkb0g.jpg!m_fill,w_280,h_210,f_jpg?from=ke.com
20241030,朝阳,国展,101118610900,精装好房 柳芳北里社区双南向 不临街 无遮挡 随时签约,619万,75951元/平,中楼层 (共18层) 2室1厅 | 81.5平米 | 南,https://ke-image.ljcdn.com/110000-inspection/pc1_JIBs2QvJA_1.jpg!m_fill,w_280,h_210,f_jpg?from=ke.com
20241030,朝阳,国展,101117664569,力鸿花园东南三居报价合理居住舒适满五唯一,1365万,96912元/平,中楼层 (共24层) | 1998年 | 3室2厅 | 140.85平米 | 东南 东 南,https://ke-image.ljcdn.com/110000-inspection/pc1_tqqBLVhSv.jpg!m_fill,w_280,h_210,f_jpg?from=ke.com
20241030,朝阳,国展,101117422914,MASTER领域 70年产权 民水民电 可贷款随时签约,306万,52139元/平,中楼层 (共20层) | 2008年 | 1室1厅 | 58.69平米 | 西南,https://ke-image.ljcdn.com/110000-inspection/e16e2e3b-da4e-4d3d-81fa-3bff14d90bd3_1000.jpg!m_fill,w_280,h_210,f_jpg?from=ke.com
20241030,朝阳,国展,101117339526,国际友谊花园 1号楼独立一栋 全南正90度 不临街观小区房主自荐,788万,75938元/平,中楼层 (共22层) | 1998年 | 2室1厅 | 103.77平米 | 南,https://ke-image.ljcdn.com/110000-inspection/b52806db-fd13-4669-8903-309eeb6a780d_1000.jpg!m_fill,w_280,h_210,f_jpg?from=ke.com
20241030,朝阳,国展,101117049365,2008年社区 民水民电 70年产权  西南朝向 看房随时,240万,42172元/平,低楼层 (共20层) | 2008年 | 1室1厅 | 56.91平米 | 西南,https://ke-image.ljcdn.com/110000-inspection/pc1_skbdIpxPg.jpg!m_fill,w_280,h_210,f_jpg?from=ke.com
20241030,朝阳,国展,101116291749,MASTER领域 有钥匙 民水电 带衣帽间,538万,45854元/平,中楼层 (共20层) | 2008年 | 2室1厅 | 117.33平米 | 东南,https://ke-image.ljcdn.com/110000-inspection/65711d4e-13ff-492e-8c27-759db7908979_1000.jpg!m_fill,w_280,h_210,f_jpg?from=ke.com
20241030,朝阳,国展,101115223022,MASTER领域 2008年商品房 两房一本 节约资质房主自荐,595万,44360元/平,顶层 (共20层) | 2008年 | 2室2厅 | 134.13平米 | 东北,https://ke-image.ljcdn.com/110000-inspection/pc1_PPQJxUUHH.jpg!m_fill,w_280,h_210,f_jpg?from=ke.com
20241030,朝阳,国展,101115021665,三环内国展左家庄北里1990年南北通透2居精装满五唯一,330万,51298元/平,顶层 (共6层) | 1990年 | 2室1厅 | 64.33平米 | 南 北,https://ke-image.ljcdn.com/110000-inspection/49d09dba-db23-4552-8ad3-e92dd76d568d_1000.jpg!m_fill,w_280,h_210,f_jpg?from=ke.com
20241030,朝阳,国展,101114655308,满五唯一原始格局随时签约民水电有车位,440万,46705元/平,中楼层 (共20层) | 2008年 | 2室1厅 | 94.21平米 | 东北,https://ke-image.ljcdn.com/110000-inspection/pc1_NUSD3gWiQ_2.jpg!m_fill,w_280,h_210,f_jpg?from=ke.com
20241030,朝阳,国展,101114466933,国际友谊花园 1号楼东南角 三居看房便利 有意向随时！房主自荐,1000万,62692元/平,低楼层 (共22层) | 1997年 | 3室1厅 | 159.51平米 | 东南,https://ke-image.ljcdn.com/110000-inspection/81530faf-71f2-46bf-b3b4-fb0a5e951e24_1000.jpg!m_fill,w_280,h_210,f_jpg?from=ke.com
20241030,朝阳,国展,101127311722,柳芳北里 1室1厅 南新上,315万,72000元/平,中楼层 (共18层) | 1987年 | 1室1厅 | 43.75平米 | 南,https://s1.ljcdn.com/pegasus/redskull/images/common/default_house_list.png?_v=202410161653269
20241030,朝阳,国展,101127196099,香河园中里 2室1厅 南 北,299万,48500元/平,顶层 (共6层) 2室1厅 | 61.65平米 | 南 北,https://s1.ljcdn.com/pegasus/redskull/images/common/default_house_list.png?_v=202410161653269
20241030,朝阳,国展,101127175958,静安里 2室1厅 南 北,309万,54145元/平,中楼层 (共6层) 2室1厅 | 57.07平米 | 南 北,https://s1.ljcdn.com/pegasus/redskull/images/common/default_house_list.png?_v=202410161653269
20241030,朝阳,国展,101126953766,柳芳北里 双南向两居室 无遮挡 不临街 配套成熟,460万,67757元/平,高楼层 (共14层) | 1988年 | 2室1厅 | 67.89平米 | 南,https://s1.ljcdn.com/pegasus/redskull/images/common/default_house_list.png?_v=202410161653269
20241030,朝阳,国展,101126941424,左家庄北里 2室1厅 南 北,270万,47187元/平,顶层 (共6层) 2室1厅 | 57.22平米 | 南 北,https://s1.ljcdn.com/pegasus/redskull/images/common/default_house_list.png?_v=202410161653269
20241030,朝阳,国展,101126931452,力鸿花园 4室1厅 东 东南 南,1500万,61803元/平,高楼层 (共24层) | 1998年 | 4室1厅 | 242.71平米 | 东 东南 南,https://s1.ljcdn.com/pegasus/redskull/images/common/default_house_list.png?_v=202410161653269
20241030,朝阳,国展,101126796766,明厨明卫正南向一居室 采光充足 环境整洁且安静,245万,60450元/平,顶层 (共6层) | 1987年 | 1室1厅 | 40.53平米 | 南,https://s1.ljcdn.com/pegasus/redskull/images/common/default_house_list.png?_v=202410161653269
20241030,朝阳,国展,101126649204,MASTER领域 1室1厅 东北,298万,41522元/平,高楼层 (共20层) | 2008年 | 1室1厅 | 71.77平米 | 东北,https://s1.ljcdn.com/pegasus/redskull/images/common/default_house_list.png?_v=202410161653269
20241030,朝阳,国展,101126575951,力鸿花园 1室1厅 北,389万,74166元/平,低楼层 (共24层) 1室1厅 | 52.45平米 | 北,https://s1.ljcdn.com/pegasus/redskull/images/common/default_house_list.png?_v=202410161653269
20241030,朝阳,国展,101126229623,柳芳北里 新上300+ 南北通透两居室 户型方正,325万,56346元/平,高楼层 (共6层) 2室1厅 | 57.68平米 | 南 北,https://s1.ljcdn.com/pegasus/redskull/images/common/default_house_list.png?_v=202410161653269
20241030,朝阳,国展,101126200315,南北通透两居满五年唯一采光好低楼层价格便宜,390万,65536元/平,低楼层 (共6层) | 1993年 | 2室1厅 | 59.51平米 | 南 北,https://s1.ljcdn.com/pegasus/redskull/images/common/default_house_list.png?_v=202410161653269
20241030,朝阳,国展,101125761364,柳芳南里 3室1厅 南 北 西,640万,79326元/平,高楼层 (共18层) 3室1厅 | 80.68平米 | 南 北 西,https://s1.ljcdn.com/pegasus/redskull/images/common/default_house_list.png?_v=202410161653269
20241030,朝阳,国展,101125759335,MASTER领域平层大一居室精装修,302万,42079元/平,顶层 (共20层) | 2008年 | 1室1厅 | 71.77平米 | 东北,https://s1.ljcdn.com/pegasus/redskull/images/common/default_house_list.png?_v=202410161653269
20241030,朝阳,国展,101125363083,左家庄西街小区 94年148平米居,720万,48453元/平,高楼层 (共7层) | 1994年 | 4室2厅 | 148.6平米 | 东南 西,https://s1.ljcdn.com/pegasus/redskull/images/common/default_house_list.png?_v=202410161653269
20241030,朝阳,国展,101125019614,都市南北通透洋房一电梯两户户型方正看小区花园,2400万,71711元/平,顶层 (共7层) 5室2厅 | 334.68平米 | 南 北,https://s1.ljcdn.com/pegasus/redskull/images/common/default_house_list.png?_v=202410161653269
20241030,朝阳,国展,101124703847,力鸿花园一层三室二卫业主诚意出售。,945万,68479元/平,底层 (共24层) 3室1厅 | 138平米 | 东南,https://s1.ljcdn.com/pegasus/redskull/images/common/default_house_list.png?_v=202410161653269
20241030,朝阳,国展,101124628860,电梯高层 东南角 双卫设计 小区有会所,1150万,70225元/平,高楼层 (共22层) | 1997年 | 3室1厅 | 163.76平米 | 东 南,https://s1.ljcdn.com/pegasus/redskull/images/common/default_house_list.png?_v=202410161653269
20241030,朝阳,国展,101123873379,豪成大厦 3室1厅 西 南,968万,57333元/平,中楼层 (共25层) 3室1厅 | 168.84平米 | 西 南,https://s1.ljcdn.com/pegasus/redskull/images/common/default_house_list.png?_v=202410161653269
20241030,朝阳,国展,101123737306,东三环内 西北向3居室 视野无遮挡 业主诚心出售,415万,58051元/平,中楼层 (共16层) 3室1厅 | 71.49平米 | 西 北,https://s1.ljcdn.com/pegasus/redskull/images/common/default_house_list.png?_v=202410161653269
20241030,朝阳,国展,101123248214,明厨明卫带客厅户型精装修拎包入住房主自荐,251万,41447元/平,底层 (共7层) | 1992年 | 2室1厅 | 60.56平米 | 东,https://s1.ljcdn.com/pegasus/redskull/images/common/default_house_list.png?_v=202410161653269
20241030,朝阳,国展,101122958353,此房满五可以唯一配套齐全出门柳芳13号地铁,1440万,90170元/平,中楼层 (共25层) 3室1厅 | 159.7平米 | 南 北 东,https://s1.ljcdn.com/pegasus/redskull/images/common/default_house_list.png?_v=202410161653269
20241030,朝阳,国展,101122464396,东直门外 新天第小区 满五年唯一,860万,78654元/平,中楼层 (共29层) | 2000年 | 2室1厅 | 109.34平米 | 北,https://s1.ljcdn.com/pegasus/redskull/images/common/default_house_list.png?_v=202410161653269
20241030,朝阳,国展,101121898148,力鸿花园 东南朝向 交通生活便利 小区环境好,1120万,71338元/平,低楼层 (共24层) 3室1厅 | 157平米 | 东南,https://s1.ljcdn.com/pegasus/redskull/images/common/default_house_list.png?_v=202410161653269
20241030,朝阳,国展,101121372282,左家庄北里 1室1厅 东南,283万,52466元/平,高楼层 (共21层) | 1993年 | 1室1厅 | 53.94平米 | 东南,https://s1.ljcdn.com/pegasus/redskull/images/common/default_house_list.png?_v=202410161653269
20241030,朝阳,国展,101118261893,豪成大厦精装两室出售看房方便,935万,55362元/平,高楼层 (共25层) 3室1厅 | 168.89平米 | 东南,https://s1.ljcdn.com/pegasus/redskull/images/common/default_house_list.png?_v=202410161653269
20241030,朝阳,国展,101116547159,国展静安里双南向2居室板楼2层诚心出售,368万,74329元/平,低楼层 (共6层) | 1981年 | 2室1厅 | 49.51平米 | 东南,https://s1.ljcdn.com/pegasus/redskull/images/common/default_house_list.png?_v=202410161653269
