20241030,西城,西四,101126589792,爱民里精装修低楼层两居室满五唯一西什库必看好房,590万,122662元/平,低楼层 (共7层) 2室1厅 | 48.1平米 | 东 西,https://ke-image.ljcdn.com/110000-inspection/pc1_js5bTrbud_1.jpg!m_fill,w_280,h_210,f_jpg?from=ke.com
20241030,西城,西四,101126449318,什刹海西什库东西通透一居室业主诚意出售随时签约必看好房,600万,121213元/平,中楼层 (共7层) 1室1厅 | 49.5平米 | 东 西,https://ke-image.ljcdn.com/110000-inspection/pc1_klkw7tLMV_1.jpg!m_fill,w_280,h_210,f_jpg?from=ke.com
20241030,西城,西四,101126292590,太平仓胡同 3室1厅 东 西必看好房,815万,120207元/平,低楼层 (共6层) 3室1厅 | 67.8平米 | 东 西,https://ke-image.ljcdn.com/110000-inspection/773e7b75-781f-45ca-8eb9-ae11df49fecc_1000.jpg!m_fill,w_280,h_210,f_jpg?from=ke.com
20241030,西城,西四,101126276976,大拐棒胡同小区 满五年三居室 看房方便必看好房,820万,130159元/平,中楼层 (共5层) 3室1厅 | 63平米 | 东 西,https://ke-image.ljcdn.com/110000-inspection/pc1_aVoMAvEOH_1.jpg!m_fill,w_280,h_210,f_jpg?from=ke.com
20241030,西城,西四,101125834789,天庆胡同西什库大街西南两居室采光好必看好房,618万,118847元/平,高楼层 (共6层) 2室1厅 | 52平米 | 南 西,https://ke-image.ljcdn.com/110000-inspection/8cad19d3-23e6-42a8-8d83-973bfa2b9741_1000.jpg!m_fill,w_280,h_210,f_jpg?from=ke.com
20241030,西城,西四,101126317601,西什库大街19号 2室1厅 东 西,738万,115313元/平,中楼层 (共6层) | 1994年 | 2室1厅 | 64平米 | 东 西,https://ke-image.ljcdn.com/110000-inspection/pc1_IF1H6BxmO_1.jpg!m_fill,w_280,h_210,f_jpg?from=ke.com
20241030,西城,西四,101126260335,黄城根 大拐棒胡同 中间楼层 地铁西四站,599万,137702元/平,中楼层 (共6层) | 1990年 | 1室1厅 | 43.5平米 | 东,https://ke-image.ljcdn.com/110000-inspection/pc1_ggbpI84H9_1.jpg!m_fill,w_280,h_210,f_jpg?from=ke.com
20241030,西城,西四,101126215079,爱民里总价不高南北两居看房方便房本满5年！,595万,115737元/平,底层 (共7层) | 1994年 | 2室1厅 | 51.41平米 | 南 北,https://ke-image.ljcdn.com/110000-inspection/pc1_hiwWrYaTw_1.jpg!m_fill,w_280,h_210,f_jpg?from=ke.com
20241030,西城,西四,101125643756,爱民里西什库兵器部北大医院精装修三居室,1288万,134729元/平,中楼层 (共6层) 3室1厅 | 95.6平米 | 南 北,https://ke-image.ljcdn.com/110000-inspection/37d413cc-5728-4509-ac31-cf1d3a9b651e_1000.jpg!m_fill,w_280,h_210,f_jpg?from=ke.com
20241030,西城,西四,101125220843,什刹海、西什库中间层东西通透满五年成本价。,610万,126034元/平,中楼层 (共7层) 1室1厅 | 48.4平米 | 东 西,https://ke-image.ljcdn.com/110000-inspection/964cf239-69e7-4520-8559-aebab8194ece_1000.jpg!m_fill,w_280,h_210,f_jpg?from=ke.com
20241030,西城,西四,101122453399,西四 西什库次顶层两居客厅挂南窗 价格可谈 随时签约必看好房,770万,132759元/平,高楼层 (共6层) 2室1厅 | 58平米 | 东 南 西,https://ke-image.ljcdn.com/110000-inspection/pc1_EYc2QnJq0.jpg!m_fill,w_280,h_210,f_jpg?from=ke.com
20241030,西城,西四,101126960750,什刹海西什库中间层户型通透满五年唯一格局方正必看好房,990万,132708元/平,中楼层 (共6层) | 1990年 | 2室2厅 | 74.6平米 | 南 北,https://ke-image.ljcdn.com/110000-inspection/d48dc4f3-8ee7-40a7-b85b-518fbbb4ff99_1000.jpg!m_fill,w_280,h_210,f_jpg?from=ke.com
20241030,西城,西四,101123808902,什刹海街道西什库大街北海、南北朝向通透三居室。必看好房,1108万,115900元/平,顶层 (共6层) 3室1厅 | 95.6平米 | 南 北,https://ke-image.ljcdn.com/110000-inspection/pc1_J5m1GqqNT.jpg!m_fill,w_280,h_210,f_jpg?from=ke.com
20241030,西城,西四,101127175089,航空胡同40号院房主自荐,688万,108347元/平,顶层 (共7层) 2室1厅 | 63.5平米 | 南 北,https://ke-image.ljcdn.com/110000-inspection/0caa28dd-9760-4f7a-a21c-469822b08f4a_1000.jpg!m_fill,w_280,h_210,f_jpg?from=ke.com
20241030,西城,西四,101127123304,米粮库 1室0厅 南,210万,300000元/平,底层 (共1层) 1室0厅 | 7平米 | 南,https://ke-image.ljcdn.com/110000-inspection/0052f95c-fbe2-4410-a293-bef02c75c639_1000.jpg!m_fill,w_280,h_210,f_jpg?from=ke.com
20241030,西城,西四,101127091514,大拐棒胡同 什刹海 优质三居 拎包入住,965万,133288元/平,中楼层 (共6层) | 1996年 | 3室1厅 | 72.4平米 | 东,https://ke-image.ljcdn.com/110000-inspection/d247f661-05ea-4a62-b176-c1ea82c39de9_1000.jpg!m_fill,w_280,h_210,f_jpg?from=ke.com
20241030,西城,西四,101127077295,爱民里小区 3室1厅 南 北,1060万,150569元/平,地下室 (共6层) 3室1厅 | 70.4平米 | 南 北,https://ke-image.ljcdn.com/110000-inspection/32a6dcb6-f8d6-4305-a1d0-e1b1b47ec82f_1000.jpg!m_fill,w_280,h_210,f_jpg?from=ke.com
20241030,西城,西四,101127034239,西四北大街 1室0厅 北,280万,203489元/平,底层 (共2层) 1室0厅 | 13.76平米 | 北,https://ke-image.ljcdn.com/110000-inspection/8f33f78b-94c4-4de0-9e0d-96261fe1bd47_1000.jpg!m_fill,w_280,h_210,f_jpg?from=ke.com
20241030,西城,西四,101127034194,西四北大街 1室0厅 北,288万,221199元/平,底层 (共2层) 1室0厅 | 13.02平米 | 北,https://ke-image.ljcdn.com/110000-inspection/5dd68e18-c898-4ec4-9cad-3b950ddf43f4_1000.jpg!m_fill,w_280,h_210,f_jpg?from=ke.com
20241030,西城,西四,101127034141,西四北大街 1室0厅 北,298万,228879元/平,底层 (共2层) 1室0厅 | 13.02平米 | 北,https://ke-image.ljcdn.com/110000-inspection/5172dc4e-932b-4c90-8d36-6f6cf8cf9a84_1000.jpg!m_fill,w_280,h_210,f_jpg?from=ke.com
20241030,西城,西四,101127032218,故宫旁、景山北海公园、南北三居中间楼层采光棒！,1045万,131613元/平,中楼层 (共7层) | 2000年 | 3室1厅 | 79.4平米 | 北 南,https://ke-image.ljcdn.com/110000-inspection/628789ba-55b4-4d72-ad10-1ba919c8fe6f_1000.jpg!m_fill,w_280,h_210,f_jpg?from=ke.com
20241030,西城,西四,101127004304,爱民二巷 1室0厅 东新上,299万,189002元/平,底层 (共1层) 1室0厅 | 15.82平米 | 东,https://ke-image.ljcdn.com/110000-inspection/8a8cfdbe-99cd-4c81-953e-a0ea74b83210_1000.jpg!m_fill,w_280,h_210,f_jpg?from=ke.com
20241030,西城,西四,101126976008,前毛家湾甲2号院 优良房源 南北通透 价格透明,900万,165442元/平,中楼层 (共5层) 2室1厅 | 54.4平米 | 南 北,https://ke-image.ljcdn.com/110000-inspection/bbc0fe43-e858-442c-b830-ddd831c98771_1000.jpg!m_fill,w_280,h_210,f_jpg?from=ke.com
20241030,西城,西四,101126930455,航空胡同40号院 1室1厅 东 西,538万,101128元/平,中楼层 (共7层) | 1998年 | 1室1厅 | 53.2平米 | 东 西,https://ke-image.ljcdn.com/110000-inspection/pc1_fzO30ucfW_1.jpg!m_fill,w_280,h_210,f_jpg?from=ke.com
20241030,西城,西四,101126851729,南兴胡同好出租价格可谈随时看房,210万,180258元/平,底层 (共1层) 1室0厅 | 11.65平米 | 东,https://ke-image.ljcdn.com/110000-inspection/2635cff9-b41a-4939-aeb8-e76fd7a0eb15_1000.jpg!m_fill,w_280,h_210,f_jpg?from=ke.com
20241030,西城,西四,101126729359,园景胡同 1室0厅 东,195万,139986元/平,底层 (共1层) 1室0厅 | 13.93平米 | 东,https://ke-image.ljcdn.com/110000-inspection/c9c38a32-6893-4761-aa72-86e74f5d973e_1000.jpg!m_fill,w_280,h_210,f_jpg?from=ke.com
20241030,西城,西四,101126572956,西什库 南北两居室 房主诚心出售 价格能谈,575万,90552元/平,地下室 (共6层) | 1994年 | 2室1厅 | 63.5平米 | 南 北,https://ke-image.ljcdn.com/110000-inspection/5f5763c3-5d1b-4222-b7b8-6cdd2d4fa779_1000.jpg!m_fill,w_280,h_210,f_jpg?from=ke.com
20241030,西城,西四,101126532660,西四北头条 朝南向 一间平房 有厨房 卫生间,285万,185547元/平,底层 (共1层) 1室1厅 | 15.36平米 | 南,https://ke-image.ljcdn.com/110000-inspection/53d22b2b-c070-4e90-a5a5-d9327c32771e_1000.jpg!m_fill,w_280,h_210,f_jpg?from=ke.com
20241030,西城,西四,101126253588,育德胡同17号 94年建成 精装全明格局,730万,116058元/平,顶层 (共5层) 2室1厅 | 62.9平米 | 南 北,https://ke-image.ljcdn.com/110000-inspection/pc1_jqHUznfGD_1.jpg!m_fill,w_280,h_210,f_jpg?from=ke.com
20241030,西城,西四,101126165598,爱民里 东西向 两居 满五年 诚售！,720万,115570元/平,高楼层 (共7层) | 1990年 | 2室1厅 | 62.3平米 | 东 西,https://ke-image.ljcdn.com/110000-inspection/pc1_y0GdWybRZ_1.jpg!m_fill,w_280,h_210,f_jpg?from=ke.com
20241030,西城,西四,101126157665,西安门大街 1室0厅 东,258万,201563元/平,底层 (共1层) | 1949年 | 1室0厅 | 12.8平米 | 东,https://ke-image.ljcdn.com/110000-inspection/pc1_y0mV6Tpsj_1.jpg!m_fill,w_280,h_210,f_jpg?from=ke.com
20241030,西城,西四,101126144610,大红罗厂3号院 2室1厅 南 北,1518万,169989元/平,中楼层 (共6层) 2室1厅 | 89.3平米 | 南 北,https://ke-image.ljcdn.com/110000-inspection/pc1_ltJg2fvua_1.jpg!m_fill,w_280,h_210,f_jpg?from=ke.com
20241030,西城,西四,101126102356,德胜门内大街218号一进院北房,228万,206709元/平,底层 (共1层) 1室0厅 | 11.03平米 | 北,https://ke-image.ljcdn.com/110000-inspection/e4470e22-652d-456f-9f5d-08f946c6bfad_1000.jpg!m_fill,w_280,h_210,f_jpg?from=ke.com
20241030,西城,西四,101126090642,前帽胡同 1室0厅 南,238万,247659元/平,底层 (共1层) 1室0厅 | 9.61平米 | 南,https://ke-image.ljcdn.com/110000-inspection/pc1_d1VKGtnuV_1.jpg!m_fill,w_280,h_210,f_jpg?from=ke.com
20241030,西城,西四,101125888960,新街口 什刹海 西四北大街平房一间,230万,315069元/平,底层 (共1层) 1室0厅 | 7.3平米 | 东,https://ke-image.ljcdn.com/110000-inspection/pc1_ueRf8JfBs.jpg!m_fill,w_280,h_210,f_jpg?from=ke.com
20241030,西城,西四,101125723852,西四 西什库 低楼层 朝东一居室 价格可聊 诚心卖,549万,124773元/平,底层 (共7层) 1室1厅 | 44平米 | 东 西,https://ke-image.ljcdn.com/110000-inspection/pc1_Lt6HRraId_1.jpg!m_fill,w_280,h_210,f_jpg?from=ke.com
20241030,西城,西四,101125538405,爱民里小区精装修户型通透一居室值得必看,599万,131649元/平,高楼层 (共7层) 1室1厅 | 45.5平米 | 东 南 北,https://ke-image.ljcdn.com/110000-inspection/a7c82576-2575-47be-a3ac-decf156409f1_1000.jpg!m_fill,w_280,h_210,f_jpg?from=ke.com
20241030,西城,西四,101125495546,爱民里小区 2室1厅 南 北,820万,141624元/平,中楼层 (共7层) 2室1厅 | 57.9平米 | 南 北,https://ke-image.ljcdn.com/110000-inspection/e9ef0955-395d-4f3b-9564-08dce083baa6_1000.jpg!m_fill,w_280,h_210,f_jpg?from=ke.com
20241030,西城,西四,101125485585,西四  西什库 低楼层三居室 满五年 业主诚售,920万,126722元/平,低楼层 (共7层) | 1988年 | 3室1厅 | 72.6平米 | 东 西,https://ke-image.ljcdn.com/110000-inspection/pc1_LeLYVIBgs_1.jpg!m_fill,w_280,h_210,f_jpg?from=ke.com
20241030,西城,西四,101125473281,爱民里小区 把边南北东都有采光 中间楼层 诚心出售,820万,141380元/平,中楼层 (共7层) 2室1厅 | 58平米 | 东 南 北,https://ke-image.ljcdn.com/110000-inspection/pc1_mfIwH2oJ8_1.jpg!m_fill,w_280,h_210,f_jpg?from=ke.com
20241030,西城,西四,101125393994,西什库大街19号 2室1厅 东 西,849万,136277元/平,中楼层 (共6层) 2室1厅 | 62.3平米 | 东 西,https://ke-image.ljcdn.com/110000-inspection/1ff6f90b-41ea-4db1-90c9-8cfede4e7372_1000.jpg!m_fill,w_280,h_210,f_jpg?from=ke.com
20241030,西城,西四,101125359152,大红罗厂南巷 户型方正 采光好,289万,266360元/平,底层 (共1层) 1室0厅 | 10.85平米 | 北,https://ke-image.ljcdn.com/110000-inspection/08c48b83-82a4-4d3b-b588-1ed6f906d50f_1000.jpg!m_fill,w_280,h_210,f_jpg?from=ke.com
20241030,西城,西四,101125308943,爱民里小区 2室1厅 南,836万,145392元/平,高楼层 (共7层) 2室1厅 | 57.5平米 | 南,https://ke-image.ljcdn.com/110000-inspection/4631f39f-e022-401d-ba9d-c12821390b3f_1000.jpg!m_fill,w_280,h_210,f_jpg?from=ke.com
20241030,西城,西四,101125202251,德胜门内大街 平房 朝南 采光好,220万,195209元/平,底层 (共1层) 1室0厅 | 11.27平米 | 北,https://ke-image.ljcdn.com/110000-inspection/f2a4a1ed-ee62-47f9-9a30-c84145fb151f_1000.jpg!m_fill,w_280,h_210,f_jpg?from=ke.com
20241030,西城,西四,101125090205,价格可谈什刹海中间层两居无遮挡,975万,138692元/平,中楼层 (共7层) 2室1厅 | 70.3平米 | 西,https://ke-image.ljcdn.com/110000-inspection/pc1_zr6oUYXGT.jpg!m_fill,w_280,h_210,f_jpg?from=ke.com
20241030,西城,西四,101125047133,太平仓胡同14号院东楼 黄城根,720万,154176元/平,底层 (共6层) 2室1厅 | 46.7平米 | 西南,https://ke-image.ljcdn.com/110000-inspection/39b4915d-037e-4aff-8ca2-85d1c39b6121_1000.jpg!m_fill,w_280,h_210,f_jpg?from=ke.com
20241030,西城,西四,101124753016,西四北大街 一间平房  新街口,199万,198010元/平,底层 (共1层) 1室1厅 | 10.05平米 | 东,https://ke-image.ljcdn.com/110000-inspection/pc1_z7MTksX0P.jpg!m_fill,w_280,h_210,f_jpg?from=ke.com
20241030,西城,西四,101124592812,西什库华裕园小区中间层满五年。。。,960万,141803元/平,中楼层 (共7层) 2室1厅 | 67.7平米 | 南 北,https://ke-image.ljcdn.com/110000-inspection/d225b668-ef2d-4094-bfb3-bdbaef37247c_1000.jpg!m_fill,w_280,h_210,f_jpg?from=ke.com
20241030,西城,西四,101124434914,西枪厂胡同  看房方便 诚意出售,240万,167833元/平,底层 (共1层) 1室1厅 | 14.3平米 | 北,https://ke-image.ljcdn.com/110000-inspection/pc1_RsrfW2CqJ.jpg!m_fill,w_280,h_210,f_jpg?from=ke.com
20241030,西城,西四,101124358302,德胜门内大街265号 3室1厅 南 北,930万,131171元/平,低楼层 (共12层) 3室1厅 | 70.9平米 | 南 北,https://ke-image.ljcdn.com/110000-inspection/8f3a9fcd-f75b-4a0e-b5b9-5d74e0f1a927_1000.jpg!m_fill,w_280,h_210,f_jpg?from=ke.com
20241030,西城,西四,101124312579,西四北四条 1室0厅 西,188万,208195元/平,底层 (共1层) 1室0厅 | 9.03平米 | 西,https://ke-image.ljcdn.com/110000-inspection/pc1_oeTByxgQk.jpg!m_fill,w_280,h_210,f_jpg?from=ke.com
20241030,西城,西四,101124309558,大拐棒胡同1号楼低楼层南向一居室,650万,149426元/平,底层 (共6层) 1室1厅 | 43.5平米 | 南,https://ke-image.ljcdn.com/110000-inspection/e89fc884-e7fb-46f9-8e6f-03a80544d049_1000.jpg!m_fill,w_280,h_210,f_jpg?from=ke.com
20241030,西城,西四,101124299454,兵器部家属楼 南北通透两居室 看房方便,895万,119974元/平,顶层 (共6层) 2室1厅 | 74.6平米 | 南 北,https://ke-image.ljcdn.com/110000-inspection/pc1_J8oDPrkuE.jpg!m_fill,w_280,h_210,f_jpg?from=ke.com
20241030,西城,西四,101124265463,西四 西什库 爱民里 次顶层朝南一居室 业主诚心出售,590万,149747元/平,高楼层 (共6层) 1室1厅 | 39.4平米 | 南,https://ke-image.ljcdn.com/110000-inspection/d4538ae4-5802-4e1e-8e63-ab1d232a63c8_1000.jpg!m_fill,w_280,h_210,f_jpg?from=ke.com
20241030,西城,西四,101124054370,前毛家湾文献出版社宿舍小两居带电梯看房方便,950万,166960元/平,低楼层 (共6层) 2室1厅 | 56.9平米 | 南 北,https://ke-image.ljcdn.com/110000-inspection/94984717-1416-4ee0-8ec2-597e73ce737d_1000.jpg!m_fill,w_280,h_210,f_jpg?from=ke.com
20241030,西城,西四,101124052951,爱民里小区一居室高楼层朝东视野好不临街,580万,119835元/平,高楼层 (共7层) | 1988年 | 1室1厅 | 48.4平米 | 东,https://ke-image.ljcdn.com/110000-inspection/7a62a5df-6f1e-473d-b2dd-bfa5b6ee965c_1000.jpg!m_fill,w_280,h_210,f_jpg?from=ke.com
20241030,西城,西四,101123933815,什刹海 西什库 看房方便 有钥匙,299万,243090元/平,底层 (共1层) 1室0厅 | 12.3平米 | 东,https://ke-image.ljcdn.com/110000-inspection/c40b84b8-dc9d-4c71-b3ee-60dcf5c1ac77_1000.jpg!m_fill,w_280,h_210,f_jpg?from=ke.com
20241030,西城,西四,101123849976,西单华裕园南北两居低楼层老少皆宜,998万,145482元/平,中楼层 (共7层) 2室1厅 | 68.6平米 | 南 北,https://ke-image.ljcdn.com/110000-inspection/63af1e09-58e5-404b-842a-3ebf12ad6c0d_1000.jpg!m_fill,w_280,h_210,f_jpg?from=ke.com
20241030,西城,西四,101123823474,西四北八条 1室0厅 北,238万,141836元/平,底层 (共1层) 1室0厅 | 16.78平米 | 北,https://ke-image.ljcdn.com/110000-inspection/pc1_DLGA89NIC.jpg!m_fill,w_280,h_210,f_jpg?from=ke.com
20241030,西城,西四,101123689621,航空胡同40号院房主自荐,698万,110970元/平,低楼层 (共7层) 2室1厅 | 62.9平米 | 南 北,https://ke-image.ljcdn.com/110000-inspection/f79ea862-8575-4122-bdf9-e313f8ffe4e3_1000.jpg!m_fill,w_280,h_210,f_jpg?from=ke.com
20241030,西城,西四,101123535801,大拐棒胡同2居室看房方便随时看房,699万,128730元/平,中楼层 (共5层) 2室1厅 | 54.3平米 | 西北,https://ke-image.ljcdn.com/110000-inspection/064425cc-6e06-4179-8209-c6e881bee20a_1000.jpg!m_fill,w_280,h_210,f_jpg?from=ke.com
20241030,西城,西四,101123130243,后公用胡同 1室0厅 南,245万,160027元/平,底层 (共1层) 1室0厅 | 15.31平米 | 南,https://ke-image.ljcdn.com/110000-inspection/739e2cba-0603-4ad8-ba1a-b475b9951ae7_1000.jpg!m_fill,w_280,h_210,f_jpg?from=ke.com
20241030,西城,西四,101123109104,大拐棒胡同 1室1厅 东,530万,125296元/平,地下室 (共6层) 1室1厅 | 42.3平米 | 东,https://ke-image.ljcdn.com/110000-inspection/ea91a833-197f-4354-94fa-12499f5e6da8_1000.jpg!m_fill,w_280,h_210,f_jpg?from=ke.com
20241030,西城,西四,101123068099,什刹海街道西什库大街低楼层东西通透精装修两居,950万,124672元/平,低楼层 (共6层) 2室1厅 | 76.2平米 | 东 西,https://ke-image.ljcdn.com/110000-inspection/69265b6e-97dc-4555-9d0f-9e4aab9541ca_1000.jpg!m_fill,w_280,h_210,f_jpg?from=ke.com
20241030,西城,西四,101123013977,正觉夹道胡同 8室1厅 东 南 西,1490万,120162元/平,底层 (共2层) 8室1厅 | 124平米 | 东 南 西,https://ke-image.ljcdn.com/110000-inspection/pc1_gdEp2e76e.jpg!m_fill,w_280,h_210,f_jpg?from=ke.com
20241030,西城,西四,101122790650,西四北头条    西四北大街  西四,230万,287500元/平,底层 (共1层) 1室0厅 | 8平米 | 东,https://ke-image.ljcdn.com/110000-inspection/e7acdb57-00cf-45bc-b7bc-6fb89ee6006c_1000.jpg!m_fill,w_280,h_210,f_jpg?from=ke.com
20241030,西城,西四,101122747503,太平仓胡同14号院 2室1厅 南 西,849万,165821元/平,低楼层 (共6层) 2室1厅 | 51.2平米 | 南 西,https://ke-image.ljcdn.com/110000-inspection/pc1_63tqmLcsL.jpg!m_fill,w_280,h_210,f_jpg?from=ke.com
20241030,西城,西四,101122680814,藕芽胡同 1室0厅 南,290万,180013元/平,底层 (共1层) 1室0厅 | 16.11平米 | 南,https://ke-image.ljcdn.com/110000-inspection/pc1_KlqbEvbi3.jpg!m_fill,w_280,h_210,f_jpg?from=ke.com
20241030,西城,西四,101122524355,大拐棒胡同小区 一层二居室 看房方便,820万,185521元/平,底层 (共6层) 2室1厅 | 44.2平米 | 南 北,https://ke-image.ljcdn.com/110000-inspection/pc1_uRfympTRF_1.jpg!m_fill,w_280,h_210,f_jpg?from=ke.com
20241030,西城,西四,101122471736,西四 大拐棒 朝南一居室 产权清晰 干干净净 价格可谈,625万,143679元/平,顶层 (共6层) 1室1厅 | 43.5平米 | 南,https://ke-image.ljcdn.com/110000-inspection/pc1_ar1AP4d9K.jpg!m_fill,w_280,h_210,f_jpg?from=ke.com
20241030,西城,西四,101122413034,西四北大街适宜居住阳光好通风好,230万,228856元/平,底层 (共1层) 1室0厅 | 10.05平米 | 东,https://ke-image.ljcdn.com/110000-inspection/pc1_mggkJaDTN.jpg!m_fill,w_280,h_210,f_jpg?from=ke.com
20241030,西城,西四,101122206980,雪池胡同   朝南  安静  无遮挡   采光好  环境好,312万,194514元/平,底层 (共1层) 1室0厅 | 16.04平米 | 南 北,https://ke-image.ljcdn.com/110000-inspection/d2cf269f-e8b2-4124-99b5-9ff260b411fa_1000.jpg!m_fill,w_280,h_210,f_jpg?from=ke.com
20241030,西城,西四,101121923324,西四北头条 新街口 诚意卖 随时签约,215万,252942元/平,底层 (共1层) 1室0厅 | 8.5平米 | 东,https://ke-image.ljcdn.com/110000-inspection/pc1_x4Rklubd1.jpg!m_fill,w_280,h_210,f_jpg?from=ke.com
20241030,西城,西四,101121878702,航空胡同40号院  中间层南北大三居户型采光好,1580万,113751元/平,中楼层 (共6层) 3室2厅 | 138.9平米 | 南 北,https://ke-image.ljcdn.com/110000-inspection/pc1_JDnmaPPNy.jpg!m_fill,w_280,h_210,f_jpg?from=ke.com
20241030,西城,西四,101121867035,大红罗厂南巷 西四地铁 什刹海,315万,235956元/平,底层 (共1层) 1室0厅 | 13.35平米 | 西,https://ke-image.ljcdn.com/110000-inspection/pc1_ep1E2I4hO.jpg!m_fill,w_280,h_210,f_jpg?from=ke.com
20241030,西城,西四,101121841052,产权清晰手续齐全随时可看随时过户诚意出售,220万,225642元/平,底层 (共1层) 1室0厅 | 9.75平米 | 西,https://ke-image.ljcdn.com/110000-inspection/pc1_QAlQmMSaS.jpg!m_fill,w_280,h_210,f_jpg?from=ke.com
20241030,西城,西四,101121640053,西什库 三居 自住好用 诚意出售,960万,135022元/平,高楼层 (共6层) 3室1厅 | 71.1平米 | 东 西 北,https://ke-image.ljcdn.com/110000-inspection/pc1_RjiWp1tgm.jpg!m_fill,w_280,h_210,f_jpg?from=ke.com
20241030,西城,西四,101121404363,平安里  护国寺西巷  田字格中间层三居,1099万,133374元/平,中楼层 (共5层) 3室1厅 | 82.4平米 | 南 北,https://ke-image.ljcdn.com/110000-inspection/pc1_OOR02R91Z.jpg!m_fill,w_280,h_210,f_jpg?from=ke.com
20241030,西城,西四,101121085141,西黄城根北街23号 黄城根 有电梯 精装修,898万,177471元/平,顶层 (共5层) 2室1厅 | 50.6平米 | 南 北,https://ke-image.ljcdn.com/110000-inspection/pc1_8yzgpswVB.jpg!m_fill,w_280,h_210,f_jpg?from=ke.com
20241030,西城,西四,101120979196,平安里 育德胡同 总首付 南北通透 业主诚售随时可签约,395万,91648元/平,地下室 (共5层) 1室1厅 | 43.1平米 | 南 北,https://ke-image.ljcdn.com/110000-inspection/pc1_ax8CY1gCy.jpg!m_fill,w_280,h_210,f_jpg?from=ke.com
20241030,西城,西四,101120932154,大拐棒胡同 黄城根 中间楼层 两居,820万,123309元/平,中楼层 (共6层) | 1990年 | 2室1厅 | 66.5平米 | 东 西,https://ke-image.ljcdn.com/110000-inspection/pc1_nuuQRAVQO.jpg!m_fill,w_280,h_210,f_jpg?from=ke.com
20241030,西城,西四,101120892560,南北通透精装2居视野开阔采光充足。,860万,149047元/平,高楼层 (共6层) 2室1厅 | 57.7平米 | 南 北,https://ke-image.ljcdn.com/110000-inspection/pc1_LkgXFabDr.jpg!m_fill,w_280,h_210,f_jpg?from=ke.com
20241030,西城,西四,101120753084,西四优质房源无遮挡看房方便,336万,140000元/平,底层 (共1层) 1室0厅 | 24平米 | 南 北,https://ke-image.ljcdn.com/110000-inspection/pc1_urpK9zdN9_1.jpg!m_fill,w_280,h_210,f_jpg?from=ke.com
20241030,西城,西四,101120665746,大帽胡同 1室0厅 南,260万,180933元/平,底层 (共1层) 1室0厅 | 14.37平米 | 南,https://ke-image.ljcdn.com/110000-inspection/pc1_NWdqGHwvI.jpg!m_fill,w_280,h_210,f_jpg?from=ke.com
20241030,西城,西四,101120490799,西城 平安里 航空胡同   南北大三居,1000万,115474元/平,低楼层 (共7层) 3室1厅 | 86.6平米 | 南 北,https://ke-image.ljcdn.com/110000-inspection/pc1_K4kHSGlQO.jpg!m_fill,w_280,h_210,f_jpg?from=ke.com
20241030,西城,西四,101120287212,店长主推：西什库爱民里  田园精品一居  随时可签,599万,135828元/平,底层 (共7层) 1室1厅 | 44.1平米 | 东 西,https://ke-image.ljcdn.com/110000-inspection/713e54ba-9fa5-4f32-b427-6879df4b8dfe_1000.jpg!m_fill,w_280,h_210,f_jpg?from=ke.com
20241030,西城,西四,101120274282,前铁匠胡同 厂桥商圈 北房朝南向,280万,140281元/平,底层 (共1层) 1室1厅 | 19.96平米 | 南,https://ke-image.ljcdn.com/110000-inspection/pc1_DNGlriFM5.jpg!m_fill,w_280,h_210,f_jpg?from=ke.com
20241030,西城,西四,101119962577,华裕园小区南北两居室采光好安静,720万,138196元/平,顶层 (共7层) 2室1厅 | 52.1平米 | 南 北,https://ke-image.ljcdn.com/110000-inspection/pc1_HjWlPsDJm.jpg!m_fill,w_280,h_210,f_jpg?from=ke.com
20241030,西城,西四,101119926389,藕芽胡同 1室0厅 东,320万,213334元/平,底层 (共1层) | 1990年 | 1室0厅 | 15平米 | 东,https://ke-image.ljcdn.com/110000-inspection/pc1_usd9nmNJP.jpg!m_fill,w_280,h_210,f_jpg?from=ke.com
20241030,西城,西四,101119646386,大拐棒新上田字格南北通透三居双卧朝南明厨明卫,930万,139431元/平,中楼层 (共5层) 3室1厅 | 66.7平米 | 南 北,https://ke-image.ljcdn.com/110000-inspection/pc1_GDLFWKd2r.jpg!m_fill,w_280,h_210,f_jpg?from=ke.com
20241030,西城,西四,101119346960,华裕园小区南北两居室房龄新采光好价格可议,890万,140379元/平,中楼层 (共7层) 2室1厅 | 63.4平米 | 南 北,https://ke-image.ljcdn.com/110000-inspection/pc1_OA0FxYJW7.jpg!m_fill,w_280,h_210,f_jpg?from=ke.com
20241030,西城,西四,101118992549,爱民里小区  南北两居  采光好   诚心出售,850万,147827元/平,中楼层 (共7层) 2室1厅 | 57.5平米 | 南 北,https://ke-image.ljcdn.com/110000-inspection/pc1_x4sNWJHXW.jpg!m_fill,w_280,h_210,f_jpg?from=ke.com
20241030,西城,西四,101118728641,大拐棒胡同 低楼层  一居室  户型方正,630万,167109元/平,底层 (共5层) | 1976年 | 1室1厅 | 37.7平米 | 西,https://ke-image.ljcdn.com/110000-inspection/pc1_TDtPkkNPd.jpg!m_fill,w_280,h_210,f_jpg?from=ke.com
20241030,西城,西四,101118619003,刘兰塑刘兰塑适宜居住南北向三居室,899万,131337元/平,地下室 (共4层) 3室1厅 | 68.45平米 | 南 北,https://ke-image.ljcdn.com/110000-inspection/pc1_kWys6slEj.jpg!m_fill,w_280,h_210,f_jpg?from=ke.com
20241030,西城,西四,101118386445,西四 低楼层 东西三居室 满五年 适合贷款 价格可谈,999万,145204元/平,底层 (共5层) 3室1厅 | 68.8平米 | 东 西,https://ke-image.ljcdn.com/110000-inspection/pc1_nqjgaV7iN.jpg!m_fill,w_280,h_210,f_jpg?from=ke.com
20241030,西城,西四,101118377842,爱民里小区西单西四厂桥爱民街社区,709万,122877元/平,顶层 (共7层) 2室1厅 | 57.7平米 | 南 北,https://ke-image.ljcdn.com/110000-inspection/pc1_4bbD9fCNq.jpg!m_fill,w_280,h_210,f_jpg?from=ke.com
20241030,西城,西四,101117924624,大拐棒胡同中间楼层前后无遮挡。,709万,194247元/平,中楼层 (共5层) 1室1厅 | 36.5平米 | 东,https://ke-image.ljcdn.com/110000-inspection/pc1_jy29HDqFG.jpg!m_fill,w_280,h_210,f_jpg?from=ke.com
20241030,西城,西四,101117394566,平安里中国电信宿舍3居室满5年成本价带电梯可停车,1490万,143962元/平,高楼层 (共7层) | 1999年 | 3室2厅 | 103.5平米 | 东 南 北,https://ke-image.ljcdn.com/110000-inspection/4262e439-2a33-4a95-9dd2-8811f9f3ddca_1000.jpg!m_fill,w_280,h_210,f_jpg?from=ke.com
20241030,西城,西四,101117279414,西什库带电梯成本价视野开阔方便看房精装修,1050万,147888元/平,顶层 (共16层) | 1987年 | 3室1厅 | 71平米 | 东 西 北,https://ke-image.ljcdn.com/110000-inspection/pc1_Bx2XVgUoc_1.jpg!m_fill,w_280,h_210,f_jpg?from=ke.com
20241030,西城,西四,101117186745,草岚子胡同 西什库  双朝南双阳台 中间楼层,980万,157304元/平,中楼层 (共6层) | 1982年 | 2室1厅 | 62.3平米 | 南,https://ke-image.ljcdn.com/110000-inspection/pc1_9UcSrHuWu.jpg!m_fill,w_280,h_210,f_jpg?from=ke.com
20241030,西城,西四,101116983255,南北小三居户型方正小区安静可停车诚心出售！,988万,134789元/平,底层 (共6层) 3室1厅 | 73.3平米 | 东南 北,https://ke-image.ljcdn.com/110000-inspection/pc1_2AV4ygybZ.jpg!m_fill,w_280,h_210,f_jpg?from=ke.com
20241030,西城,西四,101115917380,金融街西四新街口什刹海南北通透大三居满五唯一楼龄新,1015万,117206元/平,顶层 (共7层) 3室2厅 | 86.6平米 | 南 北,https://ke-image.ljcdn.com/110000-inspection/e70e7456-6366-4ac6-ad52-d9262d57b47f_1000.jpg!m_fill,w_280,h_210,f_jpg?from=ke.com
20241030,西城,西四,101127276939,西四北五条 2室1厅 南 北新上,590万,113900元/平,中楼层 (共6层) | 1982年 | 2室1厅 | 51.8平米 | 南 北,https://ke-image.ljcdn.com/110000-inspection/5190ce0a-4a2f-48a7-a503-7dd83c7a2770_1000.jpg!m_fill,w_280,h_210,f_jpg?from=ke.com
20241030,西城,西四,101127199978,宝产胡同15号院 3室1厅 西,1200万,132597元/平,低楼层 (共7层) 3室1厅 | 90.5平米 | 西,https://ke-image.ljcdn.com/110000-inspection/34125c81-b999-4415-82ea-31d21c1e3f27_1000.jpg!m_fill,w_280,h_210,f_jpg?from=ke.com
20241030,西城,西四,101127036102,小拐棒胡同 1室0厅 南,310万,215278元/平,底层 (共1层) 1室0厅 | 14.4平米 | 南,https://ke-image.ljcdn.com/110000-inspection/3cdfc2b3-ba27-41c1-b362-4a76723237fb_1000.jpg!m_fill,w_280,h_210,f_jpg?from=ke.com
20241030,西城,西四,101126960557,什刹海爱民里兵器部三居室南北大阳台看房方便。,1150万,125959元/平,地下室 (共6层) 3室1厅 | 91.3平米 | 南 北,https://ke-image.ljcdn.com/110000-inspection/pc1_Oaf4vEF9n_1.jpg!m_fill,w_280,h_210,f_jpg?from=ke.com
20241030,西城,西四,101126933244,中国电信宿舍 小区环境好安静整洁 满五年带电梯房主自荐,1495万,124792元/平,顶层 (共7层) 3室2厅 | 119.8平米 | 东南 北,https://ke-image.ljcdn.com/110000-inspection/96f85211-abb3-4e77-bea6-f4fa9c89486e_1000.jpg!m_fill,w_280,h_210,f_jpg?from=ke.com
20241030,西城,西四,101126708230,爱民里小区 3室1厅 南 北,700万,136453元/平,底层 (共7层) | 1989年 | 3室1厅 | 51.3平米 | 南 北,https://ke-image.ljcdn.com/110000-inspection/pc1_Qp4eggRBT.jpg!m_fill,w_280,h_210,f_jpg?from=ke.com
20241030,西城,西四,101126694612,西什库 爱民里 低楼层精装一居 居住舒适 低价格房主自荐,585万,144659元/平,低楼层 (共6层) 1室1厅 | 40.44平米 | 东,https://ke-image.ljcdn.com/110000-inspection/pc1_A5n2qpKme.jpg!m_fill,w_280,h_210,f_jpg?from=ke.com
20241030,西城,西四,101126423576,西四 黄城根 教委家属院 满五年 适合贷款 成本少,748万,144124元/平,中楼层 (共6层) 2室1厅 | 51.9平米 | 西南,https://ke-image.ljcdn.com/110000-inspection/07679fec-64cf-48b9-badc-a85f16867e4c_1000.jpg!m_fill,w_280,h_210,f_jpg?from=ke.com
20241030,西城,西四,101126251699,航空胡同价格很低的一居室诚意出售看房方便,520万,125908元/平,顶层 (共5层) | 1984年 | 1室1厅 | 41.3平米 | 南,https://ke-image.ljcdn.com/110000-inspection/pc1_qIfPI2rLi.jpg!m_fill,w_280,h_210,f_jpg?from=ke.com
20241030,西城,西四,101126157971,爱民里小区西什库业主自住的精装修两居室,620万,128100元/平,顶层 (共7层) 1室1厅 | 48.4平米 | 东 西,https://ke-image.ljcdn.com/110000-inspection/pc1_366wFbiKj.jpg!m_fill,w_280,h_210,f_jpg?from=ke.com
20241030,西城,西四,101125473350,爱民里小区南向一居室适宜居住。,660万,144737元/平,顶层 (共7层) 1室1厅 | 45.6平米 | 南 北,https://ke-image.ljcdn.com/110000-inspection/pc1_MHVjqsGjE_1.jpg!m_fill,w_280,h_210,f_jpg?from=ke.com
20241030,西城,西四,101125473295,爱民里小区两居室中间楼层适宜居住,850万,145548元/平,中楼层 (共7层) 2室1厅 | 58.4平米 | 南 北,https://ke-image.ljcdn.com/110000-inspection/pc1_Oy8UQ2wJ0_1.jpg!m_fill,w_280,h_210,f_jpg?from=ke.com
20241030,西城,西四,101125166857,大帽胡同 1室1厅 东,260万,204403元/平,底层 (共1层) 1室1厅 | 12.72平米 | 东,https://ke-image.ljcdn.com/110000-inspection/9e503001-7ea3-454a-a612-5735613d6049_1000.jpg!m_fill,w_280,h_210,f_jpg?from=ke.com
20241030,西城,西四,101124796812,大拐棒胡同 1室0厅 南,360万,305085元/平,底层 (共1层) 1室0厅 | 11.8平米 | 南,https://ke-image.ljcdn.com/110000-inspection/pc1_TCmCPQy1M_1.jpg!m_fill,w_280,h_210,f_jpg?from=ke.com
20241030,西城,西四,101124517127,大红罗厂南巷 什刹海 西什库 平房,298万,193885元/平,底层 (共1层) 1室1厅 | 15.37平米 | 西,https://ke-image.ljcdn.com/110000-inspection/pc1_jxHQfONKS.jpg!m_fill,w_280,h_210,f_jpg?from=ke.com
20241030,西城,西四,101124041380,宝产胡同15号院 2室1厅 西,680万,135459元/平,低楼层 (共7层) 2室1厅 | 50.2平米 | 西,https://ke-image.ljcdn.com/110000-inspection/pc1_X4eVzpQ0P.jpg!m_fill,w_280,h_210,f_jpg?from=ke.com
20241030,西城,西四,101124010367,后毛家湾 1室0厅 东,298万,200809元/平,底层 (共1层) 1室0厅 | 14.84平米 | 东,https://ke-image.ljcdn.com/110000-inspection/afe695d3-e847-4b6a-86bc-bafdfdc7c556_1000.jpg!m_fill,w_280,h_210,f_jpg?from=ke.com
20241030,西城,西四,101123821616,楼层好户型方正面积小业主诚心出售,598万,163836元/平,中楼层 (共5层) 1室0厅 | 36.5平米 | 东,https://ke-image.ljcdn.com/110000-inspection/pc1_1qFkGFcy8.jpg!m_fill,w_280,h_210,f_jpg?from=ke.com
20241030,西城,西四,101123147160,德胜门内大街 1室1厅 南,338万,207617元/平,底层 (共1层) 1室1厅 | 16.28平米 | 南,https://ke-image.ljcdn.com/110000-inspection/87eb8216-c879-45b9-83f4-36192a75fcbf_1000.jpg!m_fill,w_280,h_210,f_jpg?from=ke.com
20241030,西城,西四,101122964362,南北通透全明格局视野开阔采光充足看房随时,650万,135700元/平,顶层 (共5层) 2室1厅 | 47.9平米 | 南 北,https://ke-image.ljcdn.com/110000-inspection/pc1_4nxqdV36q.jpg!m_fill,w_280,h_210,f_jpg?from=ke.com
20241030,西城,西四,101122820514,西四地铁附近私产平房小户型价低,265万,218828元/平,底层 (共1层) 1室0厅 | 12.11平米 | 南,https://ke-image.ljcdn.com/110000-inspection/pc1_COUmZJly1.jpg!m_fill,w_280,h_210,f_jpg?from=ke.com
20241030,西城,西四,101122810493,什刹海西什库南北小三居位置好配套齐全,1095万,147178元/平,顶层 (共4层) | 1989年 | 3室1厅 | 74.4平米 | 南 北,https://ke-image.ljcdn.com/110000-inspection/pc1_eThBrPOuE.jpg!m_fill,w_280,h_210,f_jpg?from=ke.com
20241030,西城,西四,101122400991,西四北八条 二环内平房 看房方便,465万,186000元/平,底层 (共1层) 2室0厅 | 25平米 | 南,https://ke-image.ljcdn.com/110000-inspection/a44cffd5-c564-4fbc-bc2e-abb3b97c69ca_1000.jpg!m_fill,w_280,h_210,f_jpg?from=ke.com
20241030,西城,西四,101121860333,西四北八条 1室0厅 北,280万,216719元/平,底层 (共1层) 1室0厅 | 12.92平米 | 北,https://ke-image.ljcdn.com/110000-inspection/pc1_FCgFSPmSL.jpg!m_fill,w_280,h_210,f_jpg?from=ke.com
20241030,西城,西四,101121224403,西四北七条 1室1厅 南房主自荐,258万,201249元/平,底层 (共1层) 1室1厅 | 12.82平米 | 南,https://ke-image.ljcdn.com/110000-inspection/eb58828d-b23d-4409-8b0b-6bc2e5e0c87f_1000.jpg!m_fill,w_280,h_210,f_jpg?from=ke.com
20241030,西城,西四,101121190352,西四 南北两居室  精装 看房方便 业主诚心出售,680万,140496元/平,顶层 (共6层) | 1976年 | 2室1厅 | 48.4平米 | 南 北,https://ke-image.ljcdn.com/110000-inspection/pc1_cSrhP6zno.jpg!m_fill,w_280,h_210,f_jpg?from=ke.com
20241030,西城,西四,101120938017,护国寺18号院 2室1厅 南 北,820万,134119元/平,高楼层 (共6层) 2室1厅 | 61.14平米 | 南 北,https://ke-image.ljcdn.com/110000-inspection/pc1_T81Zd0IeZ.jpg!m_fill,w_280,h_210,f_jpg?from=ke.com
20241030,西城,西四,101120897329,小绒线胡同 1室0厅 南,344万,185046元/平,底层 (共1层) 1室0厅 | 18.59平米 | 南,https://ke-image.ljcdn.com/110000-inspection/pc1_T9uZZh77a.jpg!m_fill,w_280,h_210,f_jpg?from=ke.com
20241030,西城,西四,101119896884,姚家胡同 西四北大街 西四 平房,699万,160690元/平,底层 (共1层) 2室1厅 | 43.5平米 | 南,https://ke-image.ljcdn.com/110000-inspection/pc1_svD80z9GP.jpg!m_fill,w_280,h_210,f_jpg?from=ke.com
20241030,西城,西四,101119519597,什刹海中低楼层南北通透采光好90年可贷款,849万,140797元/平,低楼层 (共6层) | 1990年 | 2室1厅 | 60.3平米 | 南 北,https://ke-image.ljcdn.com/110000-inspection/0de0fd19-62bc-41c7-a97b-b133bbacc58e_1000.jpg!m_fill,w_280,h_210,f_jpg?from=ke.com
20241030,西城,西四,101119444726,刘兰塑小区  南北通透三居  精装修  看房方便房主自荐,818万,119504元/平,地下室 (共4层) 3室1厅 | 68.45平米 | 南 北,https://ke-image.ljcdn.com/110000-inspection/pc1_qeNm5LHuW_1.jpg!m_fill,w_280,h_210,f_jpg?from=ke.com
20241030,西城,西四,101119256541,西四北七条交通方便一层适合居住出行方便房主自荐,258万,158283元/平,底层 (共1层) 1室0厅 | 16.3平米 | 南,https://ke-image.ljcdn.com/110000-inspection/pc1_nVAZlSgVL.jpg!m_fill,w_280,h_210,f_jpg?from=ke.com
20241030,西城,西四,101118839430,西什库大街19号 2室1厅 东 西,650万,105178元/平,地下室 (共6层) | 1994年 | 2室1厅 | 61.8平米 | 东 西,https://ke-image.ljcdn.com/110000-inspection/pc1_iKVvUfGwn.jpg!m_fill,w_280,h_210,f_jpg?from=ke.com
20241030,西城,西四,101118673173,航空胡同40号院中间楼层一居室。,630万,121388元/平,中楼层 (共7层) 1室1厅 | 51.9平米 | 东 西,https://ke-image.ljcdn.com/110000-inspection/pc1_gEU4YFaWj.jpg!m_fill,w_280,h_210,f_jpg?from=ke.com
20241030,西城,西四,101118142693,大拐棒胡同小区 南北二居室 满五年不唯一,790万,131012元/平,顶层 (共6层) 2室1厅 | 60.3平米 | 南 北,https://ke-image.ljcdn.com/110000-inspection/5ea01aaf-1b67-4d24-81f3-b68021024096_1000.jpg!m_fill,w_280,h_210,f_jpg?from=ke.com
20241030,西城,西四,101117703883,西四北头条 两居室 满二年的 产权清晰房主自荐,480万,146342元/平,底层 (共1层) 2室0厅 | 32.8平米 | 南,https://ke-image.ljcdn.com/110000-inspection/pc1_BZEM85Y1i.jpg!m_fill,w_280,h_210,f_jpg?from=ke.com
20241030,西城,西四,101127307090,护国寺18号院 南北两居出售 低楼层 有小区环境新上,818万,133792元/平,底层 (共6层) | 1992年 | 2室1厅 | 61.14平米 | 北 南,https://s1.ljcdn.com/pegasus/redskull/images/common/default_house_list.png?_v=202410161653269
20241030,西城,西四,101127215373,大拐棒胡同 两居室 无遮挡 采光充足新上,690万,143154元/平,顶层 (共5层) 2室1厅 | 48.2平米 | 东 西,https://s1.ljcdn.com/pegasus/redskull/images/common/default_house_list.png?_v=202410161653269
20241030,西城,西四,101127065119,北海公园旁边西什库大街精装两居满五年拎包入住,798万,125079元/平,低楼层 (共6层) | 1994年 | 2室1厅 | 63.8平米 | 东 西,https://s1.ljcdn.com/pegasus/redskull/images/common/default_house_list.png?_v=202410161653269
20241030,西城,西四,101127058120,航空胡同40号院 三居室 东西通透,920万,112333元/平,顶层 (共7层) 3室1厅 | 81.9平米 | 东 西,https://s1.ljcdn.com/pegasus/redskull/images/common/default_house_list.png?_v=202410161653269
20241030,西城,西四,101127052079,爱民里小区 2室2厅 南 北,990万,140625元/平,地下室 (共6层) 2室2厅 | 70.4平米 | 南 北,https://s1.ljcdn.com/pegasus/redskull/images/common/default_house_list.png?_v=202410161653269
20241030,西城,西四,101126661539,后帽胡同 1室0厅 北,200万,209644元/平,底层 (共1层) 1室0厅 | 9.54平米 | 北,https://s1.ljcdn.com/pegasus/redskull/images/common/default_house_list.png?_v=202410161653269
20241030,西城,西四,101126587070,前帽胡同 1室0厅 南,219万,282581元/平,底层 (共1层) 1室0厅 | 7.75平米 | 南,https://s1.ljcdn.com/pegasus/redskull/images/common/default_house_list.png?_v=202410161653269
20241030,西城,西四,101126001396,西四北五条 1室0厅 南,288万,143785元/平,底层 (共1层) 1室0厅 | 20.03平米 | 南,https://s1.ljcdn.com/pegasus/redskull/images/common/default_house_list.png?_v=202410161653269
20241030,西城,西四,101125378355,爱民里小区 满五年唯一 东西向三居 诚售,950万,130316元/平,顶层 (共7层) 3室1厅 | 72.9平米 | 东 西,https://s1.ljcdn.com/pegasus/redskull/images/common/default_house_list.png?_v=202410161653269
20241030,西城,西四,101122217676,育德胡同 1室0厅 北,220万,133334元/平,底层 (共1层) 1室0厅 | 16.5平米 | 北,https://s1.ljcdn.com/pegasus/redskull/images/common/default_house_list.png?_v=202410161653269
20241030,西城,西四,101121007615,大拐棒胡同 黄城根 西四 西什库,1590万,179743元/平,底层 (共1层) 3室0厅 | 88.46平米 | 南,https://s1.ljcdn.com/pegasus/redskull/images/common/default_house_list.png?_v=202410161653269
