20241029,朝阳,十里堡,101127226986,京棉新城 正规两居室  诚意出售 近地铁必看好房,360万,42883元/平,低楼层 (共28层) | 2005年 | 2室1厅 | 83.95平米 | 东南,https://ke-image.ljcdn.com/110000-inspection/059c44ce-8f7f-4234-9a27-7e0855bd87bd_1000.jpg!m_fill,w_280,h_210,f_jpg?from=ke.com
20241029,朝阳,十里堡,101127176137,十里堡北里南北两居 带正规客厅 满五年唯一必看好房,298万,47235元/平,高楼层 (共6层) | 1985年 | 2室1厅 | 63.09平米 | 南 北,https://ke-image.ljcdn.com/110000-inspection/3322f5f1-d54e-42b1-a1ea-ae22d5acf77f_1000.jpg!m_fill,w_280,h_210,f_jpg?from=ke.com
20241029,朝阳,十里堡,101127135570,地铁6号线 十里堡北里 南向两居 采光视野好必看好房,355万,56145元/平,低楼层 (共14层) | 1986年 | 2室1厅 | 63.23平米 | 南,https://ke-image.ljcdn.com/110000-inspection/baf3e07e-7bf9-496d-8351-7983e5b7c885_1000.jpg!m_fill,w_280,h_210,f_jpg?from=ke.com
20241029,朝阳,十里堡,101127060814,全南两居室明厨明卫无遮挡精装修必看好房,316万,51795元/平,高楼层 (共6层) 2室1厅 | 61.01平米 | 南,https://ke-image.ljcdn.com/110000-inspection/34cc5169-76b8-460f-90d0-f7f7db0b2357_1000.jpg!m_fill,w_280,h_210,f_jpg?from=ke.com
20241029,朝阳,十里堡,101127046305,十里堡东里新上房源 精装修电梯直达无遮挡 诚意出售必看好房,279万,53593元/平,低楼层 (共12层) 2室1厅 | 52.06平米 | 南 北,https://ke-image.ljcdn.com/110000-inspection/c91da785-daef-4313-8020-a821bfca1513_1000.jpg!m_fill,w_280,h_210,f_jpg?from=ke.com
20241029,朝阳,十里堡,101126928858,十里堡北里 2室1厅 南 北必看好房,258万,41884元/平,顶层 (共6层) 2室1厅 | 61.6平米 | 南 北,https://ke-image.ljcdn.com/110000-inspection/pc1_wSt9Cw4WO.jpg!m_fill,w_280,h_210,f_jpg?from=ke.com
20241029,朝阳,十里堡,101126917361,十里堡北里满五唯一电梯直达双卧朝南地铁边必看好房,310万,52023元/平,低楼层 (共14层) | 1987年 | 2室1厅 | 59.59平米 | 南 北,https://ke-image.ljcdn.com/110000-inspection/pc1_LTK6UN8jZ_1.jpg!m_fill,w_280,h_210,f_jpg?from=ke.com
20241029,朝阳,十里堡,101126915752,六号线近地铁八里庄南里南北通透大客厅两居室必看好房,320万,50915元/平,中楼层 (共6层) 2室1厅 | 62.85平米 | 东 南 北,https://ke-image.ljcdn.com/110000-inspection/e06f75aa-ce9a-4460-8271-4a4a606d3886_1000.jpg!m_fill,w_280,h_210,f_jpg?from=ke.com
20241029,朝阳,十里堡,101126887519,十里堡北里 中间楼层 南北三居室必看好房,390万,56261元/平,中楼层 (共6层) 3室1厅 | 69.32平米 | 南 北,https://ke-image.ljcdn.com/110000-inspection/e8d0c318-b9a2-4eff-b867-d8d4801e8519_1000.jpg!m_fill,w_280,h_210,f_jpg?from=ke.com
20241029,朝阳,十里堡,101126870176,十里堡北里小区温馨两居室诚意出售必看好房,329万,50046元/平,高楼层 (共21层) | 1992年 | 2室1厅 | 65.74平米 | 东 东南 南,https://ke-image.ljcdn.com/110000-inspection/31ac5b0e-db6b-4804-be4a-54677386f1ab_1000.jpg!m_fill,w_280,h_210,f_jpg?from=ke.com
20241029,朝阳,十里堡,101126784681,十里堡北里小区精装修近地铁两居室必看好房,308万,54707元/平,中楼层 (共5层) 2室1厅 | 56.3平米 | 南 北,https://ke-image.ljcdn.com/110000-inspection/2c311e86-5726-44dd-9a9e-7ec1869d5ca4_1000.jpg!m_fill,w_280,h_210,f_jpg?from=ke.com
20241029,朝阳,十里堡,101126704954,十里堡北里 3室1厅 南 北必看好房,440万,57652元/平,中楼层 (共6层) | 1987年 | 3室1厅 | 76.32平米 | 南 北,https://ke-image.ljcdn.com/110000-inspection/7386049e-106e-4b98-aefe-c8a6bbe4615e_1000.jpg!m_fill,w_280,h_210,f_jpg?from=ke.com
20241029,朝阳,十里堡,101126688805,八里庄南里优质三居户型无遮挡采光良好电梯房必看好房,499万,58179元/平,低楼层 (共18层) 3室1厅 | 85.77平米 | 西南,https://ke-image.ljcdn.com/110000-inspection/223412db-d31c-4bff-ab66-f226bf077983_1000.jpg!m_fill,w_280,h_210,f_jpg?from=ke.com
20241029,朝阳,十里堡,101126675772,十里堡北里小区 电梯房 满五年 南北两居必看好房,310万,46680元/平,中楼层 (共14层) | 1987年 | 2室1厅 | 66.41平米 | 南 北,https://ke-image.ljcdn.com/110000-inspection/57aac6af-d2e4-4cec-a343-e491301b7243_1000.jpg!m_fill,w_280,h_210,f_jpg?from=ke.com
20241029,朝阳,十里堡,101126604323,满5年商品房家庭一套全南2居精装拎包入住视野好,468万,54975元/平,中楼层 (共28层) 2室1厅 | 85.13平米 | 南,https://ke-image.ljcdn.com/110000-inspection/0c904b16-80dc-47e0-9771-5fc9541965d8_1000.jpg!m_fill,w_280,h_210,f_jpg?from=ke.com
20241029,朝阳,十里堡,101126456396,满5年家庭一套。东向1居近地铁无遮挡着急出售必看好房,259万,43611元/平,低楼层 (共32层) | 2006年 | 1室1厅 | 59.39平米 | 东,https://ke-image.ljcdn.com/110000-inspection/ebd27f6d-494d-49ea-b8da-a8ff5ed045df_1000.jpg!m_fill,w_280,h_210,f_jpg?from=ke.com
20241029,朝阳,十里堡,101126443242,本房全南三居 满五唯一  南向观花园 无遮挡 明卫必看好房,735万,56973元/平,低楼层 (共30层) | 2001年 | 3室1厅 | 129.01平米 | 南,https://ke-image.ljcdn.com/110000-inspection/a7a6ca2e-52dc-4adb-b69c-a87e7768ec09_1000.jpg!m_fill,w_280,h_210,f_jpg?from=ke.com
20241029,朝阳,十里堡,101126377432,京棉新城新上西北两居室 满五年唯一商品房 看房方便必看好房,359万,48279元/平,中楼层 (共32层) | 2006年 | 2室1厅 | 74.36平米 | 西北,https://ke-image.ljcdn.com/110000-inspection/pc1_P1lKpl0nx.jpg!m_fill,w_280,h_210,f_jpg?from=ke.com
20241029,朝阳,十里堡,101126353726,十里堡北里电梯两居 满五年唯一 楼龄新 无遮挡必看好房,305万,46395元/平,中楼层 (共21层) | 1992年 | 2室1厅 | 65.74平米 | 东 南,https://ke-image.ljcdn.com/110000-inspection/685b1b69-a1ce-4066-8a07-33342da89cdc_1000.jpg!m_fill,w_280,h_210,f_jpg?from=ke.com
20241029,朝阳,十里堡,101126270604,都会华庭 西南两居室 高层 采光视野好,528万,55874元/平,高楼层 (共30层) | 2001年 | 2室1厅 | 94.5平米 | 南 西南 西,https://ke-image.ljcdn.com/110000-inspection/0faefb2f-9392-4bf8-b658-667703129da4_1000.jpg!m_fill,w_280,h_210,f_jpg?from=ke.com
20241029,朝阳,十里堡,101126240353,精装修拎包入住方正南向采光充足满五唯一商品必看好房,368万,51642元/平,低楼层 (共14层) 2室1厅 | 71.26平米 | 西南,https://ke-image.ljcdn.com/110000-inspection/66cc6618-a76b-4bab-a5fb-7d555689c3d8_1000.jpg!m_fill,w_280,h_210,f_jpg?from=ke.com
20241029,朝阳,十里堡,101126202778,东四环十里堡、南北向两居带电梯精装修近地铁必看好房,280万,43270元/平,低楼层 (共12层) 2室1厅 | 64.71平米 | 南 北,https://ke-image.ljcdn.com/110000-inspection/f3e3393c-3af3-4cd2-ad1a-a3d3b734a37e_1000.jpg!m_fill,w_280,h_210,f_jpg?from=ke.com
20241029,朝阳,十里堡,101126115715,八里庄南里 地铁6号线十里堡 满五年家庭唯一住房必看好房,315万,49953元/平,高楼层 (共18层) 2室1厅 | 63.06平米 | 南 北,https://ke-image.ljcdn.com/110000-inspection/08738678-90e4-44a9-8105-c137a89a670a_1000.jpg!m_fill,w_280,h_210,f_jpg?from=ke.com
20241029,朝阳,十里堡,101126053639,新上房源 中间楼层 东西通透 位置静谧  采光充足必看好房,229万,39240元/平,中楼层 (共6层) 2室1厅 | 58.36平米 | 东 西,https://ke-image.ljcdn.com/110000-inspection/pc1_JrgwnUmam.jpg!m_fill,w_280,h_210,f_jpg?from=ke.com
20241029,朝阳,十里堡,101126036979,十里堡东里采光好 全明格局公积金30年钥匙房随时看必看好房,235万,41034元/平,低楼层 (共6层) | 1991年 | 2室1厅 | 57.27平米 | 南 北,https://ke-image.ljcdn.com/110000-inspection/pc1_1xf4nSSao_1.jpg!m_fill,w_280,h_210,f_jpg?from=ke.com
20241029,朝阳,十里堡,101125995668,业主急售  满五唯一  全南向  无遮挡 产权清晰必看好房,405万,47575元/平,低楼层 (共28层) 2室1厅 | 85.13平米 | 南,https://ke-image.ljcdn.com/110000-inspection/pc1_yjjGBmqaz.jpg!m_fill,w_280,h_210,f_jpg?from=ke.com
20241029,朝阳,十里堡,101125402249,都会华庭 2室1厅 西南必看好房,540万,58550元/平,中楼层 (共21层) | 2001年 | 2室1厅 | 92.23平米 | 西南,https://ke-image.ljcdn.com/110000-inspection/c69acc8e-3180-42a6-b106-f7f75e93876c_1000.jpg!m_fill,w_280,h_210,f_jpg?from=ke.com
20241029,朝阳,十里堡,101125214599,朝阳路商品房大三居 无遮挡 满五唯一采光充足 明卫必看好房,839万,56362元/平,中楼层 (共20层) 3室1厅 | 148.86平米 | 西南,https://ke-image.ljcdn.com/110000-inspection/713c3283-73db-485b-b34f-1e245a034d52_1000.jpg!m_fill,w_280,h_210,f_jpg?from=ke.com
20241029,朝阳,十里堡,101124876406,满5年家庭一套全南1居中间楼层视野采光无遮挡必看好房,191万,45629元/平,中楼层 (共5层) | 1989年 | 1室1厅 | 41.86平米 | 南,https://ke-image.ljcdn.com/110000-inspection/2d55730f-4850-4282-b863-6ef079b393fd_1000.jpg!m_fill,w_280,h_210,f_jpg?from=ke.com
20241029,朝阳,十里堡,101124845662,2008年商品房社区改善楼盘闹中取静交通便利必看好房,1115万,71811元/平,中楼层 (共20层) | 2008年 | 3室1厅 | 155.27平米 | 南 北,https://ke-image.ljcdn.com/110000-inspection/pc1_VjXKsgldY_1.jpg!m_fill,w_280,h_210,f_jpg?from=ke.com
20241029,朝阳,十里堡,101124693822,首付50万 公积金贷款30年 满五年 家庭唯一房主自荐,229万,40254元/平,中楼层 (共6层) | 1991年 | 2室1厅 | 56.89平米 | 南 北,https://ke-image.ljcdn.com/110000-inspection/pc1_QSZWlXc41.jpg!m_fill,w_280,h_210,f_jpg?from=ke.com
20241029,朝阳,十里堡,101124609042,公积金可贷30年满5年家庭一套南北通透明厨明卫必看好房,247万,43130元/平,中楼层 (共6层) | 1991年 | 2室1厅 | 57.27平米 | 南 北,https://ke-image.ljcdn.com/110000-inspection/pc1_InLsC6J2Z.jpg!m_fill,w_280,h_210,f_jpg?from=ke.com
20241029,朝阳,十里堡,101124573368,十里堡北里小区 方正两居室 业主诚售必看好房,275万,46555元/平,中楼层 (共21层) | 1991年 | 2室1厅 | 59.07平米 | 西北,https://ke-image.ljcdn.com/110000-inspection/pc1_krjAKd0xC_1.jpg!m_fill,w_280,h_210,f_jpg?from=ke.com
20241029,朝阳,十里堡,101124392323,十里堡地铁站 南北两居 中间层满五年唯一 精装修必看好房,299万,56109元/平,中楼层 (共6层) | 1984年 | 2室1厅 | 53.29平米 | 南 北,https://ke-image.ljcdn.com/110000-inspection/pc1_r3r6q2e7K.jpg!m_fill,w_280,h_210,f_jpg?from=ke.com
20241029,朝阳,十里堡,101124323619,十里堡南向大一居室 2000年 钢混必看好房,220万,33019元/平,低楼层 (共14层) 1室1厅 | 66.63平米 | 东南,https://ke-image.ljcdn.com/110000-inspection/pc1_ptMt2HPBG_2.jpg!m_fill,w_280,h_210,f_jpg?from=ke.com
20241029,朝阳,十里堡,101124319833,十里堡北里小区南北通透两居室明厅可公积金贷款必看好房,299万,51296元/平,中楼层 (共6层) | 1985年 | 2室1厅 | 58.29平米 | 南 北,https://ke-image.ljcdn.com/110000-inspection/pc1_Vj1osQv1Q_1.jpg!m_fill,w_280,h_210,f_jpg?from=ke.com
20241029,朝阳,十里堡,101123870284,十里堡北里 地铁6号线十里堡 前后不临街 板楼钢混结构必看好房,296万,50418元/平,中楼层 (共6层) | 1985年 | 2室1厅 | 58.71平米 | 南 北,https://ke-image.ljcdn.com/110000-inspection/455dbe1b-4864-48db-b287-e705db318608_1000.jpg!m_fill,w_280,h_210,f_jpg?from=ke.com
20241029,朝阳,十里堡,101123807429,十里堡东里 精装修 满五年 家庭唯一必看好房,235万,47380元/平,高楼层 (共12层) 2室1厅 | 49.6平米 | 南 北,https://ke-image.ljcdn.com/110000-inspection/288bfa68-7c79-4c43-a714-df778d608fd7_1000.jpg!m_fill,w_280,h_210,f_jpg?from=ke.com
20241029,朝阳,十里堡,101123562475,地铁边92年建成钢混结构电梯直达。全南向客厅大必看好房,340万,55294元/平,高楼层 (共21层) | 1992年 | 2室1厅 | 61.49平米 | 南 北,https://ke-image.ljcdn.com/110000-inspection/0e5405c3-83b0-4d99-bd2a-37079455bbd8_1000.jpg!m_fill,w_280,h_210,f_jpg?from=ke.com
20241029,朝阳,十里堡,101123111931,十里堡东里 南北通透三居室 高层无遮挡电梯房钢混结构必看好房,260万,40785元/平,高楼层 (共12层) 3室1厅 | 63.75平米 | 南 北,https://ke-image.ljcdn.com/110000-inspection/dacd2da9-c715-42d9-8ba7-2035a84eeb70_1000.jpg!m_fill,w_280,h_210,f_jpg?from=ke.com
20241029,朝阳,十里堡,101122994659,新华联丽景 南向两居 满五唯一 精装 看房方便诚意出售,790万,81663元/平,低楼层 (共14层) | 2008年 | 2室1厅 | 96.74平米 | 南,https://ke-image.ljcdn.com/110000-inspection/67c09fda-09ad-4de1-9d61-94c3f52d4988_1000.jpg!m_fill,w_280,h_210,f_jpg?from=ke.com
20241029,朝阳,十里堡,101121109216,南北通透 全明格局一居室 满五年 近地铁 带电梯必看好房,235万,47189元/平,中楼层 (共14层) | 1986年 | 1室1厅 | 49.8平米 | 南 北,https://ke-image.ljcdn.com/110000-inspection/6856173d-d2ff-4389-aa69-8705b7a67052_1000.jpg!m_fill,w_280,h_210,f_jpg?from=ke.com
20241029,朝阳,十里堡,101120445336,八里庄南里双卧南向 有客厅 带电梯 满五年成本价必看好房,399万,48166元/平,中楼层 (共18层) | 1990年 | 2室2厅 | 82.84平米 | 西南,https://ke-image.ljcdn.com/110000-inspection/88350724-02fa-4e6e-b676-76f1a50e1d64_1000.jpg!m_fill,w_280,h_210,f_jpg?from=ke.com
20241029,朝阳,十里堡,101126983882,十里堡东里新上南向两居 公积金可贷27年,238万,47345元/平,中楼层 (共5层) 2室1厅 | 50.27平米 | 南,https://ke-image.ljcdn.com/110000-inspection/9e87d685-cd4e-448c-a59e-405b757c7722_1000.jpg!m_fill,w_280,h_210,f_jpg?from=ke.com
20241029,朝阳,十里堡,101126954304,十里堡东里楼新 采光好楼层适中刷卡电梯钥匙房必看好房,375万,46041元/平,低楼层 (共22层) | 2006年 | 2室1厅 | 81.45平米 | 西,https://ke-image.ljcdn.com/110000-inspection/pc1_8RMbErVWA.jpg!m_fill,w_280,h_210,f_jpg?from=ke.com
20241029,朝阳,十里堡,101126943403,满五年唯一 南北通透  看房方便必看好房,268万,41416元/平,顶层 (共12层) | 1987年 | 2室1厅 | 64.71平米 | 南 北,https://ke-image.ljcdn.com/110000-inspection/7a51c859-41b7-4a41-9605-c30ba596f087_1000.jpg!m_fill,w_280,h_210,f_jpg?from=ke.com
20241029,朝阳,十里堡,101126715659,海华堂 2室1厅 西南 东北必看好房,480万,54826元/平,高楼层 (共33层) 2室1厅 | 87.55平米 | 西南 东北,https://ke-image.ljcdn.com/110000-inspection/302c47ca-9050-4395-bf61-7f52aa79bd20_1000.jpg!m_fill,w_280,h_210,f_jpg?from=ke.com
20241029,朝阳,十里堡,101126614725,都会华庭经典三居 满五唯一 对花园 封闭社区安静必看好房,598万,48933元/平,中楼层 (共21层) | 2001年 | 3室1厅 | 122.21平米 | 西南 北,https://ke-image.ljcdn.com/110000-inspection/153d5cf3-78d6-43d2-982a-bed8379346f0_1000.jpg!m_fill,w_280,h_210,f_jpg?from=ke.com
20241029,朝阳,十里堡,101126566494,都会华庭 东南大两居 对花园 无遮挡必看好房,570万,47560元/平,中楼层 (共20层) 2室1厅 | 119.85平米 | 东南,https://ke-image.ljcdn.com/110000-inspection/pc1_adGkvlKth.jpg!m_fill,w_280,h_210,f_jpg?from=ke.com
20241029,朝阳,十里堡,101126540991,朝阳嘉园 落地阳台 视野开阔 6号线 在建22号线,488万,45383元/平,中楼层 (共25层) | 2006年 | 2室1厅 | 107.53平米 | 西,https://ke-image.ljcdn.com/110000-inspection/65b61ed9-9400-48f1-abc4-953fdc1ead80_1000.jpg!m_fill,w_280,h_210,f_jpg?from=ke.com
20241029,朝阳,十里堡,101126195700,08年板楼2梯5户中间层全南两居无遮挡不临街,398万,51736元/平,中楼层 (共28层) 2室1厅 | 76.93平米 | 南,https://ke-image.ljcdn.com/110000-inspection/8ca7fa72-697c-4005-af29-602f08dff8da_1000.jpg!m_fill,w_280,h_210,f_jpg?from=ke.com
20241029,朝阳,十里堡,101126075450,高层三居室看房方便对小区花园。必看好房,739万,48125元/平,中楼层 (共30层) 3室2厅 | 153.56平米 | 西南 北,https://ke-image.ljcdn.com/110000-inspection/15096f10-5d2e-44b6-9db6-88e9f953cb6b_1000.jpg!m_fill,w_280,h_210,f_jpg?from=ke.com
20241029,朝阳,十里堡,101125923007,CBD东十里堡 高层两居商品房管理视野无遮挡随时看房主自荐,420万,46923元/平,中楼层 (共22层) | 2006年 | 2室1厅 | 89.51平米 | 东北,https://ke-image.ljcdn.com/110000-inspection/75f86b61-dbeb-46d0-bb07-6d75632cd41f_1000.jpg!m_fill,w_280,h_210,f_jpg?from=ke.com
20241029,朝阳,十里堡,101125837714,都会华庭香港开发商打造人车分流社区。小区环境好必看好房,729万,51422元/平,高楼层 (共30层) | 2001年 | 3室1厅 | 141.77平米 | 西 南 北,https://ke-image.ljcdn.com/110000-inspection/pc1_LZVZrEitY.jpg!m_fill,w_280,h_210,f_jpg?from=ke.com
20241029,朝阳,十里堡,101125196796,十里堡 公积金可22年 首付55万,218万,40786元/平,中楼层 (共5层) 2室1厅 | 53.45平米 | 南,https://ke-image.ljcdn.com/110000-inspection/pc1_jl4748s7m.jpg!m_fill,w_280,h_210,f_jpg?from=ke.com
20241029,朝阳,十里堡,101124371468,海华堂  精装修 拎包入住 楼层佳 视野开阔 地铁必看好房,488万,55740元/平,中楼层 (共33层) 2室1厅 | 87.55平米 | 西南 东北,https://ke-image.ljcdn.com/110000-inspection/730d7443-1caf-4d73-9925-82a820876646_1000.jpg!m_fill,w_280,h_210,f_jpg?from=ke.com
20241029,朝阳,十里堡,101123755506,十里堡北里 2室1厅 南 北必看好房,265万,45486元/平,高楼层 (共6层) 2室1厅 | 58.26平米 | 南 北,https://ke-image.ljcdn.com/110000-inspection/pc1_p4qfQDkUy.jpg!m_fill,w_280,h_210,f_jpg?from=ke.com
20241029,朝阳,十里堡,101122059540,十里堡北里  南北通透格局  交通便利必看好房,156万,25790元/平,地下室 (共6层) | 1989年 | 2室1厅 | 60.49平米 | 南 北,https://ke-image.ljcdn.com/110000-inspection/pc1_rWnLw067H_1.jpg!m_fill,w_280,h_210,f_jpg?from=ke.com
20241029,朝阳,十里堡,101127242144,碧水星阁 东南户型 没遮挡 采光好 前后花园新上,830万,60691元/平,高楼层 (共21层) 3室1厅 | 136.76平米 | 东南,https://ke-image.ljcdn.com/110000-inspection/ad7dd948-c1a3-412c-879c-b10195db7ecb_1000.jpg!m_fill,w_280,h_210,f_jpg?from=ke.com
20241029,朝阳,十里堡,101127178393,十里堡北里  钢混结构 近地铁 前后不临街 精装修新上,365万,69405元/平,中楼层 (共6层) | 1985年 | 2室1厅 | 52.59平米 | 南,https://ke-image.ljcdn.com/110000-inspection/f05cefc5-1bb6-46a2-8cf9-8e6a95d048ad_1000.jpg!m_fill,w_280,h_210,f_jpg?from=ke.com
20241029,朝阳,十里堡,101127175597,十里堡东里海华堂精装修 高层采光视野好观国贸中国尊新上,570万,62810元/平,高楼层 (共33层) | 2008年 | 2室1厅 | 90.75平米 | 西南,https://ke-image.ljcdn.com/110000-inspection/b706001b-7807-4569-a857-c7cf638db4a6_1000.jpg!m_fill,w_280,h_210,f_jpg?from=ke.com
20241029,朝阳,十里堡,101127133726,京棉新城中间层西向两居满五唯一商品房采光好,418万,48747元/平,中楼层 (共28层) 2室1厅 | 85.75平米 | 西,https://ke-image.ljcdn.com/110000-inspection/pc1_V6nVf1pIy_1.jpg!m_fill,w_280,h_210,f_jpg?from=ke.com
20241029,朝阳,十里堡,101127124937,十里堡东里新上东西两居室满五年唯一房主自荐,239万,46781元/平,地下室 (共6层) 2室1厅 | 51.09平米 | 东 西,https://ke-image.ljcdn.com/110000-inspection/69642efb-0807-4227-ace5-0618c969b9f5_1000.jpg!m_fill,w_280,h_210,f_jpg?from=ke.com
20241029,朝阳,十里堡,101127112272,地铁6号线  十里堡北里 东向精装两居,299万,46552元/平,低楼层 (共6层) | 1989年 | 2室1厅 | 64.23平米 | 东,https://ke-image.ljcdn.com/110000-inspection/2d1774b6-8fa2-4caa-823b-430d5c92ea35_1000.jpg!m_fill,w_280,h_210,f_jpg?from=ke.com
20241029,朝阳,十里堡,101127106322,京棉新城 2室1厅 西南,390万,46457元/平,高楼层 (共28层) | 2005年 | 2室1厅 | 83.95平米 | 西南,https://ke-image.ljcdn.com/110000-inspection/7c70df80-53a9-4580-916b-189ec8e24261_1000.jpg!m_fill,w_280,h_210,f_jpg?from=ke.com
20241029,朝阳,十里堡,101127096993,朝阳路商品房大2居 无遮挡 采光充足,599万,45611元/平,低楼层 (共20层) 2室1厅 | 131.33平米 | 西南,https://ke-image.ljcdn.com/110000-inspection/pc1_PucMmMClJ_2.jpg!m_fill,w_280,h_210,f_jpg?from=ke.com
20241029,朝阳,十里堡,101127081888,都会华庭   西向两居室   高层  满五唯一,570万,61245元/平,中楼层 (共21层) 2室1厅 | 93.07平米 | 西,https://ke-image.ljcdn.com/110000-inspection/bd874a08-604c-44ac-8c1c-884389307c1e_1000.jpg!m_fill,w_280,h_210,f_jpg?from=ke.com
20241029,朝阳,十里堡,101127068020,八里庄南里 正规客厅 近地铁 南北通透,320万,50593元/平,高楼层 (共6层) | 1986年 | 2室1厅 | 63.25平米 | 南 北,https://ke-image.ljcdn.com/110000-inspection/179c9b4d-3e37-4c7a-9085-90021cbc03c9_1000.jpg!m_fill,w_280,h_210,f_jpg?from=ke.com
20241029,朝阳,十里堡,101127063787,八里庄南里 2室1厅 南 北,295万,51074元/平,顶层 (共6层) 2室1厅 | 57.76平米 | 南 北,https://ke-image.ljcdn.com/110000-inspection/108bf47a-a68f-4ba8-b1c9-017d57cf7bd1_1000.jpg!m_fill,w_280,h_210,f_jpg?from=ke.com
20241029,朝阳,十里堡,101127045314,海华堂2011年 精装1居视野采光好近地铁,355万,59926元/平,低楼层 (共33层) | 2011年 | 1室1厅 | 59.24平米 | 西,https://ke-image.ljcdn.com/110000-inspection/c3fa8fd4-f918-42d7-bb58-6ba34a2731f7_1000.jpg!m_fill,w_280,h_210,f_jpg?from=ke.com
20241029,朝阳,十里堡,101127026250,京棉新城 2室1厅 东 北,410万,45805元/平,中楼层 (共22层) | 2006年 | 2室1厅 | 89.51平米 | 东 北,https://ke-image.ljcdn.com/110000-inspection/pc1_6JxodVNou.jpg!m_fill,w_280,h_210,f_jpg?from=ke.com
20241029,朝阳,十里堡,101126976665,十里堡北里 2室1厅 东,265万,40657元/平,中楼层 (共6层) 2室1厅 | 65.18平米 | 东,https://ke-image.ljcdn.com/110000-inspection/dba405e8-a5a0-4838-befb-3c3d5c01901e_1000.jpg!m_fill,w_280,h_210,f_jpg?from=ke.com
20241029,朝阳,十里堡,101126951044,十里堡 西向正规一居室 高楼层 采光充足,218万,43697元/平,高楼层 (共14层) 1室1厅 | 49.89平米 | 西,https://ke-image.ljcdn.com/110000-inspection/6ec3b8f0-5c64-4c86-9f5e-9541e6848fbe_1000.jpg!m_fill,w_280,h_210,f_jpg?from=ke.com
20241029,朝阳,十里堡,101126905245,精装修南北两室电梯楼采光视野均好看房方便,375万,56468元/平,顶层 (共14层) 2室1厅 | 66.41平米 | 南 北,https://ke-image.ljcdn.com/110000-inspection/65eaa618-fe1b-482e-a751-fdad14805b64_1000.jpg!m_fill,w_280,h_210,f_jpg?from=ke.com
20241029,朝阳,十里堡,101126866628,都会华庭 东南向两居室 产权清晰 卖房离京,480万,50553元/平,低楼层 (共21层) | 2001年 | 2室1厅 | 94.95平米 | 东南,https://ke-image.ljcdn.com/110000-inspection/8b301710-eaa9-4ae9-bf08-1c6103ff61f8_1000.jpg!m_fill,w_280,h_210,f_jpg?from=ke.com
20241029,朝阳,十里堡,101126812765,都会华庭 2室1厅 东,599万,57536元/平,低楼层 (共21层) 2室1厅 | 104.11平米 | 东,https://ke-image.ljcdn.com/110000-inspection/5068309b-da7d-4357-9db7-4f9913ce21e0_1000.jpg!m_fill,w_280,h_210,f_jpg?from=ke.com
20241029,朝阳,十里堡,101126806666,朝阳嘉园 2室1厅 西北,618万,51432元/平,中楼层 (共25层) | 2006年 | 2室1厅 | 120.16平米 | 西北,https://ke-image.ljcdn.com/110000-inspection/569912b3-9657-4bf7-b0fe-30ad71cad992_1000.jpg!m_fill,w_280,h_210,f_jpg?from=ke.com
20241029,朝阳,十里堡,101126772693,十里堡东里商品房社区2011年 视野好 诚心出售,365万,61614元/平,低楼层 (共33层) | 2011年 | 1室1厅 | 59.24平米 | 西,https://ke-image.ljcdn.com/110000-inspection/f0541375-b1b2-43ae-9ccf-cafce199a48e_1000.jpg!m_fill,w_280,h_210,f_jpg?from=ke.com
20241029,朝阳,十里堡,101126755941,海华堂 1室1厅 东,380万,64136元/平,低楼层 (共33层) 1室1厅 | 59.25平米 | 东,https://ke-image.ljcdn.com/110000-inspection/2d5c25c3-30bc-4856-89f1-861c00ca7315_1000.jpg!m_fill,w_280,h_210,f_jpg?from=ke.com
20241029,朝阳,十里堡,101126751560,满五年唯一中间楼层全明格局；精装修；近地铁。房主自荐,420万,49482元/平,低楼层 (共6层) | 1989年 | 3室1厅 | 84.88平米 | 东 南 西,https://ke-image.ljcdn.com/110000-inspection/pc1_wk0iCGI7U.jpg!m_fill,w_280,h_210,f_jpg?from=ke.com
20241029,朝阳,十里堡,101126747588,京棉新城  正规大两居  户型方正好利用,430万,42294元/平,高楼层 (共22层) | 2006年 | 2室1厅 | 101.67平米 | 西,https://ke-image.ljcdn.com/110000-inspection/06dc0c5f-d905-4128-8d83-2032561bdeb5_1000.jpg!m_fill,w_280,h_210,f_jpg?from=ke.com
20241029,朝阳,十里堡,101126728346,业主诚意出售  满五  三居室  半地下房主自荐,320万,41618元/平,地下室 (共6层) | 1991年 | 3室1厅 | 76.89平米 | 东 北,https://ke-image.ljcdn.com/110000-inspection/5b5bc99c-7bf1-43f3-b78d-bea5c03ca681_1000.jpg!m_fill,w_280,h_210,f_jpg?from=ke.com
20241029,朝阳,十里堡,101126701576,十里堡东里京棉新城 南北板楼 1梯2户有电梯直达,580万,69956元/平,顶层 (共10层) | 2009年 | 2室2厅 | 82.91平米 | 南 西 北,https://ke-image.ljcdn.com/110000-inspection/pc1_CwXZHxdm2.jpg!m_fill,w_280,h_210,f_jpg?from=ke.com
20241029,朝阳,十里堡,101126657454,东四环 朝阳路高层东南三居 精装修 带新风系统,920万,66566元/平,中楼层 (共30层) | 2001年 | 3室2厅 | 138.21平米 | 东南,https://ke-image.ljcdn.com/110000-inspection/054f5b73-5732-41c0-9a15-6179ed9b637f_1000.jpg!m_fill,w_280,h_210,f_jpg?from=ke.com
20241029,朝阳,十里堡,101126642796,海华堂2011年 精装1居视野采光好近地铁房主自荐,340万,57394元/平,低楼层 (共33层) | 2011年 | 1室1厅 | 59.24平米 | 西,https://ke-image.ljcdn.com/110000-inspection/0c5ddd93-3107-46f6-bee2-2fb6a9ce0abe_1000.jpg!m_fill,w_280,h_210,f_jpg?from=ke.com
20241029,朝阳,十里堡,101126514108,十里堡甲3号院都会华庭西南两居出售,520万,57402元/平,中楼层 (共30层) | 2001年 | 2室1厅 | 90.59平米 | 西南,https://ke-image.ljcdn.com/110000-inspection/8dc860ee-5e34-4b83-bab1-d991ea9d8d08_1000.jpg!m_fill,w_280,h_210,f_jpg?from=ke.com
20241029,朝阳,十里堡,101126513947,京棉新城 满五唯一商品房 2梯5户 地铁600米,460万,59648元/平,高楼层 (共28层) 2室1厅 | 77.12平米 | 东北,https://ke-image.ljcdn.com/110000-inspection/c043664f-3b00-48c3-85cc-4a6330db96f6_1000.jpg!m_fill,w_280,h_210,f_jpg?from=ke.com
20241029,朝阳,十里堡,101126501139,十里堡北里 满五唯一带电梯 户型方正双卧朝南房主自荐,380万,57594元/平,高楼层 (共21层) 2室1厅 | 65.98平米 | 西南,https://ke-image.ljcdn.com/110000-inspection/pc1_IwS6NjvAW.jpg!m_fill,w_280,h_210,f_jpg?from=ke.com
20241029,朝阳,十里堡,101126485298,精装修 电梯房 六号线十里堡站房主自荐,278万,47063元/平,中楼层 (共21层) | 1999年 | 2室1厅 | 59.07平米 | 西 北,https://ke-image.ljcdn.com/110000-inspection/b21b0b7e-2d31-4af6-a267-14f1fa80f394_1000.jpg!m_fill,w_280,h_210,f_jpg?from=ke.com
20241029,朝阳,十里堡,101126418438,看房方便六号线十里堡站电梯房配套齐全,330万,53668元/平,中楼层 (共21层) | 1992年 | 2室1厅 | 61.49平米 | 东,https://ke-image.ljcdn.com/110000-inspection/pc1_OAm96u67r_2.jpg!m_fill,w_280,h_210,f_jpg?from=ke.com
20241029,朝阳,十里堡,101126416377,十里堡东里新上南北高层两居 公积金可贷30年,239万,40953元/平,顶层 (共6层) | 1991年 | 2室1厅 | 58.36平米 | 南 北,https://ke-image.ljcdn.com/110000-inspection/f4f96f06-945b-4569-89aa-69074410111a_1000.jpg!m_fill,w_280,h_210,f_jpg?from=ke.com
20241029,朝阳,十里堡,101126403232,京棉新城 精装两居采光充足配套齐全交通便利房主自荐,420万,52593元/平,中楼层 (共28层) 2室1厅 | 79.86平米 | 西,https://ke-image.ljcdn.com/110000-inspection/pc1_KOCCaI5hM.jpg!m_fill,w_280,h_210,f_jpg?from=ke.com
20241029,朝阳,十里堡,101126282754,城市广场高层4居室看房方便装修好。房主自荐,868万,43529元/平,低楼层 (共26层) | 1996年 | 4室1厅 | 199.41平米 | 西南,https://ke-image.ljcdn.com/110000-inspection/449cd500-e7d8-4355-b287-b73d972ff471_1000.jpg!m_fill,w_280,h_210,f_jpg?from=ke.com
20241029,朝阳,十里堡,101126235690,诚意出售  朝南一居室 诚意出售 户型方正.房主自荐,199万,43498元/平,中楼层 (共6层) | 1991年 | 1室1厅 | 45.75平米 | 东,https://ke-image.ljcdn.com/110000-inspection/86591a8b-de9a-474e-8ef7-abe38b84f08b_1000.jpg!m_fill,w_280,h_210,f_jpg?from=ke.com
20241029,朝阳,十里堡,101126177743,十里堡北里 2室1厅 南 北,350万,54357元/平,低楼层 (共6层) | 1989年 | 2室1厅 | 64.39平米 | 南 北,https://ke-image.ljcdn.com/110000-inspection/0c234cca-01b2-428b-90d1-5f7a991b9e70_1000.jpg!m_fill,w_280,h_210,f_jpg?from=ke.com
20241029,朝阳,十里堡,101126135767,十里堡北里 2室1厅 南,290万,55144元/平,顶层 (共6层) | 1985年 | 2室1厅 | 52.59平米 | 南,https://ke-image.ljcdn.com/110000-inspection/13b0376e-65ab-4947-80ae-573288d608f5_1000.jpg!m_fill,w_280,h_210,f_jpg?from=ke.com
20241029,朝阳,十里堡,101126119493,海华堂 满五年唯一西向一居室精装修交通便利,376万,63003元/平,高楼层 (共33层) 1室1厅 | 59.68平米 | 西,https://ke-image.ljcdn.com/110000-inspection/5a4426a0-3b81-4fd7-8143-9328543861d3_1000.jpg!m_fill,w_280,h_210,f_jpg?from=ke.com
20241029,朝阳,十里堡,101126112414,十里堡西向两居此顶层 无遮挡,206万,39291元/平,高楼层 (共6层) 2室1厅 | 52.43平米 | 西,https://ke-image.ljcdn.com/110000-inspection/pc1_e94cabpON.jpg!m_fill,w_280,h_210,f_jpg?from=ke.com
20241029,朝阳,十里堡,101126017380,朝阳嘉园高层东向精装两居满五唯一视野、采光好,555万,51643元/平,高楼层 (共25层) | 2006年 | 2室1厅 | 107.47平米 | 东,https://ke-image.ljcdn.com/110000-inspection/pc1_4ekIJ8a8M.jpg!m_fill,w_280,h_210,f_jpg?from=ke.com
20241029,朝阳,十里堡,101126009582,京棉新城 2室1厅 南,485万,57127元/平,低楼层 (共28层) | 2008年 | 2室1厅 | 84.9平米 | 南,https://ke-image.ljcdn.com/110000-inspection/4d84b2f3-9332-47a8-9136-2c7076ef8add_1000.jpg!m_fill,w_280,h_210,f_jpg?from=ke.com
20241029,朝阳,十里堡,101125958277,地铁6号线十里堡 京棉新城 精装修双阳台 景观房房主自荐,485万,45566元/平,高楼层 (共24层) | 2006年 | 2室1厅 | 106.44平米 | 西北,https://ke-image.ljcdn.com/110000-inspection/2d7c85be-e455-4c88-8bfd-a1292a466dcb_1000.jpg!m_fill,w_280,h_210,f_jpg?from=ke.com
20241029,朝阳,十里堡,101125913657,电梯直达南北通透2个卧室朝南满5年家庭一套房,258万,49407元/平,高楼层 (共12层) 2室1厅 | 52.22平米 | 南 北,https://ke-image.ljcdn.com/110000-inspection/56c2eeb4-4476-4856-9a10-c54d126bca53_1000.jpg!m_fill,w_280,h_210,f_jpg?from=ke.com
20241029,朝阳,十里堡,101125873346,2006年商品房社区 得房率86% 满五唯一精装修房主自荐,499万,46406元/平,中楼层 (共25层) | 2006年 | 2室1厅 | 107.53平米 | 东,https://ke-image.ljcdn.com/110000-inspection/3c72d120-0b46-44ce-b9fd-8e7058018c1e_1000.jpg!m_fill,w_280,h_210,f_jpg?from=ke.com
20241029,朝阳,十里堡,101125844877,京棉新城 1室1厅 西,285万,49548元/平,低楼层 (共32层) | 2006年 | 1室1厅 | 57.52平米 | 西,https://ke-image.ljcdn.com/110000-inspection/0c6c8c21-96be-48cf-9fca-a5e816f3b173_1000.jpg!m_fill,w_280,h_210,f_jpg?from=ke.com
20241029,朝阳,十里堡,101125765555,十里堡北里 全南两居室 低楼层 精装修 满五唯一,329万,60724元/平,低楼层 (共6层) | 1985年 | 2室1厅 | 54.18平米 | 南,https://ke-image.ljcdn.com/110000-inspection/pc1_E70Hea3vi.jpg!m_fill,w_280,h_210,f_jpg?from=ke.com
20241029,朝阳,十里堡,101125669301,十里堡北里南北通透精装两居全明格局不临街！,360万,59564元/平,中楼层 (共6层) 2室1厅 | 60.44平米 | 南 北,https://ke-image.ljcdn.com/110000-inspection/f01fe964-0e15-47ca-b3e5-1323f7429769_1000.jpg!m_fill,w_280,h_210,f_jpg?from=ke.com
20241029,朝阳,十里堡,101125649253,八里庄南里 满五唯一 精装修 近地铁 有电梯,418万,59860元/平,顶层 (共18层) 2室1厅 | 69.83平米 | 东南,https://ke-image.ljcdn.com/110000-inspection/pc1_XuwL6nXFn.jpg!m_fill,w_280,h_210,f_jpg?from=ke.com
20241029,朝阳,十里堡,101125642811,朝阳路商品房大三居 无遮挡 满五唯一采光充足 明卫,830万,55758元/平,低楼层 (共20层) 3室1厅 | 148.86平米 | 西南,https://ke-image.ljcdn.com/110000-inspection/288e2d83-b183-4b76-ade6-f53973028a2a_1000.jpg!m_fill,w_280,h_210,f_jpg?from=ke.com
20241029,朝阳,十里堡,101125634074,城市广场 西南三居室 看房方便 人车分流,740万,46055元/平,高楼层 (共26层) 3室2厅 | 160.68平米 | 南 西,https://ke-image.ljcdn.com/110000-inspection/e084a626-8199-4ac4-8a2c-46e809c4298f_1000.jpg!m_fill,w_280,h_210,f_jpg?from=ke.com
20241029,朝阳,十里堡,101125573039,东南三居室  精装修   拎包入住房主自荐,820万,59331元/平,高楼层 (共30层) | 2001年 | 3室2厅 | 138.21平米 | 东南,https://ke-image.ljcdn.com/110000-inspection/7edb16c7-40d0-4444-b31e-fb35f9501dbe_1000.jpg!m_fill,w_280,h_210,f_jpg?from=ke.com
20241029,朝阳,十里堡,101125487280,十里堡甲3号院都会华庭西南北三居,710万,46470元/平,低楼层 (共30层) 3室1厅 | 152.79平米 | 西南 北,https://ke-image.ljcdn.com/110000-inspection/0fb69575-a18c-4dbc-9412-3b14071b5f53_1000.jpg!m_fill,w_280,h_210,f_jpg?from=ke.com
20241029,朝阳,十里堡,101125467456,近地铁十里堡北里南北两居中间层满五年唯一,296万,54283元/平,中楼层 (共6层) 2室1厅 | 54.53平米 | 南 北,https://ke-image.ljcdn.com/110000-inspection/0c5d485f-4f81-414f-9abb-165893680666_1000.jpg!m_fill,w_280,h_210,f_jpg?from=ke.com
20241029,朝阳,十里堡,101125356717,京棉新城 满五唯一商品房 地铁近 精装修 视野好,398万,53524元/平,中楼层 (共32层) | 2006年 | 2室1厅 | 74.36平米 | 西北,https://ke-image.ljcdn.com/110000-inspection/951cf280-509f-4e3b-bde7-6a6eebb86788_1000.jpg!m_fill,w_280,h_210,f_jpg?from=ke.com
20241029,朝阳,十里堡,101125354090,十里堡 朝阳嘉园商品房采光好视野好 可观国贸中国尊,519万,48266元/平,高楼层 (共25层) | 2006年 | 2室1厅 | 107.53平米 | 西,https://ke-image.ljcdn.com/110000-inspection/pc1_SPBQa1s6a_1.jpg!m_fill,w_280,h_210,f_jpg?from=ke.com
20241029,朝阳,十里堡,101125334672,地铁六号线 十里堡北里 南北通透 明厨明卫,320万,52503元/平,中楼层 (共6层) | 1982年 | 2室1厅 | 60.95平米 | 南 北,https://ke-image.ljcdn.com/110000-inspection/pc1_Nd7SYLHyx_1.jpg!m_fill,w_280,h_210,f_jpg?from=ke.com
20241029,朝阳,十里堡,101125293010,十里堡北里 地铁6号线十里堡 房子可以组合贷款29,505万,62454元/平,顶层 (共14层) 3室1厅 | 80.86平米 | 南 北 西,https://ke-image.ljcdn.com/110000-inspection/pc1_qwn9FlQ8s_1.jpg!m_fill,w_280,h_210,f_jpg?from=ke.com
20241029,朝阳,十里堡,101125235585,城市广场   精装修    全明格局,468万,38752元/平,低楼层 (共26层) | 1995年 | 2室2厅 | 120.77平米 | 西北,https://ke-image.ljcdn.com/110000-inspection/pc1_PVBAO81vn.jpg!m_fill,w_280,h_210,f_jpg?from=ke.com
20241029,朝阳,十里堡,101125213296,都会华庭高层南北三居室满五年唯一。房主自荐,738万,52057元/平,中楼层 (共30层) | 2001年 | 3室1厅 | 141.77平米 | 南 北,https://ke-image.ljcdn.com/110000-inspection/9cd3ae48-1f44-4902-b63d-c7b411b0b4f1_1000.jpg!m_fill,w_280,h_210,f_jpg?from=ke.com
20241029,朝阳,十里堡,101125150827,海华堂 地铁500米 满五年 家庭唯一,600万,60680元/平,中楼层 (共33层) | 2011年 | 2室1厅 | 98.88平米 | 南,https://ke-image.ljcdn.com/110000-inspection/ef357c2c-db6f-4a8f-b5aa-2419ba3cd46c_1000.jpg!m_fill,w_280,h_210,f_jpg?from=ke.com
20241029,朝阳,十里堡,101125039091,十里堡地铁站南侧约700米的南向两居电梯房,438万,57891元/平,中楼层 (共32层) | 2006年 | 2室1厅 | 75.66平米 | 南,https://ke-image.ljcdn.com/110000-inspection/41e1d220-1d64-4297-97ce-f508180f2712_1000.jpg!m_fill,w_280,h_210,f_jpg?from=ke.com
20241029,朝阳,十里堡,101125032271,十里堡北里 2室1厅 南 北,390万,56711元/平,低楼层 (共13层) 2室1厅 | 68.77平米 | 南 北,https://ke-image.ljcdn.com/110000-inspection/pc1_tGTymhvwd_1.jpg!m_fill,w_280,h_210,f_jpg?from=ke.com
20241029,朝阳,十里堡,101124995295,碧水星阁西向大两居临地铁近公园闹满五年唯一,658万,53207元/平,低楼层 (共22层) 2室1厅 | 123.67平米 | 西,https://ke-image.ljcdn.com/110000-inspection/f955874a-6868-4c2c-abf0-5428c8937f79_1000.jpg!m_fill,w_280,h_210,f_jpg?from=ke.com
20241029,朝阳,十里堡,101124959180,十里堡站十里堡北里南北田字格三居 满五年唯一 急售,378万,46598元/平,顶层 (共6层) 3室1厅 | 81.12平米 | 南 北,https://ke-image.ljcdn.com/110000-inspection/pc1_Wb8YqzSKd.jpg!m_fill,w_280,h_210,f_jpg?from=ke.com
20241029,朝阳,十里堡,101124835444,都会华庭  纯板楼   西南北   全明格局,799万,55104元/平,低楼层 (共13层) | 2007年 | 3室1厅 | 145平米 | 西南 北,https://ke-image.ljcdn.com/110000-inspection/5bbfe1e4-c687-46a3-8ad9-aabc1f1c4b66_1000.jpg!m_fill,w_280,h_210,f_jpg?from=ke.com
20241029,朝阳,十里堡,101124822149,新华联丽景珊瑚湾南北通透四室两厅两卫有钥匙！,1380万,80636元/平,中楼层 (共16层) 4室2厅 | 171.14平米 | 南 西 北,https://ke-image.ljcdn.com/110000-inspection/pc1_hSt9fU56q.jpg!m_fill,w_280,h_210,f_jpg?from=ke.com
20241029,朝阳,十里堡,101124718152,满五年唯一 南北通透两居室小区中间位置,338万,55675元/平,中楼层 (共6层) | 1984年 | 2室1厅 | 60.71平米 | 南 北,https://ke-image.ljcdn.com/110000-inspection/d7ef47db-501b-497f-b3b6-8cbde4fffec0_1000.jpg!m_fill,w_280,h_210,f_jpg?from=ke.com
20241029,朝阳,十里堡,101124678710,甘露西园 1室1厅 西南,235万,45123元/平,中楼层 (共14层) 1室1厅 | 52.08平米 | 西南,https://ke-image.ljcdn.com/110000-inspection/pc1_JfxE9DEbb.jpg!m_fill,w_280,h_210,f_jpg?from=ke.com
20241029,朝阳,十里堡,101124677379,京棉新城正规大两居  客厅带阳台宽敞舒适  诚意出,428万,47493元/平,低楼层 (共28层) | 2005年 | 2室1厅 | 90.12平米 | 西,https://ke-image.ljcdn.com/110000-inspection/0efb2276-9911-43fa-aa63-9154692d089f_1000.jpg!m_fill,w_280,h_210,f_jpg?from=ke.com
20241029,朝阳,十里堡,101124656983,十里堡北里 3室1厅 东 西 北,400万,49310元/平,高楼层 (共6层) | 1989年 | 3室1厅 | 81.12平米 | 东 西 北,https://ke-image.ljcdn.com/110000-inspection/cac98152-d660-4072-ad19-1696312f5784_1000.jpg!m_fill,w_280,h_210,f_jpg?from=ke.com
20241029,朝阳,十里堡,101124653741,地铁六号线 新华联丽景 满五唯一 封闭式社区,800万,79068元/平,高楼层 (共20层) | 2008年 | 2室1厅 | 101.18平米 | 南,https://ke-image.ljcdn.com/110000-inspection/235b0cc6-4d8f-4608-b0c8-23c4e2ed215f_1000.jpg!m_fill,w_280,h_210,f_jpg?from=ke.com
20241029,朝阳,十里堡,101124645080,十里堡北里小区 精装修  南北通透三居室,399万,57995元/平,高楼层 (共6层) | 1984年 | 3室1厅 | 68.8平米 | 南 北,https://ke-image.ljcdn.com/110000-inspection/pc1_OrzkEX38p.jpg!m_fill,w_280,h_210,f_jpg?from=ke.com
20241029,朝阳,十里堡,101124611195,甘露西园南北通透大两居采光好2000年钢混,355万,41888元/平,高楼层 (共14层) | 2000年 | 2室1厅 | 84.75平米 | 南 北,https://ke-image.ljcdn.com/110000-inspection/pc1_SH8ByRRVb.jpg!m_fill,w_280,h_210,f_jpg?from=ke.com
20241029,朝阳,十里堡,101124585149,此房满五年两部两梯直达上下楼有坡道近地铁,249万,52125元/平,高楼层 (共18层) 1室1厅 | 47.77平米 | 西北,https://ke-image.ljcdn.com/110000-inspection/ec42705d-dc4a-49a9-8a3a-b80effed87bf_1000.jpg!m_fill,w_280,h_210,f_jpg?from=ke.com
20241029,朝阳,十里堡,101124527800,京棉新城南向两居板楼.东四环.,482万,54879元/平,低楼层 (共28层) 2室1厅 | 87.83平米 | 南,https://ke-image.ljcdn.com/110000-inspection/b3e501fc-dcbb-4405-94c4-05b13643d7a5_1000.jpg!m_fill,w_280,h_210,f_jpg?from=ke.com
20241029,朝阳,十里堡,101124484004,八里庄南里 地铁6号线交通便利业主诚意出售,219万,58714元/平,中楼层 (共6层) 1室1厅 | 37.3平米 | 南,https://ke-image.ljcdn.com/110000-inspection/02fe9ce0-cdeb-4ca2-8f7f-f6a17c419ba7_1000.jpg!m_fill,w_280,h_210,f_jpg?from=ke.com
20241029,朝阳,十里堡,101124446089,京棉新城  满五唯一  高楼层,293万,48712元/平,高楼层 (共32层) | 2006年 | 1室1厅 | 60.15平米 | 东,https://ke-image.ljcdn.com/110000-inspection/d2dd9e8b-449d-4e86-bd75-deec2d96d657_1000.jpg!m_fill,w_280,h_210,f_jpg?from=ke.com
20241029,朝阳,十里堡,101124401877,近地铁 满五年唯一商品房高层视野好,325万,56006元/平,高楼层 (共32层) | 2006年 | 1室1厅 | 58.03平米 | 西,https://ke-image.ljcdn.com/110000-inspection/8652fb59-561c-45a2-87b0-1bf8c6a6098f_1000.jpg!m_fill,w_280,h_210,f_jpg?from=ke.com
20241029,朝阳,十里堡,101124398492,京棉新城 近六号线地铁 西向两居室 诚意出售,398万,48865元/平,高楼层 (共22层) | 2006年 | 2室1厅 | 81.45平米 | 南 西,https://ke-image.ljcdn.com/110000-inspection/pc1_cHh2XKcgc.jpg!m_fill,w_280,h_210,f_jpg?from=ke.com
20241029,朝阳,十里堡,101124391941,八里庄南里 1室1厅 南,258万,60692元/平,高楼层 (共6层) | 1986年 | 1室1厅 | 42.51平米 | 南,https://ke-image.ljcdn.com/110000-inspection/70f15b35-cbbd-4e16-9016-580f0b2d813c_1000.jpg!m_fill,w_280,h_210,f_jpg?from=ke.com
20241029,朝阳,十里堡,101124379315,八里庄南里 1室1厅 南房主自荐,273万,62586元/平,低楼层 (共18层) | 1985年 | 1室1厅 | 43.62平米 | 南,https://ke-image.ljcdn.com/110000-inspection/3f8a04c0-67d1-4a32-aea7-ca1bc8ef3e7d_1000.jpg!m_fill,w_280,h_210,f_jpg?from=ke.com
20241029,朝阳,十里堡,101124282583,甘露西园 3室1厅 南 北,450万,51312元/平,高楼层 (共14层) 3室1厅 | 87.7平米 | 南 北,https://ke-image.ljcdn.com/110000-inspection/pc1_IzrKKQUZq.jpg!m_fill,w_280,h_210,f_jpg?from=ke.com
20241029,朝阳,十里堡,101124193771,全南向 正规一居室 采光充足 交通便利,195万,46584元/平,顶层 (共5层) 1室1厅 | 41.86平米 | 南,https://ke-image.ljcdn.com/110000-inspection/bf692c74-b358-43d9-81e8-4f0b95e509d5_1000.jpg!m_fill,w_280,h_210,f_jpg?from=ke.com
20241029,朝阳,十里堡,101124078738,甘露西园 3室2厅 东 东南,556万,49987元/平,高楼层 (共14层) 3室2厅 | 111.23平米 | 东 东南,https://ke-image.ljcdn.com/110000-inspection/pc1_o7kuEjYJT.jpg!m_fill,w_280,h_210,f_jpg?from=ke.com
20241029,朝阳,十里堡,101124049327,京棉新城 1室1厅 西,350万,60314元/平,中楼层 (共32层) | 2006年 | 1室1厅 | 58.03平米 | 西,https://ke-image.ljcdn.com/110000-inspection/cf123350-c04e-49f3-ba84-2753dafcbccb_1000.jpg!m_fill,w_280,h_210,f_jpg?from=ke.com
20241029,朝阳,十里堡,101123946956,十里堡北里  两居室  电梯房  近地铁,310万,47156元/平,低楼层 (共21层) | 1992年 | 2室1厅 | 65.74平米 | 西 北,https://ke-image.ljcdn.com/110000-inspection/pc1_TDB9xhp2h.jpg!m_fill,w_280,h_210,f_jpg?from=ke.com
20241029,朝阳,十里堡,101123889342,客厅东向三个卧室都朝南明厨明卫封闭式社区。,760万,54989元/平,中楼层 (共30层) | 2001年 | 3室1厅 | 138.21平米 | 东南,https://ke-image.ljcdn.com/110000-inspection/eb014f8c-11d0-44fe-b11f-c8bf9d34138e_1000.jpg!m_fill,w_280,h_210,f_jpg?from=ke.com
20241029,朝阳,十里堡,101123812380,十里堡甲3号院都会华庭两居满五年唯一,528万,51253元/平,低楼层 (共21层) 2室1厅 | 103.02平米 | 南 北,https://ke-image.ljcdn.com/110000-inspection/pc1_7Xcm8xiur.jpg!m_fill,w_280,h_210,f_jpg?from=ke.com
20241029,朝阳,十里堡,101123694473,十里堡北里小区 精装 正规一居室 南向 诚意出售,255万,61491元/平,顶层 (共6层) 1室1厅 | 41.47平米 | 南,https://ke-image.ljcdn.com/110000-inspection/pc1_CtmYuCmMu.jpg!m_fill,w_280,h_210,f_jpg?from=ke.com
20241029,朝阳,十里堡,101123684352,近地铁 海华堂全南向两居室双卫  看房随时,638万,64838元/平,低楼层 (共33层) 2室1厅 | 98.4平米 | 南,https://ke-image.ljcdn.com/110000-inspection/2223ec55-5690-4f5c-afc8-9ee61fe4767c_1000.jpg!m_fill,w_280,h_210,f_jpg?from=ke.com
20241029,朝阳,十里堡,101123553450,八里庄南里 1室1厅 南,265万,62353元/平,中楼层 (共6层) 1室1厅 | 42.5平米 | 南,https://ke-image.ljcdn.com/110000-inspection/pc1_Uw7seWHfO.jpg!m_fill,w_280,h_210,f_jpg?from=ke.com
20241029,朝阳,十里堡,101123517214,碧水星阁 2004建成商品房 地下车位人车分流 采光佳,930万,68003元/平,中楼层 (共22层) 3室2厅 | 136.76平米 | 西南,https://ke-image.ljcdn.com/110000-inspection/0a48e599-5991-4896-ad77-476e5d8adc87_1000.jpg!m_fill,w_280,h_210,f_jpg?from=ke.com
20241029,朝阳,十里堡,101123494168,十里堡北里 带客厅一居 中间楼层 十里堡地铁300米,238万,56385元/平,中楼层 (共6层) 1室1厅 | 42.21平米 | 南,https://ke-image.ljcdn.com/110000-inspection/pc1_f63FCjTpR.jpg!m_fill,w_280,h_210,f_jpg?from=ke.com
20241029,朝阳,十里堡,101123483860,地铁六号线十里堡站旁西南两居电梯房精装修,438万,52206元/平,低楼层 (共22层) | 2006年 | 2室1厅 | 83.9平米 | 西南,https://ke-image.ljcdn.com/110000-inspection/d28e74d6-5450-4c8f-8437-f5043e0a43e1_1000.jpg!m_fill,w_280,h_210,f_jpg?from=ke.com
20241029,朝阳,十里堡,101123348262,京棉新城  一梯两户  南北通透房主自荐,590万,67076元/平,低楼层 (共10层) 2室1厅 | 87.96平米 | 南 北,https://ke-image.ljcdn.com/110000-inspection/b40ebeba-5b0f-4817-b438-bbfda5fa4f5e_1000.jpg!m_fill,w_280,h_210,f_jpg?from=ke.com
20241029,朝阳,十里堡,101123323113,八里庄南里近地铁两居室南北通透产权清晰,269万,45540元/平,顶层 (共6层) 2室1厅 | 59.07平米 | 南 北,https://ke-image.ljcdn.com/110000-inspection/pc1_WkfT2olfa.jpg!m_fill,w_280,h_210,f_jpg?from=ke.com
20241029,朝阳,十里堡,101123218113,十里堡东里 2室1厅 南 北,298万,48065元/平,中楼层 (共5层) 2室1厅 | 62平米 | 南 北,https://ke-image.ljcdn.com/110000-inspection/pc1_pkbD2O3RQ.jpg!m_fill,w_280,h_210,f_jpg?from=ke.com
20241029,朝阳,十里堡,101123089760,八里庄南里 地铁6号线十里堡站精装修南北通透大客厅,379万,61647元/平,中楼层 (共18层) | 1987年 | 2室1厅 | 61.48平米 | 南 北,https://ke-image.ljcdn.com/110000-inspection/2f36c68a-683f-4a41-a245-9b0701f90c03_1000.jpg!m_fill,w_280,h_210,f_jpg?from=ke.com
20241029,朝阳,十里堡,101123056596,八里庄南里 地铁6号线 红领巾公园 CBD居住圈,428万,59495元/平,中楼层 (共18层) 2室1厅 | 71.94平米 | 南,https://ke-image.ljcdn.com/110000-inspection/pc1_WjzImfJG3.jpg!m_fill,w_280,h_210,f_jpg?from=ke.com
20241029,朝阳,十里堡,101123010521,朝阳路十里堡甲3号城市广场东南三居满五唯一,737万,45868元/平,高楼层 (共26层) 3室1厅 | 160.68平米 | 东南,https://ke-image.ljcdn.com/110000-inspection/b7b17e3f-a483-43d5-b147-d4335a48f27d_1000.jpg!m_fill,w_280,h_210,f_jpg?from=ke.com
20241029,朝阳,十里堡,101122999014,十里堡北里-全明格局-把边户型-业主诚意出售房主自荐,356万,58640元/平,高楼层 (共6层) 2室1厅 | 60.71平米 | 南 北,https://ke-image.ljcdn.com/110000-inspection/2ae76bfc-a523-4f83-abfe-5b0ae5806368_1000.jpg!m_fill,w_280,h_210,f_jpg?from=ke.com
20241029,朝阳,十里堡,101122962641,十里堡北里 3室1厅 南 北,398万,65742元/平,中楼层 (共6层) 3室1厅 | 60.54平米 | 南 北,https://ke-image.ljcdn.com/110000-inspection/39a1065a-81f8-4ebe-9c71-27498effa24b_1000.jpg!m_fill,w_280,h_210,f_jpg?from=ke.com
20241029,朝阳,十里堡,101122948844,满五年唯一 商品房  京棉新城  高楼层,420万,53702元/平,高楼层 (共32层) | 2006年 | 2室1厅 | 78.21平米 | 东南,https://ke-image.ljcdn.com/110000-inspection/655ea3de-0c1b-4886-b3e8-d406bbe6ccc7_1000.jpg!m_fill,w_280,h_210,f_jpg?from=ke.com
20241029,朝阳,十里堡,101122884299,海华堂西南三居室采光无遮挡直观CBD 进地铁楼龄新,825万,63287元/平,顶层 (共33层) 3室1厅 | 130.36平米 | 西南,https://ke-image.ljcdn.com/110000-inspection/pc1_C3xmeFBGY.jpg!m_fill,w_280,h_210,f_jpg?from=ke.com
20241029,朝阳,十里堡,101122752167,十里堡北里 南向一室 满两年商品房 原网签价高房主自荐,285万,67696元/平,高楼层 (共6层) 2室1厅 | 42.1平米 | 南,https://ke-image.ljcdn.com/110000-inspection/3e56fde4-24d1-449d-93f9-7176c5ef4745_1000.jpg!m_fill,w_280,h_210,f_jpg?from=ke.com
20241029,朝阳,十里堡,101122706312,十里堡中间层 南北通透两居室采光足满五年 诚售！,260万,49524元/平,中楼层 (共6层) 2室1厅 | 52.5平米 | 南 北,https://ke-image.ljcdn.com/110000-inspection/pc1_CVNK5BuZq.jpg!m_fill,w_280,h_210,f_jpg?from=ke.com
20241029,朝阳,十里堡,101122647343,八里庄南里 地铁6号线十里堡站 双南向  钢混结构,388万,52790元/平,低楼层 (共18层) | 1987年 | 2室1厅 | 73.5平米 | 南 北,https://ke-image.ljcdn.com/110000-inspection/pc1_RtYnWZjbg.jpg!m_fill,w_280,h_210,f_jpg?from=ke.com
20241029,朝阳,十里堡,101122618062,6号线 十里堡北里 东向两居 婚房精装 满二年 诚意出售,292万,45462元/平,顶层 (共6层) | 1989年 | 2室1厅 | 64.23平米 | 东,https://ke-image.ljcdn.com/110000-inspection/fe37d9ea-332f-4e0a-8070-ea227de4a5c0_1000.jpg!m_fill,w_280,h_210,f_jpg?from=ke.com
20241029,朝阳,十里堡,101122500906,京棉新城全南一居室户型方正无遮挡业主靠谱签约房主自荐,345万,56107元/平,低楼层 (共28层) 1室1厅 | 61.49平米 | 南,https://ke-image.ljcdn.com/110000-inspection/db3fb451-c7b1-4095-87c9-9b14c58dbaf8_1000.jpg!m_fill,w_280,h_210,f_jpg?from=ke.com
20241029,朝阳,十里堡,101122482882,十里堡北里小区南北两居 精装修 满五年 临近地铁口,255万,47040元/平,顶层 (共6层) | 1984年 | 2室1厅 | 54.21平米 | 南 北,https://ke-image.ljcdn.com/110000-inspection/5eceefd8-5f5a-4fdc-94ee-eedd26ee1fa5_1000.jpg!m_fill,w_280,h_210,f_jpg?from=ke.com
20241029,朝阳,十里堡,101122477867,十里堡北里电梯直达大一居精装南北通透满五年唯一,239万,50744元/平,低楼层 (共13层) 1室1厅 | 47.1平米 | 南 北,https://ke-image.ljcdn.com/110000-inspection/37c393c8-be55-4316-8f27-5b7f0d7f9d1d_1000.jpg!m_fill,w_280,h_210,f_jpg?from=ke.com
20241029,朝阳,十里堡,101122441942,十里堡北里满2年中间层钢混结构全明格局朝南向,265万,66201元/平,中楼层 (共6层) 1室1厅 | 40.03平米 | 南,https://ke-image.ljcdn.com/110000-inspection/pc1_h4eBt0sWA.jpg!m_fill,w_280,h_210,f_jpg?from=ke.com
20241029,朝阳,十里堡,101122178683,京棉新城 1室1厅 东,330万,54863元/平,高楼层 (共32层) | 2006年 | 1室1厅 | 60.15平米 | 东,https://ke-image.ljcdn.com/110000-inspection/4eb08e85-17c9-41a8-993e-125628309b28_1000.jpg!m_fill,w_280,h_210,f_jpg?from=ke.com
20241029,朝阳,十里堡,101122001679,京棉新城全南向3居精装修拎包入住采光好,590万,66278元/平,低楼层 (共32层) | 2006年 | 3室1厅 | 89.02平米 | 南,https://ke-image.ljcdn.com/110000-inspection/657d7a26-ff96-494d-8f9d-93f60358ada2_1000.jpg!m_fill,w_280,h_210,f_jpg?from=ke.com
20241029,朝阳,十里堡,101121987889,十里堡东里 2室1厅 南 北,330万,50997元/平,中楼层 (共12层) 2室1厅 | 64.71平米 | 南 北,https://ke-image.ljcdn.com/110000-inspection/faacbeea-35bf-4194-922d-ab838db0abfe_1000.jpg!m_fill,w_280,h_210,f_jpg?from=ke.com
20241029,朝阳,十里堡,101121845107,十里堡交通便利生活方便板楼南北通透,265万,40280元/平,顶层 (共4层) 2室1厅 | 65.79平米 | 南 北,https://ke-image.ljcdn.com/110000-inspection/7d916c17-aa23-44da-85aa-cd99d24f3948_1000.jpg!m_fill,w_280,h_210,f_jpg?from=ke.com
20241029,朝阳,十里堡,101121793528,八里庄南里小区满五唯一业主诚意出售！,398万,65775元/平,中楼层 (共18层) | 1989年 | 2室1厅 | 60.51平米 | 南 北,https://ke-image.ljcdn.com/110000-inspection/482744d1-9e81-4694-ae18-f79b9fff8d20_1000.jpg!m_fill,w_280,h_210,f_jpg?from=ke.com
20241029,朝阳,十里堡,101121630023,京棉新城东向两居室   高楼层无遮挡 采光视野好房主自荐,490万,61113元/平,高楼层 (共28层) 2室1厅 | 80.18平米 | 东,https://ke-image.ljcdn.com/110000-inspection/b7495340-0bc5-406f-82bc-11621069c96e_1000.jpg!m_fill,w_280,h_210,f_jpg?from=ke.com
20241029,朝阳,十里堡,101121577690,八里庄南里 满五年 客厅带窗户 不临街 近地铁,425万,61257元/平,低楼层 (共6层) 3室1厅 | 69.38平米 | 南 北,https://ke-image.ljcdn.com/110000-inspection/0c55da86-e563-49a9-8ed6-e011d588e3d8_1000.jpg!m_fill,w_280,h_210,f_jpg?from=ke.com
20241029,朝阳,十里堡,101121374499,碧水星阁 2004年商品房小区 红领巾公园 几年没出这户,1028万,61616元/平,中楼层 (共21层) 3室2厅 | 166.84平米 | 南 北,https://ke-image.ljcdn.com/110000-inspection/0ae0126d-9c33-45fb-b65a-2506fa69ee60_1000.jpg!m_fill,w_280,h_210,f_jpg?from=ke.com
20241029,朝阳,十里堡,101121373944,碧水星阁 地铁6号线十里堡 2004年钢混 红领巾公园,348万,61214元/平,中楼层 (共21层) 1室1厅 | 56.85平米 | 北,https://ke-image.ljcdn.com/110000-inspection/9f6a4ca4-1b8f-410f-9ea3-4e6a7c018fff_1000.jpg!m_fill,w_280,h_210,f_jpg?from=ke.com
20241029,朝阳,十里堡,101121254021,满五年唯一商品房  靠谱出售  价格可谈,499万,56731元/平,底层 (共28层) 2室1厅 | 87.96平米 | 西北,https://ke-image.ljcdn.com/110000-inspection/77f604d8-308c-4299-b02a-ff92929c1abc_1000.jpg!m_fill,w_280,h_210,f_jpg?from=ke.com
20241029,朝阳,十里堡,101121227210,十里堡北里南北通透高层采光视野无遮挡近地铁,299万,51296元/平,顶层 (共6层) 2室1厅 | 58.29平米 | 南 北,https://ke-image.ljcdn.com/110000-inspection/41fb8c67-f5a8-4def-a87b-14e0e8e8c8ca_1000.jpg!m_fill,w_280,h_210,f_jpg?from=ke.com
20241029,朝阳,十里堡,101121187592,南北通透 满五唯一 十里堡地铁口350米（高德地图）,318万,58253元/平,低楼层 (共6层) 2室1厅 | 54.59平米 | 南 北,https://ke-image.ljcdn.com/110000-inspection/81dcd5cd-ff4e-4bd9-8ed3-373407606171_1000.jpg!m_fill,w_280,h_210,f_jpg?from=ke.com
20241029,朝阳,十里堡,101121048429,满五唯一 视野宽阔采光充足交通便利,380万,63673元/平,中楼层 (共33层) 1室1厅 | 59.68平米 | 东,https://ke-image.ljcdn.com/110000-inspection/pc1_i5NYCIkRJ.jpg!m_fill,w_280,h_210,f_jpg?from=ke.com
20241029,朝阳,十里堡,101120920376,落地窗 近地铁 看房方便  视野开阔,585万,54404元/平,中楼层 (共25层) | 2006年 | 2室2厅 | 107.53平米 | 东,https://ke-image.ljcdn.com/110000-inspection/7454d52c-dac3-405f-a2e1-49bef4e1a23a_1000.jpg!m_fill,w_280,h_210,f_jpg?from=ke.com
20241029,朝阳,十里堡,101120814765,东四环外红领巾公园附近京棉新城大两居,499万,46881元/平,低楼层 (共24层) | 2006年 | 2室1厅 | 106.44平米 | 西北,https://ke-image.ljcdn.com/110000-inspection/336f1cb6-3757-447b-b8ff-7db286ad90c0_1000.jpg!m_fill,w_280,h_210,f_jpg?from=ke.com
20241029,朝阳,十里堡,101120713681,八里庄南里 南北通透 精装修拎包入住,409万,59414元/平,顶层 (共6层) 3室1厅 | 68.84平米 | 南 北,https://ke-image.ljcdn.com/110000-inspection/dae66c77-025c-4f1d-923f-fae894ea83a1_1000.jpg!m_fill,w_280,h_210,f_jpg?from=ke.com
20241029,朝阳,十里堡,101120631380,满五年唯一 中间层 钢混南北通透三居室,459万,62680元/平,中楼层 (共6层) 3室1厅 | 73.23平米 | 南 北,https://ke-image.ljcdn.com/110000-inspection/0afd5f62-c8c3-4188-b71f-21d0223bba07_1000.jpg!m_fill,w_280,h_210,f_jpg?from=ke.com
20241029,朝阳,十里堡,101120592081,八里庄南里满五年 中间楼层 小区中间位置 近地铁,438万,62394元/平,中楼层 (共6层) | 1987年 | 3室1厅 | 70.2平米 | 南 北,https://ke-image.ljcdn.com/110000-inspection/64731e62-1e9b-4801-a79e-be18c2c441a1_1000.jpg!m_fill,w_280,h_210,f_jpg?from=ke.com
20241029,朝阳,十里堡,101120568165,八里庄南里 2室1厅 南 北,388万,58303元/平,中楼层 (共18层) 2室1厅 | 66.55平米 | 南 北,https://ke-image.ljcdn.com/110000-inspection/cf0a87e5-ef9f-483a-925f-96af3ddd6f32_1000.jpg!m_fill,w_280,h_210,f_jpg?from=ke.com
20241029,朝阳,十里堡,101120104092,满五年老房南北通透三居室 小区中间位置,367万,51669元/平,顶层 (共6层) 3室1厅 | 71.03平米 | 南 北,https://ke-image.ljcdn.com/110000-inspection/4ada78d9-abde-4aa9-9328-f611b6d5be21_1000.jpg!m_fill,w_280,h_210,f_jpg?from=ke.com
20241029,朝阳,十里堡,101119876232,十里堡地铁站八里庄南里碧水星阁商品房社区大三居,820万,58605元/平,高楼层 (共21层) 3室1厅 | 139.92平米 | 南,https://ke-image.ljcdn.com/110000-inspection/306f3ff9-51d2-4b7d-b46d-a3dd361839c4_1000.jpg!m_fill,w_280,h_210,f_jpg?from=ke.com
20241029,朝阳,十里堡,101118752981,京棉新城一厂十里堡东里西向一居室 中高楼层无遮挡,360万,62037元/平,中楼层 (共32层) | 2006年 | 1室1厅 | 58.03平米 | 西,https://ke-image.ljcdn.com/110000-inspection/d648a8a7-f016-4db1-9bd0-cf34a2ffb1e9_1000.jpg!m_fill,w_280,h_210,f_jpg?from=ke.com
20241029,朝阳,十里堡,101118670757,八里庄南里 50万装修成本 南北通透 带正规客厅房主自荐,450万,71147元/平,中楼层 (共6层) 2室1厅 | 63.25平米 | 南 北,https://ke-image.ljcdn.com/110000-inspection/80f82a5c-d9e8-4472-91c9-5d869cbd5754_1000.jpg!m_fill,w_280,h_210,f_jpg?from=ke.com
20241029,朝阳,十里堡,101117727108,06年小区带电梯、正规东向一居室中高层采光好,316万,52536元/平,中楼层 (共32层) | 2006年 | 1室1厅 | 60.15平米 | 东,https://ke-image.ljcdn.com/110000-inspection/e9e41cd9-6285-45c3-8da0-cead657a8961_1000.jpg!m_fill,w_280,h_210,f_jpg?from=ke.com
20241029,朝阳,十里堡,101116800010,十里堡北里 地铁6号线 前后不临街 没有抵押房主自荐,415万,63975元/平,中楼层 (共5层) | 1980年 | 2室1厅 | 64.87平米 | 南 北,https://ke-image.ljcdn.com/110000-inspection/611567ea-32f3-4bda-bf89-2775b75fe888_1000.jpg!m_fill,w_280,h_210,f_jpg?from=ke.com
20241029,朝阳,十里堡,101116784381,海华堂西南向三居室 满五年 采光充足无遮挡房主自荐,718万,55338元/平,中楼层 (共33层) 3室1厅 | 129.75平米 | 西南,https://ke-image.ljcdn.com/110000-inspection/pc1_p5JwNkqGK_1.jpg!m_fill,w_280,h_210,f_jpg?from=ke.com
20241029,朝阳,十里堡,101116107540,十里堡北里 满五唯一 南北通透双阳台 近地铁,318万,51019元/平,中楼层 (共6层) 2室1厅 | 62.33平米 | 南 北,https://ke-image.ljcdn.com/110000-inspection/9f2f38e8-f0d5-45e1-818d-dbc2bf26ed5a_1000.jpg!m_fill,w_280,h_210,f_jpg?from=ke.com
20241029,朝阳,十里堡,101115519210,二层采光好视野好小区干净近地铁,265万,66567元/平,低楼层 (共6层) | 1987年 | 1室1厅 | 39.81平米 | 南,https://ke-image.ljcdn.com/110000-inspection/pc1_o7GZtHqZM_1.jpg!m_fill,w_280,h_210,f_jpg?from=ke.com
20241029,朝阳,十里堡,101127309695,十里堡带电梯的两居室南北通透的户型大客厅的房子,297万,60049元/平,高楼层 (共12层) | 1987年 | 2室1厅 | 49.46平米 | 南 北,https://ke-image.ljcdn.com/110000-inspection/pc1_PBtKObuHC_1.jpg!m_fill,w_280,h_210,f_jpg?from=ke.com
20241029,朝阳,十里堡,101127309067,四环边2006年建成的电梯房三居临近地铁站,528万,51949元/平,低楼层 (共28层) | 2008年 | 3室1厅 | 101.64平米 | 东,https://ke-image.ljcdn.com/110000-inspection/e90f8bbd-9c97-41d7-9838-badeaeea1dd7_1000.jpg!m_fill,w_280,h_210,f_jpg?from=ke.com
20241029,朝阳,十里堡,101127245077,京棉新城中间层东向一居室无遮挡采光好诚意出售新上,268万,44556元/平,中楼层 (共32层) | 2006年 | 1室1厅 | 60.15平米 | 东,https://ke-image.ljcdn.com/110000-inspection/pc1_gpxMUs3kl.jpg!m_fill,w_280,h_210,f_jpg?from=ke.com
20241029,朝阳,十里堡,101127243432,新华联丽景 3室2厅 南 北新上,1350万,79459元/平,高楼层 (共20层) | 2008年 | 3室2厅 | 169.9平米 | 南 北,https://ke-image.ljcdn.com/110000-inspection/04f4a4ba-63e6-46ce-8e36-48f72a5d7294_1000.jpg!m_fill,w_280,h_210,f_jpg?from=ke.com
20241029,朝阳,十里堡,101127206369,十里堡北里 2室1厅 南 北新上,285万,51734元/平,顶层 (共6层) | 1994年 | 2室1厅 | 55.09平米 | 南 北,https://ke-image.ljcdn.com/110000-inspection/pc1_MtPAyvowz_2.jpg!m_fill,w_280,h_210,f_jpg?from=ke.com
20241029,朝阳,十里堡,101127200530,甘露西园 3室1厅 南新上,468万,49878元/平,高楼层 (共14层) 3室1厅 | 93.83平米 | 南,https://ke-image.ljcdn.com/110000-inspection/pc1_fHKZClTMI.jpg!m_fill,w_280,h_210,f_jpg?from=ke.com
20241029,朝阳,十里堡,101127196146,八里庄南里 高楼层 精装修 全南两居室新上,378万,51429元/平,顶层 (共18层) | 1987年 | 2室2厅 | 73.5平米 | 南,https://ke-image.ljcdn.com/110000-inspection/5faeb0d7-771b-4f25-85fe-9b860af034a2_1000.jpg!m_fill,w_280,h_210,f_jpg?from=ke.com
20241029,朝阳,十里堡,101127018735,里庄南里 全南向一居室 满五年,185万,43715元/平,顶层 (共6层) 1室1厅 | 42.32平米 | 南,https://ke-image.ljcdn.com/110000-inspection/pc1_629xXTe3d.jpg!m_fill,w_280,h_210,f_jpg?from=ke.com
20241029,朝阳,十里堡,101126941899,新华联丽景 满五唯一 前后绿化 环水而居 诚意出售,950万,67930元/平,低楼层 (共16层) 3室1厅 | 139.85平米 | 东南 北,https://ke-image.ljcdn.com/110000-inspection/f1b926da-f4cd-4e07-8440-c8dc724acc7b_1000.jpg!m_fill,w_280,h_210,f_jpg?from=ke.com
20241029,朝阳,十里堡,101126917949,都会华庭 3室2厅 北 南,900万,53681元/平,低楼层 (共30层) 3室2厅 | 167.66平米 | 北 南,https://ke-image.ljcdn.com/110000-inspection/e03d9b4a-eb82-4ca0-bedc-6de061175693_1000.jpg!m_fill,w_280,h_210,f_jpg?from=ke.com
20241029,朝阳,十里堡,101126789578,都会华庭纯商品房 人车分流社区,815万,58667元/平,低楼层 (共21层) | 2001年 | 3室2厅 | 138.92平米 | 西南,https://ke-image.ljcdn.com/110000-inspection/8c977e56-31ed-4e2d-b8d4-c3940a3fb7e1_1000.jpg!m_fill,w_280,h_210,f_jpg?from=ke.com
20241029,朝阳,十里堡,101126789351,都会华庭  高层一居室    满五唯一,459.5万,64483元/平,高楼层 (共30层) | 2001年 | 1室1厅 | 71.26平米 | 东南,https://ke-image.ljcdn.com/110000-inspection/pc1_047MaUXds.jpg!m_fill,w_280,h_210,f_jpg?from=ke.com
20241029,朝阳,十里堡,101126772413,都会华庭 3室2厅 南 北,720万,67524元/平,高楼层 (共13层) | 2007年 | 3室2厅 | 106.63平米 | 南 北,https://ke-image.ljcdn.com/110000-inspection/a5a11015-55bf-4ada-9f15-3737105a6c9c_1000.jpg!m_fill,w_280,h_210,f_jpg?from=ke.com
20241029,朝阳,十里堡,101126767752,城市广场 3室1厅 东南房主自荐,710万,44188元/平,高楼层 (共26层) 3室1厅 | 160.68平米 | 东南,https://ke-image.ljcdn.com/110000-inspection/d7ec059c-b9dc-4e72-b4f2-f8eecd352db6_1000.jpg!m_fill,w_280,h_210,f_jpg?from=ke.com
20241029,朝阳,十里堡,101126751330,户型方正满五年唯一随时签约,288万,39307元/平,高楼层 (共14层) 2室1厅 | 73.27平米 | 北,https://ke-image.ljcdn.com/110000-inspection/pc1_5ACUxR8lM.jpg!m_fill,w_280,h_210,f_jpg?from=ke.com
20241029,朝阳,十里堡,101126751308,东南北  五居室   精装修  满五唯一,945万,39958元/平,中楼层 (共26层) 5室2厅 | 236.5平米 | 东南 北,https://ke-image.ljcdn.com/110000-inspection/545f631e-2836-4047-9a5e-f3947095010d_1000.jpg!m_fill,w_280,h_210,f_jpg?from=ke.com
20241029,朝阳,十里堡,101126751295,城市广场   低单价   五居室   满五唯一,822万,34288元/平,高楼层 (共26层) 4室2厅 | 239.74平米 | 西南 北,https://ke-image.ljcdn.com/110000-inspection/pc1_bTOu4ts7a_1.jpg!m_fill,w_280,h_210,f_jpg?from=ke.com
20241029,朝阳,十里堡,101126751240,都会华庭二期    西向无遮挡  满五唯一,535万,57484元/平,低楼层 (共21层) | 2007年 | 2室2厅 | 93.07平米 | 西,https://ke-image.ljcdn.com/110000-inspection/07d8380b-d84a-4eb3-86eb-1fbb8e987a3e_1000.jpg!m_fill,w_280,h_210,f_jpg?from=ke.com
20241029,朝阳,十里堡,101126751193,西南向  无遮挡  视野好  双卫大两居,750万,56071元/平,高楼层 (共30层) 2室2厅 | 133.76平米 | 西南,https://ke-image.ljcdn.com/110000-inspection/87ed733d-332b-4a21-8610-73dc70475c17_1000.jpg!m_fill,w_280,h_210,f_jpg?from=ke.com
20241029,朝阳,十里堡,101126750991,满五唯一带电梯高楼层视野好采光好,305万,47163元/平,高楼层 (共14层) 1室1厅 | 64.67平米 | 东南,https://ke-image.ljcdn.com/110000-inspection/pc1_EzJRYzSEA.jpg!m_fill,w_280,h_210,f_jpg?from=ke.com
20241029,朝阳,十里堡,101126750872,城市广场 3室1厅 西南,740万,46055元/平,中楼层 (共26层) | 1995年 | 3室1厅 | 160.68平米 | 西南,https://ke-image.ljcdn.com/110000-inspection/60e00951-143d-48e1-a674-cd66a69b1e67_1000.jpg!m_fill,w_280,h_210,f_jpg?from=ke.com
20241029,朝阳,十里堡,101126704545,十里堡北里小区两室一厅两卫近地铁,380万,68729元/平,底层 (共6层) 2室1厅 | 55.29平米 | 南 北,https://ke-image.ljcdn.com/110000-inspection/ed321eef-a924-4a4a-b4f6-807a9335ce51_1000.jpg!m_fill,w_280,h_210,f_jpg?from=ke.com
20241029,朝阳,十里堡,101126642894,新华联丽景 3室2厅 南 北,960万,69190元/平,低楼层 (共20层) | 2008年 | 3室2厅 | 138.75平米 | 南 北,https://ke-image.ljcdn.com/110000-inspection/beb40b8b-2ffa-45e1-859c-70b45d702ef4_1000.jpg!m_fill,w_280,h_210,f_jpg?from=ke.com
20241029,朝阳,十里堡,101126616861,新华联丽景珊瑚湾 高楼层视野好采光好 户型好,1086万,70237元/平,高楼层 (共16层) 3室2厅 | 154.62平米 | 东 南,https://ke-image.ljcdn.com/110000-inspection/5d767b1b-2017-4adf-a77e-e1cdba8c0ec0_1000.jpg!m_fill,w_280,h_210,f_jpg?from=ke.com
20241029,朝阳,十里堡,101126604248,四环边2006年建成的电梯房地铁站500米,549万,64490元/平,高楼层 (共28层) 2室1厅 | 85.13平米 | 南,https://ke-image.ljcdn.com/110000-inspection/3dc108fd-e57f-46a4-a05a-1a44e016081d_1000.jpg!m_fill,w_280,h_210,f_jpg?from=ke.com
20241029,朝阳,十里堡,101126566446,京棉新城东南向精装两居高层无遮挡满五唯一商品房,490万,52933元/平,高楼层 (共28层) 2室1厅 | 92.57平米 | 东南,https://ke-image.ljcdn.com/110000-inspection/2653bd53-8544-4837-a2c0-66a4c5350a08_1000.jpg!m_fill,w_280,h_210,f_jpg?from=ke.com
20241029,朝阳,十里堡,101126565068,朝阳嘉园落地窗双阳台商品房两居室诚意出售,618万,51432元/平,低楼层 (共25层) | 2006年 | 2室1厅 | 120.16平米 | 西北,https://ke-image.ljcdn.com/110000-inspection/1594e09d-e423-4a69-ad81-052c706b1122_1000.jpg!m_fill,w_280,h_210,f_jpg?from=ke.com
20241029,朝阳,十里堡,101126467239,京棉新城三居室全南格局 新装修 看房方便,570万,63567元/平,中楼层 (共32层) | 2006年 | 3室1厅 | 89.67平米 | 南,https://ke-image.ljcdn.com/110000-inspection/6b56cfc8-b185-444a-a27f-052269d0371e_1000.jpg!m_fill,w_280,h_210,f_jpg?from=ke.com
20241029,朝阳,十里堡,101126436487,京棉新城 西南向两居室 采光充足 交通便利,473万,56377元/平,高楼层 (共22层) | 2006年 | 2室1厅 | 83.9平米 | 西南,https://ke-image.ljcdn.com/110000-inspection/232d99c5-fc4d-40f0-81bd-056c426fe0e9_1000.jpg!m_fill,w_280,h_210,f_jpg?from=ke.com
20241029,朝阳,十里堡,101126433409,全南向2居2卫精装修拎包入住中间层无遮挡视野好,600万,60766元/平,中楼层 (共33层) 2室1厅 | 98.74平米 | 南,https://ke-image.ljcdn.com/110000-inspection/960bb299-a83e-4b6b-ba0e-c633b28c5a77_1000.jpg!m_fill,w_280,h_210,f_jpg?from=ke.com
20241029,朝阳,十里堡,101126429757,房龄新 十里堡 近地铁 精装修 交通便利,610万,70220元/平,低楼层 (共33层) | 2008年 | 2室1厅 | 86.87平米 | 东北 西北,https://ke-image.ljcdn.com/110000-inspection/368c2c43-d24d-443b-8dfa-0e5bc5e1f138_1000.jpg!m_fill,w_280,h_210,f_jpg?from=ke.com
20241029,朝阳,十里堡,101126420099,新上十里堡精装全南眼镜户型两居 互不打扰 采光好,216万,43867元/平,高楼层 (共6层) 2室1厅 | 49.24平米 | 南,https://ke-image.ljcdn.com/110000-inspection/7036e163-bf46-4494-8e01-aebfa73dd6bd_1000.jpg!m_fill,w_280,h_210,f_jpg?from=ke.com
20241029,朝阳,十里堡,101126407559,城市广场 2室1厅 东南,510万,48992元/平,高楼层 (共26层) | 1995年 | 2室1厅 | 104.1平米 | 东南,https://ke-image.ljcdn.com/110000-inspection/4109e785-eed4-40a6-b031-a407ba4afcea_1000.jpg!m_fill,w_280,h_210,f_jpg?from=ke.com
20241029,朝阳,十里堡,101126395941,公积金可贷28年满五年家庭一套 南北通透3居室,269万,43388元/平,中楼层 (共5层) | 1985年 | 3室1厅 | 62平米 | 南 北,https://ke-image.ljcdn.com/110000-inspection/pc1_ST1EvclIb.jpg!m_fill,w_280,h_210,f_jpg?from=ke.com
20241029,朝阳,十里堡,101126351971,新华联丽景珊瑚湾 三室一厅 满五,955万,68844元/平,中楼层 (共16层) 3室1厅 | 138.72平米 | 东 南 西 北,https://ke-image.ljcdn.com/110000-inspection/cb45aef4-ade9-4740-97fa-487de9892076_1000.jpg!m_fill,w_280,h_210,f_jpg?from=ke.com
20241029,朝阳,十里堡,101126281493,南北通透 采光充足 配套设施齐全 交通便利,245万,45727元/平,顶层 (共6层) 2室1厅 | 53.58平米 | 南 北,https://ke-image.ljcdn.com/110000-inspection/406db472-5cd9-4b11-9d52-544ba48f29e0_1000.jpg!m_fill,w_280,h_210,f_jpg?from=ke.com
20241029,朝阳,十里堡,101126245967,满五唯一 精装 朝南一居室 诚意出售 户型方正.房主自荐,195万,46629元/平,顶层 (共5层) 1室1厅 | 41.82平米 | 南,https://ke-image.ljcdn.com/110000-inspection/pc1_Yyfgt0n8B.jpg!m_fill,w_280,h_210,f_jpg?from=ke.com
20241029,朝阳,十里堡,101126239490,此房南北通透有正规客厅；房子是一层的无遮挡,369万,62132元/平,底层 (共6层) | 1985年 | 3室1厅 | 59.39平米 | 南 西北,https://ke-image.ljcdn.com/110000-inspection/797a8396-893b-40df-a3c1-db124c82dd87_1000.jpg!m_fill,w_280,h_210,f_jpg?from=ke.com
20241029,朝阳,十里堡,101126221960,城市广场 3室1厅 东南,720万,44810元/平,中楼层 (共26层) 3室1厅 | 160.68平米 | 东南,https://ke-image.ljcdn.com/110000-inspection/49bd100e-8967-4002-85a8-0077cf9faabd_1000.jpg!m_fill,w_280,h_210,f_jpg?from=ke.com
20241029,朝阳,十里堡,101126213017,京棉新城西南向两居室业主诚意出售,410万,48839元/平,低楼层 (共28层) 2室1厅 | 83.95平米 | 西南,https://ke-image.ljcdn.com/110000-inspection/pc1_81cyXtoQQ.jpg!m_fill,w_280,h_210,f_jpg?from=ke.com
20241029,朝阳,十里堡,101126212808,满五唯一商品房2006年建成电梯新换精装修,499万,53052元/平,中楼层 (共24层) | 2006年 | 2室1厅 | 94.06平米 | 东,https://ke-image.ljcdn.com/110000-inspection/9428a94c-00d1-456d-b129-bca9b128db11_1000.jpg!m_fill,w_280,h_210,f_jpg?from=ke.com
20241029,朝阳,十里堡,101126212781,十里堡东里 1室1厅 东,180万,39345元/平,顶层 (共6层) | 1991年 | 1室1厅 | 45.75平米 | 东,https://ke-image.ljcdn.com/110000-inspection/pc1_p5daN7jQP.jpg!m_fill,w_280,h_210,f_jpg?from=ke.com
20241029,朝阳,十里堡,101126209152,十里堡北里 1室1厅 南,245万,59859元/平,高楼层 (共6层) 1室1厅 | 40.93平米 | 南,https://ke-image.ljcdn.com/110000-inspection/c44a7a0c-ed15-44b6-9a43-9d99595dd9ae_1000.jpg!m_fill,w_280,h_210,f_jpg?from=ke.com
20241029,朝阳,十里堡,101126188543,京棉新城 3室1厅 北 南,725万,73702元/平,低楼层 (共10层) 3室1厅 | 98.37平米 | 北 南,https://ke-image.ljcdn.com/110000-inspection/pc1_PmOCWxPP8.jpg!m_fill,w_280,h_210,f_jpg?from=ke.com
20241029,朝阳,十里堡,101126153487,十里堡东里 1室1厅 南 北,193万,44004元/平,高楼层 (共12层) | 1987年 | 1室1厅 | 43.86平米 | 南 北,https://ke-image.ljcdn.com/110000-inspection/442dc143-7715-4188-93a4-d2ee3b7f864b_1000.jpg!m_fill,w_280,h_210,f_jpg?from=ke.com
20241029,朝阳,十里堡,101126125222,京棉新城全南精装修一居室拎包入住中间层采光好,350万,56920元/平,中楼层 (共28层) | 2005年 | 1室1厅 | 61.49平米 | 南,https://ke-image.ljcdn.com/110000-inspection/31771cb5-3230-41d8-964b-a110e6b2f395_1000.jpg!m_fill,w_280,h_210,f_jpg?from=ke.com
20241029,朝阳,十里堡,101126102022,满五年唯一精装修看房方便。不临街,599万,49980元/平,中楼层 (共20层) 2室1厅 | 119.85平米 | 东南,https://ke-image.ljcdn.com/110000-inspection/4a913654-e1ed-4a16-aa88-77c17607546a_1000.jpg!m_fill,w_280,h_210,f_jpg?from=ke.com
20241029,朝阳,十里堡,101126091120,海华堂 3室1厅 东南,846万,64600元/平,低楼层 (共33层) 3室1厅 | 130.96平米 | 东南,https://ke-image.ljcdn.com/110000-inspection/pc1_rJaHcMBBZ.jpg!m_fill,w_280,h_210,f_jpg?from=ke.com
20241029,朝阳,十里堡,101126087622,东四环 地铁6号线500米  2011年商品房社区房主自荐,719万,54408元/平,中楼层 (共33层) | 2011年 | 3室2厅 | 132.15平米 | 西南,https://ke-image.ljcdn.com/110000-inspection/a826d306-7015-4e62-b947-9adff885f847_1000.jpg!m_fill,w_280,h_210,f_jpg?from=ke.com
20241029,朝阳,十里堡,101126010153,都会华庭  高层西南  两居室,599万,49398元/平,中楼层 (共30层) 2室2厅 | 121.26平米 | 西南,https://ke-image.ljcdn.com/110000-inspection/cd4ceb5a-5e05-44d4-bd2e-38e66b02d293_1000.jpg!m_fill,w_280,h_210,f_jpg?from=ke.com
20241029,朝阳,十里堡,101125999043,封闭管理08年商品房精装两居满五唯一房主自荐,530万,60537元/平,中楼层 (共33层) 2室1厅 | 87.55平米 | 东南 西北,https://ke-image.ljcdn.com/110000-inspection/91320efd-200e-4414-9522-7c8de5f61be4_1000.jpg!m_fill,w_280,h_210,f_jpg?from=ke.com
20241029,朝阳,十里堡,101125937827,新华联丽景 3室1厅 东 南,1050万,68329元/平,中楼层 (共16层) 3室1厅 | 153.67平米 | 东 南,https://ke-image.ljcdn.com/110000-inspection/f9e0855d-b221-442d-980e-061b3bef0159_1000.jpg!m_fill,w_280,h_210,f_jpg?from=ke.com
20241029,朝阳,十里堡,101125918228,满5年家庭一套商品房2006年建成电梯新换,495万,45660元/平,中楼层 (共24层) | 2006年 | 2室1厅 | 108.41平米 | 东北,https://ke-image.ljcdn.com/110000-inspection/pc1_298rcizeL.jpg!m_fill,w_280,h_210,f_jpg?from=ke.com
20241029,朝阳,十里堡,101125834263,京棉新城 楼道管理好 位置安静 满五唯一商品房,480万,47212元/平,中楼层 (共22层) | 2006年 | 2室1厅 | 101.67平米 | 东,https://ke-image.ljcdn.com/110000-inspection/f87a188c-2440-4105-ac69-7e08075c13c8_1000.jpg!m_fill,w_280,h_210,f_jpg?from=ke.com
20241029,朝阳,十里堡,101125787275,都会华庭西南大两居面积大价格低,615万,50651元/平,低楼层 (共20层) | 2001年 | 2室1厅 | 121.42平米 | 西南,https://ke-image.ljcdn.com/110000-inspection/cb33516e-f36c-42db-b9a6-a94700c9d56a_1000.jpg!m_fill,w_280,h_210,f_jpg?from=ke.com
20241029,朝阳,十里堡,101125759831,十里堡东里 3室1厅 东 南 北,332万,52079元/平,低楼层 (共12层) 3室1厅 | 63.75平米 | 东 南 北,https://ke-image.ljcdn.com/110000-inspection/pc1_tQ0Z3zOl2.jpg!m_fill,w_280,h_210,f_jpg?from=ke.com
20241029,朝阳,十里堡,101125735287,地铁6号线十里堡站 十里堡北里一层三居 能做大客厅,385万,59341元/平,底层 (共6层) | 1985年 | 3室1厅 | 64.88平米 | 南 北,https://ke-image.ljcdn.com/110000-inspection/pc1_pKsGHARUp.jpg!m_fill,w_280,h_210,f_jpg?from=ke.com
20241029,朝阳,十里堡,101125683624,都会华庭  西南向  无遮挡  满五唯一,810万,58307元/平,低楼层 (共21层) | 2001年 | 3室1厅 | 138.92平米 | 西南,https://ke-image.ljcdn.com/110000-inspection/77dabce6-b683-4f5a-b845-4394453818d1_1000.jpg!m_fill,w_280,h_210,f_jpg?from=ke.com
20241029,朝阳,十里堡,101125666534,都会华庭二期西向两居正对中国尊无遮挡。,545万,57819元/平,顶层 (共21层) | 2007年 | 2室1厅 | 94.26平米 | 西,https://ke-image.ljcdn.com/110000-inspection/pc1_Ee24Fll5t.jpg!m_fill,w_280,h_210,f_jpg?from=ke.com
20241029,朝阳,十里堡,101125588104,都会华庭精装大两居室看房方便业主诚意出售,635万,48176元/平,低楼层 (共30层) 2室1厅 | 131.81平米 | 东南,https://ke-image.ljcdn.com/110000-inspection/pc1_jhxjVemHQ.jpg!m_fill,w_280,h_210,f_jpg?from=ke.com
20241029,朝阳,十里堡,101125576094,京棉新城 满五年唯一商品房 视野好 地铁近,398万,50889元/平,中楼层 (共32层) | 2006年 | 2室1厅 | 78.21平米 | 东,https://ke-image.ljcdn.com/110000-inspection/pc1_7VERxCkvZ_1.jpg!m_fill,w_280,h_210,f_jpg?from=ke.com
20241029,朝阳,十里堡,101125482916,面积大楼上楼下都有入户门适合入口多的家庭,1200万,41750元/平,高楼层 (共30层) 4室2厅 | 287.43平米 | 西南 北,https://ke-image.ljcdn.com/110000-inspection/a1807e1f-a98f-4edc-864b-c6cc4e492482_1000.jpg!m_fill,w_280,h_210,f_jpg?from=ke.com
20241029,朝阳,十里堡,101125476881,甘露西园 两居室  总价不高中间层,335万,45722元/平,中楼层 (共14层) 2室1厅 | 73.27平米 | 北,https://ke-image.ljcdn.com/110000-inspection/pc1_lMU9Prqfk.jpg!m_fill,w_280,h_210,f_jpg?from=ke.com
20241029,朝阳,十里堡,101125476825,城市广场 2室1厅 西南,535万,51393元/平,中楼层 (共26层) | 1995年 | 2室1厅 | 104.1平米 | 西南,https://ke-image.ljcdn.com/110000-inspection/9a0f7b7a-37f3-4f77-b6ae-303cbcb6b08e_1000.jpg!m_fill,w_280,h_210,f_jpg?from=ke.com
20241029,朝阳,十里堡,101125466409,都会华庭 2室2厅 东南,790万,59935元/平,中楼层 (共30层) 2室2厅 | 131.81平米 | 东南,https://ke-image.ljcdn.com/110000-inspection/460e2e24-3e6f-4095-a221-799c1eaa3688_1000.jpg!m_fill,w_280,h_210,f_jpg?from=ke.com
20241029,朝阳,十里堡,101125462657,全南一居室 满五唯一 安静不吵闹 低楼层,219万,56648元/平,底层 (共6层) | 1986年 | 1室1厅 | 38.66平米 | 南,https://ke-image.ljcdn.com/110000-inspection/pc1_YGIBVEh4d.jpg!m_fill,w_280,h_210,f_jpg?from=ke.com
20241029,朝阳,十里堡,101125370923,都会华庭 车位,37万,28594元/平,地下室 (共30层) | 2004年 | 1室0厅 | 12.94平米 | 南,https://ke-image.ljcdn.com/110000-inspection/pc1_BIkOVpuJD.jpg!m_fill,w_280,h_210,f_jpg?from=ke.com
20241029,朝阳,十里堡,101125302607,朝阳路复式单价4.3万 四居三卫双明卫高层,998万,43524元/平,高楼层 (共30层) 4室1厅 | 229.3平米 | 南 北,https://ke-image.ljcdn.com/110000-inspection/29ce271c-af17-4901-a90e-d1523c4b450a_1000.jpg!m_fill,w_280,h_210,f_jpg?from=ke.com
20241029,朝阳,十里堡,101125297995,八里庄南里 1室1厅 南,268万,59253元/平,中楼层 (共18层) 1室1厅 | 45.23平米 | 南,https://ke-image.ljcdn.com/110000-inspection/f04d4d6e-6efd-49d5-a9e5-bad0a3bf3fbd_1000.jpg!m_fill,w_280,h_210,f_jpg?from=ke.com
20241029,朝阳,十里堡,101125245749,朝阳嘉园 3室1厅 西,350万,39580元/平,低楼层 (共25层) | 2006年 | 3室1厅 | 88.43平米 | 西,https://ke-image.ljcdn.com/110000-inspection/pc1_8v4pQ56JH.jpg!m_fill,w_280,h_210,f_jpg?from=ke.com
20241029,朝阳,十里堡,101125205259,十里堡北里 2室1厅 南 北,335万,57501元/平,中楼层 (共6层) 2室1厅 | 58.26平米 | 南 北,https://ke-image.ljcdn.com/110000-inspection/pc1_gBHVq58TC.jpg!m_fill,w_280,h_210,f_jpg?from=ke.com
20241029,朝阳,十里堡,101125174767,十里堡北里 2室1厅 东 北,255万,50716元/平,顶层 (共6层) | 1985年 | 2室1厅 | 50.28平米 | 东 北,https://ke-image.ljcdn.com/110000-inspection/1d3c9249-93cd-4607-b184-7c1bcfc5a06f_1000.jpg!m_fill,w_280,h_210,f_jpg?from=ke.com
20241029,朝阳,十里堡,101125164274,八里庄南里 3室1厅 南 北,510万,65545元/平,低楼层 (共6层) | 1986年 | 3室1厅 | 77.81平米 | 南 北,https://ke-image.ljcdn.com/110000-inspection/7b82dd64-2a20-4137-9a76-7cda4c8ffc2d_1000.jpg!m_fill,w_280,h_210,f_jpg?from=ke.com
20241029,朝阳,十里堡,101125049769,朝阳路南向三居室都会华庭二期封闭管理社区房主自荐,880万,61964元/平,顶层 (共21层) 3室1厅 | 142.02平米 | 西南,https://ke-image.ljcdn.com/110000-inspection/4b8c72e7-db85-4a61-b4c5-575147d7834f_1000.jpg!m_fill,w_280,h_210,f_jpg?from=ke.com
20241029,朝阳,十里堡,101125028986,城市广场 3室1厅 西南,720万,44810元/平,中楼层 (共26层) | 1995年 | 3室1厅 | 160.68平米 | 西南,https://ke-image.ljcdn.com/110000-inspection/eee6b89e-31fa-422d-b65c-e261d52952f4_1000.jpg!m_fill,w_280,h_210,f_jpg?from=ke.com
20241029,朝阳,十里堡,101124943508,十里堡北里 南北通透 中间楼层 满五成本价两居室,300万,50574元/平,中楼层 (共6层) 2室1厅 | 59.32平米 | 南 北,https://ke-image.ljcdn.com/110000-inspection/2913767a-f21e-4e19-bc1a-3f3af3202490_1000.jpg!m_fill,w_280,h_210,f_jpg?from=ke.com
20241029,朝阳,十里堡,101124936041,城市广场 3室1厅 东南,833万,50421元/平,中楼层 (共26层) 3室1厅 | 165.21平米 | 东南,https://ke-image.ljcdn.com/110000-inspection/1e675198-763d-42b4-91e5-9d704db7de95_1000.jpg!m_fill,w_280,h_210,f_jpg?from=ke.com
20241029,朝阳,十里堡,101124913822,满五年唯一 南北通透 诚意出售一层 有装修,398万,70022元/平,底层 (共6层) 2室1厅 | 56.84平米 | 南 北,https://ke-image.ljcdn.com/110000-inspection/8e68e78b-4051-4df4-bad0-4e1310ae2c31_1000.jpg!m_fill,w_280,h_210,f_jpg?from=ke.com
20241029,朝阳,十里堡,101124842428,满五唯一商品房  费用少  楼层高 视野好 地铁近房主自荐,369万,50465元/平,高楼层 (共28层) 2室1厅 | 73.12平米 | 北,https://ke-image.ljcdn.com/110000-inspection/d3b1b5d9-5428-4d03-b099-e6e4b79e0d2e_1000.jpg!m_fill,w_280,h_210,f_jpg?from=ke.com
20241029,朝阳,十里堡,101124810947,70年产权满五唯一封闭管理二次精装修,530万,50913元/平,中楼层 (共26层) | 1995年 | 2室1厅 | 104.1平米 | 西南,https://ke-image.ljcdn.com/110000-inspection/pc1_sMfYrYR4m.jpg!m_fill,w_280,h_210,f_jpg?from=ke.com
20241029,朝阳,十里堡,101124572868,十里堡东里精装修户型方正 拎包入住配套全,386万,56367元/平,顶层 (共5层) | 1989年 | 3室1厅 | 68.48平米 | 南 北,https://ke-image.ljcdn.com/110000-inspection/pc1_pUBqE65Ch.jpg!m_fill,w_280,h_210,f_jpg?from=ke.com
20241029,朝阳,十里堡,101124559330,总监推荐！京棉新城样板楼 高质量高得房格局视野棒,430万,43927元/平,顶层 (共28层) | 2005年 | 2室1厅 | 97.89平米 | 南 西北,https://ke-image.ljcdn.com/110000-inspection/pc1_OfdlfQbhr.jpg!m_fill,w_280,h_210,f_jpg?from=ke.com
20241029,朝阳,十里堡,101124465979,南北通透 钢混结构 明厨明卫 装修温馨简约,330万,61362元/平,顶层 (共6层) 2室1厅 | 53.78平米 | 南 北,https://ke-image.ljcdn.com/110000-inspection/c93aea78-4c0e-434f-9f45-b8aec40b998c_1000.jpg!m_fill,w_280,h_210,f_jpg?from=ke.com
20241029,朝阳,十里堡,101124371635,城市广场   西南两居室   明厨明卫房主自荐,519万,49004元/平,中楼层 (共26层) | 1995年 | 2室2厅 | 105.91平米 | 西南,https://ke-image.ljcdn.com/110000-inspection/dd90c3b6-f4e1-4491-9466-d61fe536e68a_1000.jpg!m_fill,w_280,h_210,f_jpg?from=ke.com
20241029,朝阳,十里堡,101124253409,八里庄南里 满五唯一商品房 地铁6号线 红领巾公园,336万,58466元/平,高楼层 (共18层) 2室1厅 | 57.47平米 | 西 北,https://ke-image.ljcdn.com/110000-inspection/de6c732c-8207-4d88-ad75-6cd8e14f56bf_1000.jpg!m_fill,w_280,h_210,f_jpg?from=ke.com
20241029,朝阳,十里堡,101124231456,十里堡北里有地铁一居室南向采光好户型方正,255万,61491元/平,高楼层 (共6层) 1室1厅 | 41.47平米 | 南,https://ke-image.ljcdn.com/110000-inspection/a5041ab8-5a9b-41d8-a3af-46ff1ce7783a_1000.jpg!m_fill,w_280,h_210,f_jpg?from=ke.com
20241029,朝阳,十里堡,101124218822,京棉新城 2室1厅 南,456万,59562元/平,顶层 (共28层) 2室1厅 | 76.56平米 | 南,https://ke-image.ljcdn.com/110000-inspection/ad60084a-e740-4513-9631-a3389ab18241_1000.jpg!m_fill,w_280,h_210,f_jpg?from=ke.com
20241029,朝阳,十里堡,101124142104,十里堡东里朝阳嘉园中泰雅轩 周边配套齐全 物业管理,580万,48269元/平,高楼层 (共25层) | 2006年 | 2室2厅 | 120.16平米 | 西北,https://ke-image.ljcdn.com/110000-inspection/bbaf8f9e-b0d8-4d14-a92b-9b7691a87d34_1000.jpg!m_fill,w_280,h_210,f_jpg?from=ke.com
20241029,朝阳,十里堡,101124130880,十里堡北里近地铁两居室看房方便业主诚意,328万,57233元/平,低楼层 (共6层) 2室1厅 | 57.31平米 | 南,https://ke-image.ljcdn.com/110000-inspection/2f95a1ba-3eee-45f5-a4f0-69b92f629962_1000.jpg!m_fill,w_280,h_210,f_jpg?from=ke.com
20241029,朝阳,十里堡,101124096950,甘露西园 2室1厅 东南房主自荐,238万,43936元/平,高楼层 (共14层) 2室1厅 | 54.17平米 | 东南,https://ke-image.ljcdn.com/110000-inspection/1c8ffac0-3c21-45cf-8815-c2bafc0c7819_1000.jpg!m_fill,w_280,h_210,f_jpg?from=ke.com
20241029,朝阳,十里堡,101124026127,：海华堂精装高层视野采光好近地铁楼龄新,349万,58420元/平,高楼层 (共33层) | 2011年 | 1室1厅 | 59.74平米 | 西,https://ke-image.ljcdn.com/110000-inspection/9bec6af5-e13a-48b2-8fbb-8af4d01b818d_1000.jpg!m_fill,w_280,h_210,f_jpg?from=ke.com
20241029,朝阳,十里堡,101123951148,甘露西园 南北通透 两居室 大客厅,395万,46608元/平,低楼层 (共14层) | 2000年 | 2室1厅 | 84.75平米 | 南 北,https://ke-image.ljcdn.com/110000-inspection/pc1_yxmfDKsiC.jpg!m_fill,w_280,h_210,f_jpg?from=ke.com
20241029,朝阳,十里堡,101123866780,城市广场 大两居室人车分流小区,428万,36021元/平,低楼层 (共26层) | 1995年 | 2室1厅 | 118.82平米 | 东北,https://ke-image.ljcdn.com/110000-inspection/pc1_YznTJTlMF.jpg!m_fill,w_280,h_210,f_jpg?from=ke.com
20241029,朝阳,十里堡,101123685210,全南双卫两居地铁近房龄新中高楼层视野好有车位,599万,60665元/平,低楼层 (共33层) 2室1厅 | 98.74平米 | 南,https://ke-image.ljcdn.com/110000-inspection/aa9b3cdf-3315-402c-b96f-6f180d24c01d_1000.jpg!m_fill,w_280,h_210,f_jpg?from=ke.com
20241029,朝阳,十里堡,101123662415,海华堂 满五年唯一西南两居室精装修交通便利房主自荐,535万,58954元/平,低楼层 (共33层) 2室1厅 | 90.75平米 | 西南,https://ke-image.ljcdn.com/110000-inspection/d4df7d18-33c3-49de-88ac-49076d925697_1000.jpg!m_fill,w_280,h_210,f_jpg?from=ke.com
20241029,朝阳,十里堡,101123660725,京棉新城 西南向两居室 采光充足 交通便利,450万,53636元/平,高楼层 (共22层) | 2006年 | 2室1厅 | 83.9平米 | 西南,https://ke-image.ljcdn.com/110000-inspection/a938a58f-f97c-4ab8-bf4e-ff1873f32176_1000.jpg!m_fill,w_280,h_210,f_jpg?from=ke.com
20241029,朝阳,十里堡,101123658745,十里堡户型方正 低楼层适合老人孩子 拎包入住可看房,300万,48240元/平,底层 (共4层) | 1985年 | 2室1厅 | 62.19平米 | 南 北,https://ke-image.ljcdn.com/110000-inspection/2eb00ccf-a2ee-45e9-9cb9-bf92a1dbbb5c_1000.jpg!m_fill,w_280,h_210,f_jpg?from=ke.com
20241029,朝阳,十里堡,101123623032,都会华庭 1室1厅 南,411万,69875元/平,高楼层 (共13层) | 2007年 | 1室1厅 | 58.82平米 | 南,https://ke-image.ljcdn.com/110000-inspection/26afa532-14bd-40dc-8d52-e26bae9b3250_1000.jpg!m_fill,w_280,h_210,f_jpg?from=ke.com
20241029,朝阳,十里堡,101123401313,东四环十里堡朝阳嘉园东南向三居,638万,43846元/平,高楼层 (共25层) | 2006年 | 3室2厅 | 145.51平米 | 东南,https://ke-image.ljcdn.com/110000-inspection/2985c26e-815b-4821-83cf-27b2b2871872_1000.jpg!m_fill,w_280,h_210,f_jpg?from=ke.com
20241029,朝阳,十里堡,101123381227,都会华庭   精装修  对小区花园,799万,52294元/平,低楼层 (共30层) | 2001年 | 3室2厅 | 152.79平米 | 西南 北,https://ke-image.ljcdn.com/110000-inspection/pc1_jlyWClmkR_1.jpg!m_fill,w_280,h_210,f_jpg?from=ke.com
20241029,朝阳,十里堡,101123267788,城市广场大两居采光好无遮挡不临街房主自荐,460万,38089元/平,中楼层 (共26层) | 1995年 | 2室1厅 | 120.77平米 | 东北,https://ke-image.ljcdn.com/110000-inspection/68a0a0a2-13d3-427e-b6a5-72930a6a4c8d_1000.jpg!m_fill,w_280,h_210,f_jpg?from=ke.com
20241029,朝阳,十里堡,101123210492,满五唯一 精装修 近地铁 格局方正好利用,385万,64446元/平,中楼层 (共33层) | 2011年 | 1室1厅 | 59.74平米 | 西,https://ke-image.ljcdn.com/110000-inspection/pc1_B2sA1TOUf_2.jpg!m_fill,w_280,h_210,f_jpg?from=ke.com
20241029,朝阳,十里堡,101123112363,满五年商品房业主家庭名下一套住房楼层高视野好,688万,47302元/平,中楼层 (共25层) | 2006年 | 3室1厅 | 145.45平米 | 东南,https://ke-image.ljcdn.com/110000-inspection/pc1_Ai4p6TZSh.jpg!m_fill,w_280,h_210,f_jpg?from=ke.com
20241029,朝阳,十里堡,101123056486,6号线十里堡站珊瑚湾东南三居满五唯一中间层。,1100万,70804元/平,中楼层 (共20层) | 2008年 | 3室2厅 | 155.36平米 | 西南,https://ke-image.ljcdn.com/110000-inspection/pc1_Hjr0oztVX.jpg!m_fill,w_280,h_210,f_jpg?from=ke.com
20241029,朝阳,十里堡,101122975055,珊瑚湾三居  满五唯一  临地铁近公园  采光视野俱佳,1020万,73530元/平,中楼层 (共16层) 3室1厅 | 138.72平米 | 东 南 西 北,https://ke-image.ljcdn.com/110000-inspection/70cd332b-558b-4063-b313-5034fff0a00a_1000.jpg!m_fill,w_280,h_210,f_jpg?from=ke.com
20241029,朝阳,十里堡,101122942661,房子满五唯一钢混结构层高2.8米婚房装修,370万,70356元/平,中楼层 (共6层) | 1985年 | 2室1厅 | 52.59平米 | 南,https://ke-image.ljcdn.com/110000-inspection/855a78b9-8bf9-408e-a069-a7c575a9458c_1000.jpg!m_fill,w_280,h_210,f_jpg?from=ke.com
20241029,朝阳,十里堡,101122762638,京棉新城商品房本 精装两居 无遮挡视野好 不临街,460万,56477元/平,中楼层 (共22层) | 2006年 | 2室1厅 | 81.45平米 | 东,https://ke-image.ljcdn.com/110000-inspection/9814717a-f87c-4702-9bb1-d5e92996e87c_1000.jpg!m_fill,w_280,h_210,f_jpg?from=ke.com
20241029,朝阳,十里堡,101122623735,满五唯一视野棒 电梯直达 100米到地铁 全明格局,205万,42638元/平,顶层 (共18层) | 1987年 | 1室1厅 | 48.08平米 | 南 西北,https://ke-image.ljcdn.com/110000-inspection/8f1dabf7-9096-472c-b5a1-dd11fa04a6d4_1000.jpg!m_fill,w_280,h_210,f_jpg?from=ke.com
20241029,朝阳,十里堡,101122619014,十里堡北里 中间层两居 南北通透 小区中间位置房主自荐,299万,54933元/平,中楼层 (共6层) | 1984年 | 2室1厅 | 54.43平米 | 南 北,https://ke-image.ljcdn.com/110000-inspection/a22fa9f5-5126-4af2-b3b5-3b0a9223d88a_1000.jpg!m_fill,w_280,h_210,f_jpg?from=ke.com
20241029,朝阳,十里堡,101122555959,满五年唯一 近地铁 看房方便   诚意出售,290万,49975元/平,高楼层 (共32层) | 2006年 | 1室1厅 | 58.03平米 | 西,https://ke-image.ljcdn.com/110000-inspection/pc1_k6UgAThfb.jpg!m_fill,w_280,h_210,f_jpg?from=ke.com
20241029,朝阳,十里堡,101122329738,满五年唯一 东南向两居室 采光好,645万,65350元/平,低楼层 (共28层) | 2005年 | 2室2厅 | 98.7平米 | 东南,https://ke-image.ljcdn.com/110000-inspection/pc1_n3DejDppp.jpg!m_fill,w_280,h_210,f_jpg?from=ke.com
20241029,朝阳,十里堡,101122319933,有客厅 地铁100米 精装修  双卧朝南两居室,365万,59369元/平,低楼层 (共18层) | 1987年 | 2室1厅 | 61.48平米 | 南,https://ke-image.ljcdn.com/110000-inspection/4d711e85-f78b-430e-9e64-acb07322aed8_1000.jpg!m_fill,w_280,h_210,f_jpg?from=ke.com
20241029,朝阳,十里堡,101122143640,碧水星阁 满五唯一 小区安静 近地铁 近公园,372万,65436元/平,中楼层 (共21层) 1室1厅 | 56.85平米 | 北,https://ke-image.ljcdn.com/110000-inspection/c5dcc61b-bf54-4435-a98e-bf7b351e15ca_1000.jpg!m_fill,w_280,h_210,f_jpg?from=ke.com
20241029,朝阳,十里堡,101122058061,十里堡北里 电梯直达 公积金贷款25年,348万,56595元/平,中楼层 (共21层) | 1992年 | 2室1厅 | 61.49平米 | 东,https://ke-image.ljcdn.com/110000-inspection/0d7fc1b4-9d86-444e-ab04-41c984a198fd_1000.jpg!m_fill,w_280,h_210,f_jpg?from=ke.com
20241029,朝阳,十里堡,101121712221,十里堡北里 南北三居 精装修 满五唯一 小区中间,419万,54901元/平,顶层 (共6层) 3室1厅 | 76.32平米 | 南 北,https://ke-image.ljcdn.com/110000-inspection/298c34db-01f4-4f42-b8f9-8faf37e15afe_1000.jpg!m_fill,w_280,h_210,f_jpg?from=ke.com
20241029,朝阳,十里堡,101121686240,朝阳路大平层 东南无遮挡 高楼层 配套齐全,998万,50048元/平,中楼层 (共26层) 5室1厅 | 199.41平米 | 东南,https://ke-image.ljcdn.com/110000-inspection/1f790e21-5c61-41a6-9728-2d479fc77d82_1000.jpg!m_fill,w_280,h_210,f_jpg?from=ke.com
20241029,朝阳,十里堡,101121645425,京棉新城 2室1厅 南 北,440万,50263元/平,底层 (共10层) | 2008年 | 2室1厅 | 87.54平米 | 南 北,https://ke-image.ljcdn.com/110000-inspection/pc1_GqKz8SAND.jpg!m_fill,w_280,h_210,f_jpg?from=ke.com
20241029,朝阳,十里堡,101121447713,海华堂 近3年的精装修 地铁500米 楼龄新商品房小区,810万,61294元/平,高楼层 (共33层) | 2011年 | 3室1厅 | 132.15平米 | 西南,https://ke-image.ljcdn.com/110000-inspection/e1d5034d-9bc4-4424-a108-867976a8eb22_1000.jpg!m_fill,w_280,h_210,f_jpg?from=ke.com
20241029,朝阳,十里堡,101121350250,满五年唯一商品房 近地铁 精装自住,610万,69675元/平,高楼层 (共33层) 2室1厅 | 87.55平米 | 东 西南 北,https://ke-image.ljcdn.com/110000-inspection/6cce880f-5902-46e1-84ba-d667fcbbac4b_1000.jpg!m_fill,w_280,h_210,f_jpg?from=ke.com
20241029,朝阳,十里堡,101121183329,甘露西园 正规东南一居室 高楼层 精装修房主自荐,288万,53166元/平,高楼层 (共14层) 2室1厅 | 54.17平米 | 东南,https://ke-image.ljcdn.com/110000-inspection/pc1_VyXCnKCUn.jpg!m_fill,w_280,h_210,f_jpg?from=ke.com
20241029,朝阳,十里堡,101121063097,朝阳路 精装修两居  落地阳台 配套齐全 生活便利,530万,50913元/平,低楼层 (共26层) | 1995年 | 2室1厅 | 104.1平米 | 西南,https://ke-image.ljcdn.com/110000-inspection/5eff8d4a-87d7-4457-a3fd-eeb0fc90791d_1000.jpg!m_fill,w_280,h_210,f_jpg?from=ke.com
20241029,朝阳,十里堡,101120919261,新华联丽景 满五年唯一 高层 精装修三居房主自荐,968万,68464元/平,高楼层 (共16层) 3室1厅 | 141.39平米 | 南 东北,https://ke-image.ljcdn.com/110000-inspection/pc1_dHwERfyF0_1.jpg!m_fill,w_280,h_210,f_jpg?from=ke.com
20241029,朝阳,十里堡,101119790290,电梯板楼正规两居 南北通透采光好无遮挡不临街,335万,51770元/平,高楼层 (共12层) 2室1厅 | 64.71平米 | 南 北,https://ke-image.ljcdn.com/110000-inspection/pc1_7zxwELUxx.jpg!m_fill,w_280,h_210,f_jpg?from=ke.com
20241029,朝阳,十里堡,101119247747,满五年双阳台 钢混结构近公园 2梯7户电梯直达,468万,62601元/平,低楼层 (共18层) 2室1厅 | 74.76平米 | 南 西南,https://ke-image.ljcdn.com/110000-inspection/3c87279f-651d-4429-89f1-8efc843e1793_1000.jpg!m_fill,w_280,h_210,f_jpg?from=ke.com
20241029,朝阳,十里堡,101117806538,十里堡北里 全南向明厨明卫 无遮挡,285万,51547元/平,高楼层 (共6层) 2室1厅 | 55.29平米 | 南,https://ke-image.ljcdn.com/110000-inspection/a6f7e5a7-867c-4cdf-af44-8f3298a95a80_1000.jpg!m_fill,w_280,h_210,f_jpg?from=ke.com
20241029,朝阳,十里堡,101127112792,地铁口 南北两居 非顶层 视野好 满五年,316万,58357元/平,高楼层 (共6层) | 1985年 | 2室1厅 | 54.15平米 | 南 北,https://s1.ljcdn.com/pegasus/redskull/images/common/default_house_list.png?_v=202410161653269
20241029,朝阳,十里堡,101126859944,满五年唯一 价格可谈 户型方正好利用,450万,52960元/平,中楼层 (共24层) | 2006年 | 2室1厅 | 84.97平米 | 东,https://s1.ljcdn.com/pegasus/redskull/images/common/default_house_list.png?_v=202410161653269
20241029,朝阳,十里堡,101126661286,都会华庭二期无遮挡三居室。07年满五唯一。,800万,56331元/平,低楼层 (共21层) 3室2厅 | 142.02平米 | 南,https://s1.ljcdn.com/pegasus/redskull/images/common/default_house_list.png?_v=202410161653269
20241029,朝阳,十里堡,101126588674,八里庄南里两居 低楼层 商品房,450万,71600元/平,低楼层 (共6层) 2室1厅 | 62.85平米 | 南 北,https://s1.ljcdn.com/pegasus/redskull/images/common/default_house_list.png?_v=202410161653269
20241029,朝阳,十里堡,101126541902,都会华庭 1室1厅 东南,360万,50442元/平,低楼层 (共30层) | 2001年 | 1室1厅 | 71.37平米 | 东南,https://s1.ljcdn.com/pegasus/redskull/images/common/default_house_list.png?_v=202410161653269
20241029,朝阳,十里堡,101126303699,新华联丽景 3室1厅 东南,920万,66307元/平,低楼层 (共20层) | 2008年 | 3室1厅 | 138.75平米 | 东南,https://s1.ljcdn.com/pegasus/redskull/images/common/default_house_list.png?_v=202410161653269
20241029,朝阳,十里堡,101126234519,70年产权满五唯一高层落地窗,670万,41698元/平,高楼层 (共26层) 3室1厅 | 160.68平米 | 西南,https://s1.ljcdn.com/pegasus/redskull/images/common/default_house_list.png?_v=202410161653269
20241029,朝阳,十里堡,101126011730,城市广场 2室1厅 西南,460万,43434元/平,中楼层 (共26层) | 1995年 | 2室1厅 | 105.91平米 | 西南,https://s1.ljcdn.com/pegasus/redskull/images/common/default_house_list.png?_v=202410161653269
20241029,朝阳,十里堡,101125818464,十里堡东里 2室1厅 南,290万,55705元/平,低楼层 (共12层) 2室1厅 | 52.06平米 | 南,https://s1.ljcdn.com/pegasus/redskull/images/common/default_house_list.png?_v=202410161653269
20241029,朝阳,十里堡,101125757125,十里堡北里电梯小三居满五年唯一近地铁无遮挡,315万,46087元/平,中楼层 (共21层) | 1992年 | 3室1厅 | 68.35平米 | 东北,https://s1.ljcdn.com/pegasus/redskull/images/common/default_house_list.png?_v=202410161653269
20241029,朝阳,十里堡,101125564552,都会华庭  全南一居室   板楼格局,388万,65964元/平,高楼层 (共13层) | 2007年 | 1室1厅 | 58.82平米 | 南,https://s1.ljcdn.com/pegasus/redskull/images/common/default_house_list.png?_v=202410161653269
20241029,朝阳,十里堡,101125499828,都会华庭双卫两居室西南采光好中高层绿化好,579万,47749元/平,中楼层 (共30层) 2室2厅 | 121.26平米 | 西南,https://s1.ljcdn.com/pegasus/redskull/images/common/default_house_list.png?_v=202410161653269
20241029,朝阳,十里堡,101125399637,十里堡北里南北通透无遮挡两居室,340万,54244元/平,顶层 (共5层) | 1980年 | 2室1厅 | 62.68平米 | 南 北,https://s1.ljcdn.com/pegasus/redskull/images/common/default_house_list.png?_v=202410161653269
20241029,朝阳,十里堡,101125364839,地铁站旁边2008年建成的商品房两居室电梯房,540万,61680元/平,高楼层 (共33层) 2室1厅 | 87.55平米 | 东南 西北,https://s1.ljcdn.com/pegasus/redskull/images/common/default_house_list.png?_v=202410161653269
20241029,朝阳,十里堡,101125054904,京棉新城 商品房  视野好 装修保持的不错,419万,52271元/平,低楼层 (共28层) | 2008年 | 2室1厅 | 80.16平米 | 西,https://s1.ljcdn.com/pegasus/redskull/images/common/default_house_list.png?_v=202410161653269
20241029,朝阳,十里堡,101124556297,朝阳路十里堡甲3号城市广场东北三居,745万,45536元/平,顶层 (共26层) 3室2厅 | 163.61平米 | 东北,https://s1.ljcdn.com/pegasus/redskull/images/common/default_house_list.png?_v=202410161653269
20241029,朝阳,十里堡,101124519352,十里堡北里 无遮挡  配套设施齐全 交通便利,195万,46440元/平,顶层 (共6层) 1室0厅 | 41.99平米 | 南,https://s1.ljcdn.com/pegasus/redskull/images/common/default_house_list.png?_v=202410161653269
20241029,朝阳,十里堡,101124067655,十里堡东里新上全南两居室 满五年唯一商品房,260万,49790元/平,中楼层 (共12层) 2室1厅 | 52.22平米 | 南,https://s1.ljcdn.com/pegasus/redskull/images/common/default_house_list.png?_v=202410161653269
20241029,朝阳,十里堡,101123755152,西南四居三个卫生间没有遮挡 视野采光好小区人车分流,850万,42626元/平,中楼层 (共26层) | 1996年 | 4室1厅 | 199.41平米 | 西南,https://s1.ljcdn.com/pegasus/redskull/images/common/default_house_list.png?_v=202410161653269
20241029,朝阳,十里堡,101123372236,慈云寺桥东 十里堡全南无遮挡两居 采光好 满五唯一,269万,54631元/平,高楼层 (共6层) | 1980年 | 2室1厅 | 49.24平米 | 南,https://s1.ljcdn.com/pegasus/redskull/images/common/default_house_list.png?_v=202410161653269
20241029,朝阳,十里堡,101123090094,满五年唯一商品房  诚意出售  价格可谈 近地铁,465万,54726元/平,中楼层 (共24层) | 2006年 | 2室1厅 | 84.97平米 | 东,https://s1.ljcdn.com/pegasus/redskull/images/common/default_house_list.png?_v=202410161653269
20241029,朝阳,十里堡,101122690090,八里庄南里 南北三居 中间楼层,410万,58422元/平,中楼层 (共6层) | 1986年 | 3室1厅 | 70.18平米 | 南 北,https://s1.ljcdn.com/pegasus/redskull/images/common/default_house_list.png?_v=202410161653269
20241029,朝阳,十里堡,101121708508,朝阳嘉园 纯商品房社区 大三居诚意出售,698万,47970元/平,低楼层 (共25层) | 2006年 | 3室1厅 | 145.51平米 | 东南,https://s1.ljcdn.com/pegasus/redskull/images/common/default_house_list.png?_v=202410161653269
