20241029,东城,工体,101126731438,幸福二村南向小两居 低楼层 采光好 正对小区花园必看好房,356万,75761元/平,低楼层 (共6层) | 1981年 | 2室1厅 | 46.99平米 | 南,https://ke-image.ljcdn.com/110000-inspection/59bfae0f-7bc2-485d-8b91-12a81d74da8f_1000.jpg!m_fill,w_280,h_210,f_jpg?from=ke.com
20241029,东城,工体,101126436917,东直门外大街电梯一居明厨明卫。高楼层视野好。必看好房,258万,65834元/平,中楼层 (共16层) 1室1厅 | 39.19平米 | 北,https://ke-image.ljcdn.com/110000-inspection/ca83f700-22ff-4b80-9467-8df657b0a3e6_1000.jpg!m_fill,w_280,h_210,f_jpg?from=ke.com
20241029,东城,工体,101126304954,东直门阳光都市。高层精装修两居室必看好房,1120万,95279元/平,高楼层 (共25层) 2室1厅 | 117.55平米 | 西北,https://ke-image.ljcdn.com/110000-inspection/3cb9ba31-101d-4313-ae55-da8d0e32fb80_1000.jpg!m_fill,w_280,h_210,f_jpg?from=ke.com
20241029,东城,工体,101126005865,工体北里西南三居室 中间楼层必看好房,563万,89167元/平,中楼层 (共6层) 3室1厅 | 63.14平米 | 南 西,https://ke-image.ljcdn.com/110000-inspection/1783c9eb-e17e-40d6-b831-317908baeabf_1000.jpg!m_fill,w_280,h_210,f_jpg?from=ke.com
20241029,东城,工体,101124316935,精装两居室 工体西里 小区中间 东南向 户型方正必看好房,528万,81119元/平,中楼层 (共24层) 2室1厅 | 65.09平米 | 东南,https://ke-image.ljcdn.com/110000-inspection/4d73a46a-3108-4f11-a158-03a0c0699b15_1000.jpg!m_fill,w_280,h_210,f_jpg?from=ke.com
20241029,东城,工体,101127022148,海晟名苑南区 西向两居室 人车分流 居住环境优美,1400万,148857元/平,中楼层 (共17层) 2室1厅 | 94.05平米 | 西,https://ke-image.ljcdn.com/110000-inspection/d54e489d-9f34-49fe-a2ea-36ee079b0702_1000.jpg!m_fill,w_280,h_210,f_jpg?from=ke.com
20241029,东城,工体,101126869554,东直门 外交服务局家属楼3居  安静  全天阳光必看好房,628万,74057元/平,低楼层 (共17层) 3室1厅 | 84.8平米 | 西南 南,https://ke-image.ljcdn.com/110000-inspection/4bafcd55-e0e5-4c69-a30c-8ce21d6871cb_1000.jpg!m_fill,w_280,h_210,f_jpg?from=ke.com
20241029,东城,工体,101126515658,东直门外大街(朝阳）全明格局 看房方便 满五唯一,259万,66089元/平,高楼层 (共16层) 1室1厅 | 39.19平米 | 北 西,https://ke-image.ljcdn.com/110000-inspection/c99cb613-e27b-4f3a-b157-7a72e6f95352_1000.jpg!m_fill,w_280,h_210,f_jpg?from=ke.com
20241029,东城,工体,101126358882,东直门海晟名苑北区西向开间拎包入住人车分流必看好房,385万,80309元/平,低楼层 (共22层) | 2007年 | 1室0厅 | 47.94平米 | 西,https://ke-image.ljcdn.com/110000-inspection/d6337786-ae05-4980-8071-e2554b518eb0_1000.jpg!m_fill,w_280,h_210,f_jpg?from=ke.com
20241029,东城,工体,101125672157,东直门海晟名苑两居室高层视野好必看好房,1580万,112288元/平,高楼层 (共22层) | 2003年 | 3室2厅 | 140.71平米 | 东 西,https://ke-image.ljcdn.com/110000-inspection/926559f7-9380-41e2-a0e2-3d9400012b46_1000.jpg!m_fill,w_280,h_210,f_jpg?from=ke.com
20241029,东城,工体,101125651305,东四十条 工体   东西三居室必看好房,463万,85805元/平,底层 (共6层) 3室0厅 | 53.96平米 | 东 南 西,https://ke-image.ljcdn.com/110000-inspection/pc1_qPnNKkfzy_2.jpg!m_fill,w_280,h_210,f_jpg?from=ke.com
20241029,东城,工体,101124460788,吉庆里东区 2室1厅 西南必看好房,700万,94289元/平,高楼层 (共21层) 2室1厅 | 74.24平米 | 西南,https://ke-image.ljcdn.com/110000-inspection/c8867326-3759-4968-b55e-8cdce2b377b1_1000.jpg!m_fill,w_280,h_210,f_jpg?from=ke.com
20241029,东城,工体,101124332123,东城区 东直门 十字坡东里 南北两居室房主自荐,577万,102360元/平,底层 (共5层) 2室1厅 | 56.37平米 | 南 北,https://ke-image.ljcdn.com/110000-inspection/2e0cfaf0-4d92-4903-93f0-d0556a645fc2_1000.jpg!m_fill,w_280,h_210,f_jpg?from=ke.com
20241029,东城,工体,101120537364,朝阳区示范小区小区环境好价格可谈必看好房,200万,44258元/平,顶层 (共7层) | 1991年 | 1室1厅 | 45.19平米 | 西南,https://ke-image.ljcdn.com/110000-inspection/b29ee500-a828-47a6-8b75-7d5d56ceefac_1000.jpg!m_fill,w_280,h_210,f_jpg?from=ke.com
20241029,东城,工体,101127079948,幸福二村中间楼层 1993年建成,430万,69010元/平,中楼层 (共6层) 2室1厅 | 62.31平米 | 南 北 西,https://ke-image.ljcdn.com/110000-inspection/pc1_5UaHuh8Ma.jpg!m_fill,w_280,h_210,f_jpg?from=ke.com
20241029,东城,工体,101126803996,工体商圈 南向1居室 中间楼层 明厨明卫,248万,69255元/平,中楼层 (共5层) 1室1厅 | 35.81平米 | 南,https://ke-image.ljcdn.com/110000-inspection/54735a7b-f286-4446-ad3f-28d813c87bab_1000.jpg!m_fill,w_280,h_210,f_jpg?from=ke.com
20241029,东城,工体,101126507810,工体优质3居 小区少见 满五唯一 视野开阔 诚意售必看好房,355万,55774元/平,顶层 (共6层) 3室1厅 | 63.65平米 | 南 西 北,https://ke-image.ljcdn.com/110000-inspection/pc1_LLB6GpHrO_1.jpg!m_fill,w_280,h_210,f_jpg?from=ke.com
20241029,东城,工体,101125848401,工体 全明格局 东南西三朝向 全天沐浴日光必看好房,1075万,66269元/平,中楼层 (共16层) | 1997年 | 3室1厅 | 162.22平米 | 东南 南 西南,https://ke-image.ljcdn.com/110000-inspection/d27f0524-471b-4e27-b790-39fc90c0ae71_1000.jpg!m_fill,w_280,h_210,f_jpg?from=ke.com
20241029,东城,工体,101125493074,太平庄南里 全南两居室中低楼层必看好房,335万,62652元/平,中楼层 (共5层) 2室1厅 | 53.47平米 | 南,https://ke-image.ljcdn.com/110000-inspection/1417bbf5-4f3d-488b-81fd-b6599ba4eef0_1000.jpg!m_fill,w_280,h_210,f_jpg?from=ke.com
20241029,东城,工体,101125276288,幸福二村 1室1厅 南必看好房,200万,63412元/平,底层 (共6层) | 1982年 | 1室1厅 | 31.54平米 | 南,https://ke-image.ljcdn.com/110000-inspection/f96df996-0294-465b-a211-9c977521bbbf_1000.jpg!m_fill,w_280,h_210,f_jpg?from=ke.com
20241029,东城,工体,101124540106,东直门 工体北里 东向两居 带电梯 楼前无遮挡,435万,85614元/平,中楼层 (共6层) 2室1厅 | 50.81平米 | 东,https://ke-image.ljcdn.com/110000-inspection/bde7ad0d-93e2-47ee-bf10-6a470d2cf206_1000.jpg!m_fill,w_280,h_210,f_jpg?from=ke.com
20241029,东城,工体,101124424231,十字坡东里双南向两居室小区环境好必看好房,500万,95348元/平,中楼层 (共5层) 2室1厅 | 52.44平米 | 南,https://ke-image.ljcdn.com/110000-inspection/dd2389dd-4d9c-4479-9eab-3a4127a7562a_1000.jpg!m_fill,w_280,h_210,f_jpg?from=ke.com
20241029,东城,工体,101124341330,新上聚龙花园南北三居室两梯三户房主自荐,1200万,63631元/平,低楼层 (共8层) 3室2厅 | 188.59平米 | 南,https://ke-image.ljcdn.com/110000-inspection/d2fa7563-72b7-436e-b6de-4c634b27fdb3_1000.jpg!m_fill,w_280,h_210,f_jpg?from=ke.com
20241029,东城,工体,101124205564,工体商圈 住宅 1居室带客厅 封闭式管理 有车位必看好房,380万,66388元/平,中楼层 (共12层) | 2003年 | 1室1厅 | 57.24平米 | 北,https://ke-image.ljcdn.com/110000-inspection/2082ed7b-fb09-4e1b-85ab-6fe03664bf1c_1000.jpg!m_fill,w_280,h_210,f_jpg?from=ke.com
20241029,东城,工体,101123313919,东直门08年次新房2梯3户封闭式管理万科物业必看好房,639万,93435元/平,中楼层 (共17层) | 2007年 | 1室1厅 | 68.39平米 | 东,https://ke-image.ljcdn.com/110000-inspection/517b91c2-cde3-4508-911d-618529e34a3d_1000.jpg!m_fill,w_280,h_210,f_jpg?from=ke.com
20241029,东城,工体,101124211355,永利国际 1室0厅 北,378万,66084元/平,高楼层 (共18层) | 2011年 | 1室0厅 | 57.2平米 | 北,https://s1.ljcdn.com/pegasus/redskull/images/common/default_house_list.png?_v=202410161653269
20241029,东城,工体,101121355909,十字坡东里小三居南北通透中间楼层,599万,101509元/平,中楼层 (共5层) 3室1厅 | 59.01平米 | 南 北,https://s1.ljcdn.com/pegasus/redskull/images/common/default_house_list.png?_v=202410161653269
20241029,东城,工体,101127248631,工体商圈 幸福公寓 70年产权精装修新上,960万,67091元/平,低楼层 (共16层) | 1997年 | 3室1厅 | 143.09平米 | 东 西,https://ke-image.ljcdn.com/110000-inspection/3aa81a46-ec14-4559-a83d-33729f6b1659_1000.jpg!m_fill,w_280,h_210,f_jpg?from=ke.com
20241029,东城,工体,101127076736,工体北路 2室1厅 南,618万,103674元/平,低楼层 (共16层) 2室1厅 | 59.61平米 | 南,https://ke-image.ljcdn.com/110000-inspection/06902c79-edac-445f-8891-7de1deb53857_1000.jpg!m_fill,w_280,h_210,f_jpg?from=ke.com
20241029,东城,工体,101127058586,幸福二村 市委甲宅 24小时热水 精装修 看房方便,1500万,80715元/平,高楼层 (共6层) 2室1厅 | 185.84平米 | 南 北,https://ke-image.ljcdn.com/110000-inspection/pc1_ZcxuFxVX2_2.jpg!m_fill,w_280,h_210,f_jpg?from=ke.com
20241029,东城,工体,101127058061,幸福二村 中间层南北向2居室,420万,73427元/平,中楼层 (共5层) | 1978年 | 2室1厅 | 57.2平米 | 南 北,https://ke-image.ljcdn.com/110000-inspection/ece528cb-7531-4c3e-917b-61629c174bc6_1000.jpg!m_fill,w_280,h_210,f_jpg?from=ke.com
20241029,东城,工体,101127029588,十字坡东里南北通透格局配套设施齐全交通便利,495万,92871元/平,底层 (共5层) 2室1厅 | 53.3平米 | 南 北,https://ke-image.ljcdn.com/110000-inspection/19d91abb-df83-46fe-bc49-cf4bba0782d7_1000.jpg!m_fill,w_280,h_210,f_jpg?from=ke.com
20241029,东城,工体,101127020040,海晟名苑北区东直门园林社区万科物业,400万,86599元/平,中楼层 (共22层) | 2007年 | 1室0厅 | 46.19平米 | 西,https://ke-image.ljcdn.com/110000-inspection/4d3c68d5-1e67-47c0-98f0-4854ef63896c_1000.jpg!m_fill,w_280,h_210,f_jpg?from=ke.com
20241029,东城,工体,101126995633,工体 太平庄南里 南北通透 无遮挡 随时可签,310万,62817元/平,顶层 (共5层) 2室1厅 | 49.35平米 | 南 北,https://ke-image.ljcdn.com/110000-inspection/c8709d9a-c471-44c9-b656-78c389c6ba45_1000.jpg!m_fill,w_280,h_210,f_jpg?from=ke.com
20241029,东城,工体,101126989571,工体北里东向精装两居室看房随时,500万,90827元/平,底层 (共6层) 2室1厅 | 55.05平米 | 东,https://ke-image.ljcdn.com/110000-inspection/52ba83ec-cdd4-4935-a55e-5f3780c4cae9_1000.jpg!m_fill,w_280,h_210,f_jpg?from=ke.com
20241029,东城,工体,101126941839,东二环 东直门外大街 全明格局 高层带电梯,259万,67766元/平,中楼层 (共16层) 1室1厅 | 38.22平米 | 北,https://ke-image.ljcdn.com/110000-inspection/eeea8a55-393e-47ba-a2c2-2d1dc0436351_1000.jpg!m_fill,w_280,h_210,f_jpg?from=ke.com
20241029,东城,工体,101126936744,幸福一村西里 3室1厅 南 北,536万,85829元/平,中楼层 (共6层) | 1980年 | 3室1厅 | 62.45平米 | 南 北,https://ke-image.ljcdn.com/110000-inspection/64ccdd9e-e5a2-42fe-b7a2-c7217a60d64b_1000.jpg!m_fill,w_280,h_210,f_jpg?from=ke.com
20241029,东城,工体,101126924829,精装修幸福二村93年房龄朝阳教委家属楼单独管理,440万,86411元/平,低楼层 (共6层) 2室1厅 | 50.92平米 | 南 北,https://ke-image.ljcdn.com/110000-inspection/pc1_6jCm6wHXd_2.jpg!m_fill,w_280,h_210,f_jpg?from=ke.com
20241029,东城,工体,101126894184,东城东直门外人车分流双门禁管理封闭式社区,420万,90929元/平,高楼层 (共22层) | 2007年 | 1室1厅 | 46.19平米 | 西,https://ke-image.ljcdn.com/110000-inspection/ae50c138-5454-43cf-ab0e-b477b57564de_1000.jpg!m_fill,w_280,h_210,f_jpg?from=ke.com
20241029,东城,工体,101126874435,东城东直门外人车分流双门禁管理社区,430万,93949元/平,高楼层 (共22层) | 2007年 | 1室0厅 | 45.77平米 | 西,https://ke-image.ljcdn.com/110000-inspection/eb1141af-1257-462d-ba4a-b2bda7e5b59b_1000.jpg!m_fill,w_280,h_210,f_jpg?from=ke.com
20241029,东城,工体,101126861666,东城区阳光都市商品房一居室高楼层 满五年住宅,728万,112208元/平,中楼层 (共25层) 1室1厅 | 64.88平米 | 北,https://ke-image.ljcdn.com/110000-inspection/pc1_csYzl68jc_2.jpg!m_fill,w_280,h_210,f_jpg?from=ke.com
20241029,东城,工体,101126839060,东直门 视野开阔 可观西山 带电梯  全明格局,358万,69059元/平,中楼层 (共16层) | 1984年 | 2室1厅 | 51.84平米 | 北,https://ke-image.ljcdn.com/110000-inspection/0f73d229-7e4b-4d81-8cf8-22b4b866f44d_1000.jpg!m_fill,w_280,h_210,f_jpg?from=ke.com
20241029,东城,工体,101126807679,吉庆里东区 3室1厅 东北,882万,78554元/平,高楼层 (共18层) | 2000年 | 3室1厅 | 112.28平米 | 东北,https://ke-image.ljcdn.com/110000-inspection/39347bf3-08ca-4a34-a969-3d5065cf7c97_1000.jpg!m_fill,w_280,h_210,f_jpg?from=ke.com
20241029,东城,工体,101126802652,吉庆里东区有无障碍通道带电梯的1居面积不错好房,590万,85819元/平,低楼层 (共18层) | 2000年 | 1室1厅 | 68.75平米 | 南 西,https://ke-image.ljcdn.com/110000-inspection/ec34fe09-ead0-4c12-9df5-08e69998b477_1000.jpg!m_fill,w_280,h_210,f_jpg?from=ke.com
20241029,东城,工体,101126787025,聚龙花园 2室1厅 东,930万,73051元/平,中楼层 (共14层) | 1996年 | 2室1厅 | 127.31平米 | 东,https://ke-image.ljcdn.com/110000-inspection/7627670d-3924-4563-8a1b-f50a4f5d8cc8_1000.jpg!m_fill,w_280,h_210,f_jpg?from=ke.com
20241029,东城,工体,101126772373,幸福二村  新上南北通透3居室  靠谱出售,550万,80094元/平,中楼层 (共6层) | 1982年 | 3室1厅 | 68.67平米 | 南 北,https://ke-image.ljcdn.com/110000-inspection/pc1_nYtoBiEVS_2.jpg!m_fill,w_280,h_210,f_jpg?from=ke.com
20241029,东城,工体,101126733828,工体西里 3室1厅 东 西 北,636万,83116元/平,高楼层 (共18层) | 1990年 | 3室1厅 | 76.52平米 | 东 西 北,https://ke-image.ljcdn.com/110000-inspection/7b6562bc-9909-4830-b519-42ea868fcad0_1000.jpg!m_fill,w_280,h_210,f_jpg?from=ke.com
20241029,东城,工体,101126715281,东城区  正规三居室   中间楼层   居住舒适,1520万,86027元/平,中楼层 (共12层) 3室1厅 | 176.69平米 | 东,https://ke-image.ljcdn.com/110000-inspection/1f301f28-4577-412f-933b-7fa0db55adad_1000.jpg!m_fill,w_280,h_210,f_jpg?from=ke.com
20241029,东城,工体,101126693105,商品房小区 西向正规一居 精心装修 方便看房,910万,110841元/平,中楼层 (共25层) 1室1厅 | 82.1平米 | 西,https://ke-image.ljcdn.com/110000-inspection/b878f3a3-4f82-4363-9ef4-c7b04450d009_1000.jpg!m_fill,w_280,h_210,f_jpg?from=ke.com
20241029,东城,工体,101126675111,铂晶豪庭楼龄新西南向正规三居室,1390万,96804元/平,中楼层 (共11层) | 2011年 | 3室1厅 | 143.59平米 | 西南,https://ke-image.ljcdn.com/110000-inspection/cd2a90e5-ed6a-4b32-be21-57fd4a9abc3a_1000.jpg!m_fill,w_280,h_210,f_jpg?from=ke.com
20241029,东城,工体,101126666881,海晟名苑北区 商品房中间楼层东向,415万,89479元/平,中楼层 (共17层) | 2007年 | 1室0厅 | 46.38平米 | 东,https://ke-image.ljcdn.com/110000-inspection/28ceaead-5ea8-4c57-9e36-74931c7b0724_1000.jpg!m_fill,w_280,h_210,f_jpg?from=ke.com
20241029,东城,工体,101126641437,杰座大厦 南向 两居 中高层 户型方正房主自荐,845万,72589元/平,中楼层 (共12层) 2室1厅 | 116.41平米 | 南,https://ke-image.ljcdn.com/110000-inspection/d15606e1-cecf-4343-851b-b0e161e7cba6_1000.jpg!m_fill,w_280,h_210,f_jpg?from=ke.com
20241029,东城,工体,101126611291,东直门 规整小区 环境、位置较好  温馨小户型,350万,91123元/平,高楼层 (共6层) 1室1厅 | 38.41平米 | 东,https://ke-image.ljcdn.com/110000-inspection/22d6e10a-a4b5-4b24-a3c9-454c1f7064e9_1000.jpg!m_fill,w_280,h_210,f_jpg?from=ke.com
20241029,东城,工体,101126574392,工体 2007年商品房 满五年 高层无挡 精装修,880万,65884元/平,中楼层 (共27层) | 2008年 | 2室1厅 | 133.57平米 | 北,https://ke-image.ljcdn.com/110000-inspection/accb8892-74a5-4104-8e93-c5f1d97f5ec2_1000.jpg!m_fill,w_280,h_210,f_jpg?from=ke.com
20241029,东城,工体,101126541958,东城区 东直门 工体北里东向两居 只有契税 有车位,460万,90534元/平,高楼层 (共6层) 2室1厅 | 50.81平米 | 东,https://ke-image.ljcdn.com/110000-inspection/2f4043b3-afec-4c59-89e8-548695449460_1000.jpg!m_fill,w_280,h_210,f_jpg?from=ke.com
20241029,东城,工体,101126529060,东外公馆 1室1厅 西,635万,91910元/平,高楼层 (共11层) | 2008年 | 1室1厅 | 69.09平米 | 西,https://ke-image.ljcdn.com/110000-inspection/pc1_CF1OEe9KY_2.jpg!m_fill,w_280,h_210,f_jpg?from=ke.com
20241029,东城,工体,101126525314,海晟名苑北区 满五年唯一 看房方便 诚意出售,400万,86768元/平,低楼层 (共16层) | 2007年 | 1室1厅 | 46.1平米 | 西,https://ke-image.ljcdn.com/110000-inspection/6b23178a-29cd-4aa5-84d4-b0a7cde5616b_1000.jpg!m_fill,w_280,h_210,f_jpg?from=ke.com
20241029,东城,工体,101126517249,光彩国际精装三居室装修好诚意出售,1750万,81060元/平,低楼层 (共28层) | 2003年 | 3室2厅 | 215.89平米 | 东 南 北,https://ke-image.ljcdn.com/110000-inspection/ecf04f6d-d0e2-4470-96c7-c8473e3cd5c3_1000.jpg!m_fill,w_280,h_210,f_jpg?from=ke.com
20241029,东城,工体,101126400333,吉庆里东区 1室1厅 南房主自荐,438万,71863元/平,底层 (共21层) 1室1厅 | 60.95平米 | 南,https://ke-image.ljcdn.com/110000-inspection/42a3a2ab-2d54-4563-a91a-73d1427928f5_1000.jpg!m_fill,w_280,h_210,f_jpg?from=ke.com
20241029,东城,工体,101126371934,东二环东直门外大街工体三里屯幸福二村全明格局两居,398万,65515元/平,高楼层 (共6层) | 1986年 | 2室1厅 | 60.75平米 | 南,https://ke-image.ljcdn.com/110000-inspection/6baa60aa-0cca-481d-bf3f-35439569937c_1000.jpg!m_fill,w_280,h_210,f_jpg?from=ke.com
20241029,东城,工体,101126349631,光彩国际公寓 3室1厅 东 南,2400万,94627元/平,高楼层 (共28层) 3室1厅 | 253.63平米 | 东 南,https://ke-image.ljcdn.com/110000-inspection/24861c42-2bbf-46a4-9e78-d942dfbce33b_1000.jpg!m_fill,w_280,h_210,f_jpg?from=ke.com
20241029,东城,工体,101126347912,东直门外大街(朝阳）价够低视野好！,498万,65484元/平,高楼层 (共16层) | 1983年 | 3室0厅 | 76.05平米 | 西 北,https://ke-image.ljcdn.com/110000-inspection/5a709d2b-81d5-48f9-ad38-750e326ea1ac_1000.jpg!m_fill,w_280,h_210,f_jpg?from=ke.com
20241029,东城,工体,101126347866,工体商圈 南北通透 2居室 有客厅 带电梯,580万,77005元/平,低楼层 (共11层) | 1990年 | 2室1厅 | 75.32平米 | 南 北,https://ke-image.ljcdn.com/110000-inspection/pc1_0mgE1Aivt_2.jpg!m_fill,w_280,h_210,f_jpg?from=ke.com
20241029,东城,工体,101126322755,工体西里 2室1厅 西 南,380万,79849元/平,高楼层 (共18层) | 1990年 | 2室1厅 | 47.59平米 | 西 南,https://ke-image.ljcdn.com/110000-inspection/a33324ce-3b6d-47de-9915-f874a8bf09f9_1000.jpg!m_fill,w_280,h_210,f_jpg?from=ke.com
20241029,东城,工体,101126316024,光彩国际公寓 3室2厅 南 西南 西,2100万,82798元/平,高楼层 (共28层) 3室2厅 | 253.63平米 | 南 西南 西,https://ke-image.ljcdn.com/110000-inspection/f1484d77-f6c5-468d-b263-881193392419_1000.jpg!m_fill,w_280,h_210,f_jpg?from=ke.com
20241029,东城,工体,101126263349,工体商圈 大3居 2个大阳台 有电梯,548万,72058元/平,高楼层 (共16层) 3室1厅 | 76.05平米 | 西北,https://ke-image.ljcdn.com/110000-inspection/pc1_EA4uvPqQe_2.jpg!m_fill,w_280,h_210,f_jpg?from=ke.com
20241029,东城,工体,101126157396,店长优选 工体西里南向两居带电梯满五年唯一,588万,83216元/平,低楼层 (共18层) | 1990年 | 2室1厅 | 70.66平米 | 西南,https://ke-image.ljcdn.com/110000-inspection/0f294091-c77f-4857-805f-7d7a8c4a5380_1000.jpg!m_fill,w_280,h_210,f_jpg?from=ke.com
20241029,东城,工体,101126084996,十字坡东里 中间楼层 南北三居室,580万,96764元/平,中楼层 (共6层) 3室1厅 | 59.94平米 | 南 北,https://ke-image.ljcdn.com/110000-inspection/8122e366-387c-49ea-b8b8-6888bda749a8_1000.jpg!m_fill,w_280,h_210,f_jpg?from=ke.com
20241029,东城,工体,101126058564,首开幸福广场 1室1厅 南,688万,74678元/平,中楼层 (共27层) 1室1厅 | 92.13平米 | 南,https://ke-image.ljcdn.com/110000-inspection/ea6d1326-85a2-49ba-9cc4-f2d37fef082c_1000.jpg!m_fill,w_280,h_210,f_jpg?from=ke.com
20241029,东城,工体,101126040574,幸福二村 1室1厅 西 北,535万,62268元/平,顶层 (共6层) 1室1厅 | 85.92平米 | 西 北,https://ke-image.ljcdn.com/110000-inspection/cd0c6215-9664-4ef3-b1be-c95cb1387887_1000.jpg!m_fill,w_280,h_210,f_jpg?from=ke.com
20241029,东城,工体,101125999972,西南两居室楼龄新装修好满五年唯一房主自荐,688万,86869元/平,低楼层 (共21层) 2室1厅 | 79.2平米 | 西南,https://ke-image.ljcdn.com/110000-inspection/7f8dced0-554e-46fc-bf88-e198b2cc725d_1000.jpg!m_fill,w_280,h_210,f_jpg?from=ke.com
20241029,东城,工体,101125990770,工体北路 3室1厅 东 北,799万,106138元/平,中楼层 (共16层) 3室1厅 | 75.28平米 | 东 北,https://ke-image.ljcdn.com/110000-inspection/f8fc6365-045e-46e6-92fb-9f20de1bda31_1000.jpg!m_fill,w_280,h_210,f_jpg?from=ke.com
20241029,东城,工体,101125983965,阳光都市中间楼层西向一居室视野无遮挡,830万,95988元/平,中楼层 (共24层) 1室1厅 | 86.47平米 | 西,https://ke-image.ljcdn.com/110000-inspection/f12d34a4-3808-464d-9f41-07cb0effbcfb_1000.jpg!m_fill,w_280,h_210,f_jpg?from=ke.com
20241029,东城,工体,101125983828,朝阳门 商品房 满五年且首套 精装采光视野好房主自荐,880万,78376元/平,低楼层 (共18层) | 2000年 | 3室1厅 | 112.28平米 | 东北,https://ke-image.ljcdn.com/110000-inspection/253c5844-b4bc-4b23-bf92-11e49d7e920f_1000.jpg!m_fill,w_280,h_210,f_jpg?from=ke.com
20241029,东城,工体,101125962500,新东路 电梯两居 东向两居室 视野开阔,398万,68280元/平,高楼层 (共12层) 2室1厅 | 58.29平米 | 东,https://ke-image.ljcdn.com/110000-inspection/0b9d4180-d2dc-4183-ba4d-ac51da7339a6_1000.jpg!m_fill,w_280,h_210,f_jpg?from=ke.com
20241029,东城,工体,101125888094,幸福二村电梯房 高层视野开阔 楼龄新,480万,86440元/平,高楼层 (共11层) | 1990年 | 2室1厅 | 55.53平米 | 南,https://ke-image.ljcdn.com/110000-inspection/9c2b3638-2967-41d7-9e69-d3c276e67d73_1000.jpg!m_fill,w_280,h_210,f_jpg?from=ke.com
20241029,东城,工体,101125865142,吉庆里东区高楼层视野好精装修拎包入住房主自荐,580万,95160元/平,高楼层 (共21层) 1室1厅 | 60.95平米 | 南 西,https://ke-image.ljcdn.com/110000-inspection/98602b37-ddb7-4c63-9b1b-64936bac1dad_1000.jpg!m_fill,w_280,h_210,f_jpg?from=ke.com
20241029,东城,工体,101125861498,工体商圈 南北通透2居室 1993年 安静舒适,450万,77896元/平,高楼层 (共6层) | 1993年 | 2室1厅 | 57.77平米 | 南 北,https://ke-image.ljcdn.com/110000-inspection/pc1_L10c5AIId_2.jpg!m_fill,w_280,h_210,f_jpg?from=ke.com
20241029,东城,工体,101125845167,东城 十字坡东里 花园式社区中间楼层南向两室一厅,499万,93394元/平,中楼层 (共6层) 2室1厅 | 53.43平米 | 南,https://ke-image.ljcdn.com/110000-inspection/6ca81867-f05e-497e-ad8f-650d48027bc4_1000.jpg!m_fill,w_280,h_210,f_jpg?from=ke.com
20241029,东城,工体,101125780655,满五年唯一住宅精装修俯瞰花园,400万,71023元/平,中楼层 (共12层) | 2003年 | 1室1厅 | 56.32平米 | 北,https://ke-image.ljcdn.com/110000-inspection/7aa1a148-36a2-4f27-a078-f65654f0c579_1000.jpg!m_fill,w_280,h_210,f_jpg?from=ke.com
20241029,东城,工体,101125773555,太平庄南里 采光好 楼层适中 随时可看可签,335万,62652元/平,中楼层 (共5层) 2室1厅 | 53.47平米 | 南,https://ke-image.ljcdn.com/110000-inspection/f2177336-910a-464b-a2c2-eea7aade92e5_1000.jpg!m_fill,w_280,h_210,f_jpg?from=ke.com
20241029,东城,工体,101125755561,工体商圈 幸福二村小区中间层南北三居 看房方便房主自荐,510万,72795元/平,中楼层 (共6层) 3室1厅 | 70.06平米 | 南 北,https://ke-image.ljcdn.com/110000-inspection/fec5f7fe-0530-4add-a85c-c33166e8c31c_1000.jpg!m_fill,w_280,h_210,f_jpg?from=ke.com
20241029,东城,工体,101125708461,东直门 海晟名苑北区 2007商品房 万科物业,405万,85102元/平,中楼层 (共17层) | 2007年 | 1室1厅 | 47.59平米 | 东,https://ke-image.ljcdn.com/110000-inspection/a1099dc7-ee27-4e18-bfb1-3c5939846166_1000.jpg!m_fill,w_280,h_210,f_jpg?from=ke.com
20241029,东城,工体,101125686609,阳光都市 2室1厅 西,960万,93222元/平,高楼层 (共24层) 2室1厅 | 102.98平米 | 西,https://ke-image.ljcdn.com/110000-inspection/2c895e4c-e1a5-4da1-9702-e6cd29ec9394_1000.jpg!m_fill,w_280,h_210,f_jpg?from=ke.com
20241029,东城,工体,101125684930,吉庆里东区 1室1厅 南房主自荐,545万,84405元/平,高楼层 (共18层) | 2000年 | 1室1厅 | 64.57平米 | 南,https://ke-image.ljcdn.com/110000-inspection/95c47011-8a59-449b-943f-43eabca42782_1000.jpg!m_fill,w_280,h_210,f_jpg?from=ke.com
20241029,东城,工体,101125671055,工体2007次新房   24H安保 视野好 诚意售,600万,63823元/平,高楼层 (共27层) 1室1厅 | 94.01平米 | 北,https://ke-image.ljcdn.com/110000-inspection/e63de7eb-a273-4a86-be10-d349a95ace7a_1000.jpg!m_fill,w_280,h_210,f_jpg?from=ke.com
20241029,东城,工体,101125630797,工体三里屯70年住宅民水民电有燃气满五年唯一,320万,71318元/平,高楼层 (共12层) 1室0厅 | 44.87平米 | 北,https://ke-image.ljcdn.com/110000-inspection/c1891bf2-aaed-4b6a-8b78-bc6399b63453_1000.jpg!m_fill,w_280,h_210,f_jpg?from=ke.com
20241029,东城,工体,101125630105,高楼层采光好户型方正全明格局,450万,88705元/平,中楼层 (共24层) 2室1厅 | 50.73平米 | 东,https://ke-image.ljcdn.com/110000-inspection/7f568b46-c22b-48c1-a4d0-67e19d3ce262_1000.jpg!m_fill,w_280,h_210,f_jpg?from=ke.com
20241029,东城,工体,101125577089,幸福二村小区出门就是地铁位置好南北户型客厅带窗户,460万,80490元/平,中楼层 (共5层) | 1978年 | 2室1厅 | 57.15平米 | 南 北,https://ke-image.ljcdn.com/110000-inspection/d9a68e6b-6964-46a1-832f-b0f98bb6514d_1000.jpg!m_fill,w_280,h_210,f_jpg?from=ke.com
20241029,东城,工体,101125567602,铂晶豪庭两居精装门禁刷卡到层安全性高,780万,90624元/平,中楼层 (共11层) | 2011年 | 2室1厅 | 86.07平米 | 东,https://ke-image.ljcdn.com/110000-inspection/pc1_tRDi72j2o_2.jpg!m_fill,w_280,h_210,f_jpg?from=ke.com
20241029,东城,工体,101125565920,吉庆里东区 2室1厅 西南房主自荐,780万,94557元/平,高楼层 (共18层) | 2000年 | 2室1厅 | 82.49平米 | 西南,https://ke-image.ljcdn.com/110000-inspection/a493b8ed-0209-44ae-aa68-b4a270ba4a1b_1000.jpg!m_fill,w_280,h_210,f_jpg?from=ke.com
20241029,东城,工体,101125528989,东二环东直门 春秀路太平庄南里小区南北通透,320万,65373元/平,地下室 (共6层) | 1993年 | 2室1厅 | 48.95平米 | 南 北,https://ke-image.ljcdn.com/110000-inspection/d9b99789-a29a-4048-be29-675bb98d11b8_1000.jpg!m_fill,w_280,h_210,f_jpg?from=ke.com
20241029,东城,工体,101125534096,海晟名苑北区 高楼层 精装修,425万,90542元/平,中楼层 (共16层) 1室1厅 | 46.94平米 | 西,https://ke-image.ljcdn.com/110000-inspection/b1e6eef9-a859-47d1-b572-09f8f15c08b2_1000.jpg!m_fill,w_280,h_210,f_jpg?from=ke.com
20241029,东城,工体,101125530361,朝阳区示范小区三部一司家属楼居住人群素质高,565万,87611元/平,中楼层 (共7层) | 1991年 | 2室1厅 | 64.49平米 | 南 北,https://ke-image.ljcdn.com/110000-inspection/f20c4d31-12f0-443a-bca9-93cb251fa0df_1000.jpg!m_fill,w_280,h_210,f_jpg?from=ke.com
20241029,东城,工体,101125520326,十字坡东里 南北两居 装修好 近地铁,490万,91933元/平,底层 (共5层) 2室1厅 | 53.3平米 | 南 北,https://ke-image.ljcdn.com/110000-inspection/86f22bec-2d73-4c28-bac8-13d162caf131_1000.jpg!m_fill,w_280,h_210,f_jpg?from=ke.com
20241029,东城,工体,101125514645,东直门外大街小区 满五年业主唯一住房 高层 电梯房,560万,78520元/平,顶层 (共16层) 3室1厅 | 71.32平米 | 南 北 西,https://ke-image.ljcdn.com/110000-inspection/pc1_UJdNzqTKj_1.jpg!m_fill,w_280,h_210,f_jpg?from=ke.com
20241029,东城,工体,101125512909,工体幸福一村西里精装修2居南北通透诚意出售。房主自荐,899万,85775元/平,底层 (共6层) 2室1厅 | 104.81平米 | 南 北,https://ke-image.ljcdn.com/110000-inspection/2a2a6f77-2283-4abc-aef4-42cd9fe8165c_1000.jpg!m_fill,w_280,h_210,f_jpg?from=ke.com
20241029,东城,工体,101125467544,杰座大厦+电梯直达+70住宅+24小时热水集中供暖,386万,79769元/平,中楼层 (共12层) 1室1厅 | 48.39平米 | 北,https://ke-image.ljcdn.com/110000-inspection/8c820825-aa56-4d28-99f0-bde2d62b7c14_1000.jpg!m_fill,w_280,h_210,f_jpg?from=ke.com
20241029,东城,工体,101125446420,幸福二村+采光好+自住装修+市委家属楼+前后无遮挡,570万,85560元/平,中楼层 (共6层) 1室2厅 | 66.62平米 | 南 北,https://ke-image.ljcdn.com/110000-inspection/a6faa6ad-6796-452b-9d9c-0781efabf729_1000.jpg!m_fill,w_280,h_210,f_jpg?from=ke.com
20241029,东城,工体,101125361379,东直门南北通透大三居带客客厅 24小时安保楼龄新,1350万,93750元/平,中楼层 (共6层) 3室2厅 | 144平米 | 南 北,https://ke-image.ljcdn.com/110000-inspection/539600e9-2da9-4099-85c5-4220325e9fdd_1000.jpg!m_fill,w_280,h_210,f_jpg?from=ke.com
20241029,东城,工体,101125288180,东外大街乙36号院 全新装修次顶层三居室,2090万,137573元/平,高楼层 (共22层) | 2005年 | 3室2厅 | 151.92平米 | 东 西,https://ke-image.ljcdn.com/110000-inspection/f5ac342d-3919-4007-b62d-61c7c4ef9aa4_1000.jpg!m_fill,w_280,h_210,f_jpg?from=ke.com
20241029,东城,工体,101125256047,东直门工体 三里屯太平庄南里双朝南两居满五年唯一,350万,62212元/平,中楼层 (共6层) 2室1厅 | 56.26平米 | 南,https://ke-image.ljcdn.com/110000-inspection/pc1_9jmUgNNAi_2.jpg!m_fill,w_280,h_210,f_jpg?from=ke.com
20241029,东城,工体,101125254260,阳光都市 北向1居室 落地窗 临近地铁东四十条,720万,109640元/平,低楼层 (共25层) 1室0厅 | 65.67平米 | 北,https://ke-image.ljcdn.com/110000-inspection/397222d2-2b1e-4058-8476-40131a950dc6_1000.jpg!m_fill,w_280,h_210,f_jpg?from=ke.com
20241029,东城,工体,101125248633,新东路 3室1厅 北,538万,70604元/平,低楼层 (共17层) | 1986年 | 3室1厅 | 76.2平米 | 北,https://ke-image.ljcdn.com/110000-inspection/82213e7d-6b3d-4594-bbf3-0af7ab3c8903_1000.jpg!m_fill,w_280,h_210,f_jpg?from=ke.com
20241029,东城,工体,101125236172,联宝公寓 精装修改善住宅 工体商圈 中层视野采光好,1780万,78397元/平,中楼层 (共19层) | 1997年 | 4室2厅 | 227.05平米 | 南 西 北,https://ke-image.ljcdn.com/110000-inspection/8bae7ac8-6226-41ce-a89c-455ce20d9034_1000.jpg!m_fill,w_280,h_210,f_jpg?from=ke.com
20241029,东城,工体,101125201708,十字坡东里 南北通透三居 视野好,547万,91258元/平,高楼层 (共6层) 3室1厅 | 59.94平米 | 南 北,https://ke-image.ljcdn.com/110000-inspection/pc1_VCMttdjip.jpg!m_fill,w_280,h_210,f_jpg?from=ke.com
20241029,东城,工体,101125171351,工体西里 满五唯一 高层 电梯房 南北通透,339万,84455元/平,高楼层 (共20层) | 1990年 | 1室1厅 | 40.14平米 | 南 西 北,https://ke-image.ljcdn.com/110000-inspection/b3404564-0e96-4774-92c3-b8cb96848eb7_1000.jpg!m_fill,w_280,h_210,f_jpg?from=ke.com
20241029,东城,工体,101125067099,东二环 工体三里屯 工人体育场幸福一村西里南北通透,935万,84448元/平,底层 (共6层) 2室1厅 | 110.72平米 | 南 北,https://ke-image.ljcdn.com/110000-inspection/pc1_4crLF6lUk.jpg!m_fill,w_280,h_210,f_jpg?from=ke.com
20241029,东城,工体,101125052629,工体  三里屯、新上2居室  南北通透 户型好,415万,76824元/平,中楼层 (共5层) | 1984年 | 2室1厅 | 54.02平米 | 南 北,https://ke-image.ljcdn.com/110000-inspection/bb0a519a-fe1f-4035-9b44-37e470656bfd_1000.jpg!m_fill,w_280,h_210,f_jpg?from=ke.com
20241029,东城,工体,101125047977,东城区 聚龙花园南向两居室中间楼层,1150万,76094元/平,中楼层 (共12层) 2室1厅 | 151.13平米 | 南,https://ke-image.ljcdn.com/110000-inspection/d406f6fa-172b-4fe8-87e5-fd224b6f43e1_1000.jpg!m_fill,w_280,h_210,f_jpg?from=ke.com
20241029,东城,工体,101125002342,幸福一村西里 南北两居室 满五年 双卫设计,996万,87430元/平,底层 (共6层) 2室1厅 | 113.92平米 | 南 北,https://ke-image.ljcdn.com/110000-inspection/ca9ea459-eecf-40b1-b5d2-6a980b465db2_1000.jpg!m_fill,w_280,h_210,f_jpg?from=ke.com
20241029,东城,工体,101124846869,首开幸福广场  高楼层 大一居室 高楼层视野开阔,650万,64154元/平,高楼层 (共27层) 1室1厅 | 101.32平米 | 北,https://ke-image.ljcdn.com/110000-inspection/f94e9cef-c4ec-4514-804f-8091a87089c1_1000.jpg!m_fill,w_280,h_210,f_jpg?from=ke.com
20241029,东城,工体,101124827327,海晟名苑北区 1室1厅 东,640万,98964元/平,高楼层 (共22层) | 2007年 | 1室1厅 | 64.67平米 | 东,https://ke-image.ljcdn.com/110000-inspection/e3aedfc3-db93-4d6c-a47e-f6dc3d59d932_1000.jpg!m_fill,w_280,h_210,f_jpg?from=ke.com
20241029,东城,工体,101124811539,吉庆里东区 1室1厅 南 西,646万,93964元/平,低楼层 (共18层) | 2000年 | 1室1厅 | 68.75平米 | 南 西,https://ke-image.ljcdn.com/110000-inspection/d8668116-97b1-43da-8c6c-959d775d42ec_1000.jpg!m_fill,w_280,h_210,f_jpg?from=ke.com
20241029,东城,工体,101124734835,东直门+三里屯  新上2居  诚意出售,478万,73891元/平,低楼层 (共6层) | 1986年 | 2室1厅 | 64.69平米 | 南 北,https://ke-image.ljcdn.com/110000-inspection/240a390a-ba2d-45d4-9833-e02fe7a5c61d_1000.jpg!m_fill,w_280,h_210,f_jpg?from=ke.com
20241029,东城,工体,101124622930,海晟名苑北区 1室0厅 西,420万,89191元/平,低楼层 (共17层) | 2007年 | 1室0厅 | 47.09平米 | 西,https://ke-image.ljcdn.com/110000-inspection/755a6c1e-1055-4129-8879-0d90b0a05960_1000.jpg!m_fill,w_280,h_210,f_jpg?from=ke.com
20241029,东城,工体,101124600529,公积金贷27年满五唯一 看房方便  无遮挡 采光好,390万,72023元/平,顶层 (共6层) | 1984年 | 2室1厅 | 54.15平米 | 南 北,https://ke-image.ljcdn.com/110000-inspection/235df518-2a80-4f56-b736-e42b2f84b6e4_1000.jpg!m_fill,w_280,h_210,f_jpg?from=ke.com
20241029,东城,工体,101124579300,东直门外大街(朝阳） 3室1厅 西南,695万,81958元/平,低楼层 (共17层) 3室1厅 | 84.8平米 | 西南,https://ke-image.ljcdn.com/110000-inspection/b2666f26-3d92-4991-b44b-7998d25f1fca_1000.jpg!m_fill,w_280,h_210,f_jpg?from=ke.com
20241029,东城,工体,101124572765,锦绣园 3室1厅 西南,1360万,75872元/平,高楼层 (共19层) 3室1厅 | 179.25平米 | 西南,https://ke-image.ljcdn.com/110000-inspection/6f320204-bbde-4901-9f46-229bc360dcae_1000.jpg!m_fill,w_280,h_210,f_jpg?from=ke.com
20241029,东城,工体,101124539748,幸福二村 1室1厅 南,300万,76027元/平,中楼层 (共5层) 1室1厅 | 39.46平米 | 南,https://ke-image.ljcdn.com/110000-inspection/pc1_lbGyWCYf1.jpg!m_fill,w_280,h_210,f_jpg?from=ke.com
20241029,东城,工体,101124523565,海晟名苑北区 1室1厅 南,725万,98963元/平,中楼层 (共22层) | 2007年 | 1室1厅 | 73.26平米 | 南,https://ke-image.ljcdn.com/110000-inspection/pc1_NhOhcNA8i_2.jpg!m_fill,w_280,h_210,f_jpg?from=ke.com
20241029,东城,工体,101124465697,东城-工体西南向3居室  视野好 无遮挡,559万,88534元/平,顶层 (共6层) 3室1厅 | 63.14平米 | 南,https://ke-image.ljcdn.com/110000-inspection/pc1_EWiZCZ5PQ_2.jpg!m_fill,w_280,h_210,f_jpg?from=ke.com
20241029,东城,工体,101124453301,幸福二村 1993年建成 精装修 双卫生间,475万,68543元/平,顶层 (共6层) | 1993年 | 3室1厅 | 69.3平米 | 南 北,https://ke-image.ljcdn.com/110000-inspection/2cde8cc9-3fd3-4595-b222-6f5778e67c31_1000.jpg!m_fill,w_280,h_210,f_jpg?from=ke.com
20241029,东城,工体,101124350510,幸福一村西里 2室1厅 南房主自荐,439万,70151元/平,中楼层 (共4层) 2室1厅 | 62.58平米 | 南,https://ke-image.ljcdn.com/110000-inspection/7bda1ad5-93be-4954-a125-1b53c606ba9e_1000.jpg!m_fill,w_280,h_210,f_jpg?from=ke.com
20241029,东城,工体,101124319352,工体商圈 2005年 住宅 民水民电 1居室 南向,278万,64308元/平,低楼层 (共16层) 2室1厅 | 43.23平米 | 南,https://ke-image.ljcdn.com/110000-inspection/9ee8ad9e-6db5-4f65-9177-b8e7b765124d_1000.jpg!m_fill,w_280,h_210,f_jpg?from=ke.com
20241029,东城,工体,101124172651,工体商圈 交通便利 带电梯 3居室,558万,75508元/平,高楼层 (共16层) | 1983年 | 3室1厅 | 73.9平米 | 东北,https://ke-image.ljcdn.com/110000-inspection/pc1_Lviu2b27r_1.jpg!m_fill,w_280,h_210,f_jpg?from=ke.com
20241029,东城,工体,101124101738,工体商圈 幸福二村 2居室 客厅带窗户 适合贷款,496万,76674元/平,中楼层 (共6层) | 1986年 | 2室1厅 | 64.69平米 | 南 北,https://ke-image.ljcdn.com/110000-inspection/07edfa68-2a4f-4357-884e-0254cb0c7406_1000.jpg!m_fill,w_280,h_210,f_jpg?from=ke.com
20241029,东城,工体,101124064722,东直门外大街 南向两居室 楼层高视野开阔 采光充足,550万,79664元/平,高楼层 (共16层) 2室1厅 | 69.04平米 | 南,https://ke-image.ljcdn.com/110000-inspection/pc1_ooFUXBsyz_1.jpg!m_fill,w_280,h_210,f_jpg?from=ke.com
20241029,东城,工体,101123987030,工体商圈 2居室 中楼层 无遮挡 采光好,310万,62025元/平,中楼层 (共6层) 2室1厅 | 49.98平米 | 东,https://ke-image.ljcdn.com/110000-inspection/92839485-2988-4c51-9b60-db98430b75bb_1000.jpg!m_fill,w_280,h_210,f_jpg?from=ke.com
20241029,东城,工体,101123973128,大客厅户型方正使用率高只有契税。,1590万,97967元/平,低楼层 (共24层) 2室1厅 | 162.3平米 | 西,https://ke-image.ljcdn.com/110000-inspection/pc1_mUzvKb18j.jpg!m_fill,w_280,h_210,f_jpg?from=ke.com
20241029,东城,工体,101123973157,阳光都市 2室1厅 西,1586万,100667元/平,低楼层 (共24层) 2室1厅 | 157.55平米 | 西,https://ke-image.ljcdn.com/110000-inspection/pc1_skmQAInw7.jpg!m_fill,w_280,h_210,f_jpg?from=ke.com
20241029,东城,工体,101123956557,工体商圈  双南向两居室  精装修,305万,60265元/平,顶层 (共5层) 2室1厅 | 50.61平米 | 南,https://ke-image.ljcdn.com/110000-inspection/cf7b410d-a490-4bf1-b743-c445a2125af1_1000.jpg!m_fill,w_280,h_210,f_jpg?from=ke.com
20241029,东城,工体,101123868791,朝阳区东外大街  有电梯两居高楼层视野好 满五年唯一,439万,74206元/平,中楼层 (共16层) | 1984年 | 2室1厅 | 59.16平米 | 东南,https://ke-image.ljcdn.com/110000-inspection/67a8dd8f-2da6-497d-b661-8cc8b660b436_1000.jpg!m_fill,w_280,h_210,f_jpg?from=ke.com
20241029,东城,工体,101123843465,工体西里 3室1厅 东北 西,618万,80764元/平,高楼层 (共18层) 3室1厅 | 76.52平米 | 东北 西,https://ke-image.ljcdn.com/110000-inspection/5cf301df-d493-41de-a9f3-d65724393c26_1000.jpg!m_fill,w_280,h_210,f_jpg?from=ke.com
20241029,东城,工体,101123812661,东城区东直门 南北通透户型 楼龄新环境好视野开阔,1850万,140375元/平,高楼层 (共22层) 3室1厅 | 131.79平米 | 南 北,https://ke-image.ljcdn.com/110000-inspection/pc1_tWCzEBdjQ_2.jpg!m_fill,w_280,h_210,f_jpg?from=ke.com
20241029,东城,工体,101123812448,东城区满五年有电梯高楼层采光好视野棒,599万,100487元/平,中楼层 (共16层) 2室1厅 | 59.61平米 | 南,https://ke-image.ljcdn.com/110000-inspection/13cdf8d5-500d-4ead-b01e-aeb34eae1aa5_1000.jpg!m_fill,w_280,h_210,f_jpg?from=ke.com
20241029,东城,工体,101123786614,海晟名苑北区高楼层 视野开阔 社区环境好,480万,104485元/平,顶层 (共22层) | 2007年 | 1室0厅 | 45.94平米 | 西,https://ke-image.ljcdn.com/110000-inspection/pc1_ZIfPdLknf.jpg!m_fill,w_280,h_210,f_jpg?from=ke.com
20241029,东城,工体,101123768799,太平庄南里 户型方正两居 诚意出售 随时看房,399万,64138元/平,高楼层 (共6层) | 1993年 | 2室1厅 | 62.21平米 | 东 西,https://ke-image.ljcdn.com/110000-inspection/359bc20d-e2ac-443d-b2fc-41f89e7412de_1000.jpg!m_fill,w_280,h_210,f_jpg?from=ke.com
20241029,东城,工体,101123342342,工体低楼层全明精装修相当于满五年唯一看房方便,355万,71588元/平,底层 (共5层) 2室1厅 | 49.59平米 | 南 北,https://ke-image.ljcdn.com/110000-inspection/d33ca36d-70aa-489d-945d-f5bda70dfaca_1000.jpg!m_fill,w_280,h_210,f_jpg?from=ke.com
20241029,东城,工体,101123297121,工体 苏联结构 层高3米 小区可停车 户型方正 满五唯一,450万,63088元/平,顶层 (共4层) 2室1厅 | 71.33平米 | 东 北,https://ke-image.ljcdn.com/110000-inspection/b9f074ff-e824-4ca2-93de-98dee2d03c03_1000.jpg!m_fill,w_280,h_210,f_jpg?from=ke.com
20241029,东城,工体,101123270743,幸福二村甲宅 内部免费停车 户型方正 看房方便,850万,90033元/平,高楼层 (共6层) 2室2厅 | 94.41平米 | 南 北,https://ke-image.ljcdn.com/110000-inspection/933744d1-f2eb-4034-9980-29d14209c664_1000.jpg!m_fill,w_280,h_210,f_jpg?from=ke.com
20241029,东城,工体,101123158052,东直门 十字坡东里南北通透三居室,658万,111507元/平,中楼层 (共5层) 3室1厅 | 59.01平米 | 南 北,https://ke-image.ljcdn.com/110000-inspection/pc1_WFiWEAuJv.jpg!m_fill,w_280,h_210,f_jpg?from=ke.com
20241029,东城,工体,101123154134,东城区满五年有电梯观景好采光好随时可看,570万,88140元/平,中楼层 (共16层) 2室1厅 | 64.67平米 | 东北,https://ke-image.ljcdn.com/110000-inspection/13a35a45-69af-41e4-a58e-ebfea58fac42_1000.jpg!m_fill,w_280,h_210,f_jpg?from=ke.com
20241029,东城,工体,101123153542,工体精装修全明两居室南北通透采光好,510万,78838元/平,顶层 (共6层) | 1986年 | 2室1厅 | 64.69平米 | 南 北,https://ke-image.ljcdn.com/110000-inspection/4cf54295-bd39-49f8-8c76-9a26c0b2a731_1000.jpg!m_fill,w_280,h_210,f_jpg?from=ke.com
20241029,东城,工体,101123147528,阳光都市精装两居 格局利用好 满五唯一 视野无遮挡房主自荐,875万,106578元/平,低楼层 (共25层) 2室1厅 | 82.1平米 | 西,https://ke-image.ljcdn.com/110000-inspection/f10fca65-f411-46fb-89ac-5ea2a89c0bfe_1000.jpg!m_fill,w_280,h_210,f_jpg?from=ke.com
20241029,东城,工体,101123059641,房子楼层好 南向视野开阔 采光充足,1500万,74129元/平,中楼层 (共19层) | 1997年 | 3室2厅 | 202.35平米 | 西南,https://ke-image.ljcdn.com/110000-inspection/pc1_45AqDk4LU_1.jpg!m_fill,w_280,h_210,f_jpg?from=ke.com
20241029,东城,工体,101123054883,阳光都市 出房率较低户型 视野较好 拎包入住,1680万,116886元/平,高楼层 (共25层) 3室1厅 | 143.73平米 | 东南,https://ke-image.ljcdn.com/110000-inspection/688a981a-ee34-41b6-8ba2-73b3ed67adb3_1000.jpg!m_fill,w_280,h_210,f_jpg?from=ke.com
20241029,东城,工体,101122973562,工体 幸福二村南北三居 板楼3层,550万,78505元/平,中楼层 (共6层) | 1985年 | 3室1厅 | 70.06平米 | 南 北,https://ke-image.ljcdn.com/110000-inspection/76e7c877-cacc-425b-bcfd-60d63380c502_1000.jpg!m_fill,w_280,h_210,f_jpg?from=ke.com
20241029,东城,工体,101122971889,东直门总成本低二居精装修 小区有环境 有车位房主自荐,570万,96496元/平,顶层 (共6层) 2室1厅 | 59.07平米 | 南 北,https://ke-image.ljcdn.com/110000-inspection/pc1_eiVzkMn2S_2.jpg!m_fill,w_280,h_210,f_jpg?from=ke.com
20241029,东城,工体,101122971588,工体西里满五年；南北向高楼层户型方正,299万,76904元/平,中楼层 (共7层) | 1991年 | 1室1厅 | 38.88平米 | 南,https://ke-image.ljcdn.com/110000-inspection/da84b5fc-f035-46d3-a56e-1e1850eeaa87_1000.jpg!m_fill,w_280,h_210,f_jpg?from=ke.com
20241029,东城,工体,101122874900,东城区 海晟名苑 封闭小区 万科物业 高层一居,466万,100954元/平,顶层 (共22层) | 2007年 | 1室1厅 | 46.16平米 | 西,https://ke-image.ljcdn.com/110000-inspection/pc1_b2Mk4GJD6_2.jpg!m_fill,w_280,h_210,f_jpg?from=ke.com
20241029,东城,工体,101122871208,百万装修全明三居明厨明卫视野好,1750万,102184元/平,底层 (共25层) 3室1厅 | 171.26平米 | 西南 南,https://ke-image.ljcdn.com/110000-inspection/b720720a-1cf9-4081-91b4-4bf6bec1ceb5_1000.jpg!m_fill,w_280,h_210,f_jpg?from=ke.com
20241029,东城,工体,101122619277,东城 东直门商圈 中楼层 东西通透 2居室带客厅,572万,99704元/平,中楼层 (共6层) 2室1厅 | 57.37平米 | 东 西,https://ke-image.ljcdn.com/110000-inspection/pc1_kiLi1TBMO.jpg!m_fill,w_280,h_210,f_jpg?from=ke.com
20241029,东城,工体,101122464760,首开幸福广场 一居室  业主诚意出售,295万,60501元/平,低楼层 (共27层) 1室1厅 | 48.76平米 | 北,https://ke-image.ljcdn.com/110000-inspection/4594d697-d660-449c-88f4-7d5fcab42510_1000.jpg!m_fill,w_280,h_210,f_jpg?from=ke.com
20241029,东城,工体,101122411618,太平庄南里西向半地下1居满五不唯一,229万,58749元/平,地下室 (共6层) | 1993年 | 1室1厅 | 38.98平米 | 西,https://ke-image.ljcdn.com/110000-inspection/pc1_K9qjeeoY7_2.jpg!m_fill,w_280,h_210,f_jpg?from=ke.com
20241029,东城,工体,101122411030,东二环东直门外大街 工体三里屯幸福二村全明格局两居,465万,76544元/平,底层 (共6层) | 1986年 | 2室1厅 | 60.75平米 | 南 北,https://ke-image.ljcdn.com/110000-inspection/pc1_HzDpcXutK_3.jpg!m_fill,w_280,h_210,f_jpg?from=ke.com
20241029,东城,工体,101122331111,工人体育场 海晟名苑南区 人车分流 商品房社区,1980万,132655元/平,高楼层 (共22层) 3室2厅 | 149.26平米 | 东南,https://ke-image.ljcdn.com/110000-inspection/57c403c8-f26e-454b-822e-9be3e82f1ba5_1000.jpg!m_fill,w_280,h_210,f_jpg?from=ke.com
20241029,东城,工体,101122224986,东南四居室户型方正视野好布局合理房主自荐,2290万,84124元/平,低楼层 (共27层) | 2003年 | 4室2厅 | 272.22平米 | 东南,https://ke-image.ljcdn.com/110000-inspection/d0f6ff43-62b3-4dae-a9a8-91628581f7fa_1000.jpg!m_fill,w_280,h_210,f_jpg?from=ke.com
20241029,东城,工体,101122177397,吉庆里东区 2室1厅 西北,698万,73544元/平,中楼层 (共18层) | 2000年 | 2室1厅 | 94.91平米 | 西北,https://ke-image.ljcdn.com/110000-inspection/6396990d-d247-45f5-8a4e-a1af645c1dd7_1000.jpg!m_fill,w_280,h_210,f_jpg?from=ke.com
20241029,东城,工体,101122007315,东直门外大街幸福二村南北通透房本满五年唯一2层两居,390万,72370元/平,中楼层 (共5层) 2室1厅 | 53.89平米 | 南 北,https://ke-image.ljcdn.com/110000-inspection/04b6e6be-f6b5-4a5d-9e2d-5b99694c33d0_1000.jpg!m_fill,w_280,h_210,f_jpg?from=ke.com
20241029,东城,工体,101121961826,东直门海晟名苑北区精装修西向开间拎包入住,450万,93868元/平,中楼层 (共22层) | 2007年 | 1室0厅 | 47.94平米 | 西,https://ke-image.ljcdn.com/110000-inspection/pc1_hh97zDRu1_2.jpg!m_fill,w_280,h_210,f_jpg?from=ke.com
20241029,东城,工体,101121850068,工体北里东南精装两居室有钥匙看房随时,495万,98882元/平,低楼层 (共6层) 2室1厅 | 50.06平米 | 东南,https://ke-image.ljcdn.com/110000-inspection/f6fb8598-7a92-438e-a305-a1aa0ec64d11_1000.jpg!m_fill,w_280,h_210,f_jpg?from=ke.com
20241029,东城,工体,101121799404,光彩三居室满五唯一采光视野好,1680万,77818元/平,低楼层 (共28层) 3室1厅 | 215.89平米 | 西南 北,https://ke-image.ljcdn.com/110000-inspection/2d28c9e1-7ebe-4118-9efb-c03bec7d33f1_1000.jpg!m_fill,w_280,h_210,f_jpg?from=ke.com
20241029,东城,工体,101121787708,东直门外大街 2居室 带电梯 南向 精装修,398万,82368元/平,中楼层 (共16层) 2室1厅 | 48.32平米 | 南,https://ke-image.ljcdn.com/110000-inspection/fef0f791-64cf-4381-811d-85cc7c883792_1000.jpg!m_fill,w_280,h_210,f_jpg?from=ke.com
20241029,东城,工体,101121730150,工体三里屯幸福二村南北通透全明格局采光好无遮挡,498万,76983元/平,高楼层 (共6层) | 1986年 | 2室1厅 | 64.69平米 | 南 北,https://ke-image.ljcdn.com/110000-inspection/0c3aa576-0366-45ed-98f5-017681235d3b_1000.jpg!m_fill,w_280,h_210,f_jpg?from=ke.com
20241029,东城,工体,101121672724,海晟名苑北区 纯居住社区 封闭管理 人车分流,850万,116903元/平,高楼层 (共17层) | 2007年 | 1室1厅 | 72.71平米 | 南,https://ke-image.ljcdn.com/110000-inspection/a3036375-ef5d-4b2c-b952-f930156468b7_1000.jpg!m_fill,w_280,h_210,f_jpg?from=ke.com
20241029,东城,工体,101121612688,海晟名苑北区 1室1厅 南,790万,107836元/平,顶层 (共22层) | 2007年 | 1室1厅 | 73.26平米 | 南,https://ke-image.ljcdn.com/110000-inspection/f5bb67d4-6915-4952-8165-258228c7f969_1000.jpg!m_fill,w_280,h_210,f_jpg?from=ke.com
20241029,东城,工体,101121558540,东城区 海晟名苑北区 封闭式管理 万科物业 南向一居,730万,104093元/平,低楼层 (共22层) | 2007年 | 1室1厅 | 70.13平米 | 东 南,https://ke-image.ljcdn.com/110000-inspection/91e99d4b-9517-47fd-b64f-36fa56c23346_1000.jpg!m_fill,w_280,h_210,f_jpg?from=ke.com
20241029,东城,工体,101121532079,海晟名苑北区 西向开间 总价较低 小区环境较好,480万,102259元/平,低楼层 (共16层) | 2007年 | 1室0厅 | 46.94平米 | 西,https://ke-image.ljcdn.com/110000-inspection/pc1_9VTxMr2FI.jpg!m_fill,w_280,h_210,f_jpg?from=ke.com
20241029,东城,工体,101121448440,海晟名苑北区户型方正 园林社区 万科物业,425万,88838元/平,低楼层 (共22层) | 2007年 | 1室1厅 | 47.84平米 | 西,https://ke-image.ljcdn.com/110000-inspection/6d02df12-2e26-40d4-9451-3442c6d75019_1000.jpg!m_fill,w_280,h_210,f_jpg?from=ke.com
20241029,东城,工体,101121431203,幸福二村 中间楼层两居室 全明户型 满五年,300万,73783元/平,中楼层 (共5层) | 1974年 | 2室1厅 | 40.66平米 | 南 北,https://ke-image.ljcdn.com/110000-inspection/4bce9fa1-c289-497b-8e29-669979753bf9_1000.jpg!m_fill,w_280,h_210,f_jpg?from=ke.com
20241029,东城,工体,101121374141,东二环 三里屯工体新上杰座大厦,320万,66130元/平,低楼层 (共12层) 1室0厅 | 48.39平米 | 北,https://ke-image.ljcdn.com/110000-inspection/d3d4b548-853d-4d50-b461-9fde1c2ae5b8_1000.jpg!m_fill,w_280,h_210,f_jpg?from=ke.com
20241029,东城,工体,101121365977,房子是正规3居室 格局方正 南侧无遮挡 视野采光好,1290万,72197元/平,中楼层 (共8层) | 1996年 | 3室1厅 | 178.68平米 | 南 北,https://ke-image.ljcdn.com/110000-inspection/pc1_9B4Fs2Rlt_1.jpg!m_fill,w_280,h_210,f_jpg?from=ke.com
20241029,东城,工体,101121113834,封闭示范小区 电梯楼  全明三居室 安静不临街,739万,86555元/平,中楼层 (共18层) 3室1厅 | 85.38平米 | 南 西 北,https://ke-image.ljcdn.com/110000-inspection/pc1_CCFekKoDj_1.jpg!m_fill,w_280,h_210,f_jpg?from=ke.com
20241029,东城,工体,101121019030,工体三里屯全明一居室无遮挡采光好,295万,85781元/平,顶层 (共5层) | 1975年 | 1室1厅 | 34.39平米 | 东,https://ke-image.ljcdn.com/110000-inspection/04d92065-dcf4-496f-8129-4b5f16c1b311_1000.jpg!m_fill,w_280,h_210,f_jpg?from=ke.com
20241029,东城,工体,101120990102,阳光都市 高楼层精装一居 全明格局,720万,110975元/平,高楼层 (共25层) 1室1厅 | 64.88平米 | 北,https://ke-image.ljcdn.com/110000-inspection/fda9c809-eb07-43b5-ac72-9623172e36db_1000.jpg!m_fill,w_280,h_210,f_jpg?from=ke.com
20241029,东城,工体,101120903695,户型方正全明格局诚意出售。,399万,79498元/平,中楼层 (共18层) | 1990年 | 2室1厅 | 50.19平米 | 东,https://ke-image.ljcdn.com/110000-inspection/82e5e0a3-8c02-46d9-b27d-0ef049fec73d_1000.jpg!m_fill,w_280,h_210,f_jpg?from=ke.com
20241029,东城,工体,101120845363,工体商圈 住宅 民水民电 带电梯,300万,76786元/平,中楼层 (共16层) 1室1厅 | 39.07平米 | 北,https://ke-image.ljcdn.com/110000-inspection/7de62080-df41-41de-9a88-1ce77cbe5c2c_1000.jpg!m_fill,w_280,h_210,f_jpg?from=ke.com
20241029,东城,工体,101120510047,工体商圈 央产房社区 满五年央产房 24小时热水,618万,80764元/平,中楼层 (共18层) | 1990年 | 3室1厅 | 76.52平米 | 东 西 北,https://ke-image.ljcdn.com/110000-inspection/300eb1fd-8b36-4787-ba87-a7c8024573ae_1000.jpg!m_fill,w_280,h_210,f_jpg?from=ke.com
20241029,东城,工体,101120355179,幸福二村+朝南+中楼层+精装修+安静+出行方便,319万,87422元/平,中楼层 (共5层) 1室1厅 | 36.49平米 | 南,https://ke-image.ljcdn.com/110000-inspection/pc1_TmKAwUXsa.jpg!m_fill,w_280,h_210,f_jpg?from=ke.com
20241029,东城,工体,101120087604,光彩国际高楼层三居室 有钥匙 满五年,1800万,82950元/平,高楼层 (共27层) 3室1厅 | 217平米 | 东 南 北,https://ke-image.ljcdn.com/110000-inspection/9d30c18f-f9c1-40f1-9e30-802ae25f9075_1000.jpg!m_fill,w_280,h_210,f_jpg?from=ke.com
20241029,东城,工体,101119916989,幸福公寓 高层 采光视野都不错 东边看新工体,946万,69284元/平,高楼层 (共16层) | 1997年 | 3室1厅 | 136.54平米 | 东 西,https://ke-image.ljcdn.com/110000-inspection/pc1_t1HJk6mfz_1.jpg!m_fill,w_280,h_210,f_jpg?from=ke.com
20241029,东城,工体,101119720143,东直门工体 幸福一村西里东西通透4居,1690万,69445元/平,中楼层 (共6层) 4室2厅 | 243.36平米 | 东 西 北,https://ke-image.ljcdn.com/110000-inspection/8e530ae9-fb80-4f4b-a6b7-77eee10ffd4f_1000.jpg!m_fill,w_280,h_210,f_jpg?from=ke.com
20241029,东城,工体,101119305292,海晟名苑北区 二次精装修 南向一居室,800万,109111元/平,低楼层 (共22层) | 2007年 | 1室1厅 | 73.32平米 | 南,https://ke-image.ljcdn.com/110000-inspection/263b4a62-b5b1-4a95-ae8b-43c976d5b2be_1000.jpg!m_fill,w_280,h_210,f_jpg?from=ke.com
20241029,东城,工体,101118882691,东城2011年商品房单独管理有门禁电梯刷卡,1350万,95414元/平,中楼层 (共11层) | 2011年 | 3室2厅 | 141.49平米 | 西北,https://ke-image.ljcdn.com/110000-inspection/5fd56a58-9b3f-4663-8252-795676eca6df_1000.jpg!m_fill,w_280,h_210,f_jpg?from=ke.com
20241029,东城,工体,101118763853,海晟名苑南区 东西通透3居室 封闭式管理商品房,1850万,130613元/平,中楼层 (共12层) 3室1厅 | 141.64平米 | 东 西,https://ke-image.ljcdn.com/110000-inspection/30fce535-8aa5-4453-9120-f2ed60872936_1000.jpg!m_fill,w_280,h_210,f_jpg?from=ke.com
20241029,东城,工体,101118413384,东城区东四十条地铁口带电梯两居室,595万,121528元/平,低楼层 (共16层) 2室1厅 | 48.96平米 | 南,https://ke-image.ljcdn.com/110000-inspection/pc1_v8xnoApMT.jpg!m_fill,w_280,h_210,f_jpg?from=ke.com
20241029,东城,工体,101117006963,工体北门西南两居室业主急售价格可谈,442万,74941元/平,高楼层 (共6层) | 1983年 | 2室0厅 | 58.98平米 | 西南,https://ke-image.ljcdn.com/110000-inspection/pc1_ppvymX8AV_1.jpg!m_fill,w_280,h_210,f_jpg?from=ke.com
20241029,东城,工体,101116857248,工体三里屯东直门区域 幸福二村 半地下3居室房主自荐,315万,51270元/平,底层 (共6层) | 1982年 | 3室1厅 | 61.44平米 | 南 北,https://ke-image.ljcdn.com/110000-inspection/pc1_9tbasN3X5.jpg!m_fill,w_280,h_210,f_jpg?from=ke.com
20241029,东城,工体,101115838534,高层北向一居室满五年唯一无遮挡,448万,74370元/平,高楼层 (共12层) | 2003年 | 1室1厅 | 60.24平米 | 北,https://ke-image.ljcdn.com/110000-inspection/pc1_1faf04HPI_1.jpg!m_fill,w_280,h_210,f_jpg?from=ke.com
20241029,东城,工体,101114439693,港湾国际 南向开间 精装修   诚意出售房主自荐,309万,79069元/平,低楼层 (共16层) | 2005年 | 1室0厅 | 39.08平米 | 南,https://ke-image.ljcdn.com/110000-inspection/5860480b-4a57-426b-b16f-dc52eb9b3a0c_1000.jpg!m_fill,w_280,h_210,f_jpg?from=ke.com
20241029,东城,工体,101114309535,联宝公寓 4室2厅 东 南 北,1500万,66065元/平,高楼层 (共19层) | 1997年 | 4室2厅 | 227.05平米 | 东 南 北,https://ke-image.ljcdn.com/110000-inspection/344ab04a-0413-4de3-9975-c134ddab078b_1000.jpg!m_fill,w_280,h_210,f_jpg?from=ke.com
20241029,东城,工体,101127297066,工体商圈 全南2居室 2层 无遮挡 采光好新上,375万,75121元/平,低楼层 (共6层) 2室1厅 | 49.92平米 | 南,https://ke-image.ljcdn.com/110000-inspection/2dac8241-4b40-4228-bf54-96ed4b143f68_1000.jpg!m_fill,w_280,h_210,f_jpg?from=ke.com
20241029,东城,工体,101127264605,幸福二村新上3居 南北通透 诚意出售新上,430万,62793元/平,顶层 (共5层) | 1978年 | 3室1厅 | 68.48平米 | 南 北,https://ke-image.ljcdn.com/110000-inspection/75f5c1e4-16cd-4db0-84a8-48d9e7ba8dd8_1000.jpg!m_fill,w_280,h_210,f_jpg?from=ke.com
20241029,东城,工体,101127262738,工体三里屯商圈  首开幸福广场 高层视野  一居室新上,630万,66639元/平,顶层 (共27层) 1室1厅 | 94.54平米 | 北,https://ke-image.ljcdn.com/110000-inspection/pc1_7ieGtfRne_2.jpg!m_fill,w_280,h_210,f_jpg?from=ke.com
20241029,东城,工体,101127251883,此房满2年楼层好视野开阔采光充足明厨新上,348万,71724元/平,中楼层 (共5层) 2室1厅 | 48.52平米 | 东 西,https://ke-image.ljcdn.com/110000-inspection/012c820d-9d2c-4973-b131-bed371f4593d_1000.jpg!m_fill,w_280,h_210,f_jpg?from=ke.com
20241029,东城,工体,101127223959,幸福一村西里+有电梯+自住装修+现状好+保养好新上,1539万,69727元/平,高楼层 (共6层) 4室2厅 | 220.72平米 | 西北,https://ke-image.ljcdn.com/110000-inspection/3d47d2a8-c048-4d62-8283-4e6359b01cad_1000.jpg!m_fill,w_280,h_210,f_jpg?from=ke.com
20241029,东城,工体,101127213143,幸福二村 南北向两居 2层 小区中间新上,430万,73985元/平,中楼层 (共5层) 2室1厅 | 58.12平米 | 南,https://ke-image.ljcdn.com/110000-inspection/pc1_9DFpTskLl.jpg!m_fill,w_280,h_210,f_jpg?from=ke.com
20241029,东城,工体,101127118008,精装修南北通透两居室三部一司家属楼24小时热水,430万,69636元/平,顶层 (共7层) | 1991年 | 2室1厅 | 61.75平米 | 南 北,https://ke-image.ljcdn.com/110000-inspection/e1b6c9d4-7522-4296-bf6b-f0a580cdec8f_1000.jpg!m_fill,w_280,h_210,f_jpg?from=ke.com
20241029,东城,工体,101127049326,聚龙花园东向两居室正对花园购房成本低,968万,76035元/平,中楼层 (共14层) 2室2厅 | 127.31平米 | 东,https://ke-image.ljcdn.com/110000-inspection/pc1_OQ5OpVYM3.jpg!m_fill,w_280,h_210,f_jpg?from=ke.com
20241029,东城,工体,101127043027,海晟名苑南区 3室2厅 东 西,1620万,115393元/平,中楼层 (共22层) | 2005年 | 3室2厅 | 140.39平米 | 东 西,https://ke-image.ljcdn.com/110000-inspection/a0373385-2076-4eae-8ff5-e95cba49236a_1000.jpg!m_fill,w_280,h_210,f_jpg?from=ke.com
20241029,东城,工体,101127041414,东外公馆 一居室  楼龄新 位置好,450万,92403元/平,底层 (共11层) | 2008年 | 1室0厅 | 48.7平米 | 东,https://ke-image.ljcdn.com/110000-inspection/pc1_s689Yu0wK_2.jpg!m_fill,w_280,h_210,f_jpg?from=ke.com
20241029,东城,工体,101126889550,幸福二村 南向一居室 单独小区 前后不临街,420万,89229元/平,底层 (共11层) | 1990年 | 1室1厅 | 47.07平米 | 南 北,https://ke-image.ljcdn.com/110000-inspection/65577d29-8aba-4c7b-8f9e-4b826f4d3c1d_1000.jpg!m_fill,w_280,h_210,f_jpg?from=ke.com
20241029,东城,工体,101126872997,永利国际70年大产权可以贷款小区诚意度高。,365万,59418元/平,高楼层 (共21层) | 2011年 | 1室0厅 | 61.43平米 | 西,https://ke-image.ljcdn.com/110000-inspection/1a4f9ec8-5bd0-4e37-8d31-b487dfe31283_1000.jpg!m_fill,w_280,h_210,f_jpg?from=ke.com
20241029,东城,工体,101126864747,工体西里小区南北 通透2居室满五唯一,399万,62228元/平,顶层 (共7层) | 1991年 | 2室1厅 | 64.12平米 | 南 北,https://ke-image.ljcdn.com/110000-inspection/328d900e-d23f-463a-a351-c11a9d8486bf_1000.jpg!m_fill,w_280,h_210,f_jpg?from=ke.com
20241029,东城,工体,101126858747,朝阳区 永利国际  东向  室内层高2.9米,380万,59496元/平,中楼层 (共21层) | 2011年 | 1室1厅 | 63.87平米 | 东,https://ke-image.ljcdn.com/110000-inspection/47843c48-9363-45b9-909c-174ad8e5c271_1000.jpg!m_fill,w_280,h_210,f_jpg?from=ke.com
20241029,东城,工体,101126818119,首开幸福广场 2室1厅 东,1030万,76803元/平,中楼层 (共21层) | 2008年 | 2室1厅 | 134.11平米 | 东,https://ke-image.ljcdn.com/110000-inspection/b2dd0964-7b3d-438a-aabe-34df4b0a4666_1000.jpg!m_fill,w_280,h_210,f_jpg?from=ke.com
20241029,东城,工体,101126795071,幸福二村 南向房间采光时间长 光线亮 干净楼道,330万,64808元/平,顶层 (共6层) 2室1厅 | 50.92平米 | 南,https://ke-image.ljcdn.com/110000-inspection/57420d98-30a0-40c2-8f57-b76dd501281c_1000.jpg!m_fill,w_280,h_210,f_jpg?from=ke.com
20241029,东城,工体,101126768626,工体商圈 南北通透 3居室 带客厅 适合贷款,460万,66331元/平,顶层 (共5层) | 1984年 | 3室1厅 | 69.35平米 | 南 北,https://ke-image.ljcdn.com/110000-inspection/0ce9b699-9a83-4bfb-8301-9407f51ebb60_1000.jpg!m_fill,w_280,h_210,f_jpg?from=ke.com
20241029,东城,工体,101126741190,幸福一村 南北通透 距离地铁站200米,400万,75302元/平,中楼层 (共6层) | 1984年 | 2室1厅 | 53.12平米 | 南 北,https://ke-image.ljcdn.com/110000-inspection/pc1_9tIpwH6tN.jpg!m_fill,w_280,h_210,f_jpg?from=ke.com
20241029,东城,工体,101126537250,工体3号 1室0厅 南房主自荐,390万,78900元/平,中楼层 (共17层) | 2013年 | 1室0厅 | 49.43平米 | 南,https://ke-image.ljcdn.com/110000-inspection/883fe144-9aea-4633-a539-ebc277c5d3fd_1000.jpg!m_fill,w_280,h_210,f_jpg?from=ke.com
20241029,东城,工体,101126522111,首开幸福广场 2室2厅 西 北,1020万,80837元/平,高楼层 (共21层) | 2008年 | 2室2厅 | 126.18平米 | 西 北,https://ke-image.ljcdn.com/110000-inspection/2aadf69c-7cc1-4b31-8d19-3a6f93fe6455_1000.jpg!m_fill,w_280,h_210,f_jpg?from=ke.com
20241029,东城,工体,101126509106,东直门外大街(朝阳） 2室1厅 南 北,345万,61729元/平,顶层 (共5层) 2室1厅 | 55.89平米 | 南 北,https://ke-image.ljcdn.com/110000-inspection/936c00f4-61fc-4ff4-99d7-b56cc7e45af5_1000.jpg!m_fill,w_280,h_210,f_jpg?from=ke.com
20241029,东城,工体,101126506938,海晟名苑南区东南三居 观水系花园 不临街视野好安静,2150万,149037元/平,低楼层 (共22层) 3室1厅 | 144.26平米 | 东南,https://ke-image.ljcdn.com/110000-inspection/ea4abde5-a543-4fce-a6f5-7a3a117c7c81_1000.jpg!m_fill,w_280,h_210,f_jpg?from=ke.com
20241029,东城,工体,101126506203,工体北侧 全新精装大三居 东西通透把边户型房主自荐,1066万,65714元/平,中楼层 (共16层) | 1997年 | 3室1厅 | 162.22平米 | 东 西 北,https://ke-image.ljcdn.com/110000-inspection/pc1_6O4XBGTkd_2.jpg!m_fill,w_280,h_210,f_jpg?from=ke.com
20241029,东城,工体,101126489079,聚龙花园 三室一厅两卫 精装修 随时看房,799万,85813元/平,顶层 (共8层) 3室1厅 | 93.11平米 | 南,https://ke-image.ljcdn.com/110000-inspection/ccaf081d-1d0b-45e4-b632-93a84e323290_1000.jpg!m_fill,w_280,h_210,f_jpg?from=ke.com
20241029,东城,工体,101126466564,海晟名苑南区 高层观景 落地窗采光好 诚意出售,1700万,119761元/平,高楼层 (共18层) 3室2厅 | 141.95平米 | 东 西,https://ke-image.ljcdn.com/110000-inspection/pc1_9XjgVeVec_1.jpg!m_fill,w_280,h_210,f_jpg?from=ke.com
20241029,东城,工体,101126461865,阳光都市 1室1厅 西,728万,90066元/平,底层 (共25层) 1室1厅 | 80.83平米 | 西,https://ke-image.ljcdn.com/110000-inspection/e71e3343-c59c-4867-95cb-fff25a11d184_1000.jpg!m_fill,w_280,h_210,f_jpg?from=ke.com
20241029,东城,工体,101126427488,东直门 幸福二村满五唯一 精装带电梯 视野采光好,538万,75775元/平,低楼层 (共17层) | 1986年 | 2室1厅 | 71平米 | 南,https://ke-image.ljcdn.com/110000-inspection/b0a926ad-929c-4489-8f7f-99148188b7aa_1000.jpg!m_fill,w_280,h_210,f_jpg?from=ke.com
20241029,东城,工体,101126382559,光彩国际公寓 4室1厅 东南,2300万,84491元/平,中楼层 (共27层) | 2003年 | 4室1厅 | 272.22平米 | 东南,https://ke-image.ljcdn.com/110000-inspection/2a35f338-dd7d-4477-b600-4bd928783a1d_1000.jpg!m_fill,w_280,h_210,f_jpg?from=ke.com
20241029,东城,工体,101126279123,东直门海晟名苑南区南北通透四居室配套齐全。,3300万,134322元/平,高楼层 (共20层) | 2004年 | 4室2厅 | 245.68平米 | 南 北,https://ke-image.ljcdn.com/110000-inspection/bdfb9bd5-18a6-4a64-bbda-51c1fcf72729_1000.jpg!m_fill,w_280,h_210,f_jpg?from=ke.com
20241029,东城,工体,101126233565,幸福一村西里 精装通透3居 层高3米 苏式建筑,730万,75026元/平,顶层 (共4层) | 1958年 | 3室1厅 | 97.3平米 | 南 北 西,https://ke-image.ljcdn.com/110000-inspection/pc1_Sya1NQIiD.jpg!m_fill,w_280,h_210,f_jpg?from=ke.com
20241029,东城,工体,101126212592,吉庆里东区 1室1厅 东南,493万,75730元/平,中楼层 (共18层) | 2000年 | 1室1厅 | 65.1平米 | 东南,https://ke-image.ljcdn.com/110000-inspection/5b4361b5-3ba8-4dc4-afbb-e6c4044fed2e_1000.jpg!m_fill,w_280,h_210,f_jpg?from=ke.com
20241029,东城,工体,101126211352,东城区东四十条小区南向两居室。,510万,72024元/平,中楼层 (共17层) | 2013年 | 2室0厅 | 70.81平米 | 南,https://ke-image.ljcdn.com/110000-inspection/pc1_LRsJWj5k7.jpg!m_fill,w_280,h_210,f_jpg?from=ke.com
20241029,东城,工体,101126189767,东直门外大街小区 带电梯 精装修地暖,298万,67133元/平,低楼层 (共16层) | 1983年 | 1室1厅 | 44.39平米 | 南,https://ke-image.ljcdn.com/110000-inspection/pc1_o3MYZSiV2.jpg!m_fill,w_280,h_210,f_jpg?from=ke.com
20241029,东城,工体,101126181049,工体杰座大厦70年纯住宅民水民电有燃气5V1,485万,63374元/平,中楼层 (共12层) 1室1厅 | 76.53平米 | 西,https://ke-image.ljcdn.com/110000-inspection/pc1_v2mVgs03J_2.jpg!m_fill,w_280,h_210,f_jpg?from=ke.com
20241029,东城,工体,101126171594,光彩国际高层三居室视野好业主稳定出售,1630万,75296元/平,中楼层 (共28层) 3室1厅 | 216.48平米 | 西南,https://ke-image.ljcdn.com/110000-inspection/db54860b-f01f-4cfc-bec2-bdf7bfd2f4af_1000.jpg!m_fill,w_280,h_210,f_jpg?from=ke.com
20241029,东城,工体,101126056875,幸福二村小区 工体甲宅落地窗 随时看房,550万,72094元/平,高楼层 (共6层) 2室1厅 | 76.29平米 | 西,https://ke-image.ljcdn.com/110000-inspection/pc1_6728X6XYZ_2.jpg!m_fill,w_280,h_210,f_jpg?from=ke.com
20241029,东城,工体,101126045001,杰座大厦 商品房 70年住宅 民水民电有燃气,950万,81490元/平,高楼层 (共12层) | 2003年 | 2室1厅 | 116.58平米 | 南,https://ke-image.ljcdn.com/110000-inspection/pc1_O7M8YuXV8.jpg!m_fill,w_280,h_210,f_jpg?from=ke.com
20241029,东城,工体,101126038848,首开幸福广场70年大产权民水民电有燃气,698万,75460元/平,顶层 (共21层) | 2008年 | 1室1厅 | 92.5平米 | 东,https://ke-image.ljcdn.com/110000-inspection/b1a7438b-bcfa-40a9-9875-0151c7ee0431_1000.jpg!m_fill,w_280,h_210,f_jpg?from=ke.com
20241029,东城,工体,101126003600,东城区聚龙花园四居室精装修随时签约,1700万,70943元/平,顶层 (共12层) 4室2厅 | 239.63平米 | 东 北,https://ke-image.ljcdn.com/110000-inspection/ae5dd572-520f-4237-b283-685839f69b0c_1000.jpg!m_fill,w_280,h_210,f_jpg?from=ke.com
20241029,东城,工体,101125954995,满五唯一 1998年建成 高楼层 采光好 视野棒,550万,85179元/平,顶层 (共18层) | 2000年 | 1室1厅 | 64.57平米 | 南 西,https://ke-image.ljcdn.com/110000-inspection/pc1_R7V7dnusq_2.jpg!m_fill,w_280,h_210,f_jpg?from=ke.com
20241029,东城,工体,101125949258,海晟南北四居双明卫满五唯一前后观景,2800万,117900元/平,低楼层 (共17层) 4室2厅 | 237.49平米 | 南 北,https://ke-image.ljcdn.com/110000-inspection/fa7b2f48-e42a-4c53-9cde-829f1b06af5a_1000.jpg!m_fill,w_280,h_210,f_jpg?from=ke.com
20241029,东城,工体,101125907928,高层 采光好 视野棒 景色美房主自荐,1330万,113096元/平,中楼层 (共24层) 2室1厅 | 117.6平米 | 南,https://ke-image.ljcdn.com/110000-inspection/pc1_FumrxwvVe_2.jpg!m_fill,w_280,h_210,f_jpg?from=ke.com
20241029,东城,工体,101125885222,聚龙花园 4室3厅 南 北,2260万,81278元/平,高楼层 (共8层) | 2001年 | 4室3厅 | 278.06平米 | 南 北,https://ke-image.ljcdn.com/110000-inspection/f143f495-8a45-415f-9188-d12b0ed5305f_1000.jpg!m_fill,w_280,h_210,f_jpg?from=ke.com
20241029,东城,工体,101125867272,永利国际中心 高楼层视野好 东向看CBD 精装修,625万,60911元/平,高楼层 (共21层) | 2011年 | 1室1厅 | 102.61平米 | 东,https://ke-image.ljcdn.com/110000-inspection/795a201b-fd47-40be-aedc-ee655edc9d2b_1000.jpg!m_fill,w_280,h_210,f_jpg?from=ke.com
20241029,东城,工体,101125813205,工体西里新上高层三居室视野好高楼层,680万,79747元/平,高楼层 (共24层) 3室1厅 | 85.27平米 | 东南,https://ke-image.ljcdn.com/110000-inspection/b48a40e8-1da3-4aa5-aea9-4a6432ec49cd_1000.jpg!m_fill,w_280,h_210,f_jpg?from=ke.com
20241029,东城,工体,101125727227,首开幸福广场优势楼龄新2007 格局好24小时安保,1150万,85751元/平,低楼层 (共21层) | 2008年 | 2室1厅 | 134.11平米 | 西,https://ke-image.ljcdn.com/110000-inspection/f519ff85-a567-43ed-b8d8-55db78ef991d_1000.jpg!m_fill,w_280,h_210,f_jpg?from=ke.com
20241029,东城,工体,101125685280,东直门外次新房 南北精装4居室   装修保持好,3800万,158863元/平,低楼层 (共13层) 4室2厅 | 239.2平米 | 南 北,https://ke-image.ljcdn.com/110000-inspection/0c3cc1ba-3871-490b-b19a-8da23cc2bfaf_1000.jpg!m_fill,w_280,h_210,f_jpg?from=ke.com
20241029,东城,工体,101125614212,光彩国际东南四居室购房成本低视野好,2380万,87439元/平,低楼层 (共28层) | 2003年 | 4室1厅 | 272.19平米 | 东南,https://ke-image.ljcdn.com/110000-inspection/d4c12a07-49eb-4f2c-aafb-f490dcb84570_1000.jpg!m_fill,w_280,h_210,f_jpg?from=ke.com
20241029,东城,工体,101125590585,使馆新城 西向两居室 诚意出售 随时看房 精装修,1198万,127380元/平,低楼层 (共17层) | 2003年 | 2室1厅 | 94.05平米 | 西,https://ke-image.ljcdn.com/110000-inspection/e8d49a4a-274e-490c-820e-c59167ef160b_1000.jpg!m_fill,w_280,h_210,f_jpg?from=ke.com
20241029,东城,工体,101125561561,首开幸福广场 东向落地窗 2居室 停车方便,880万,68815元/平,顶层 (共21层) | 2008年 | 2室1厅 | 127.88平米 | 东南,https://ke-image.ljcdn.com/110000-inspection/6b9f78ee-ed42-4ac1-a774-695c890aaf95_1000.jpg!m_fill,w_280,h_210,f_jpg?from=ke.com
20241029,东城,工体,101125543230,工体3号 1室1厅 东,670万,63816元/平,中楼层 (共17层) | 2013年 | 1室1厅 | 104.99平米 | 东,https://ke-image.ljcdn.com/110000-inspection/b9e4015b-4c86-48b8-8c1b-18b035118bcf_1000.jpg!m_fill,w_280,h_210,f_jpg?from=ke.com
20241029,东城,工体,101125528798,首开幸福广场 东向两居 24小时安保,1090万,80030元/平,低楼层 (共21层) | 2008年 | 2室1厅 | 136.2平米 | 西,https://ke-image.ljcdn.com/110000-inspection/6e166a3e-31da-4e51-bd67-c54fd5f4f159_1000.jpg!m_fill,w_280,h_210,f_jpg?from=ke.com
20241029,东城,工体,101125499760,工体3号 1室0厅 北,387万,79827元/平,中楼层 (共17层) | 2013年 | 1室0厅 | 48.48平米 | 北,https://ke-image.ljcdn.com/110000-inspection/914a17c7-3a5a-48db-8098-fde022441279_1000.jpg!m_fill,w_280,h_210,f_jpg?from=ke.com
20241029,东城,工体,101125486702,工体三里屯太平庄南里总价少全明精装修一居室,290万,80288元/平,底层 (共5层) | 1974年 | 1室1厅 | 36.12平米 | 东,https://ke-image.ljcdn.com/110000-inspection/877e2fcb-873f-4d0d-ac6f-02d1b438e8a5_1000.jpg!m_fill,w_280,h_210,f_jpg?from=ke.com
20241029,东城,工体,101125482750,住宅。东城单独管理有门禁刷卡到层安全性高,839万,88887元/平,高楼层 (共11层) | 2011年 | 2室1厅 | 94.39平米 | 东,https://ke-image.ljcdn.com/110000-inspection/pc1_RJ3uBxnKq_1.jpg!m_fill,w_280,h_210,f_jpg?from=ke.com
20241029,东城,工体,101125424176,阳光都市 2001年商品房社区 小户型 电梯房,800万,121822元/平,低楼层 (共25层) 1室1厅 | 65.67平米 | 北,https://ke-image.ljcdn.com/110000-inspection/pc1_n6aQ6EG0Q.jpg!m_fill,w_280,h_210,f_jpg?from=ke.com
20241029,东城,工体,101125314392,东城2011年开发单独管理有门禁刷卡到层安全性,1248万,94218元/平,中楼层 (共11层) | 2011年 | 2室2厅 | 132.46平米 | 西,https://ke-image.ljcdn.com/110000-inspection/03672b9d-ba53-4ddf-bbe9-2d9fc239780f_1000.jpg!m_fill,w_280,h_210,f_jpg?from=ke.com
20241029,东城,工体,101125266764,光彩国际公寓 3室1厅 南 北,1820万,84303元/平,低楼层 (共28层) 3室1厅 | 215.89平米 | 南 北,https://ke-image.ljcdn.com/110000-inspection/1d699ea1-2a6f-4f1b-a867-6366233c3652_1000.jpg!m_fill,w_280,h_210,f_jpg?from=ke.com
20241029,东城,工体,101125208105,首开幸福广场+东向+看房方便+两居室+70年+燃气,698万,75845元/平,低楼层 (共21层) | 2008年 | 2室1厅 | 92.03平米 | 东,https://ke-image.ljcdn.com/110000-inspection/pc1_sHwmUHsJv_2.jpg!m_fill,w_280,h_210,f_jpg?from=ke.com
20241029,东城,工体,101125203395,直门海晟名苑北区封闭商品房社区精装修观小区花园,650万,95462元/平,中楼层 (共22层) | 2007年 | 1室1厅 | 68.09平米 | 东,https://ke-image.ljcdn.com/110000-inspection/47e6e9d4-873a-43a3-9cb6-8f7575514362_1000.jpg!m_fill,w_280,h_210,f_jpg?from=ke.com
20241029,东城,工体,101125171305,精装修一居室有电梯诚意出售随时签约,320万,90910元/平,底层 (共16层) | 1983年 | 1室1厅 | 35.2平米 | 北,https://ke-image.ljcdn.com/110000-inspection/694d7ef1-2d18-41b4-8712-79e3edb7fe3f_1000.jpg!m_fill,w_280,h_210,f_jpg?from=ke.com
20241029,东城,工体,101125127354,工体 07年商品房 24安保  户型方正 可观西山,705万,69003元/平,顶层 (共21层) | 2008年 | 1室1厅 | 102.17平米 | 西,https://ke-image.ljcdn.com/110000-inspection/e8d0c8ac-fedc-4f1b-8c58-700c86660fc3_1000.jpg!m_fill,w_280,h_210,f_jpg?from=ke.com
20241029,东城,工体,101125127279,三里屯 次新商品房 首开物业 落地窗 可观西山,650万,69923元/平,顶层 (共21层) | 2008年 | 1室1厅 | 92.96平米 | 西,https://ke-image.ljcdn.com/110000-inspection/af5b0818-0ad3-431f-aaae-80838e0377c3_1000.jpg!m_fill,w_280,h_210,f_jpg?from=ke.com
20241029,东城,工体,101125041310,东直门商圈 全明格局 满五年 有钥匙 随时看房,528万,89538元/平,高楼层 (共6层) 2室1厅 | 58.97平米 | 南,https://ke-image.ljcdn.com/110000-inspection/e22caa4b-d07a-4fcf-8403-b38c16277920_1000.jpg!m_fill,w_280,h_210,f_jpg?from=ke.com
20241029,东城,工体,101124986906,新东路小区 电梯房 全明格局 两居室 看房方便,439万,69189元/平,低楼层 (共17层) | 1986年 | 2室1厅 | 63.45平米 | 东 北,https://ke-image.ljcdn.com/110000-inspection/pc1_xU312mwS0_1.jpg!m_fill,w_280,h_210,f_jpg?from=ke.com
20241029,东城,工体,101124918920,幸福二村 2室2厅 西南,479万,76874元/平,低楼层 (共6层) 2室2厅 | 62.31平米 | 西南,https://ke-image.ljcdn.com/110000-inspection/5c682e55-9d56-4595-b11e-070f3563d81e_1000.jpg!m_fill,w_280,h_210,f_jpg?from=ke.com
20241029,东城,工体,101124819798,吉庆里东区 1室1厅 东南,540万,83631元/平,低楼层 (共18层) | 2000年 | 1室1厅 | 64.57平米 | 东南,https://ke-image.ljcdn.com/110000-inspection/pc1_DwqTZx8m8.jpg!m_fill,w_280,h_210,f_jpg?from=ke.com
20241029,东城,工体,101124781804,高层东向两居室对着小区的花园视野无遮挡采光好,1200万,84258元/平,高楼层 (共12层) 2室2厅 | 142.42平米 | 东,https://ke-image.ljcdn.com/110000-inspection/pc1_qPyzwuAoc_1.jpg!m_fill,w_280,h_210,f_jpg?from=ke.com
20241029,东城,工体,101124752006,东城区精装修南北通透复式洋房,2999万,86372元/平,顶层 (共3层) 5室1厅 | 347.22平米 | 南 北,https://ke-image.ljcdn.com/110000-inspection/c161c0c4-7fd7-4660-aae6-7e167e89d739_1000.jpg!m_fill,w_280,h_210,f_jpg?from=ke.com
20241029,东城,工体,101124703164,电梯房精装两居室朝阳区示范小区部委家属楼管理好,400万,84052元/平,中楼层 (共18层) 2室1厅 | 47.59平米 | 南,https://ke-image.ljcdn.com/110000-inspection/30215c4e-f204-47a7-9d03-46b33a5db1c9_1000.jpg!m_fill,w_280,h_210,f_jpg?from=ke.com
20241029,东城,工体,101124676280,东城东直门 南向 1居室 小区环境好,370万,96733元/平,高楼层 (共6层) 1室1厅 | 38.25平米 | 南,https://ke-image.ljcdn.com/110000-inspection/90701138-c409-4ad3-aa76-aefc730f563a_1000.jpg!m_fill,w_280,h_210,f_jpg?from=ke.com
20241029,东城,工体,101124558474,杰座大厦 三里屯 工体 民水民电,300万,73011元/平,中楼层 (共12层) | 2003年 | 1室0厅 | 41.09平米 | 南,https://ke-image.ljcdn.com/110000-inspection/39f0898a-9682-497b-87a3-cf054fa3982d_1000.jpg!m_fill,w_280,h_210,f_jpg?from=ke.com
20241029,东城,工体,101124478378,工体三里屯幸福二村南北通透底层户外空间可用使用率高,549万,83435元/平,底层 (共6层) | 1985年 | 3室1厅 | 65.8平米 | 南 北,https://ke-image.ljcdn.com/110000-inspection/a0a9bba1-679b-4386-ad96-16cde1e0487f_1000.jpg!m_fill,w_280,h_210,f_jpg?from=ke.com
20241029,东城,工体,101124476915,阳光都市 3室1厅 西南,2300万,114190元/平,低楼层 (共24层) 3室1厅 | 201.42平米 | 西南,https://ke-image.ljcdn.com/110000-inspection/9467d269-687c-4f36-82e6-13a4cb916918_1000.jpg!m_fill,w_280,h_210,f_jpg?from=ke.com
20241029,东城,工体,101124418135,永利国际近工人体育场三里屯70年产权西向,365万,59437元/平,中楼层 (共21层) | 2011年 | 1室1厅 | 61.41平米 | 西,https://ke-image.ljcdn.com/110000-inspection/pc1_0mKsavIAE_2.jpg!m_fill,w_280,h_210,f_jpg?from=ke.com
20241029,东城,工体,101124348880,工体西里满五唯一正规三居室对小区花园小区管理好,568万,72718元/平,低楼层 (共7层) | 1991年 | 3室1厅 | 78.11平米 | 东 西,https://ke-image.ljcdn.com/110000-inspection/7641590d-7082-4cf4-b214-87cb06ffd0d6_1000.jpg!m_fill,w_280,h_210,f_jpg?from=ke.com
20241029,东城,工体,101124329140,南北通透 中间楼层 独立管理  视野开阔 采光充足,510万,78838元/平,中楼层 (共6层) | 1987年 | 2室1厅 | 64.69平米 | 南 北,https://ke-image.ljcdn.com/110000-inspection/pc1_XVwfNqwHI_1.jpg!m_fill,w_280,h_210,f_jpg?from=ke.com
20241029,东城,工体,101124302878,聚龙花园 2室1厅 西,998万,69061元/平,中楼层 (共8层) 2室1厅 | 144.51平米 | 西,https://ke-image.ljcdn.com/110000-inspection/2228c212-7ae5-45b3-b533-14d0c2170ad9_1000.jpg!m_fill,w_280,h_210,f_jpg?from=ke.com
20241029,东城,工体,101124286503,满五年商品房通风性好电梯直达高楼层 采光好,1790万,78461元/平,顶层 (共6层) 4室2厅 | 228.14平米 | 东 南 西,https://ke-image.ljcdn.com/110000-inspection/pc1_5QFhzqKtl_1.jpg!m_fill,w_280,h_210,f_jpg?from=ke.com
20241029,东城,工体,101124275087,三里屯 工体对面永利国际精装大开间,420万,68393元/平,中楼层 (共21层) | 2011年 | 1室0厅 | 61.41平米 | 西,https://ke-image.ljcdn.com/110000-inspection/10bb7283-3917-4559-8300-39743d5d73ab_1000.jpg!m_fill,w_280,h_210,f_jpg?from=ke.com
20241029,东城,工体,101124212886,工体三里屯商圈 中间楼层两居室  随时看房 稳定签约,375万,75166元/平,中楼层 (共6层) 2室1厅 | 49.89平米 | 南,https://ke-image.ljcdn.com/110000-inspection/pc1_a2FcpINvE.jpg!m_fill,w_280,h_210,f_jpg?from=ke.com
20241029,东城,工体,101124200831,满五年唯一 购房成本低 无遮挡 采光好,918万,72754元/平,中楼层 (共21层) | 2008年 | 2室1厅 | 126.18平米 | 西 北,https://ke-image.ljcdn.com/110000-inspection/pc1_YoWtjti4v_3.jpg!m_fill,w_280,h_210,f_jpg?from=ke.com
20241029,东城,工体,101123979752,东城区 东四十条 东直门 阳光都市 满五年一居 九年,750万,94602元/平,中楼层 (共25层) 1室1厅 | 79.28平米 | 西,https://ke-image.ljcdn.com/110000-inspection/pc1_dzyehjsDj_2.jpg!m_fill,w_280,h_210,f_jpg?from=ke.com
20241029,东城,工体,101123973188,阳光都市 3室1厅 东北,1430万,98390元/平,低楼层 (共24层) 3室1厅 | 145.34平米 | 东北,https://ke-image.ljcdn.com/110000-inspection/pc1_pl39ig9V9.jpg!m_fill,w_280,h_210,f_jpg?from=ke.com
20241029,东城,工体,101123959374,东城聚龙花园一手业主自住装修爱惜房子,1899万,87015元/平,中楼层 (共8层) 3室2厅 | 218.24平米 | 东南 南,https://ke-image.ljcdn.com/110000-inspection/pc1_Gig0cRfV7.jpg!m_fill,w_280,h_210,f_jpg?from=ke.com
20241029,东城,工体,101123824616,海晟名苑南区 满五唯一商品房 南北通透户型 花园社区房主自荐,1720万,134197元/平,低楼层 (共14层) 3室1厅 | 128.17平米 | 南 北,https://ke-image.ljcdn.com/110000-inspection/ea3814bf-1eae-4744-9e7d-24c3099e1ac4_1000.jpg!m_fill,w_280,h_210,f_jpg?from=ke.com
20241029,东城,工体,101123774598,首开幸福广场 2室1厅 东,1050万,78294元/平,中楼层 (共21层) | 2008年 | 2室1厅 | 134.11平米 | 东,https://ke-image.ljcdn.com/110000-inspection/pc1_fd5UK2ZPO_2.jpg!m_fill,w_280,h_210,f_jpg?from=ke.com
20241029,东城,工体,101123713866,面宽五米主朝南 无遮挡 视野好 采光好 .,2120万,105253元/平,中楼层 (共24层) 3室1厅 | 201.42平米 | 东南,https://ke-image.ljcdn.com/110000-inspection/cc621361-7677-4422-b417-806a31b7681c_1000.jpg!m_fill,w_280,h_210,f_jpg?from=ke.com
20241029,东城,工体,101123698025,东直门三里屯工体 满五年 精装修 单独院 管理好,499万,77138元/平,顶层 (共6层) | 1986年 | 2室1厅 | 64.69平米 | 南 西 北,https://ke-image.ljcdn.com/110000-inspection/3c80aa05-fa88-4ca8-b052-04895e46f38d_1000.jpg!m_fill,w_280,h_210,f_jpg?from=ke.com
20241029,东城,工体,101123661902,海晟名苑南区 东向大三居 一层有花园,1795万,122317元/平,底层 (共22层) 3室1厅 | 146.75平米 | 东,https://ke-image.ljcdn.com/110000-inspection/67da4d81-d94d-47de-8db5-5bf679b3812b_1000.jpg!m_fill,w_280,h_210,f_jpg?from=ke.com
20241029,东城,工体,101123643199,东城区 海晟名苑北区 西向两居室 直观小区 万科物业,980万,102318元/平,中楼层 (共17层) | 2007年 | 2室1厅 | 95.78平米 | 西,https://ke-image.ljcdn.com/110000-inspection/39569979-304b-42cc-8215-801642ec9acc_1000.jpg!m_fill,w_280,h_210,f_jpg?from=ke.com
20241029,东城,工体,101123642230,东城区 海晟名苑北区 两梯三户 中间层 视野好,1050万,108809元/平,中楼层 (共17层) | 2007年 | 1室1厅 | 96.5平米 | 东,https://ke-image.ljcdn.com/110000-inspection/pc1_Dcuh7xpXK_1.jpg!m_fill,w_280,h_210,f_jpg?from=ke.com
20241029,东城,工体,101123606850,阳光都市 西向两居室 精装修 户型方正,1018万,98855元/平,低楼层 (共24层) 2室1厅 | 102.98平米 | 西,https://ke-image.ljcdn.com/110000-inspection/478adf89-189f-4465-8a47-0c09159adab3_1000.jpg!m_fill,w_280,h_210,f_jpg?from=ke.com
20241029,东城,工体,101123564477,阳光都市 3室2厅 西北,1380万,94950元/平,高楼层 (共24层) 3室2厅 | 145.34平米 | 西北,https://ke-image.ljcdn.com/110000-inspection/582296e8-2ff8-423a-a2b5-56186f8128f7_1000.jpg!m_fill,w_280,h_210,f_jpg?from=ke.com
20241029,东城,工体,101123559976,工体三里屯 70年产权 精装修 视野好 诚意出售 次新房,505万,78198元/平,中楼层 (共21层) | 2011年 | 1室1厅 | 64.58平米 | 西北,https://ke-image.ljcdn.com/110000-inspection/368bbaae-9e1c-4fc5-b863-a32337cf5195_1000.jpg!m_fill,w_280,h_210,f_jpg?from=ke.com
20241029,东城,工体,101123490447,三里屯中间楼层  全明格局两居室,329万,67808元/平,中楼层 (共5层) 2室1厅 | 48.52平米 | 东 西,https://ke-image.ljcdn.com/110000-inspection/pc1_SQiG4Hr2L_2.jpg!m_fill,w_280,h_210,f_jpg?from=ke.com
20241029,东城,工体,101123417971,幸福二村 甲宅 南北通透 带电梯,1799万,73909元/平,中楼层 (共6层) | 1999年 | 4室2厅 | 243.41平米 | 南 北,https://ke-image.ljcdn.com/110000-inspection/pc1_dMBZW0uBr_2.jpg!m_fill,w_280,h_210,f_jpg?from=ke.com
20241029,东城,工体,101123351928,东城 工体北里 优质两居  可随时看房,569万,123535元/平,中楼层 (共6层) 2室1厅 | 46.06平米 | 南 西 北,https://ke-image.ljcdn.com/110000-inspection/7fe56f1b-6c4d-488c-940f-9a1b825d8788_1000.jpg!m_fill,w_280,h_210,f_jpg?from=ke.com
20241029,东城,工体,101123323456,东城东直门海晟 南北3+1 双明卫,2690万,132833元/平,低楼层 (共15层) 3室2厅 | 202.51平米 | 南 北,https://ke-image.ljcdn.com/110000-inspection/eaa31e30-7f57-4fb5-816c-e424ce9b6bb7_1000.jpg!m_fill,w_280,h_210,f_jpg?from=ke.com
20241029,东城,工体,101123298538,幸福一村西里 满五唯一 全南向两居 采光好视野开阔,435万,71312元/平,顶层 (共6层) 2室1厅 | 61平米 | 南,https://ke-image.ljcdn.com/110000-inspection/81eaf5ef-590c-4e22-b202-9b623cb7ea04_1000.jpg!m_fill,w_280,h_210,f_jpg?from=ke.com
20241029,东城,工体,101123151962,永利国际中心 东向一居室 诚意出售 价格可谈,690万,61427元/平,中楼层 (共21层) | 2011年 | 1室1厅 | 112.33平米 | 东,https://ke-image.ljcdn.com/110000-inspection/d19300cd-7a84-4025-a9fa-7abb3acd4dd8_1000.jpg!m_fill,w_280,h_210,f_jpg?from=ke.com
20241029,东城,工体,101122986292,带电梯+明厨明卫+户型方正+出行方便,398万,76775元/平,低楼层 (共16层) 2室1厅 | 51.84平米 | 北,https://ke-image.ljcdn.com/110000-inspection/ac177ba4-6f5f-43e5-8702-9be7392b2abc_1000.jpg!m_fill,w_280,h_210,f_jpg?from=ke.com
20241029,东城,工体,101122969790,阳光都市 温馨小户型 满五年唯一 随时可看,780万,98386元/平,低楼层 (共25层) 1室1厅 | 79.28平米 | 西,https://ke-image.ljcdn.com/110000-inspection/dcfed86c-e776-4122-9b63-fafe2b6248ed_1000.jpg!m_fill,w_280,h_210,f_jpg?from=ke.com
20241029,东城,工体,101122967098,阳光都市 2室1厅 东,1250万,79340元/平,底层 (共24层) 2室1厅 | 157.55平米 | 东,https://ke-image.ljcdn.com/110000-inspection/pc1_dDMBQlWRq.jpg!m_fill,w_280,h_210,f_jpg?from=ke.com
20241029,东城,工体,101122967043,2011年 永利国际 临工体 精装修,405万,65929元/平,高楼层 (共21层) | 2011年 | 1室0厅 | 61.43平米 | 西,https://ke-image.ljcdn.com/110000-inspection/pc1_QpfvZObsN.jpg!m_fill,w_280,h_210,f_jpg?from=ke.com
20241029,东城,工体,101122966281,业主单纯变现看房方便提前约基本随时能看,1120万,105224元/平,低楼层 (共24层) 2室2厅 | 106.44平米 | 东,https://ke-image.ljcdn.com/110000-inspection/a258c0c4-9f6e-4eae-8c87-7ad043f4feae_1000.jpg!m_fill,w_280,h_210,f_jpg?from=ke.com
20241029,东城,工体,101122955648,首开幸福广场 高层精装两居室 满五年唯一,899万,67306元/平,高楼层 (共27层) 2室2厅 | 133.57平米 | 北,https://ke-image.ljcdn.com/110000-inspection/pc1_yEyNyRvW1_3.jpg!m_fill,w_280,h_210,f_jpg?from=ke.com
20241029,东城,工体,101122883269,工体北门2000年6层板楼一梯两户可以停车,730万,74796元/平,中楼层 (共6层) 2室1厅 | 97.6平米 | 东 西,https://ke-image.ljcdn.com/110000-inspection/30d75938-270a-4e3e-b7ad-fe111c1d2e64_1000.jpg!m_fill,w_280,h_210,f_jpg?from=ke.com
20241029,东城,工体,101122883123,首开幸福广场 2007商品房 三里屯 可看见地铁站,888万,67823元/平,中楼层 (共27层) 2室1厅 | 130.93平米 | 北,https://ke-image.ljcdn.com/110000-inspection/pc1_jNwyOVMix_2.jpg!m_fill,w_280,h_210,f_jpg?from=ke.com
20241029,东城,工体,101122879851,工体2007年小区 24H保安 停车方便 南向复式 采光好,1350万,72050元/平,中楼层 (共27层) 3室1厅 | 187.37平米 | 南,https://ke-image.ljcdn.com/110000-inspection/0983f80f-f375-4667-a1e9-4c90a9ccc4e3_1000.jpg!m_fill,w_280,h_210,f_jpg?from=ke.com
20241029,东城,工体,101122877645,东城 东直门 海晟名苑北区精装修一居室,760万,103741元/平,低楼层 (共22层) | 2007年 | 1室1厅 | 73.26平米 | 南,https://ke-image.ljcdn.com/110000-inspection/3836c2b8-1075-4ec3-9cff-8dbaf7073e19_1000.jpg!m_fill,w_280,h_210,f_jpg?from=ke.com
20241029,东城,工体,101122877452,海晟名苑 封闭社区 满五年唯一 高层开间,485万,102995元/平,中楼层 (共17层) | 2007年 | 1室0厅 | 47.09平米 | 西,https://ke-image.ljcdn.com/110000-inspection/pc1_d6W6YY3jY_2.jpg!m_fill,w_280,h_210,f_jpg?from=ke.com
20241029,东城,工体,101122877310,海晟名苑南区 高楼层南向三居 采光视野好房主自荐,2250万,138804元/平,高楼层 (共14层) 3室1厅 | 162.1平米 | 南,https://ke-image.ljcdn.com/110000-inspection/a100bd62-e267-4204-8321-5c4c049e102c_1000.jpg!m_fill,w_280,h_210,f_jpg?from=ke.com
20241029,东城,工体,101122875117,幸福村中路55号 精装方正一居 户型好 诚意出售,499万,65204元/平,底层 (共12层) 1室1厅 | 76.53平米 | 西,https://ke-image.ljcdn.com/110000-inspection/1bb94bea-7402-46ac-8a36-5a9b6da70cf8_1000.jpg!m_fill,w_280,h_210,f_jpg?from=ke.com
20241029,东城,工体,101122874998,总监推荐2007年商品房精装修两居室,760万,82582元/平,中楼层 (共21层) | 2008年 | 2室1厅 | 92.03平米 | 东,https://ke-image.ljcdn.com/110000-inspection/3528bd46-34ec-4a37-b829-4ecb25992b90_1000.jpg!m_fill,w_280,h_210,f_jpg?from=ke.com
20241029,东城,工体,101122871450,海晟名苑 东向一居室 满五年唯一住宅 万科物业 楼龄新,699万,95414元/平,中楼层 (共16层) | 2007年 | 1室1厅 | 73.26平米 | 东,https://ke-image.ljcdn.com/110000-inspection/c620f5a8-cebb-4060-b9cd-f67bee4b41bd_1000.jpg!m_fill,w_280,h_210,f_jpg?from=ke.com
20241029,东城,工体,101122812159,东城区 海晟名苑大一居 满五唯一住宅 楼龄新环境好,675万,82277元/平,低楼层 (共22层) | 2007年 | 1室1厅 | 82.04平米 | 东,https://ke-image.ljcdn.com/110000-inspection/f1fc3a06-7a8a-4c04-8071-89bf3abbf7a5_1000.jpg!m_fill,w_280,h_210,f_jpg?from=ke.com
20241029,东城,工体,101122783449,幸福二村 南北通透 采光充足 临着小花园,382万,69518元/平,顶层 (共6层) | 1982年 | 2室1厅 | 54.95平米 | 南 北,https://ke-image.ljcdn.com/110000-inspection/70f1d3b9-8015-4bb6-a990-be83491fffff_1000.jpg!m_fill,w_280,h_210,f_jpg?from=ke.com
20241029,东城,工体,101122712250,首开幸福广场 地铁方便 位于三里屯西侧 工体北侧,750万,74023元/平,低楼层 (共27层) 1室1厅 | 101.32平米 | 南,https://ke-image.ljcdn.com/110000-inspection/4f4fcfa8-9c1f-438e-a6a1-3d73ee774202_1000.jpg!m_fill,w_280,h_210,f_jpg?from=ke.com
20241029,东城,工体,101122689025,满五唯一 高层落地窗 无遮挡 采光佳 观景视野好,996万,73899元/平,顶层 (共21层) | 2008年 | 2室2厅 | 134.78平米 | 西,https://ke-image.ljcdn.com/110000-inspection/778296e3-c468-4271-a860-49b865022573_1000.jpg!m_fill,w_280,h_210,f_jpg?from=ke.com
20241029,东城,工体,101122419569,满五年唯一住房不临街诚意出售,1100万,65692元/平,底层 (共19层) 4室2厅 | 167.45平米 | 西南,https://ke-image.ljcdn.com/110000-inspection/pc1_P0cL6pqPa.jpg!m_fill,w_280,h_210,f_jpg?from=ke.com
20241029,东城,工体,101122361626,港湾国际 南向 采光好 视野开阔,290万,74207元/平,高楼层 (共16层) | 2005年 | 1室1厅 | 39.08平米 | 南,https://ke-image.ljcdn.com/110000-inspection/572af48b-e829-42fc-93bf-6c22788109a0_1000.jpg!m_fill,w_280,h_210,f_jpg?from=ke.com
20241029,东城,工体,101122088706,聚龙花园精装温馨三居采光充足视野无遮挡房主自荐,1690万,77438元/平,高楼层 (共8层) 3室2厅 | 218.24平米 | 东 北,https://ke-image.ljcdn.com/110000-inspection/pc1_TPaJYTOhq.jpg!m_fill,w_280,h_210,f_jpg?from=ke.com
20241029,东城,工体,101122077707,工体西里 1990年小区 朝南电梯两居 高层视野开阔,400万,82782元/平,高楼层 (共24层) | 1990年 | 2室1厅 | 48.32平米 | 南,https://ke-image.ljcdn.com/110000-inspection/5d138f0c-771e-4892-8569-7c5cad6a5a6a_1000.jpg!m_fill,w_280,h_210,f_jpg?from=ke.com
20241029,东城,工体,101122055261,幸福二村甲宅 高楼层三居 客厅落地窗 满五年唯一,890万,69662元/平,高楼层 (共6层) 3室1厅 | 127.76平米 | 东 西,https://ke-image.ljcdn.com/110000-inspection/cf705c9a-3136-4849-8f00-0e5196467ff2_1000.jpg!m_fill,w_280,h_210,f_jpg?from=ke.com
20241029,东城,工体,101122036903,工体东直门 海晟名苑南区 高层全新装修东西三居室,1720万,121170元/平,高楼层 (共20层) 3室2厅 | 141.95平米 | 东 西,https://ke-image.ljcdn.com/110000-inspection/ac155d64-0728-4afa-9700-3ac1af8bb704_1000.jpg!m_fill,w_280,h_210,f_jpg?from=ke.com
20241029,东城,工体,101121923762,海晟名苑南区 南北通透 高楼层 视野好 商品房社区,1900万,149160元/平,低楼层 (共18层) 2室1厅 | 127.38平米 | 南 北,https://ke-image.ljcdn.com/110000-inspection/7155adf4-c017-40bc-afeb-edadb5805747_1000.jpg!m_fill,w_280,h_210,f_jpg?from=ke.com
20241029,东城,工体,101121795940,海晟名苑高层西向开间 视野无遮挡采光好,450万,95562元/平,高楼层 (共17层) | 2007年 | 1室0厅 | 47.09平米 | 西,https://ke-image.ljcdn.com/110000-inspection/pc1_qrY8kGIp1_2.jpg!m_fill,w_280,h_210,f_jpg?from=ke.com
20241029,东城,工体,101121766281,工体三里屯精装修两居室有电梯高楼层,1176万,89819元/平,中楼层 (共27层) | 2008年 | 2室1厅 | 130.93平米 | 北,https://ke-image.ljcdn.com/110000-inspection/pc1_Iv0vlVr5d_1.jpg!m_fill,w_280,h_210,f_jpg?from=ke.com
20241029,东城,工体,101121749191,东直门 民水民电 带电梯 视野开阔,340万,73340元/平,低楼层 (共16层) | 2005年 | 1室0厅 | 46.36平米 | 北,https://ke-image.ljcdn.com/110000-inspection/ab24ea5a-f664-4945-939a-fbd48d749594_1000.jpg!m_fill,w_280,h_210,f_jpg?from=ke.com
20241029,东城,工体,101121744127,房子满五唯一采光视野好 业主二次装修,710万,69917元/平,中楼层 (共17层) | 2013年 | 2室2厅 | 101.55平米 | 东,https://ke-image.ljcdn.com/110000-inspection/93d1717f-344b-4ed4-95c9-451a9538fdf6_1000.jpg!m_fill,w_280,h_210,f_jpg?from=ke.com
20241029,东城,工体,101121703747,东城区 工体北里两居室 明厨明卫,468万,101607元/平,低楼层 (共6层) 2室0厅 | 46.06平米 | 东 南 北,https://ke-image.ljcdn.com/110000-inspection/c78b811c-c980-43dc-b694-bbebb0307b21_1000.jpg!m_fill,w_280,h_210,f_jpg?from=ke.com
20241029,东城,工体,101121672890,东城区工体北里精装两居室带电梯采光好。,630万,114859元/平,高楼层 (共6层) 2室1厅 | 54.85平米 | 东 西,https://ke-image.ljcdn.com/110000-inspection/pc1_pxRNAcaty_1.jpg!m_fill,w_280,h_210,f_jpg?from=ke.com
20241029,东城,工体,101121547997,工人体育场 阳光都市 精装西南三居室,1860万,108607元/平,低楼层 (共25层) 3室1厅 | 171.26平米 | 西南,https://ke-image.ljcdn.com/110000-inspection/ac26eeb7-7083-42a3-9f48-79878803f0f2_1000.jpg!m_fill,w_280,h_210,f_jpg?from=ke.com
20241029,东城,工体,101121506634,阳光都市 2室1厅 西南,1460万,89957元/平,中楼层 (共24层) 2室1厅 | 162.3平米 | 西南,https://ke-image.ljcdn.com/110000-inspection/746e1f0b-586f-4aea-97a7-d5663626325c_1000.jpg!m_fill,w_280,h_210,f_jpg?from=ke.com
20241029,东城,工体,101121495610,新上十字坡东里 南向中间层看房方便 采光棒无遮挡,425万,112643元/平,高楼层 (共6层) 1室1厅 | 37.73平米 | 南,https://ke-image.ljcdn.com/110000-inspection/553159ab-aaae-4505-bf84-6e083ddfc37d_1000.jpg!m_fill,w_280,h_210,f_jpg?from=ke.com
20241029,东城,工体,101121451551,海晟名苑南区 南北通透大三居 两梯两户,2550万,121446元/平,底层 (共20层) | 2003年 | 3室2厅 | 209.97平米 | 南 北,https://ke-image.ljcdn.com/110000-inspection/61bfa137-2574-4495-b236-1eeb0004fdb9_1000.jpg!m_fill,w_280,h_210,f_jpg?from=ke.com
20241029,东城,工体,101121262036,永利国际复式结构此面积是单层面积共10部电梯,529万,77840元/平,低楼层 (共18层) | 2011年 | 2室1厅 | 67.96平米 | 南,https://ke-image.ljcdn.com/110000-inspection/737a654b-d90f-40d1-b7f6-5ed20aa28051_1000.jpg!m_fill,w_280,h_210,f_jpg?from=ke.com
20241029,东城,工体,101121055472,首开幸福广场 东向两居室 满五年 诚意出售,950万,70838元/平,低楼层 (共21层) | 2008年 | 3室1厅 | 134.11平米 | 东,https://ke-image.ljcdn.com/110000-inspection/pc1_ZJBejwwPQ_2.jpg!m_fill,w_280,h_210,f_jpg?from=ke.com
20241029,东城,工体,101121054968,永利国际 一室一厅 高层无遮挡 视野好,650万,57969元/平,高楼层 (共21层) | 2011年 | 1室1厅 | 112.13平米 | 东,https://ke-image.ljcdn.com/110000-inspection/a19ec442-9d49-4cb4-b2fc-dfc3202fce51_1000.jpg!m_fill,w_280,h_210,f_jpg?from=ke.com
20241029,东城,工体,101121054414,永利国际一室一厅 卫生间带窗户,519万,80353元/平,高楼层 (共21层) | 2011年 | 1室1厅 | 64.59平米 | 西南,https://ke-image.ljcdn.com/110000-inspection/4d983934-5a02-402c-b819-32113d21b062_1000.jpg!m_fill,w_280,h_210,f_jpg?from=ke.com
20241029,东城,工体,101121033745,高层景观房西望西山无遮挡不临街拎包入住,2150万,151998元/平,高楼层 (共22层) 3室1厅 | 141.45平米 | 东 西,https://ke-image.ljcdn.com/110000-inspection/f1796d9c-1020-426f-be8a-6797235471a0_1000.jpg!m_fill,w_280,h_210,f_jpg?from=ke.com
20241029,东城,工体,101120974026,东城区 海晟名苑北区 南向一居 万科物业 满五唯一房主自荐,760万,104525元/平,中楼层 (共17层) | 2007年 | 1室1厅 | 72.71平米 | 南,https://ke-image.ljcdn.com/110000-inspection/pc1_lSMZPjP58.jpg!m_fill,w_280,h_210,f_jpg?from=ke.com
20241029,东城,工体,101120913234,聚龙花园 西南两居室 满五年唯一,1200万,70431元/平,高楼层 (共12层) | 1996年 | 3室2厅 | 170.38平米 | 西南,https://ke-image.ljcdn.com/110000-inspection/4857af0c-23c3-48d9-9cf5-ee6ab86d1771_1000.jpg!m_fill,w_280,h_210,f_jpg?from=ke.com
20241029,东城,工体,101120911418,工体商圈 2005年 住宅 民水民电,287万,73440元/平,低楼层 (共16层) | 2005年 | 1室1厅 | 39.08平米 | 北,https://ke-image.ljcdn.com/110000-inspection/315dee55-226b-4e6a-aeb7-abe74720f20e_1000.jpg!m_fill,w_280,h_210,f_jpg?from=ke.com
20241029,东城,工体,101120807456,阳光都市东北三居室大客厅近地铁2号线,1298万,89308元/平,低楼层 (共24层) 3室1厅 | 145.34平米 | 东北,https://ke-image.ljcdn.com/110000-inspection/787a8896-2359-4b7a-8b4b-ac95e7a2f6be_1000.jpg!m_fill,w_280,h_210,f_jpg?from=ke.com
20241029,东城,工体,101120799677,阳光都市2000年商品房地铁东四十条站2号线,1650万,101664元/平,低楼层 (共24层) 2室2厅 | 162.3平米 | 西,https://ke-image.ljcdn.com/110000-inspection/pc1_iEJU9X8Ck.jpg!m_fill,w_280,h_210,f_jpg?from=ke.com
20241029,东城,工体,101120748025,不缺角四居户型方正明厨明卫净高2.77,1900万,78986元/平,底层 (共25层) 4室2厅 | 240.55平米 | 西南,https://ke-image.ljcdn.com/110000-inspection/03d4c2fc-3370-4f45-b1f3-08456c490106_1000.jpg!m_fill,w_280,h_210,f_jpg?from=ke.com
20241029,东城,工体,101120732488,首开幸福广场+有燃气 70年产权 户型方正,699万,75568元/平,低楼层 (共21层) | 2008年 | 1室1厅 | 92.5平米 | 西,https://ke-image.ljcdn.com/110000-inspection/pc1_flOAI6EjV.jpg!m_fill,w_280,h_210,f_jpg?from=ke.com
20241029,东城,工体,101120598490,东城顶层复式视野开阔社区人车分流,3700万,123643元/平,高楼层 (共22层) 5室3厅 | 299.25平米 | 南,https://ke-image.ljcdn.com/110000-inspection/0873f384-b647-4a1c-8ba0-14657da71849_1000.jpg!m_fill,w_280,h_210,f_jpg?from=ke.com
20241029,东城,工体,101120401315,东城区 工体3号 朝东向 开间户型 满两年,420万,82727元/平,中楼层 (共17层) | 2013年 | 1室0厅 | 50.77平米 | 东,https://ke-image.ljcdn.com/110000-inspection/51488b96-182f-4ef7-9727-3cfe74ab2e41_1000.jpg!m_fill,w_280,h_210,f_jpg?from=ke.com
20241029,东城,工体,101120401279,东城区工体3号西南向一居室户型满两年,520万,74233元/平,中楼层 (共17层) | 2013年 | 1室1厅 | 70.05平米 | 南 西,https://ke-image.ljcdn.com/110000-inspection/pc1_7ZiUc9tsK.jpg!m_fill,w_280,h_210,f_jpg?from=ke.com
20241029,东城,工体,101119917984,锦绣园 南北4居室 户型方正 双卫 双阳台,1910万,83476元/平,低楼层 (共19层) 4室2厅 | 228.81平米 | 西南,https://ke-image.ljcdn.com/110000-inspection/f4f5264d-8e8a-4b15-a976-60fbc1d70ebc_1000.jpg!m_fill,w_280,h_210,f_jpg?from=ke.com
20241029,东城,工体,101119684128,幸福二村 环境好 楼龄新 阳台挑空3.5米,574万,70655元/平,顶层 (共6层) | 1999年 | 1室2厅 | 81.24平米 | 东 西,https://ke-image.ljcdn.com/110000-inspection/pc1_zRRjJIj03_1.jpg!m_fill,w_280,h_210,f_jpg?from=ke.com
20241029,东城,工体,101119435324,幸福二村 带电梯 南向一居室 精装修,459万,90230元/平,低楼层 (共11层) | 1990年 | 1室1厅 | 50.87平米 | 南,https://ke-image.ljcdn.com/110000-inspection/pc1_cxBonJiGf.jpg!m_fill,w_280,h_210,f_jpg?from=ke.com
20241029,东城,工体,101119271075,幸福二村 1室2厅 南 北,570万,80863元/平,高楼层 (共6层) | 1999年 | 1室2厅 | 70.49平米 | 南 北,https://ke-image.ljcdn.com/110000-inspection/pc1_pu1hPimpK_1.jpg!m_fill,w_280,h_210,f_jpg?from=ke.com
20241029,东城,工体,101119018641,工体商圈 西南北3居室 中间楼层,450万,78139元/平,中楼层 (共5层) | 1978年 | 3室1厅 | 57.59平米 | 南 西 北,https://ke-image.ljcdn.com/110000-inspection/cf3f3ae0-4ff0-4bbc-9333-631caac51b3c_1000.jpg!m_fill,w_280,h_210,f_jpg?from=ke.com
20241029,东城,工体,101118855163,朝阳区示范小区人车分流三部一司家属楼,735万,86258元/平,低楼层 (共18层) | 1990年 | 3室1厅 | 85.21平米 | 东 北 南,https://ke-image.ljcdn.com/110000-inspection/b65086bc-68d5-4db5-88bf-2706cef5d6b3_1000.jpg!m_fill,w_280,h_210,f_jpg?from=ke.com
20241029,东城,工体,101118750400,聚龙花园南向一居室户型方正 格局好,950万,87005元/平,低楼层 (共12层) | 1996年 | 1室2厅 | 109.19平米 | 南,https://ke-image.ljcdn.com/110000-inspection/f76b1013-c83f-4805-9fc9-783261c1f3b1_1000.jpg!m_fill,w_280,h_210,f_jpg?from=ke.com
20241029,东城,工体,101118276142,东直门东城 海晟名苑精装三居室,2180万,147099元/平,中楼层 (共22层) 3室2厅 | 148.2平米 | 东 西,https://ke-image.ljcdn.com/110000-inspection/pc1_aSkDj0MnM_2.jpg!m_fill,w_280,h_210,f_jpg?from=ke.com
20241029,东城,工体,101127314580,东城正规精装一居 西南朝向 明厨明卫 有燃气,660万,84098元/平,中楼层 (共11层) | 2008年 | 1室1厅 | 78.48平米 | 西南,https://s1.ljcdn.com/pegasus/redskull/images/common/default_house_list.png?_v=202410161653269
20241029,东城,工体,101127269311,世茂广场•工三 高层观景房 采光好新上,440万,48459元/平,中楼层 (共22层) 1室0厅 | 90.8平米 | 东南,https://s1.ljcdn.com/pegasus/redskull/images/common/default_house_list.png?_v=202410161653269
20241029,东城,工体,101127267562,幸福二村 2室1厅 南 北新上,790万,88625元/平,顶层 (共6层) 2室1厅 | 89.14平米 | 南 北,https://s1.ljcdn.com/pegasus/redskull/images/common/default_house_list.png?_v=202410161653269
20241029,东城,工体,101127223164,工体西门 部委家属楼 24小时热水新上,520万,81086元/平,低楼层 (共18层) | 1990年 | 2室1厅 | 64.13平米 | 东南,https://s1.ljcdn.com/pegasus/redskull/images/common/default_house_list.png?_v=202410161653269
20241029,东城,工体,101127071121,满五唯一电梯高层全南向（与北通透）一室一厅拎包入住房主自荐,450万,80143元/平,顶层 (共12层) 1室1厅 | 56.15平米 | 南,https://s1.ljcdn.com/pegasus/redskull/images/common/default_house_list.png?_v=202410161653269
20241029,东城,工体,101127021428,朝南向小开间独享小阳台 全景落地窗,398万,51250元/平,中楼层 (共22层) 1室0厅 | 77.66平米 | 南,https://s1.ljcdn.com/pegasus/redskull/images/common/default_house_list.png?_v=202410161653269
20241029,东城,工体,101127018299,幸福二村 闹中取静 低楼层 价格可谈 满五唯一,790万,86245元/平,底层 (共6层) 2室1厅 | 91.6平米 | 南 北,https://s1.ljcdn.com/pegasus/redskull/images/common/default_house_list.png?_v=202410161653269
20241029,东城,工体,101126939317,50年产权。上下二层房本单层建筑面积,535万,79531元/平,高楼层 (共18层) | 2011年 | 1室1厅 | 67.27平米 | 南,https://s1.ljcdn.com/pegasus/redskull/images/common/default_house_list.png?_v=202410161653269
20241029,东城,工体,101126931567,铂晶豪庭 2室1厅 东,820万,95272元/平,中楼层 (共11层) | 2011年 | 2室1厅 | 86.07平米 | 东,https://s1.ljcdn.com/pegasus/redskull/images/common/default_house_list.png?_v=202410161653269
20241029,东城,工体,101126916341,世茂广场•工三   2011年,380万,55572元/平,低楼层 (共22层) 1室1厅 | 68.38平米 | 东,https://s1.ljcdn.com/pegasus/redskull/images/common/default_house_list.png?_v=202410161653269
20241029,东城,工体,101126913385,首开幸福广场 70年产权  有燃气 24小时保安,605万,65740元/平,中楼层 (共21层) | 2008年 | 1室1厅 | 92.03平米 | 东,https://s1.ljcdn.com/pegasus/redskull/images/common/default_house_list.png?_v=202410161653269
20241029,东城,工体,101126818039,首开幸福广场 2室2厅 北,920万,75219元/平,中楼层 (共27层) | 2008年 | 2室2厅 | 122.31平米 | 北,https://s1.ljcdn.com/pegasus/redskull/images/common/default_house_list.png?_v=202410161653269
20241029,东城,工体,101126780328,工体西里 3室1厅 东南,770万,90365元/平,低楼层 (共18层) | 1990年 | 3室1厅 | 85.21平米 | 东南,https://s1.ljcdn.com/pegasus/redskull/images/common/default_house_list.png?_v=202410161653269
20241029,东城,工体,101126716590,五十年产权上下二层房本单层建筑面积,628万,65615元/平,中楼层 (共18层) | 2011年 | 3室1厅 | 95.71平米 | 北,https://s1.ljcdn.com/pegasus/redskull/images/common/default_house_list.png?_v=202410161653269
20241029,东城,工体,101126705741,世茂广场•工三  观景房 可以看到工人体育场,450万,49560元/平,中楼层 (共22层) 1室1厅 | 90.8平米 | 东北,https://s1.ljcdn.com/pegasus/redskull/images/common/default_house_list.png?_v=202410161653269
20241029,东城,工体,101126705607,三里屯 2011 世茂广场•工三,455万,50238元/平,中楼层 (共22层) 1室1厅 | 90.57平米 | 南,https://s1.ljcdn.com/pegasus/redskull/images/common/default_house_list.png?_v=202410161653269
20241029,东城,工体,101126705280,本房是西南向一居室有正规客厅中间楼层 精装修,255万,59097元/平,低楼层 (共6层) 1室1厅 | 43.15平米 | 西南,https://s1.ljcdn.com/pegasus/redskull/images/common/default_house_list.png?_v=202410161653269
20241029,东城,工体,101126686263,三里屯 新工体 世茂广场•工三 地铁好房,440万,39181元/平,中楼层 (共22层) 1室1厅 | 112.3平米 | 东,https://s1.ljcdn.com/pegasus/redskull/images/common/default_house_list.png?_v=202410161653269
20241029,东城,工体,101126669176,世茂广场•工三 1室1厅 南 北,490万,63096元/平,中楼层 (共22层) 1室1厅 | 77.66平米 | 南 北,https://s1.ljcdn.com/pegasus/redskull/images/common/default_house_list.png?_v=202410161653269
20241029,东城,工体,101126651787,杰座大厦 精装拎包入住电梯 看房方便房主自荐,368万,65341元/平,中楼层 (共12层) | 2003年 | 1室1厅 | 56.32平米 | 北,https://s1.ljcdn.com/pegasus/redskull/images/common/default_house_list.png?_v=202410161653269
20241029,东城,工体,101126547526,永利国际购物中心东向带电梯看房方便。,450万,56250元/平,低楼层 (共21层) | 2011年 | 2室1厅 | 80平米 | 东,https://s1.ljcdn.com/pegasus/redskull/images/common/default_house_list.png?_v=202410161653269
20241029,东城,工体,101126459120,杰座大厦 商品房 精装修 拎包入住 视野好房主自荐,489万,63897元/平,低楼层 (共12层) 1室1厅 | 76.53平米 | 西南,https://s1.ljcdn.com/pegasus/redskull/images/common/default_house_list.png?_v=202410161653269
20241029,东城,工体,101126448779,海晟名苑北区 东向大开间 视野好 业主诚意出售,386万,78408元/平,低楼层 (共17层) | 2007年 | 1室0厅 | 49.23平米 | 东,https://s1.ljcdn.com/pegasus/redskull/images/common/default_house_list.png?_v=202410161653269
20241029,东城,工体,101126436499,海晟名苑北区 人车分流 环境优雅,410万,92073元/平,中楼层 (共16层) | 2007年 | 1室0厅 | 44.53平米 | 西,https://s1.ljcdn.com/pegasus/redskull/images/common/default_house_list.png?_v=202410161653269
20241029,东城,工体,101126299291,十字坡东里 低楼层 南向2居室 采光好,505万,94517元/平,低楼层 (共6层) 2室1厅 | 53.43平米 | 南,https://s1.ljcdn.com/pegasus/redskull/images/common/default_house_list.png?_v=202410161653269
20241029,东城,工体,101126275876,世茂广场•工三 新工体 三里屯  诚意出售,424万,39068元/平,中楼层 (共22层) | 2010年 | 1室1厅 | 108.53平米 | 西,https://s1.ljcdn.com/pegasus/redskull/images/common/default_house_list.png?_v=202410161653269
20241029,东城,工体,101126250797,全南向高层视野开阔采光充足,668万,59068元/平,中楼层 (共6层) 2室1厅 | 113.09平米 | 南,https://s1.ljcdn.com/pegasus/redskull/images/common/default_house_list.png?_v=202410161653269
20241029,东城,工体,101126234388,世茂广场•工三精装修一年无遮挡视野好,490万,47610元/平,高楼层 (共22层) | 2011年 | 1室1厅 | 102.92平米 | 东,https://s1.ljcdn.com/pegasus/redskull/images/common/default_house_list.png?_v=202410161653269
20241029,东城,工体,101126160140,东城区 东直门 2003年 南北通透 复式 7居室,4390万,109305元/平,顶层 (共20层) 7室2厅 | 401.63平米 | 南 北,https://s1.ljcdn.com/pegasus/redskull/images/common/default_house_list.png?_v=202410161653269
20241029,东城,工体,101126111938,海晟名苑北区南向开间 精装修 高层无遮挡,500万,104472元/平,中楼层 (共17层) | 2007年 | 1室0厅 | 47.86平米 | 南,https://s1.ljcdn.com/pegasus/redskull/images/common/default_house_list.png?_v=202410161653269
20241029,东城,工体,101125927271,经典的四居满足一家人居住需求。,1400万,61661元/平,低楼层 (共19层) | 1997年 | 4室2厅 | 227.05平米 | 南 北,https://s1.ljcdn.com/pegasus/redskull/images/common/default_house_list.png?_v=202410161653269
20241029,东城,工体,101125905857,吉庆里6号楼 住宅属性 高层视野好,900万,35061元/平,中楼层 (共16层) 3室1厅 | 256.7平米 | 东南,https://s1.ljcdn.com/pegasus/redskull/images/common/default_house_list.png?_v=202410161653269
20241029,东城,工体,101125785176,工体商圈 2005年 住宅 民水民电 市政集中供暖,218万,55784元/平,中楼层 (共16层) 1室1厅 | 39.08平米 | 北,https://s1.ljcdn.com/pegasus/redskull/images/common/default_house_list.png?_v=202410161653269
20241029,东城,工体,101125634851,东直门东城逸墅南向满五年诚意出售,666万,58912元/平,中楼层 (共6层) 2室1厅 | 113.05平米 | 南,https://s1.ljcdn.com/pegasus/redskull/images/common/default_house_list.png?_v=202410161653269
20241029,东城,工体,101125454511,满五年正规两居室小区管理好户型方正,455万,70950元/平,低楼层 (共18层) 2室1厅 | 64.13平米 | 东南,https://s1.ljcdn.com/pegasus/redskull/images/common/default_house_list.png?_v=202410161653269
20241029,东城,工体,101125127458,三里屯 2007年  24H安保 户型方正 有车位,650万,69923元/平,顶层 (共21层) | 2008年 | 1室1厅 | 92.96平米 | 西,https://s1.ljcdn.com/pegasus/redskull/images/common/default_house_list.png?_v=202410161653269
20241029,东城,工体,101125127416,2007年 首开幸福广场 管理好 有车位,705万,69003元/平,顶层 (共21层) | 2008年 | 1室1厅 | 102.17平米 | 西,https://s1.ljcdn.com/pegasus/redskull/images/common/default_house_list.png?_v=202410161653269
20241029,东城,工体,101125099357,东城逸墅 南北通透 楼层视野好 诚意出售,990万,55578元/平,高楼层 (共6层) | 2008年 | 3室2厅 | 178.13平米 | 南 北,https://s1.ljcdn.com/pegasus/redskull/images/common/default_house_list.png?_v=202410161653269
20241029,东城,工体,101124937228,东二环外东城办公产权不临路,350万,38260元/平,中楼层 (共10层) | 2008年 | 1室1厅 | 91.48平米 | 西,https://s1.ljcdn.com/pegasus/redskull/images/common/default_house_list.png?_v=202410161653269
20241029,东城,工体,101124859830,东二环外东城办公产权不临路,200万,45188元/平,中楼层 (共10层) | 2008年 | 1室0厅 | 44.26平米 | 北,https://s1.ljcdn.com/pegasus/redskull/images/common/default_house_list.png?_v=202410161653269
20241029,东城,工体,101124840492,工体永利国际西北向高楼层6部电梯,800万,68022元/平,高楼层 (共18层) | 2011年 | 3室1厅 | 117.61平米 | 西北,https://s1.ljcdn.com/pegasus/redskull/images/common/default_house_list.png?_v=202410161653269
20241029,东城,工体,101124721928,东城区满五年有电梯高楼层采光好视野棒,480万,104190元/平,高楼层 (共16层) 1室1厅 | 46.07平米 | 南,https://s1.ljcdn.com/pegasus/redskull/images/common/default_house_list.png?_v=202410161653269
20241029,东城,工体,101124558514,2003年 三里屯 工体 有电梯  民水民电,330万,73546元/平,中楼层 (共12层) | 2003年 | 1室0厅 | 44.87平米 | 北,https://s1.ljcdn.com/pegasus/redskull/images/common/default_house_list.png?_v=202410161653269
20241029,东城,工体,101124552727,东二环 光彩国际 满五唯一 随时签约,2150万,78981元/平,低楼层 (共27层) | 2003年 | 4室1厅 | 272.22平米 | 西南,https://s1.ljcdn.com/pegasus/redskull/images/common/default_house_list.png?_v=202410161653269
20241029,东城,工体,101124452242,光彩国际高层三居室视野好采光棒房主自荐,1650万,76129元/平,中楼层 (共27层) 3室1厅 | 216.74平米 | 西南,https://s1.ljcdn.com/pegasus/redskull/images/common/default_house_list.png?_v=202410161653269
20241029,东城,工体,101123566356,永利国际复式结构此面积是单层面积共10部电梯,450万,70689元/平,低楼层 (共12层) | 2011年 | 1室1厅 | 63.66平米 | 东北,https://s1.ljcdn.com/pegasus/redskull/images/common/default_house_list.png?_v=202410161653269
20241029,东城,工体,101123473183,工体商圈 1居室 高楼层 无遮挡 采光好,305万,84441元/平,顶层 (共5层) 1室1厅 | 36.12平米 | 东,https://s1.ljcdn.com/pegasus/redskull/images/common/default_house_list.png?_v=202410161653269
20241029,东城,工体,101123413115,海晟名苑北区 中间楼层 东向 2020年2次装修过,475万,99811元/平,中楼层 (共17层) | 2007年 | 1室1厅 | 47.59平米 | 东,https://s1.ljcdn.com/pegasus/redskull/images/common/default_house_list.png?_v=202410161653269
20241029,东城,工体,101123255911,工体北门2011年商品房南向复式,466万,78930元/平,低楼层 (共12层) | 2011年 | 1室1厅 | 59.04平米 | 南,https://s1.ljcdn.com/pegasus/redskull/images/common/default_house_list.png?_v=202410161653269
20241029,东城,工体,101123215601,聚龙花园东向两居室 满五唯一 布局合理,1158万,81309元/平,中楼层 (共12层) | 1996年 | 2室1厅 | 142.42平米 | 东,https://s1.ljcdn.com/pegasus/redskull/images/common/default_house_list.png?_v=202410161653269
20241029,东城,工体,101123046204,幸福二村满5唯一南北通透采光好无遮挡,375万,69587元/平,顶层 (共5层) 2室1厅 | 53.89平米 | 南 北,https://s1.ljcdn.com/pegasus/redskull/images/common/default_house_list.png?_v=202410161653269
20241029,东城,工体,101123001580,港湾国际 南向 高层楼 视野开阔,320万,81884元/平,中楼层 (共16层) 1室0厅 | 39.08平米 | 南,https://s1.ljcdn.com/pegasus/redskull/images/common/default_house_list.png?_v=202410161653269
20241029,东城,工体,101122681139,工体西里一居室 半地下 可贷款,180万,45779元/平,底层 (共7层) | 1991年 | 1室1厅 | 39.32平米 | 西,https://s1.ljcdn.com/pegasus/redskull/images/common/default_house_list.png?_v=202410161653269
20241029,东城,工体,101122651190,2011年建成精装视野开阔交通便利地理位置好,350万,53632元/平,高楼层 (共12层) | 2011年 | 1室1厅 | 65.26平米 | 南,https://s1.ljcdn.com/pegasus/redskull/images/common/default_house_list.png?_v=202410161653269
20241029,东城,工体,101122208422,工体 05年商品房  70年产权,215万,55016元/平,中楼层 (共16层) 1室0厅 | 39.08平米 | 北,https://s1.ljcdn.com/pegasus/redskull/images/common/default_house_list.png?_v=202410161653269
20241029,东城,工体,101122177026,海晟名苑北区 高层 西向 开间,515万,107990元/平,中楼层 (共17层) | 2007年 | 1室0厅 | 47.69平米 | 西,https://s1.ljcdn.com/pegasus/redskull/images/common/default_house_list.png?_v=202410161653269
20241029,东城,工体,101121946668,永利国际高楼层复式结构此面积是单层面积6部电梯,380万,66973元/平,中楼层 (共18层) | 2011年 | 1室1厅 | 56.74平米 | 北,https://s1.ljcdn.com/pegasus/redskull/images/common/default_house_list.png?_v=202410161653269
20241029,东城,工体,101120849619,五十年产权精装修房子是北向三个房间,660万,71198元/平,低楼层 (共18层) | 2011年 | 3室1厅 | 92.7平米 | 北,https://s1.ljcdn.com/pegasus/redskull/images/common/default_house_list.png?_v=202410161653269
20241029,东城,工体,101120762014,永利国际复式上下层利用率高高楼层视野好,540万,84204元/平,高楼层 (共18层) | 2011年 | 1室1厅 | 64.13平米 | 南,https://s1.ljcdn.com/pegasus/redskull/images/common/default_house_list.png?_v=202410161653269
