20241031,房山,燕山,101127081564,迎风六里一区 2室1厅 南 北必看好房,66万,10856元/平,中楼层 (共6层) 2室1厅 | 60.8平米 | 南 北,https://ke-image.ljcdn.com/110000-inspection/pc1_BvCEncCjx.jpg!m_fill,w_280,h_210,f_jpg?from=ke.com
20241031,房山,燕山,101127052936,高家坡社区南向一居室商品房满五年唯一看房方便必看好房,43万,9818元/平,顶层 (共6层) 1室1厅 | 43.8平米 | 南,https://ke-image.ljcdn.com/110000-inspection/pc1_aeQTbe5t3.jpg!m_fill,w_280,h_210,f_jpg?from=ke.com
20241031,房山,燕山,101126957089,中国铁建原香嘉苑东区全明格局三居室 户型Y 临D铁必看好房,134万,14004元/平,底层 (共18层) 3室1厅 | 95.69平米 | 东 西,https://ke-image.ljcdn.com/110000-inspection/pc1_GTLcdYD4p.jpg!m_fill,w_280,h_210,f_jpg?from=ke.com
20241031,房山,燕山,101126838356,羊耳峪北里 满五唯一 商品房 南北通透二居室 急售必看好房,48万,7687元/平,顶层 (共6层) 2室1厅 | 62.45平米 | 南 北,https://ke-image.ljcdn.com/110000-inspection/pc1_oj5FBJioh.jpg!m_fill,w_280,h_210,f_jpg?from=ke.com
20241031,房山,燕山,101126647847,杏花西里 全南向一居室 精装修 中间楼层 随时看房必看好房,45万,11677元/平,中楼层 (共6层) 1室1厅 | 38.54平米 | 南,https://ke-image.ljcdn.com/110000-inspection/pc1_RvwVhE4Md.jpg!m_fill,w_280,h_210,f_jpg?from=ke.com
20241031,房山,燕山,101126902420,迎风二里 1室1厅 南,52万,14413元/平,中楼层 (共4层) 1室1厅 | 36.08平米 | 南,https://ke-image.ljcdn.com/110000-inspection/pc1_xCSAPf6cq.jpg!m_fill,w_280,h_210,f_jpg?from=ke.com
20241031,房山,燕山,101126763045,羊耳峪北里 2室1厅 南 北必看好房,48万,7832元/平,中楼层 (共6层) | 1990年 | 2室1厅 | 61.29平米 | 南 北,https://ke-image.ljcdn.com/110000-inspection/10e3ad9d-89e9-405c-9781-f6720ea253d6_1000.jpg!m_fill,w_280,h_210,f_jpg?from=ke.com
20241031,房山,燕山,101126647935,杏花西里 南北通透二居室 精装修 中间楼层,68万,11188元/平,中楼层 (共6层) | 1983年 | 2室1厅 | 60.78平米 | 南 北,https://ke-image.ljcdn.com/110000-inspection/pc1_lmt5u73P6.jpg!m_fill,w_280,h_210,f_jpg?from=ke.com
20241031,房山,燕山,101126647677,迎风四里 2室1厅 南,49.5万,11375元/平,顶层 (共4层) 2室1厅 | 43.52平米 | 南,https://ke-image.ljcdn.com/110000-inspection/40d82412-c9aa-4675-9486-541c9c55eafd_1000.jpg!m_fill,w_280,h_210,f_jpg?from=ke.com
20241031,房山,燕山,101126447132,纯南户型采光充足生活配套齐全性比较高必看好房,52万,9713元/平,中楼层 (共5层) 2室1厅 | 53.54平米 | 南,https://ke-image.ljcdn.com/110000-inspection/pc1_eWmBbP9DE.jpg!m_fill,w_280,h_210,f_jpg?from=ke.com
20241031,房山,燕山,101126247906,房山城关原香嘉苑西区南北通两居室随时看房高楼层必看好房,119万,14100元/平,高楼层 (共18层) 2室1厅 | 84.4平米 | 南 北,https://ke-image.ljcdn.com/110000-inspection/pc1_zJxBAkXBc.jpg!m_fill,w_280,h_210,f_jpg?from=ke.com
20241031,房山,燕山,101126224640,燕山迎风一里业主诚意出售价格可以聊有客户多多推必看好房,56万,9815元/平,中楼层 (共5层) | 1981年 | 2室1厅 | 57.06平米 | 北 南,https://ke-image.ljcdn.com/110000-inspection/87799c82-7518-4cff-aa37-58f3fe360db2_1000.jpg!m_fill,w_280,h_210,f_jpg?from=ke.com
20241031,房山,燕山,101125257942,高家坡社区 低楼层 南北通透必看好房,61万,10273元/平,低楼层 (共6层) 2室1厅 | 59.38平米 | 南 北,https://ke-image.ljcdn.com/110000-inspection/pc1_i09tBACwN.jpg!m_fill,w_280,h_210,f_jpg?from=ke.com
20241031,房山,燕山,101124877025,燕山羊耳峪北里小区大型社区配套齐全环境整洁。,48万,7971元/平,顶层 (共6层) 2室1厅 | 60.22平米 | 南 北,https://ke-image.ljcdn.com/110000-inspection/pc1_uiiaDrviy.jpg!m_fill,w_280,h_210,f_jpg?from=ke.com
20241031,房山,燕山,101124772447,杰辉苑 2002年楼 中间层 南北通透,125万,11652元/平,中楼层 (共6层) 2室1厅 | 107.28平米 | 南 北,https://ke-image.ljcdn.com/110000-inspection/pc1_Xr4S9hItZ.jpg!m_fill,w_280,h_210,f_jpg?from=ke.com
20241031,房山,燕山,101124533887,商品房高楼层采光好业主诚心出售必看好房,53万,10008元/平,顶层 (共5层) | 1981年 | 2室1厅 | 52.96平米 | 南,https://ke-image.ljcdn.com/110000-inspection/pc1_ryteGAiYA.jpg!m_fill,w_280,h_210,f_jpg?from=ke.com
20241031,房山,燕山,101124454498,燕山杏花西里 顶层 着急卖 看房方便必看好房,56万,9470元/平,顶层 (共6层) 2室1厅 | 59.14平米 | 南 北,https://ke-image.ljcdn.com/110000-inspection/pc1_EgBzb4Qav.jpg!m_fill,w_280,h_210,f_jpg?from=ke.com
20241031,房山,燕山,101123110135,商品房中间楼层看房方便诚心出售,66万,10748元/平,中楼层 (共6层) 2室1厅 | 61.41平米 | 南 北,https://ke-image.ljcdn.com/110000-inspection/pc1_w2ohQ2PjS.jpg!m_fill,w_280,h_210,f_jpg?from=ke.com
20241031,房山,燕山,101122465027,商品房中间楼层纯南户型采光好,68万,12673元/平,中楼层 (共5层) 2室1厅 | 53.66平米 | 南,https://ke-image.ljcdn.com/110000-inspection/pc1_Qydd3rdop.jpg!m_fill,w_280,h_210,f_jpg?from=ke.com
20241031,房山,燕山,101127036755,迎风六里一区精装修着急出售价格可谈必看好房,60万,9992元/平,顶层 (共6层) 2室1厅 | 60.05平米 | 南 北,https://ke-image.ljcdn.com/110000-inspection/pc1_S3LPCNOoN.jpg!m_fill,w_280,h_210,f_jpg?from=ke.com
20241031,房山,燕山,101126968143,杏花西里 商品房 满五年唯一南北通透 中间楼层必看好房,58万,10893元/平,中楼层 (共6层) 2室1厅 | 53.25平米 | 南,https://ke-image.ljcdn.com/110000-inspection/pc1_e48kxQIAd.jpg!m_fill,w_280,h_210,f_jpg?from=ke.com
20241031,房山,燕山,101126638992,迎风二里 2室1厅 南 北必看好房,62万,13114元/平,底层 (共6层) 2室1厅 | 47.28平米 | 南 北,https://ke-image.ljcdn.com/110000-inspection/e17c4d9d-1c0f-4f81-878c-f2f8ef1440f9_1000.jpg!m_fill,w_280,h_210,f_jpg?from=ke.com
20241031,房山,燕山,101127131811,宏塔社区精装修 看房随时 电梯房 价格可以谈,120万,17046元/平,中楼层 (共15层) 2室1厅 | 70.4平米 | 北 东,https://ke-image.ljcdn.com/110000-inspection/pc1_JBHgB3iZ3.jpg!m_fill,w_280,h_210,f_jpg?from=ke.com
20241031,房山,燕山,101126999202,迎风二里 商品房 精装修 低楼层,75万,15220元/平,中楼层 (共4层) | 1972年 | 2室1厅 | 49.28平米 | 南 北,https://ke-image.ljcdn.com/110000-inspection/pc1_ROhi372RI.jpg!m_fill,w_280,h_210,f_jpg?from=ke.com
20241031,房山,燕山,101126924725,中国铁建原香嘉苑西区 精装修基本未住 随时看房房主自荐,165万,17723元/平,中楼层 (共18层) 3室1厅 | 93.1平米 | 南 北,https://ke-image.ljcdn.com/110000-inspection/pc1_WyKWlYEzF.jpg!m_fill,w_280,h_210,f_jpg?from=ke.com
20241031,房山,燕山,101126902300,迎风二里 2室1厅 南 北,58万,11252元/平,中楼层 (共4层) | 1975年 | 2室1厅 | 51.55平米 | 南 北,https://ke-image.ljcdn.com/110000-inspection/pc1_0eIuEKRN7.jpg!m_fill,w_280,h_210,f_jpg?from=ke.com
20241031,房山,燕山,101126889510,迎风三里 2室1厅 南 北,112万,18853元/平,中楼层 (共5层) | 1980年 | 2室1厅 | 59.41平米 | 南 北,https://ke-image.ljcdn.com/110000-inspection/pc1_sdoAv0JE2.jpg!m_fill,w_280,h_210,f_jpg?from=ke.com
20241031,房山,燕山,101126876468,燕山迎风一里 一居室 南北通透,55万,12155元/平,顶层 (共5层) 1室1厅 | 45.25平米 | 南 北,https://ke-image.ljcdn.com/110000-inspection/pc1_hvAvxNdtK.jpg!m_fill,w_280,h_210,f_jpg?from=ke.com
20241031,房山,燕山,101126828816,迎风三里 2室1厅 南 北,70万,11514元/平,中楼层 (共5层) 2室1厅 | 60.8平米 | 南 北,https://ke-image.ljcdn.com/110000-inspection/pc1_xGdpw97OT.jpg!m_fill,w_280,h_210,f_jpg?from=ke.com
20241031,房山,燕山,101126828390,宏塔社区 2室1厅 南,89万,13741元/平,低楼层 (共15层) 2室1厅 | 64.77平米 | 南,https://ke-image.ljcdn.com/110000-inspection/pc1_KpKa0LtYY.jpg!m_fill,w_280,h_210,f_jpg?from=ke.com
20241031,房山,燕山,101126819891,中国铁建原香嘉苑东区 3室1厅 南 北,148万,15604元/平,中楼层 (共18层) 3室1厅 | 94.85平米 | 南 北,https://ke-image.ljcdn.com/110000-inspection/pc1_IxasCWcO7.jpg!m_fill,w_280,h_210,f_jpg?from=ke.com
20241031,房山,燕山,101126812110,中国铁建原香嘉苑西区Dian长L荐价格可谈精装,133万,14142元/平,低楼层 (共18层) 3室1厅 | 94.05平米 | 南 北,https://ke-image.ljcdn.com/110000-inspection/pc1_upDoqq7Ve.jpg!m_fill,w_280,h_210,f_jpg?from=ke.com
20241031,房山,燕山,101126793957,低楼层无遮挡采光好迎风一里位置好房主自荐,109万,21043元/平,底层 (共5层) | 1979年 | 2室2厅 | 51.8平米 | 东 南,https://ke-image.ljcdn.com/110000-inspection/a1f8724d-52c6-4d16-aa44-55a36f9085a9_1000.jpg!m_fill,w_280,h_210,f_jpg?from=ke.com
20241031,房山,燕山,101126744959,羊耳峪西区 3室2厅 南 北,129万,10586元/平,高楼层 (共6层) | 2013年 | 3室2厅 | 121.86平米 | 南 北,https://ke-image.ljcdn.com/110000-inspection/pc1_drTjDd0MT.jpg!m_fill,w_280,h_210,f_jpg?from=ke.com
20241031,房山,燕山,101126670387,迎风四里 2室1厅 南,65万,12046元/平,中楼层 (共5层) 2室1厅 | 53.96平米 | 南,https://ke-image.ljcdn.com/110000-inspection/a61d32c4-4900-4415-a104-43d80b7616dc_1000.jpg!m_fill,w_280,h_210,f_jpg?from=ke.com
20241031,房山,燕山,101126650651,迎风六里正规三居业主诚心出售价格可谈,89万,12488元/平,中楼层 (共6层) 3室1厅 | 71.27平米 | 南 北,https://ke-image.ljcdn.com/110000-inspection/pc1_lBQjq9k7A.jpg!m_fill,w_280,h_210,f_jpg?from=ke.com
20241031,房山,燕山,101126623340,杏花西里满五唯一价格可聊诚心出房主自荐,65万,10819元/平,顶层 (共6层) | 1988年 | 2室1厅 | 60.08平米 | 南,https://ke-image.ljcdn.com/110000-inspection/pc1_lBIkcWchW_1.jpg!m_fill,w_280,h_210,f_jpg?from=ke.com
20241031,房山,燕山,101126608409,羊耳峪西里 2室2厅 南 北,120万,13206元/平,高楼层 (共6层) 2室2厅 | 90.87平米 | 南 北,https://ke-image.ljcdn.com/110000-inspection/cb3ede01-353a-4954-a23f-6f9cb5b7ae5a_1000.jpg!m_fill,w_280,h_210,f_jpg?from=ke.com
20241031,房山,燕山,101126551133,燕山东风东里高楼层优质好房,65万,10667元/平,高楼层 (共6层) 2室1厅 | 60.94平米 | 南 北,https://ke-image.ljcdn.com/110000-inspection/pc1_hbCeSknQc.jpg!m_fill,w_280,h_210,f_jpg?from=ke.com
20241031,房山,燕山,101126501183,中国铁建原香嘉苑东区带产权车位诚心出售,136万,16116元/平,高楼层 (共18层) 2室1厅 | 84.39平米 | 南 北,https://ke-image.ljcdn.com/110000-inspection/pc1_58L9QWLfe.jpg!m_fill,w_280,h_210,f_jpg?from=ke.com
20241031,房山,燕山,101126500648,羊耳峪里 2室1厅 南 北,72万,11786元/平,低楼层 (共6层) 2室1厅 | 61.09平米 | 南 北,https://ke-image.ljcdn.com/110000-inspection/39863975-8cf2-4246-a117-70ebb9c3e439_1000.jpg!m_fill,w_280,h_210,f_jpg?from=ke.com
20241031,房山,燕山,101126500270,羊耳峪西区 南北通透 两居室 配套全901快速公交,130万,13015元/平,顶层 (共6层) | 2013年 | 2室2厅 | 99.89平米 | 南 北,https://ke-image.ljcdn.com/110000-inspection/pc1_q5kNQXtRS.jpg!m_fill,w_280,h_210,f_jpg?from=ke.com
20241031,房山,燕山,101126487673,杏花西里 3室1厅 南 北,84万,11026元/平,高楼层 (共6层) 3室1厅 | 76.19平米 | 南 北,https://ke-image.ljcdn.com/110000-inspection/pc1_cfFm8AQUq.jpg!m_fill,w_280,h_210,f_jpg?from=ke.com
20241031,房山,燕山,101126482021,羊耳峪西区南北向两居室出售。,125万,13579元/平,中楼层 (共6层) | 2013年 | 2室1厅 | 92.06平米 | 南 北,https://ke-image.ljcdn.com/110000-inspection/64663d33-3aef-4e4f-a4a5-cc9704e91df6_1000.jpg!m_fill,w_280,h_210,f_jpg?from=ke.com
20241031,房山,燕山,101126476063,杰辉苑南北通透带地下室业主诚心出售,108万,10660元/平,高楼层 (共6层) 2室2厅 | 101.32平米 | 南 北,https://ke-image.ljcdn.com/110000-inspection/73e09f79-a5cd-402c-b568-0051ea990eaa_1000.jpg!m_fill,w_280,h_210,f_jpg?from=ke.com
20241031,房山,燕山,101126353358,羊耳峪北里 满五唯一 南北通透三居室,66.5万,8866元/平,顶层 (共6层) 3室1厅 | 75.01平米 | 南 北,https://ke-image.ljcdn.com/110000-inspection/pc1_aFtAiqjeq.jpg!m_fill,w_280,h_210,f_jpg?from=ke.com
20241031,房山,燕山,101126256911,迎风西里 2室2厅 南,125万,12702元/平,低楼层 (共22层) 2室2厅 | 98.41平米 | 南,https://ke-image.ljcdn.com/110000-inspection/pc1_dCDoodsMX.jpg!m_fill,w_280,h_210,f_jpg?from=ke.com
20241031,房山,燕山,101126228476,宏塔社区 3室1厅 南 北,136万,19294元/平,低楼层 (共6层) 3室1厅 | 70.49平米 | 南 北,https://ke-image.ljcdn.com/110000-inspection/pc1_kMP5FVe8J.jpg!m_fill,w_280,h_210,f_jpg?from=ke.com
20241031,房山,燕山,101126212306,此房户型较好 南北通透 业主急售 是优选好房,79万,10369元/平,中楼层 (共6层) 3室1厅 | 76.19平米 | 南 北,https://ke-image.ljcdn.com/110000-inspection/78de1aa5-2bad-475d-a4c9-31ca09e34c6c_1000.jpg!m_fill,w_280,h_210,f_jpg?from=ke.com
20241031,房山,燕山,101126207159,房山城关原香嘉苑西区电梯三居室南北通透户型好近地铁,149万,15919元/平,高楼层 (共18层) 3室1厅 | 93.6平米 | 南 北,https://ke-image.ljcdn.com/110000-inspection/pc1_2ESUoWRjf_1.jpg!m_fill,w_280,h_210,f_jpg?from=ke.com
20241031,房山,燕山,101126204547,羊耳峪北里低楼层优质好房,55万,13792元/平,底层 (共6层) 1室1厅 | 39.88平米 | 南 北,https://ke-image.ljcdn.com/110000-inspection/pc1_p4XbTaBzH.jpg!m_fill,w_280,h_210,f_jpg?from=ke.com
20241031,房山,燕山,101126182357,高家坡社区 2室1厅 南 北,56万,9321元/平,中楼层 (共6层) 2室1厅 | 60.08平米 | 南 北,https://ke-image.ljcdn.com/110000-inspection/pc1_UtTWYYwdx.jpg!m_fill,w_280,h_210,f_jpg?from=ke.com
20241031,房山,燕山,101126162843,东风北里 3室1厅 南 北,82万,14407元/平,底层 (共6层) 3室1厅 | 56.92平米 | 南 北,https://ke-image.ljcdn.com/110000-inspection/pc1_O29Vptz91.jpg!m_fill,w_280,h_210,f_jpg?from=ke.com
20241031,房山,燕山,101126128902,迎风二里满五年唯一南北通透二居室无户口商品房,68万,11839元/平,中楼层 (共5层) 2室1厅 | 57.44平米 | 南 北,https://ke-image.ljcdn.com/110000-inspection/pc1_qZusKgGb2.jpg!m_fill,w_280,h_210,f_jpg?from=ke.com
20241031,房山,燕山,101126067929,此房满五唯一低楼层 精装修  是优选好房,86万,13457元/平,底层 (共15层) 2室1厅 | 63.91平米 | 南 北,https://ke-image.ljcdn.com/110000-inspection/pc1_56Xqu0LnR.jpg!m_fill,w_280,h_210,f_jpg?from=ke.com
20241031,房山,燕山,101126052958,高家坡社区南向2居中间层全明格局商品房,59万,9842元/平,高楼层 (共6层) | 1993年 | 2室1厅 | 59.95平米 | 南,https://ke-image.ljcdn.com/110000-inspection/pc1_H1l5o6EiM.jpg!m_fill,w_280,h_210,f_jpg?from=ke.com
20241031,房山,燕山,101125968150,迎风二里 1室1厅 东,65万,14964元/平,顶层 (共6层) | 1988年 | 1室1厅 | 43.44平米 | 东,https://ke-image.ljcdn.com/110000-inspection/pc1_hbsSxslvF.jpg!m_fill,w_280,h_210,f_jpg?from=ke.com
20241031,房山,燕山,101125881208,迎风六里一区满五年唯一商品房  南北通透二居室,69万,12119元/平,中楼层 (共6层) 2室1厅 | 56.94平米 | 南 北,https://ke-image.ljcdn.com/110000-inspection/pc1_4H2o0erI1.jpg!m_fill,w_280,h_210,f_jpg?from=ke.com
20241031,房山,燕山,101125861164,燕山羊耳峪里 满二 南北通透 2室1厅房主自荐,75万,12650元/平,低楼层 (共6层) | 1992年 | 2室1厅 | 59.29平米 | 南 北,https://ke-image.ljcdn.com/110000-inspection/pc1_nbUpthdLk.jpg!m_fill,w_280,h_210,f_jpg?from=ke.com
20241031,房山,燕山,101125764237,迎风二里 1室1厅 南 北,55万,14391元/平,中楼层 (共4层) 1室1厅 | 38.22平米 | 南 北,https://ke-image.ljcdn.com/110000-inspection/pc1_ljqCbaaoh.jpg!m_fill,w_280,h_210,f_jpg?from=ke.com
20241031,房山,燕山,101125756854,新上羊耳峪里优质好房楼层好简装可拎包入住。,69万,11325元/平,中楼层 (共6层) 2室1厅 | 60.93平米 | 南 北,https://ke-image.ljcdn.com/110000-inspection/pc1_TLvGf8Eap.jpg!m_fill,w_280,h_210,f_jpg?from=ke.com
20241031,房山,燕山,101125726632,迎风六里一区精装修拎包入住。,76万,12815元/平,中楼层 (共6层) | 1987年 | 2室1厅 | 59.31平米 | 南 北,https://ke-image.ljcdn.com/110000-inspection/pc1_Wlxc774kj.jpg!m_fill,w_280,h_210,f_jpg?from=ke.com
20241031,房山,燕山,101125706580,房山城关原香嘉苑东区电梯三居室满五唯一商品房双卫,175万,15765元/平,低楼层 (共18层) | 2015年 | 3室1厅 | 111.01平米 | 南 北,https://ke-image.ljcdn.com/110000-inspection/pc1_EJn2nEf4k.jpg!m_fill,w_280,h_210,f_jpg?from=ke.com
20241031,房山,燕山,101125667955,羊耳峪北里 满五年唯一 无抵押 商品房 南北朝向,63万,10500元/平,中楼层 (共6层) 2室1厅 | 60平米 | 南 北,https://ke-image.ljcdn.com/110000-inspection/pc1_Naoxf3dJc.jpg!m_fill,w_280,h_210,f_jpg?from=ke.com
20241031,房山,燕山,101125623034,中国铁建原香嘉苑东区全明三居室诚心出售,150万,15520元/平,中楼层 (共18层) 3室1厅 | 96.65平米 | 东 西,https://ke-image.ljcdn.com/110000-inspection/pc1_DvlFThUNP.jpg!m_fill,w_280,h_210,f_jpg?from=ke.com
20241031,房山,燕山,101125605403,杰辉苑 2室1厅 南 北,130万,12792元/平,高楼层 (共6层) 2室1厅 | 101.63平米 | 南 北,https://ke-image.ljcdn.com/110000-inspection/pc1_cnxXtbfxf.jpg!m_fill,w_280,h_210,f_jpg?from=ke.com
20241031,房山,燕山,101125603168,迎风四里一室一厅商品房满五年只有契税中间层房主自荐,89万,18710元/平,中楼层 (共5层) 1室1厅 | 47.57平米 | 东,https://ke-image.ljcdn.com/110000-inspection/pc1_GVqkB7dpO.jpg!m_fill,w_280,h_210,f_jpg?from=ke.com
20241031,房山,燕山,101125563353,羊耳峪北里商品房满二年  只有契税 南北通透二居,55万,9084元/平,高楼层 (共6层) 2室1厅 | 60.55平米 | 南 北,https://ke-image.ljcdn.com/110000-inspection/pc1_DjW6mo8y2.jpg!m_fill,w_280,h_210,f_jpg?from=ke.com
20241031,房山,燕山,101125526461,迎风西里 2室1厅 西 南,120万,12078元/平,高楼层 (共22层) 2室1厅 | 99.36平米 | 西 南,https://ke-image.ljcdn.com/110000-inspection/pc1_T4qb8I4Ep.jpg!m_fill,w_280,h_210,f_jpg?from=ke.com
20241031,房山,燕山,101125518218,迎风六里一区低价精品好房业主诚心.,80万,14557元/平,顶层 (共6层) | 1986年 | 2室1厅 | 54.96平米 | 南,https://ke-image.ljcdn.com/110000-inspection/pc1_85ARmER9f.jpg!m_fill,w_280,h_210,f_jpg?from=ke.com
20241031,房山,燕山,101125378772,东风北里 2室1厅 南 北,56万,9954元/平,中楼层 (共4层) 2室1厅 | 56.26平米 | 南 北,https://ke-image.ljcdn.com/110000-inspection/pc1_u6yeKQH2M_2.jpg!m_fill,w_280,h_210,f_jpg?from=ke.com
20241031,房山,燕山,101125370660,中国铁建原香嘉苑西区 3室1厅 南 北,145万,15157元/平,中楼层 (共18层) 3室1厅 | 95.67平米 | 南 北,https://ke-image.ljcdn.com/110000-inspection/pc1_iHzikafYu.jpg!m_fill,w_280,h_210,f_jpg?from=ke.com
20241031,房山,燕山,101125203554,房山城关原香嘉苑东区电梯三居室南北通透商品房满五,142万,15180元/平,低楼层 (共18层) | 2015年 | 3室1厅 | 93.55平米 | 南 北,https://ke-image.ljcdn.com/110000-inspection/pc1_SGvh6qY0N.jpg!m_fill,w_280,h_210,f_jpg?from=ke.com
20241031,房山,燕山,101125188115,杰辉苑南北通透大两居满五唯一看房有钥匙房主自荐,108万,10627元/平,高楼层 (共6层) 2室1厅 | 101.63平米 | 南 北,https://ke-image.ljcdn.com/110000-inspection/pc1_yEgNzS7ZO.jpg!m_fill,w_280,h_210,f_jpg?from=ke.com
20241031,房山,燕山,101125123491,迎风西里 3室2厅 南 北,150万,12192元/平,高楼层 (共22层) 3室2厅 | 123.04平米 | 南 北,https://ke-image.ljcdn.com/110000-inspection/pc1_BBqZgTQzk.jpg!m_fill,w_280,h_210,f_jpg?from=ke.com
20241031,房山,燕山,101125117246,中国铁建原香嘉苑西区三居室 已转商 随时看房,162万,17143元/平,中楼层 (共18层) | 2016年 | 3室1厅 | 94.5平米 | 南 北,https://ke-image.ljcdn.com/110000-inspection/pc1_5aMulrbLD.jpg!m_fill,w_280,h_210,f_jpg?from=ke.com
20241031,房山,燕山,101125096435,房山城关原香嘉苑西区南北通两居室满五唯一随时看房,125万,14682元/平,高楼层 (共18层) 2室1厅 | 85.14平米 | 南 北,https://ke-image.ljcdn.com/110000-inspection/pc1_62dLr4fMo.jpg!m_fill,w_280,h_210,f_jpg?from=ke.com
20241031,房山,燕山,101125088970,燕山迎风一里业主诚心出售价格可谈房主自荐,96万,12421元/平,低楼层 (共6层) 3室1厅 | 77.29平米 | 南 北,https://ke-image.ljcdn.com/110000-inspection/pc1_bHzWLitRF.jpg!m_fill,w_280,h_210,f_jpg?from=ke.com
20241031,房山,燕山,101125078381,羊耳峪里 2室1厅 南 北,85万,15231元/平,底层 (共6层) 2室1厅 | 55.81平米 | 南 北,https://ke-image.ljcdn.com/110000-inspection/pc1_h0BspNcJ0.jpg!m_fill,w_280,h_210,f_jpg?from=ke.com
20241031,房山,燕山,101125078082,羊耳峪里 3室2厅 南 北,79万,10356元/平,顶层 (共6层) 3室2厅 | 76.29平米 | 南 北,https://ke-image.ljcdn.com/110000-inspection/pc1_7Pv03RfaJ.jpg!m_fill,w_280,h_210,f_jpg?from=ke.com
20241031,房山,燕山,101125033391,中国铁建原香嘉苑西区 全明格局三居室 满五商品房,150万,15533元/平,高楼层 (共18层) 3室1厅 | 96.57平米 | 南 北,https://ke-image.ljcdn.com/110000-inspection/pc1_WOigu0joq.jpg!m_fill,w_280,h_210,f_jpg?from=ke.com
20241031,房山,燕山,101125032351,中国铁建原香嘉苑西区 1室1厅 南 北,110万,15304元/平,底层 (共18层) 1室1厅 | 71.88平米 | 南 北,https://ke-image.ljcdn.com/110000-inspection/pc1_1VKSG4wtz.jpg!m_fill,w_280,h_210,f_jpg?from=ke.com
20241031,房山,燕山,101125028305,中国铁建原香嘉苑三居室南北通透满五唯一商品房户型好,135万,14424元/平,中楼层 (共18层) 3室2厅 | 93.6平米 | 南 北,https://ke-image.ljcdn.com/110000-inspection/pc1_4DtZdhtMD.jpg!m_fill,w_280,h_210,f_jpg?from=ke.com
20241031,房山,燕山,101125027636,中国铁建原香嘉苑西区南北通透2居室,120万,13352元/平,高楼层 (共18层) 2室1厅 | 89.88平米 | 南 北,https://ke-image.ljcdn.com/110000-inspection/pc1_QPadrB1Lu.jpg!m_fill,w_280,h_210,f_jpg?from=ke.com
20241031,房山,燕山,101125027536,房山城关原香嘉苑电梯三居室南北通透满五唯一近地铁,138万,14639元/平,中楼层 (共18层) | 2016年 | 3室2厅 | 94.27平米 | 南 北,https://ke-image.ljcdn.com/110000-inspection/pc1_FT85vc10t.jpg!m_fill,w_280,h_210,f_jpg?from=ke.com
20241031,房山,燕山,101125005216,原香嘉苑好房满五唯一出行便捷看房方便。,139万,14862元/平,低楼层 (共18层) 3室1厅 | 93.53平米 | 北 南,https://ke-image.ljcdn.com/110000-inspection/pc1_mE7kKTHET.jpg!m_fill,w_280,h_210,f_jpg?from=ke.com
20241031,房山,燕山,101124947357,燕山杏花西里中间楼层全阳面采光无遮挡交通便,62万,11615元/平,中楼层 (共6层) 2室1厅 | 53.38平米 | 南,https://ke-image.ljcdn.com/110000-inspection/pc1_fkYZHZkCD.jpg!m_fill,w_280,h_210,f_jpg?from=ke.com
20241031,房山,燕山,101124944839,杏花西里 2室1厅 南,58万,10866元/平,高楼层 (共6层) 2室1厅 | 53.38平米 | 南,https://ke-image.ljcdn.com/110000-inspection/pc1_bbtakrg0v.jpg!m_fill,w_280,h_210,f_jpg?from=ke.com
20241031,房山,燕山,101124897456,杏花西里 2室1厅 南 北,70万,11523元/平,顶层 (共6层) | 1984年 | 2室1厅 | 60.75平米 | 南 北,https://ke-image.ljcdn.com/110000-inspection/pc1_gm4mJTOAX.jpg!m_fill,w_280,h_210,f_jpg?from=ke.com
20241031,房山,燕山,101124851582,燕山迎风四里 商品房 低楼层 唯一,78万,14456元/平,中楼层 (共5层) 2室1厅 | 53.96平米 | 南,https://ke-image.ljcdn.com/110000-inspection/pc1_7xeotmXmy.jpg!m_fill,w_280,h_210,f_jpg?from=ke.com
20241031,房山,燕山,101124826747,中国铁建原香嘉苑东区精装修全明格局2居室房主自荐,132万,15640元/平,低楼层 (共18层) 2室2厅 | 84.4平米 | 南 北,https://ke-image.ljcdn.com/110000-inspection/pc1_gtaqFn8gD.jpg!m_fill,w_280,h_210,f_jpg?from=ke.com
20241031,房山,燕山,101124825083,迎风六里一区 2室1厅 南 北,68万,11658元/平,顶层 (共6层) 2室1厅 | 58.33平米 | 南 北,https://ke-image.ljcdn.com/110000-inspection/pc1_N2z17w4uP.jpg!m_fill,w_280,h_210,f_jpg?from=ke.com
20241031,房山,燕山,101124782044,南北朝向的二居室视野开阔采光充足诚心出售,50万,8388元/平,顶层 (共6层) 2室1厅 | 59.61平米 | 南 北,https://ke-image.ljcdn.com/110000-inspection/pc1_gMvxJAZtg.jpg!m_fill,w_280,h_210,f_jpg?from=ke.com
20241031,房山,燕山,101124742188,羊耳峪北里  南北通透 低楼层 采光好房主自荐,78.5万,10328元/平,低楼层 (共6层) | 1986年 | 3室1厅 | 76.01平米 | 南 北,https://ke-image.ljcdn.com/110000-inspection/pc1_06T5sgNza.jpg!m_fill,w_280,h_210,f_jpg?from=ke.com
20241031,房山,燕山,101124639415,宏塔社区 2室1厅 南,99万,15285元/平,高楼层 (共15层) 2室1厅 | 64.77平米 | 南,https://ke-image.ljcdn.com/110000-inspection/pc1_NdHxiotIS.jpg!m_fill,w_280,h_210,f_jpg?from=ke.com
20241031,房山,燕山,101124529439,羊耳峪北里 2室1厅 南 北,68万,12193元/平,底层 (共6层) 2室1厅 | 55.77平米 | 南 北,https://ke-image.ljcdn.com/110000-inspection/pc1_jNGn9s0K3.jpg!m_fill,w_280,h_210,f_jpg?from=ke.com
20241031,房山,燕山,101124475421,宏塔社区 2室1厅 南 北,110万,14825元/平,中楼层 (共6层) 2室1厅 | 74.2平米 | 南 北,https://ke-image.ljcdn.com/110000-inspection/pc1_uzJFdTXcH.jpg!m_fill,w_280,h_210,f_jpg?from=ke.com
20241031,房山,燕山,101124472741,东风北里 2室1厅 东 西,55万,13415元/平,中楼层 (共4层) 2室1厅 | 41平米 | 东 西,https://ke-image.ljcdn.com/110000-inspection/56c927bb-7af7-494b-af75-1022c10f03b2_1000.jpg!m_fill,w_280,h_210,f_jpg?from=ke.com
20241031,房山,燕山,101124354674,杏花西里 2室1厅 南 北房主自荐,66.9万,12024元/平,顶层 (共6层) 2室1厅 | 55.64平米 | 南 北,https://ke-image.ljcdn.com/110000-inspection/pc1_WlW0N2oco.jpg!m_fill,w_280,h_210,f_jpg?from=ke.com
20241031,房山,燕山,101124322962,迎风四里 2室1厅 南 北,59万,11026元/平,顶层 (共6层) 2室1厅 | 53.51平米 | 南 北,https://ke-image.ljcdn.com/110000-inspection/pc1_wEWnTZf3G.jpg!m_fill,w_280,h_210,f_jpg?from=ke.com
20241031,房山,燕山,101124300469,宏塔社区带电梯没遮挡采光好随时签约看房方便,84万,11932元/平,高楼层 (共15层) 2室1厅 | 70.4平米 | 东 北,https://ke-image.ljcdn.com/110000-inspection/pc1_0rtLmHHJN.jpg!m_fill,w_280,h_210,f_jpg?from=ke.com
20241031,房山,燕山,101124284674,迎风四里 3室1厅 东 西,67万,10937元/平,中楼层 (共5层) 3室1厅 | 61.26平米 | 东 西,https://ke-image.ljcdn.com/110000-inspection/pc1_fKUmUueA6.jpg!m_fill,w_280,h_210,f_jpg?from=ke.com
20241031,房山,燕山,101124274193,燕山羊耳峪里业主急售价格可聊公交方便,57万,9331元/平,高楼层 (共6层) 2室1厅 | 61.09平米 | 东 西,https://ke-image.ljcdn.com/110000-inspection/pc1_mrTjY9DW2.jpg!m_fill,w_280,h_210,f_jpg?from=ke.com
20241031,房山,燕山,101124249966,羊耳峪北里 3室2厅 南 北房主自荐,80万,11948元/平,顶层 (共6层) 3室2厅 | 66.96平米 | 南 北,https://ke-image.ljcdn.com/110000-inspection/pc1_MQ5WjYSjj.jpg!m_fill,w_280,h_210,f_jpg?from=ke.com
20241031,房山,燕山,101124167274,迎风西里 2室2厅 西南,140万,14091元/平,低楼层 (共30层) 2室2厅 | 99.36平米 | 西南,https://ke-image.ljcdn.com/110000-inspection/pc1_pwRfbQWDP.jpg!m_fill,w_280,h_210,f_jpg?from=ke.com
20241031,房山,燕山,101124125968,杏花西里 2室1厅 南 北,70万,11799元/平,高楼层 (共6层) 2室1厅 | 59.33平米 | 南 北,https://ke-image.ljcdn.com/110000-inspection/pc1_AHK9vQT7Q.jpg!m_fill,w_280,h_210,f_jpg?from=ke.com
20241031,房山,燕山,101123719038,东风南里 2室1厅 南,52万,9827元/平,顶层 (共5层) 2室1厅 | 52.92平米 | 南,https://ke-image.ljcdn.com/110000-inspection/pc1_ICMMfDg5k.jpg!m_fill,w_280,h_210,f_jpg?from=ke.com
20241031,房山,燕山,101123635739,迎风六里一区 2室1厅 南 北房主自荐,69万,11349元/平,顶层 (共6层) | 1986年 | 2室1厅 | 60.8平米 | 南 北,https://ke-image.ljcdn.com/110000-inspection/pc1_v8skmIqOS.jpg!m_fill,w_280,h_210,f_jpg?from=ke.com
20241031,房山,燕山,101123628182,此房业主名下唯一住房南北通透业主诚心出售。,88万,14558元/平,中楼层 (共6层) 2室1厅 | 60.45平米 | 南 北,https://ke-image.ljcdn.com/110000-inspection/pc1_plzg75Ame.jpg!m_fill,w_280,h_210,f_jpg?from=ke.com
20241031,房山,燕山,101123532437,羊耳峪北里 满五唯一 随时看房 业主诚心卖,62万,10164元/平,顶层 (共6层) 2室1厅 | 61平米 | 南 北,https://ke-image.ljcdn.com/110000-inspection/pc1_WiDkoqCK4.jpg!m_fill,w_280,h_210,f_jpg?from=ke.com
20241031,房山,燕山,101123524826,中国铁建原香嘉苑东区 2室2厅 南 北房主自荐,147万,17418元/平,高楼层 (共18层) 2室2厅 | 84.4平米 | 南 北,https://ke-image.ljcdn.com/110000-inspection/pc1_rde7wdVAe.jpg!m_fill,w_280,h_210,f_jpg?from=ke.com
20241031,房山,燕山,101123449731,杰辉苑 2室1厅 南 北,128万,13326元/平,高楼层 (共6层) 2室1厅 | 96.06平米 | 南 北,https://ke-image.ljcdn.com/110000-inspection/pc1_BcLsPCZUi_1.jpg!m_fill,w_280,h_210,f_jpg?from=ke.com
20241031,房山,燕山,101123443170,杏花西里看房有钥匙 价格可以谈 满五唯一,65万,10890元/平,顶层 (共6层) 2室1厅 | 59.69平米 | 南 北,https://ke-image.ljcdn.com/110000-inspection/pc1_8Yy3Xm6Pu_1.jpg!m_fill,w_280,h_210,f_jpg?from=ke.com
20241031,房山,燕山,101123440904,迎风西里好房推荐电梯房采光好配套全。,142万,14430元/平,高楼层 (共22层) 2室1厅 | 98.41平米 | 东 南,https://ke-image.ljcdn.com/110000-inspection/pc1_b3It8txlB.jpg!m_fill,w_280,h_210,f_jpg?from=ke.com
20241031,房山,燕山,101123359111,东风北里 2室1厅 南 北,60万,13784元/平,顶层 (共4层) 2室1厅 | 43.53平米 | 南 北,https://ke-image.ljcdn.com/110000-inspection/pc1_fMkcBEFBR.jpg!m_fill,w_280,h_210,f_jpg?from=ke.com
20241031,房山,燕山,101123341809,迎风六里二区 2室1厅 南 北,130万,15061元/平,高楼层 (共6层) | 2006年 | 2室1厅 | 86.32平米 | 南 北,https://ke-image.ljcdn.com/110000-inspection/pc1_zKxRhvDrB_1.jpg!m_fill,w_280,h_210,f_jpg?from=ke.com
20241031,房山,燕山,101123287133,东风东里 2室1厅 南 北房主自荐,68万,11425元/平,高楼层 (共6层) 2室1厅 | 59.52平米 | 南 北,https://ke-image.ljcdn.com/110000-inspection/pc1_A5fprJIBk.jpg!m_fill,w_280,h_210,f_jpg?from=ke.com
20241031,房山,燕山,101123270323,燕山杏花西里 精装南向 2室1厅,85万,14241元/平,高楼层 (共6层) 2室1厅 | 59.69平米 | 南,https://ke-image.ljcdn.com/110000-inspection/pc1_C3oylJ9Sn.jpg!m_fill,w_280,h_210,f_jpg?from=ke.com
20241031,房山,燕山,101123127082,杰辉苑南北通透大两室 满五年唯一商品房,133万,12853元/平,高楼层 (共6层) 2室1厅 | 103.48平米 | 南 北,https://ke-image.ljcdn.com/110000-inspection/6eb75f1d-4225-49ff-9a21-d9cd34abf0be_1000.jpg!m_fill,w_280,h_210,f_jpg?from=ke.com
20241031,房山,燕山,101123103248,中国铁建原香嘉苑东区 3室1厅 南 北,136万,14442元/平,低楼层 (共18层) 3室1厅 | 94.17平米 | 南 北,https://ke-image.ljcdn.com/110000-inspection/pc1_68HaGsK9Z.jpg!m_fill,w_280,h_210,f_jpg?from=ke.com
20241031,房山,燕山,101123047236,杏花西里 2室1厅 南 北,65万,10947元/平,高楼层 (共6层) | 1987年 | 2室1厅 | 59.38平米 | 南 北,https://ke-image.ljcdn.com/110000-inspection/ee18676a-4822-4c4a-a4b3-45a9c2dcc760_1000.jpg!m_fill,w_280,h_210,f_jpg?from=ke.com
20241031,房山,燕山,101122993482,羊耳峪西区 大两房 南北通透 户型好 刚需上车,85万,9200元/平,顶层 (共6层) | 2013年 | 2室2厅 | 92.4平米 | 南 北,https://ke-image.ljcdn.com/110000-inspection/pc1_vjTdolz5E.jpg!m_fill,w_280,h_210,f_jpg?from=ke.com
20241031,房山,燕山,101122992249,杏花西里 2室1厅 南 北,58万,9617元/平,高楼层 (共6层) 2室1厅 | 60.31平米 | 南 北,https://ke-image.ljcdn.com/110000-inspection/pc1_yu2vFa3ur.jpg!m_fill,w_280,h_210,f_jpg?from=ke.com
20241031,房山,燕山,101122964272,迎风六里一区 2室1厅 南 北,85万,14573元/平,高楼层 (共6层) 2室1厅 | 58.33平米 | 南 北,https://ke-image.ljcdn.com/110000-inspection/pc1_3hjsyD2ZD.jpg!m_fill,w_280,h_210,f_jpg?from=ke.com
20241031,房山,燕山,101122759784,羊耳峪西区 2室1厅 南 北,100万,11852元/平,低楼层 (共6层) | 2013年 | 2室1厅 | 84.38平米 | 南 北,https://ke-image.ljcdn.com/110000-inspection/65bd0e78-a257-4a01-8439-32966e5882b1_1000.jpg!m_fill,w_280,h_210,f_jpg?from=ke.com
20241031,房山,燕山,101122752441,羊耳峪北里 2室1厅 南 北,60万,9916元/平,高楼层 (共6层) 2室1厅 | 60.51平米 | 南 北,https://ke-image.ljcdn.com/110000-inspection/pc1_1rkmGNYOR.jpg!m_fill,w_280,h_210,f_jpg?from=ke.com
20241031,房山,燕山,101122688107,迎风西里 精装修两居室 带电梯 低楼层 采光无遮挡,125万,11946元/平,低楼层 (共22层) 2室1厅 | 104.64平米 | 东北,https://ke-image.ljcdn.com/110000-inspection/pc1_GZSorei8i.jpg!m_fill,w_280,h_210,f_jpg?from=ke.com
20241031,房山,燕山,101122614052,中国铁建原香嘉苑东区 3室1厅 南 北,170万,18173元/平,中楼层 (共18层) | 2015年 | 3室1厅 | 93.55平米 | 南 北,https://ke-image.ljcdn.com/110000-inspection/pc1_4YQqTwoKu.jpg!m_fill,w_280,h_210,f_jpg?from=ke.com
20241031,房山,燕山,101122534734,杏花西里 2室1厅 南,58万,9946元/平,高楼层 (共6层) | 1989年 | 2室1厅 | 58.32平米 | 南,https://ke-image.ljcdn.com/110000-inspection/pc1_nsGNbAwpe.jpg!m_fill,w_280,h_210,f_jpg?from=ke.com
20241031,房山,燕山,101122505848,中国铁建原香嘉苑东区+精装修+近地铁+三居室,169万,17993元/平,高楼层 (共18层) | 2015年 | 3室2厅 | 93.93平米 | 东南 西,https://ke-image.ljcdn.com/110000-inspection/pc1_8XmCD1Dfx.jpg!m_fill,w_280,h_210,f_jpg?from=ke.com
20241031,房山,燕山,101122384668,中国铁建原香嘉苑电梯房 看房有钥匙 价格可以聊,145万,16238元/平,高楼层 (共18层) 2室1厅 | 89.3平米 | 南 北,https://ke-image.ljcdn.com/110000-inspection/pc1_IsuF617xn.jpg!m_fill,w_280,h_210,f_jpg?from=ke.com
20241031,房山,燕山,101122322025,中国铁建原香嘉苑精装好房 高档社区环境优美交通便利,135万,15101元/平,高楼层 (共18层) 2室1厅 | 89.4平米 | 东 西,https://ke-image.ljcdn.com/110000-inspection/pc1_gGeMG95u4.jpg!m_fill,w_280,h_210,f_jpg?from=ke.com
20241031,房山,燕山,101122216493,中国铁建原香嘉苑好楼层业主诚意出售,140万,16588元/平,高楼层 (共18层) 2室1厅 | 84.4平米 | 南 北,https://ke-image.ljcdn.com/110000-inspection/pc1_0s7oYZkqI.jpg!m_fill,w_280,h_210,f_jpg?from=ke.com
20241031,房山,燕山,101122202552,宏塔社区 3室1厅 南 北,95万,12532元/平,高楼层 (共6层) | 1987年 | 3室1厅 | 75.81平米 | 南 北,https://ke-image.ljcdn.com/110000-inspection/pc1_FDTXWyLbD.jpg!m_fill,w_280,h_210,f_jpg?from=ke.com
20241031,房山,燕山,101122137295,宏塔社区价格低距离地铁近配套优房主自荐,70万,11849元/平,顶层 (共6层) | 1983年 | 2室1厅 | 59.08平米 | 南,https://ke-image.ljcdn.com/110000-inspection/pc1_ZXDves0YN.jpg!m_fill,w_280,h_210,f_jpg?from=ke.com
20241031,房山,燕山,101122049006,中国铁建原香嘉苑东区 3室1厅 东 西 北房主自荐,138万,14279元/平,高楼层 (共18层) 3室1厅 | 96.65平米 | 东 西 北,https://ke-image.ljcdn.com/110000-inspection/pc1_2vwMEyi3a.jpg!m_fill,w_280,h_210,f_jpg?from=ke.com
20241031,房山,燕山,101122043632,迎风六里一区 2室1厅 南 北,110万,13788元/平,中楼层 (共6层) | 1987年 | 2室1厅 | 79.78平米 | 南 北,https://ke-image.ljcdn.com/110000-inspection/pc1_VTJce0eSc.jpg!m_fill,w_280,h_210,f_jpg?from=ke.com
20241031,房山,燕山,101121817188,燕山迎风二里 全明格局 两居室 环境优雅,51万,9852元/平,中楼层 (共4层) 2室1厅 | 51.77平米 | 东 西,https://ke-image.ljcdn.com/110000-inspection/pc1_qSnW8XZ3A.jpg!m_fill,w_280,h_210,f_jpg?from=ke.com
20241031,房山,燕山,101121598912,高家坡社区 3室1厅 南 北房主自荐,79万,9528元/平,高楼层 (共6层) 3室1厅 | 82.92平米 | 南 北,https://ke-image.ljcdn.com/110000-inspection/pc1_Fsz3diIBj.jpg!m_fill,w_280,h_210,f_jpg?from=ke.com
20241031,房山,燕山,101121397786,迎风五里 商品房 带电梯 满五唯一 精装修 随时看房,112万,16767元/平,中楼层 (共14层) 2室1厅 | 66.8平米 | 南 东,https://ke-image.ljcdn.com/110000-inspection/pc1_Xgly7VlYw.jpg!m_fill,w_280,h_210,f_jpg?from=ke.com
20241031,房山,燕山,101121211903,羊耳峪北里  全南两居室  商品房房主自荐,80万,13221元/平,中楼层 (共6层) 2室1厅 | 60.51平米 | 南,https://ke-image.ljcdn.com/110000-inspection/pc1_0SyAYYDzB.jpg!m_fill,w_280,h_210,f_jpg?from=ke.com
20241031,房山,燕山,101121174768,凤凰南里 2室1厅 南 北房主自荐,77万,13441元/平,底层 (共5层) 2室1厅 | 57.29平米 | 南 北,https://ke-image.ljcdn.com/110000-inspection/pc1_jhu65sFAN.jpg!m_fill,w_280,h_210,f_jpg?from=ke.com
20241031,房山,燕山,101120800660,燕山东风北里业主诚心出售房子维护相当不错,47万,10719元/平,顶层 (共4层) 2室1厅 | 43.85平米 | 南,https://ke-image.ljcdn.com/110000-inspection/pc1_iUl3LLrZj.jpg!m_fill,w_280,h_210,f_jpg?from=ke.com
20241031,房山,燕山,101120677362,房山燕山杰辉苑  南北通透好户型 繁华地段房主自荐,128万,12767元/平,高楼层 (共6层) 2室1厅 | 100.26平米 | 南 北,https://ke-image.ljcdn.com/110000-inspection/pc1_EqkcsSbwn.jpg!m_fill,w_280,h_210,f_jpg?from=ke.com
20241031,房山,燕山,101120597595,迎风五里新上好房满五低楼层配套全交通便捷。,70万,13431元/平,低楼层 (共6层) 2室1厅 | 52.12平米 | 南,https://ke-image.ljcdn.com/110000-inspection/pc1_tWngNs7cV.jpg!m_fill,w_280,h_210,f_jpg?from=ke.com
20241031,房山,燕山,101120488001,高家坡社区 2室1厅 南 北,60万,10105元/平,顶层 (共6层) 2室1厅 | 59.38平米 | 南 北,https://ke-image.ljcdn.com/110000-inspection/pc1_cn7b7izln.jpg!m_fill,w_280,h_210,f_jpg?from=ke.com
20241031,房山,燕山,101120273409,迎风一里 无抵押 无户口 可签入,60万,13677元/平,中楼层 (共6层) | 1988年 | 1室1厅 | 43.87平米 | 南,https://ke-image.ljcdn.com/110000-inspection/pc1_EfuDaaCRO.jpg!m_fill,w_280,h_210,f_jpg?from=ke.com
20241031,房山,燕山,101120273108,凤凰北里南北通透视野宽阔诚心出售,85万,14238元/平,高楼层 (共6层) 2室1厅 | 59.7平米 | 北 南,https://ke-image.ljcdn.com/110000-inspection/pc1_CjMQbFNUb.jpg!m_fill,w_280,h_210,f_jpg?from=ke.com
20241031,房山,燕山,101120150584,迎风五里,58万,11527元/平,顶层 (共6层) 2室1厅 | 50.32平米 | 南,https://ke-image.ljcdn.com/110000-inspection/pc1_4iDD71GJ2.jpg!m_fill,w_280,h_210,f_jpg?from=ke.com
20241031,房山,燕山,101120085639,迎风六里一区 南北户型 有钥匙随时看房,95万,16685元/平,中楼层 (共6层) 2室1厅 | 56.94平米 | 南 北,https://ke-image.ljcdn.com/110000-inspection/pc1_eO79ahbJP.jpg!m_fill,w_280,h_210,f_jpg?from=ke.com
20241031,房山,燕山,101119953096,迎风六里三区配套齐全采光好无遮挡,116万,19898元/平,高楼层 (共6层) 2室1厅 | 58.3平米 | 南 北,https://ke-image.ljcdn.com/110000-inspection/eb069255-5a86-4389-bb71-867cb6f7dd3c_1000.jpg!m_fill,w_280,h_210,f_jpg?from=ke.com
20241031,房山,燕山,101119656382,东风南里 2室1厅 南 北,78万,14394元/平,顶层 (共5层) 2室1厅 | 54.19平米 | 南 北,https://ke-image.ljcdn.com/110000-inspection/pc1_OtYR5AA90.jpg!m_fill,w_280,h_210,f_jpg?from=ke.com
20241031,房山,燕山,101119612643,燕山羊耳峪西区新上南北采光房价格优惠。房主自荐,145万,11899元/平,顶层 (共6层) | 2007年 | 3室2厅 | 121.86平米 | 南 北,https://ke-image.ljcdn.com/110000-inspection/pc1_VOYUvR0dk.jpg!m_fill,w_280,h_210,f_jpg?from=ke.com
20241031,房山,燕山,101119433361,羊耳峪西区 2室1厅 南 北房主自荐,125万,13725元/平,中楼层 (共6层) 2室1厅 | 91.08平米 | 南 北,https://ke-image.ljcdn.com/110000-inspection/pc1_E5enq2oeI.jpg!m_fill,w_280,h_210,f_jpg?from=ke.com
20241031,房山,燕山,101119423721,房山燕山迎风一里 低楼层 精装修 集中供暖 满五年,65万,11653元/平,中楼层 (共5层) 2室1厅 | 55.78平米 | 东,https://ke-image.ljcdn.com/110000-inspection/e924afa5-b476-4dd1-a8e0-5ca06513e119_1000.jpg!m_fill,w_280,h_210,f_jpg?from=ke.com
20241031,房山,燕山,101119318570,迎风六里一区 3室1厅 南 北,100万,14481元/平,中楼层 (共6层) 3室1厅 | 69.06平米 | 南 北,https://ke-image.ljcdn.com/110000-inspection/pc1_p8yz07u5A.jpg!m_fill,w_280,h_210,f_jpg?from=ke.com
20241031,房山,燕山,101118993866,房山区燕山东风南里新上好房在售。,82万,15382元/平,中楼层 (共5层) 2室1厅 | 53.31平米 | 南,https://ke-image.ljcdn.com/110000-inspection/pc1_jbIISyuWT.jpg!m_fill,w_280,h_210,f_jpg?from=ke.com
20241031,房山,燕山,101118835466,羊耳峪北里满五唯一三居南北通透,96万,12909元/平,中楼层 (共6层) 3室2厅 | 74.37平米 | 南 北,https://ke-image.ljcdn.com/110000-inspection/pc1_mdrPsf51d.jpg!m_fill,w_280,h_210,f_jpg?from=ke.com
20241031,房山,燕山,101118818602,迎风一里低楼层南北向两居室,55万,12153元/平,中楼层 (共5层) 2室1厅 | 45.26平米 | 南 北,https://ke-image.ljcdn.com/110000-inspection/pc1_EUplkEQL7.jpg!m_fill,w_280,h_210,f_jpg?from=ke.com
20241031,房山,燕山,101118788186,燕山羊耳峪里 南北通透 两居室 满五唯一 看房方便,75万,12422元/平,高楼层 (共6层) 2室1厅 | 60.38平米 | 南 北,https://ke-image.ljcdn.com/110000-inspection/pc1_SCsoD1McZ.jpg!m_fill,w_280,h_210,f_jpg?from=ke.com
20241031,房山,燕山,101118484598,燕山迎风一里在售南向两居室。,58万,12444元/平,顶层 (共5层) 2室1厅 | 46.61平米 | 南,https://ke-image.ljcdn.com/110000-inspection/pc1_IC39fRvAX.jpg!m_fill,w_280,h_210,f_jpg?from=ke.com
20241031,房山,燕山,101118390287,羊耳峪西区 2室1厅 南 北,90万,10667元/平,高楼层 (共6层) 2室1厅 | 84.38平米 | 南 北,https://ke-image.ljcdn.com/110000-inspection/pc1_JkX4NsZOf.jpg!m_fill,w_280,h_210,f_jpg?from=ke.com
20241031,房山,燕山,101118309550,迎风四里 2室1厅 东 西,76万,16969元/平,底层 (共5层) 2室1厅 | 44.79平米 | 东 西,https://ke-image.ljcdn.com/110000-inspection/pc1_n5ouU713U.jpg!m_fill,w_280,h_210,f_jpg?from=ke.com
20241031,房山,燕山,101118244398,迎风五里 2室1厅 南 北,80万,14551元/平,中楼层 (共5层) 2室1厅 | 54.98平米 | 南 北,https://ke-image.ljcdn.com/110000-inspection/pc1_FWR49Fs5s.jpg!m_fill,w_280,h_210,f_jpg?from=ke.com
20241031,房山,燕山,101117866590,东风南里 2室1厅 南,70万,11656元/平,顶层 (共6层) 2室1厅 | 60.06平米 | 南,https://ke-image.ljcdn.com/110000-inspection/pc1_aPMPL3eYJ.jpg!m_fill,w_280,h_210,f_jpg?from=ke.com
20241031,房山,燕山,101117790136,迎风六里一区 3室1厅 南 北,115万,16538元/平,低楼层 (共6层) 3室1厅 | 69.54平米 | 南 北,https://ke-image.ljcdn.com/110000-inspection/pc1_ZU4SjVi0G.jpg!m_fill,w_280,h_210,f_jpg?from=ke.com
20241031,房山,燕山,101117767596,迎风一里 3室1厅 南 北房主自荐,100万,13647元/平,中楼层 (共6层) 3室1厅 | 73.28平米 | 南 北,https://ke-image.ljcdn.com/110000-inspection/pc1_LfyiHbjTI.jpg!m_fill,w_280,h_210,f_jpg?from=ke.com
20241031,房山,燕山,101117717440,宏塔社区三居室商品房户型方正采光好房主自荐,102万,13455元/平,高楼层 (共6层) 3室1厅 | 75.81平米 | 南 北,https://ke-image.ljcdn.com/110000-inspection/pc1_rIQG2qwcV.jpg!m_fill,w_280,h_210,f_jpg?from=ke.com
20241031,房山,燕山,101117667884,迎风六里一区南北通透满五唯一两居室房主自荐,85万,14129元/平,顶层 (共6层) | 1987年 | 2室1厅 | 60.16平米 | 南 北,https://ke-image.ljcdn.com/110000-inspection/745de4b9-5c50-44ec-84ae-72498289e301_1000.jpg!m_fill,w_280,h_210,f_jpg?from=ke.com
20241031,房山,燕山,101117383276,燕山迎风四里精装一层好房在售,90万,24550元/平,底层 (共5层) 3室1厅 | 36.66平米 | 南,https://ke-image.ljcdn.com/110000-inspection/pc1_cpjRAmoXJ.jpg!m_fill,w_280,h_210,f_jpg?from=ke.com
20241031,房山,燕山,101116673566,燕山迎风四里 环境优美 配套齐全,99万,16198元/平,中楼层 (共5层) 3室1厅 | 61.12平米 | 南,https://ke-image.ljcdn.com/110000-inspection/pc1_T8FRWi0rP_1.jpg!m_fill,w_280,h_210,f_jpg?from=ke.com
20241031,房山,燕山,101116574819,迎风五里  南向一层 采光好 业主诚心出售,109万,23089元/平,底层 (共6层) | 1980年 | 3室1厅 | 47.21平米 | 南,https://ke-image.ljcdn.com/110000-inspection/pc1_yIPbu54n1.jpg!m_fill,w_280,h_210,f_jpg?from=ke.com
20241031,房山,燕山,101116439305,杏花西里好房急售 繁华地带 中间楼层 近地铁公交,79万,12951元/平,中楼层 (共6层) 3室1厅 | 61平米 | 南 北,https://ke-image.ljcdn.com/110000-inspection/pc1_rf3HD4aVC.jpg!m_fill,w_280,h_210,f_jpg?from=ke.com
20241031,房山,燕山,101116401903,杰辉苑两居室业主诚意出售看房方便满五唯一,135万,13465元/平,高楼层 (共6层) 2室1厅 | 100.26平米 | 南 北,https://ke-image.ljcdn.com/110000-inspection/pc1_cguIHim2b_1.jpg!m_fill,w_280,h_210,f_jpg?from=ke.com
20241031,房山,燕山,101116340418,迎风六里一区 采光好 视野开阔看房方便,100万,16861元/平,中楼层 (共6层) 2室1厅 | 59.31平米 | 南 北,https://ke-image.ljcdn.com/110000-inspection/pc1_Pm7x1iwM8.jpg!m_fill,w_280,h_210,f_jpg?from=ke.com
20241031,房山,燕山,101116195177,宏塔社区南北通透户型方正满五唯一,110万,15798元/平,顶层 (共6层) 3室1厅 | 69.63平米 | 南 北,https://ke-image.ljcdn.com/110000-inspection/pc1_XHBuzgEpH.jpg!m_fill,w_280,h_210,f_jpg?from=ke.com
20241031,房山,燕山,101114592610,燕山东风北里 南北通透 看房方便,89万,12882元/平,底层 (共6层) 3室1厅 | 69.09平米 | 南 北,https://ke-image.ljcdn.com/110000-inspection/8a3255dc-1b12-44e8-8d3c-077b8fa63a3e_1000.jpg!m_fill,w_280,h_210,f_jpg?from=ke.com
20241031,房山,燕山,101113574446,此房满五南北向通风好高楼层视野好房主自荐,85万,14533元/平,顶层 (共6层) 2室1厅 | 58.49平米 | 南 北,https://ke-image.ljcdn.com/110000-inspection/pc1_DLslfFFkY_1.jpg!m_fill,w_280,h_210,f_jpg?from=ke.com
20241031,房山,燕山,101111472655,羊耳峪里南北向两居室满五唯一诚心出售,65万,10672元/平,高楼层 (共6层) 2室1厅 | 60.91平米 | 南 北,https://ke-image.ljcdn.com/110000-inspection/pc1_sUsROhFuF_1.jpg!m_fill,w_280,h_210,f_jpg?from=ke.com
20241031,房山,燕山,101110425226,燕山羊耳峪北里901快车直达前门  两居室 诚心出售,65万,10791元/平,高楼层 (共6层) 2室1厅 | 60.24平米 | 南 北,https://ke-image.ljcdn.com/110000-inspection/pc1_QylsxGQeR_1.jpg!m_fill,w_280,h_210,f_jpg?from=ke.com
20241031,房山,燕山,101127302496,羊耳峪北里满五五一南北通透商品房新上,58万,10428元/平,底层 (共6层) 2室1厅 | 55.62平米 | 南 北,https://ke-image.ljcdn.com/110000-inspection/30b86cea-213a-4a63-9961-b38347f49897_1000.jpg!m_fill,w_280,h_210,f_jpg?from=ke.com
20241031,房山,燕山,101127280257,杰辉苑 2室2厅 南 北新上,120万,14239元/平,低楼层 (共6层) 2室2厅 | 84.28平米 | 南 北,https://ke-image.ljcdn.com/110000-inspection/pc1_8wanEdOkz.jpg!m_fill,w_280,h_210,f_jpg?from=ke.com
20241031,房山,燕山,101127221848,迎风六里一区 2室1厅 南 北新上,108万,19173元/平,底层 (共6层) 2室1厅 | 56.33平米 | 南 北,https://ke-image.ljcdn.com/110000-inspection/c59d6f9a-6a44-4649-95b0-5496dde0678b_1000.jpg!m_fill,w_280,h_210,f_jpg?from=ke.com
20241031,房山,燕山,101127220715,羊耳峪里 2室1厅 南 北新上,55万,9219元/平,顶层 (共6层) 2室1厅 | 59.66平米 | 南 北,https://ke-image.ljcdn.com/110000-inspection/pc1_jytypXwTY.jpg!m_fill,w_280,h_210,f_jpg?from=ke.com
20241031,房山,燕山,101127166004,杰辉苑 3室1厅 南 北,140万,13605元/平,中楼层 (共6层) 3室1厅 | 102.91平米 | 南 北,https://ke-image.ljcdn.com/110000-inspection/pc1_eLCqwDdI6.jpg!m_fill,w_280,h_210,f_jpg?from=ke.com
20241031,房山,燕山,101127135224,东风南里临街交通便利,75万,13092元/平,顶层 (共5层) 2室1厅 | 57.29平米 | 北 南,https://ke-image.ljcdn.com/110000-inspection/pc1_CfpML4ypC.jpg!m_fill,w_280,h_210,f_jpg?from=ke.com
20241031,房山,燕山,101127079432,宏塔社区 2室1厅 北 南,89万,11995元/平,高楼层 (共6层) 2室1厅 | 74.2平米 | 北 南,https://ke-image.ljcdn.com/110000-inspection/pc1_oXFg61t9X.jpg!m_fill,w_280,h_210,f_jpg?from=ke.com
20241031,房山,燕山,101127074117,羊耳峪里 2室1厅 东 西,55万,8877元/平,中楼层 (共6层) 2室1厅 | 61.96平米 | 东 西,https://ke-image.ljcdn.com/110000-inspection/pc1_soqzbdw20_1.jpg!m_fill,w_280,h_210,f_jpg?from=ke.com
20241031,房山,燕山,101127060100,迎风四里 2室1厅 南 北,80万,14009元/平,顶层 (共5层) 2室1厅 | 57.11平米 | 南 北,https://ke-image.ljcdn.com/110000-inspection/pc1_q8vwZW6cw.jpg!m_fill,w_280,h_210,f_jpg?from=ke.com
20241031,房山,燕山,101126937173,羊耳峪西区 2室1厅 南 北,115万,13338元/平,低楼层 (共6层) 2室1厅 | 86.22平米 | 南 北,https://ke-image.ljcdn.com/110000-inspection/pc1_GtPTTwBxP.jpg!m_fill,w_280,h_210,f_jpg?from=ke.com
20241031,房山,燕山,101126928186,羊耳峪里 环境好 空气清新  优选好房,55万,9182元/平,顶层 (共6层) 2室1厅 | 59.9平米 | 南,https://ke-image.ljcdn.com/110000-inspection/pc1_QpJNDVAk0.jpg!m_fill,w_280,h_210,f_jpg?from=ke.com
20241031,房山,燕山,101126833310,迎风一里优质好房 低楼层房主自荐,52万,12426元/平,低楼层 (共6层) 1室1厅 | 41.85平米 | 南,https://ke-image.ljcdn.com/110000-inspection/pc1_k05VdTHnX.jpg!m_fill,w_280,h_210,f_jpg?from=ke.com
20241031,房山,燕山,101126760489,杏花东里社区精装修 低楼层 位置好 1990年建成,100万,16754元/平,低楼层 (共6层) | 1990年 | 2室1厅 | 59.69平米 | 南 北,https://ke-image.ljcdn.com/110000-inspection/pc1_tR7NE01qZ.jpg!m_fill,w_280,h_210,f_jpg?from=ke.com
20241031,房山,燕山,101126745727,羊耳峪北里 满五唯一 南北通透 2居室 中间楼层,75万,12354元/平,中楼层 (共6层) 2室1厅 | 60.71平米 | 南 北,https://ke-image.ljcdn.com/110000-inspection/pc1_RNppukIbZ.jpg!m_fill,w_280,h_210,f_jpg?from=ke.com
20241031,房山,燕山,101126129029,燕山羊耳峪里 92年房子 户型好 楼层低 精装自住房主自荐,62万,10324元/平,低楼层 (共6层) 2室1厅 | 60.06平米 | 南,https://ke-image.ljcdn.com/110000-inspection/pc1_u8Carf7V0.jpg!m_fill,w_280,h_210,f_jpg?from=ke.com
20241031,房山,燕山,101126042574,杏花西里满五年唯一无抵押户口随时迁走南北通透,130万,11237元/平,顶层 (共6层) | 1998年 | 3室1厅 | 115.69平米 | 南 北,https://ke-image.ljcdn.com/110000-inspection/pc1_5Kxs0DuEl.jpg!m_fill,w_280,h_210,f_jpg?from=ke.com
20241031,房山,燕山,101126015866,中国铁建原香嘉苑东区全明南北向两居室诚心出售,135万,15996元/平,中楼层 (共18层) 2室1厅 | 84.4平米 | 南 北,https://ke-image.ljcdn.com/110000-inspection/pc1_xzGqqDeUI.jpg!m_fill,w_280,h_210,f_jpg?from=ke.com
20241031,房山,燕山,101126008570,凤凰北里 满二 南北通透 2室1厅,69万,9489元/平,底层 (共6层) 2室1厅 | 72.72平米 | 南 北,https://ke-image.ljcdn.com/110000-inspection/pc1_z0pCVGTzy.jpg!m_fill,w_280,h_210,f_jpg?from=ke.com
20241031,房山,燕山,101125962190,东风东里 2室1厅 南,45万,7824元/平,顶层 (共6层) 2室1厅 | 57.52平米 | 南,https://ke-image.ljcdn.com/110000-inspection/pc1_VOwm0HfQT.jpg!m_fill,w_280,h_210,f_jpg?from=ke.com
20241031,房山,燕山,101125919733,迎风一里 2室1厅 南 北,90万,14656元/平,高楼层 (共6层) 2室1厅 | 61.41平米 | 南 北,https://ke-image.ljcdn.com/110000-inspection/pc1_ztlkF2xs6.jpg!m_fill,w_280,h_210,f_jpg?from=ke.com
20241031,房山,燕山,101125840860,迎风六里二区 3室2厅 南 北,155万,13165元/平,顶层 (共6层) 3室2厅 | 117.74平米 | 南 北,https://ke-image.ljcdn.com/110000-inspection/pc1_LkUVMecxh.jpg!m_fill,w_280,h_210,f_jpg?from=ke.com
20241031,房山,燕山,101125782776,羊耳峪里新上好房低楼层全明户型配套齐全。房主自荐,51万,8515元/平,低楼层 (共6层) | 1992年 | 2室1厅 | 59.9平米 | 南,https://ke-image.ljcdn.com/110000-inspection/pc1_LD9HYidis.jpg!m_fill,w_280,h_210,f_jpg?from=ke.com
20241031,房山,燕山,101125671302,中国铁建原香嘉苑西区 精装自住 商品房 高楼层,175万,18564元/平,高楼层 (共18层) | 2016年 | 3室1厅 | 94.27平米 | 南 北,https://ke-image.ljcdn.com/110000-inspection/pc1_58V3ThqRI.jpg!m_fill,w_280,h_210,f_jpg?from=ke.com
20241031,房山,燕山,101125378706,东风北里 1室1厅 南 北,56万,19133元/平,中楼层 (共4层) 1室1厅 | 29.27平米 | 南 北,https://ke-image.ljcdn.com/110000-inspection/pc1_4MuE6erT8.jpg!m_fill,w_280,h_210,f_jpg?from=ke.com
20241031,房山,燕山,101125297159,中国铁建原香嘉苑西区全明格局大三居 诚意出售,179万,16160元/平,高楼层 (共18层) 3室1厅 | 110.77平米 | 南 北,https://ke-image.ljcdn.com/110000-inspection/pc1_LxHMhU9Wg.jpg!m_fill,w_280,h_210,f_jpg?from=ke.com
20241031,房山,燕山,101125216086,迎风四里 1室1厅 南,79万,21526元/平,底层 (共5层) 1室1厅 | 36.7平米 | 南,https://ke-image.ljcdn.com/110000-inspection/pc1_bniYMpYAy.jpg!m_fill,w_280,h_210,f_jpg?from=ke.com
20241031,房山,燕山,101125200295,杏花西里 满五唯一 诚意出售 带新能源车充电车位,64万,10726元/平,顶层 (共6层) | 1989年 | 2室1厅 | 59.67平米 | 南 北,https://ke-image.ljcdn.com/110000-inspection/pc1_1L8AZj2If.jpg!m_fill,w_280,h_210,f_jpg?from=ke.com
20241031,房山,燕山,101125059478,原香嘉苑好房满五看房方便南北通风采光好。,170万,18213元/平,高楼层 (共18层) | 2016年 | 3室1厅 | 93.34平米 | 南 北,https://ke-image.ljcdn.com/110000-inspection/pc1_HKb6qzrJ1.jpg!m_fill,w_280,h_210,f_jpg?from=ke.com
20241031,房山,燕山,101125034120,中国铁建原香嘉苑西区 2室1厅 南 北,140万,15624元/平,高楼层 (共18层) | 2016年 | 2室1厅 | 89.61平米 | 南 北,https://ke-image.ljcdn.com/110000-inspection/pc1_ov0NnTEDv.jpg!m_fill,w_280,h_210,f_jpg?from=ke.com
20241031,房山,燕山,101125033496,中国铁建原香嘉苑西区 2室2厅 南 北,129万,15332元/平,高楼层 (共18层) | 2016年 | 2室2厅 | 84.14平米 | 南 北,https://ke-image.ljcdn.com/110000-inspection/pc1_x5z5izti6.jpg!m_fill,w_280,h_210,f_jpg?from=ke.com
20241031,房山,燕山,101125032440,中国铁建原香嘉苑西区 2室1厅 南 北,155万,18365元/平,高楼层 (共18层) 2室1厅 | 84.4平米 | 南 北,https://ke-image.ljcdn.com/110000-inspection/pc1_vd4eooYgh.jpg!m_fill,w_280,h_210,f_jpg?from=ke.com
20241031,房山,燕山,101125030738,原香嘉苑西区南北采光好出行便捷价格可谈。,235万,21216元/平,中楼层 (共18层) 3室1厅 | 110.77平米 | 南 北,https://ke-image.ljcdn.com/110000-inspection/pc1_QlfYfIZat.jpg!m_fill,w_280,h_210,f_jpg?from=ke.com
20241031,房山,燕山,101125028722,原香嘉苑好房源精装修拎包住出行便捷房主自荐,149万,17709元/平,高楼层 (共18层) | 2016年 | 2室1厅 | 84.14平米 | 南 北,https://ke-image.ljcdn.com/110000-inspection/pc1_GsnAhS24G.jpg!m_fill,w_280,h_210,f_jpg?from=ke.com
20241031,房山,燕山,101124966284,房山城关原香嘉苑南北通透两居室2016年建成近地铁,130万,14455元/平,高楼层 (共18层) | 2015年 | 2室1厅 | 89.94平米 | 南 北,https://ke-image.ljcdn.com/110000-inspection/pc1_Maf65yzGy.jpg!m_fill,w_280,h_210,f_jpg?from=ke.com
20241031,房山,燕山,101124775076,迎风五里 2室1厅 西南房主自荐,94万,16320元/平,中楼层 (共5层) | 1980年 | 2室1厅 | 57.6平米 | 西南,https://ke-image.ljcdn.com/110000-inspection/pc1_m8ZgRqiTF.jpg!m_fill,w_280,h_210,f_jpg?from=ke.com
20241031,房山,燕山,101124519299,羊耳峪西区 2室1厅 南 北,158万,17100元/平,底层 (共6层) | 2013年 | 2室1厅 | 92.4平米 | 南 北,https://ke-image.ljcdn.com/110000-inspection/pc1_VylW3BuKK.jpg!m_fill,w_280,h_210,f_jpg?from=ke.com
20241031,房山,燕山,101124076358,羊耳峪北里 诚心出售三居室 满五唯一房主自荐,63万,8399元/平,高楼层 (共6层) 3室1厅 | 75.01平米 | 南 北,https://ke-image.ljcdn.com/110000-inspection/pc1_iNMkbxpuB.jpg!m_fill,w_280,h_210,f_jpg?from=ke.com
20241031,房山,燕山,101123850591,东风东里 南向两居室 高楼层 视野好 商品房诚心出售,65万,11468元/平,顶层 (共6层) 2室1厅 | 56.68平米 | 南,https://ke-image.ljcdn.com/110000-inspection/pc1_d5504vJXd.jpg!m_fill,w_280,h_210,f_jpg?from=ke.com
20241031,房山,燕山,101123183689,急售急售急售 迎风四里格局方正采光好  无遮挡,55万,11562元/平,中楼层 (共5层) 2室0厅 | 47.57平米 | 东,https://ke-image.ljcdn.com/110000-inspection/pc1_iHe8iCAL6_1.jpg!m_fill,w_280,h_210,f_jpg?from=ke.com
20241031,房山,燕山,101123145073,迎风二里 1室1厅 南,50万,14921元/平,中楼层 (共4层) 1室1厅 | 33.51平米 | 南,https://ke-image.ljcdn.com/110000-inspection/pc1_g1ikbpd9I.jpg!m_fill,w_280,h_210,f_jpg?from=ke.com
20241031,房山,燕山,101122996414,宏塔社区电梯10层精装商品房,108万,16675元/平,中楼层 (共15层) 2室1厅 | 64.77平米 | 南,https://ke-image.ljcdn.com/110000-inspection/pc1_gneFCNXGi.jpg!m_fill,w_280,h_210,f_jpg?from=ke.com
20241031,房山,燕山,101122921113,杏花西里 2室1厅 南 北房主自荐,75万,13006元/平,低楼层 (共6层) 2室1厅 | 57.67平米 | 南 北,https://ke-image.ljcdn.com/110000-inspection/pc1_CiMqipEmR.jpg!m_fill,w_280,h_210,f_jpg?from=ke.com
20241031,房山,燕山,101122906734,迎风六里一区 2室1厅 南房主自荐,83万,15108元/平,高楼层 (共6层) | 1986年 | 2室1厅 | 54.94平米 | 南,https://ke-image.ljcdn.com/110000-inspection/pc1_4yPaXPFen.jpg!m_fill,w_280,h_210,f_jpg?from=ke.com
20241031,房山,燕山,101122773809,羊耳峪里 精装修 全明格局 商品房,98万,16079元/平,顶层 (共6层) 2室1厅 | 60.95平米 | 南 北,https://ke-image.ljcdn.com/110000-inspection/pc1_R1e0FEfvA.jpg!m_fill,w_280,h_210,f_jpg?from=ke.com
20241031,房山,燕山,101122417870,东风东里 2室1厅 南 北,68万,11132元/平,中楼层 (共6层) 2室1厅 | 61.09平米 | 南 北,https://ke-image.ljcdn.com/110000-inspection/pc1_FmzYB7J8U.jpg!m_fill,w_280,h_210,f_jpg?from=ke.com
20241031,房山,燕山,101122365528,羊耳峪北里 2室1厅 南 北,100万,17794元/平,底层 (共6层) 2室1厅 | 56.2平米 | 南 北,https://ke-image.ljcdn.com/110000-inspection/pc1_6CtT7Xuc4.jpg!m_fill,w_280,h_210,f_jpg?from=ke.com
20241031,房山,燕山,101121970621,迎风一里 2室1厅 南 北房主自荐,53万,11876元/平,中楼层 (共5层) 2室1厅 | 44.63平米 | 南 北,https://ke-image.ljcdn.com/110000-inspection/pc1_O1w2WntTE.jpg!m_fill,w_280,h_210,f_jpg?from=ke.com
20241031,房山,燕山,101121170717,燕山杏花东里社区简装修高层一居室,85万,16906元/平,顶层 (共6层) 1室1厅 | 50.28平米 | 南 北,https://ke-image.ljcdn.com/110000-inspection/pc1_daQpLzZQU_1.jpg!m_fill,w_280,h_210,f_jpg?from=ke.com
20241031,房山,燕山,101121125473,燕山迎风一里社区 低层简装两居采光好,88万,12219元/平,低楼层 (共6层) 2室2厅 | 72.02平米 | 南 北,https://ke-image.ljcdn.com/110000-inspection/pc1_JMmsLfpPA.jpg!m_fill,w_280,h_210,f_jpg?from=ke.com
20241031,房山,燕山,101120943347,迎风六里一区 2室1厅 南 北房主自荐,89万,15492元/平,低楼层 (共6层) 2室1厅 | 57.45平米 | 南 北,https://ke-image.ljcdn.com/110000-inspection/pc1_xNUt7ztui.jpg!m_fill,w_280,h_210,f_jpg?from=ke.com
20241031,房山,燕山,101120880981,杰辉苑 3室2厅 南 北,152万,11845元/平,顶层 (共6层) 3室2厅 | 128.33平米 | 南 北,https://ke-image.ljcdn.com/110000-inspection/pc1_ueBVAhk7l.jpg!m_fill,w_280,h_210,f_jpg?from=ke.com
20241031,房山,燕山,101120109378,迎风五里 1室1厅 东,56万,13066元/平,中楼层 (共5层) 1室1厅 | 42.86平米 | 东,https://ke-image.ljcdn.com/110000-inspection/pc1_2niz0xmr0.jpg!m_fill,w_280,h_210,f_jpg?from=ke.com
20241031,房山,燕山,101119446348,好房推荐房山区杰辉苑在售好房近地铁。房主自荐,110万,11300元/平,高楼层 (共6层) 2室2厅 | 97.35平米 | 南 北,https://ke-image.ljcdn.com/110000-inspection/pc1_rzjbWJlAl_1.jpg!m_fill,w_280,h_210,f_jpg?from=ke.com
20241031,房山,燕山,101118582598,羊耳峪北里此房满五唯一南北通透,80万,13281元/平,低楼层 (共6层) 2室1厅 | 60.24平米 | 南 北,https://ke-image.ljcdn.com/110000-inspection/f419a528-bbc5-4d67-bee8-8bad9a9a0f00_1000.jpg!m_fill,w_280,h_210,f_jpg?from=ke.com
20241031,房山,燕山,101118315671,宏塔社区采光好户型通透集中供暖,142万,13794元/平,顶层 (共6层) 3室2厅 | 102.95平米 | 南 北,https://ke-image.ljcdn.com/110000-inspection/pc1_3QD4borte.jpg!m_fill,w_280,h_210,f_jpg?from=ke.com
20241031,房山,燕山,101117282270,东风南里 2室1厅 南 北,60万,10477元/平,中楼层 (共5层) 2室1厅 | 57.27平米 | 南 北,https://ke-image.ljcdn.com/110000-inspection/pc1_b3KbQW3tG.jpg!m_fill,w_280,h_210,f_jpg?from=ke.com
20241031,房山,燕山,101116999255,燕山杏花西里采光好无遮挡业主诚心出售,59万,9862元/平,顶层 (共6层) 2室1厅 | 59.83平米 | 南 北,https://ke-image.ljcdn.com/110000-inspection/pc1_sQo4WcC0A_1.jpg!m_fill,w_280,h_210,f_jpg?from=ke.com
20241031,房山,燕山,101116981903,杰辉苑两居室业主诚意出售看房方便 满五唯一,188万,13486元/平,顶层 (共6层) 2室3厅 | 139.41平米 | 南 北,https://ke-image.ljcdn.com/110000-inspection/pc1_6cT2Nz6Ut.jpg!m_fill,w_280,h_210,f_jpg?from=ke.com
20241031,房山,燕山,101127310112,羊耳峪北里 2室1厅 北 南新上,75万,11985元/平,中楼层 (共6层) 2室1厅 | 62.58平米 | 北 南,https://s1.ljcdn.com/pegasus/redskull/images/common/default_house_list.png?_v=202410161653269
20241031,房山,燕山,101127291155,宏塔社区房子属于南北朝向采光好位置好房龄新新上,110万,14835元/平,中楼层 (共6层) 2室1厅 | 74.15平米 | 南 北,https://s1.ljcdn.com/pegasus/redskull/images/common/default_house_list.png?_v=202410161653269
20241031,房山,燕山,101127281322,迎风一里 3室1厅 南 北新上,49万,7980元/平,顶层 (共6层) 3室1厅 | 61.41平米 | 南 北,https://s1.ljcdn.com/pegasus/redskull/images/common/default_house_list.png?_v=202410161653269
20241031,房山,燕山,101127254845,迎风五里 2室1厅 南 北新上,85万,14356元/平,中楼层 (共5层) | 1980年 | 2室1厅 | 59.21平米 | 南 北,https://s1.ljcdn.com/pegasus/redskull/images/common/default_house_list.png?_v=202410161653269
20241031,房山,燕山,101127231074,羊耳峪里 3室1厅 南 北新上,75万,9907元/平,顶层 (共6层) 3室1厅 | 75.71平米 | 南 北,https://s1.ljcdn.com/pegasus/redskull/images/common/default_house_list.png?_v=202410161653269
20241031,房山,燕山,101127199809,中国铁建原香汇 1室1厅 南新上,45万,10571元/平,顶层 (共14层) 1室1厅 | 42.57平米 | 南,https://s1.ljcdn.com/pegasus/redskull/images/common/default_house_list.png?_v=202410161653269
20241031,房山,燕山,101127193279,迎风一里 2室1厅 南 北,50万,10728元/平,中楼层 (共5层) 2室1厅 | 46.61平米 | 南 北,https://s1.ljcdn.com/pegasus/redskull/images/common/default_house_list.png?_v=202410161653269
20241031,房山,燕山,101127146655,杏花西里 3室1厅 南 北,89万,11765元/平,中楼层 (共6层) | 1987年 | 3室1厅 | 75.65平米 | 南 北,https://s1.ljcdn.com/pegasus/redskull/images/common/default_house_list.png?_v=202410161653269
20241031,房山,燕山,101127085873,高家坡社区 2室1厅 南 北房主自荐,53万,8977元/平,顶层 (共6层) | 1989年 | 2室1厅 | 59.04平米 | 南 北,https://s1.ljcdn.com/pegasus/redskull/images/common/default_house_list.png?_v=202410161653269
20241031,房山,燕山,101127047008,中国铁建原香汇 1室1厅 东,42万,10094元/平,低楼层 (共14层) 1室1厅 | 41.61平米 | 东,https://s1.ljcdn.com/pegasus/redskull/images/common/default_house_list.png?_v=202410161653269
20241031,房山,燕山,101126961660,迎风二里 3室1厅 北 南,75万,9903元/平,高楼层 (共6层) 3室1厅 | 75.74平米 | 北 南,https://s1.ljcdn.com/pegasus/redskull/images/common/default_house_list.png?_v=202410161653269
20241031,房山,燕山,101126937804,商品房可以直接走手续业主诚心出售,75万,10235元/平,高楼层 (共6层) 3室1厅 | 73.28平米 | 南 北,https://s1.ljcdn.com/pegasus/redskull/images/common/default_house_list.png?_v=202410161653269
20241031,房山,燕山,101126929593,此房南北通透 采光好 配套齐全,78万,14357元/平,底层 (共5层) 2室1厅 | 54.33平米 | 南 北,https://s1.ljcdn.com/pegasus/redskull/images/common/default_house_list.png?_v=202410161653269
20241031,房山,燕山,101126785176,中国铁建原香汇 1室1厅 东,60万,12918元/平,低楼层 (共14层) 1室1厅 | 46.45平米 | 东,https://s1.ljcdn.com/pegasus/redskull/images/common/default_house_list.png?_v=202410161653269
20241031,房山,燕山,101126547544,原香汇商业中心优质好房,46万,11056元/平,中楼层 (共14层) 2室1厅 | 41.61平米 | 东 西,https://s1.ljcdn.com/pegasus/redskull/images/common/default_house_list.png?_v=202410161653269
20241031,房山,燕山,101126487272,中国铁建原香汇 1室1厅 西,45万,10177元/平,低楼层 (共14层) 1室1厅 | 44.22平米 | 西,https://s1.ljcdn.com/pegasus/redskull/images/common/default_house_list.png?_v=202410161653269
20241031,房山,燕山,101126118286,中国铁建原香嘉苑西区 3室1厅 南 北,140万,15147元/平,高楼层 (共18层) 3室1厅 | 92.43平米 | 南 北,https://s1.ljcdn.com/pegasus/redskull/images/common/default_house_list.png?_v=202410161653269
20241031,房山,燕山,101125930634,中国铁建原香嘉苑西区 3室1厅 南 北,145万,15016元/平,低楼层 (共18层) 3室1厅 | 96.57平米 | 南 北,https://s1.ljcdn.com/pegasus/redskull/images/common/default_house_list.png?_v=202410161653269
20241031,房山,燕山,101125294149,原香汇商业中心 东向  诚心出售,38万,14571元/平,高楼层 (共14层) 1室1厅 | 26.08平米 | 东,https://s1.ljcdn.com/pegasus/redskull/images/common/default_house_list.png?_v=202410161653269
20241031,房山,燕山,101124846010,中国铁建原香汇 1室1厅 南,31万,10276元/平,高楼层 (共14层) 1室1厅 | 30.17平米 | 南,https://s1.ljcdn.com/pegasus/redskull/images/common/default_house_list.png?_v=202410161653269
20241031,房山,燕山,101124740715,中国铁建原香汇 个人可购买  观山房,40万,9281元/平,中楼层 (共14层) 2室1厅 | 43.1平米 | 西,https://s1.ljcdn.com/pegasus/redskull/images/common/default_house_list.png?_v=202410161653269
20241031,房山,燕山,101123232668,中国铁建原香汇精装修 全明格局房主自荐,48万,9998元/平,高楼层 (共8层) 1室1厅 | 48.01平米 | 东,https://s1.ljcdn.com/pegasus/redskull/images/common/default_house_list.png?_v=202410161653269
20241031,房山,燕山,101122992362,中国铁建原香汇 1室1厅 南,50万,10721元/平,中楼层 (共14层) 1室1厅 | 46.64平米 | 南,https://s1.ljcdn.com/pegasus/redskull/images/common/default_house_list.png?_v=202410161653269
20241031,房山,燕山,101122747152,迎风四里 3室1厅 南 北房主自荐,103万,13957元/平,中楼层 (共6层) 3室1厅 | 73.8平米 | 南 北,https://s1.ljcdn.com/pegasus/redskull/images/common/default_house_list.png?_v=202410161653269
20241031,房山,燕山,101122248648,中国铁建原香汇房子诚意出售靠近地铁房主自荐,59万,12702元/平,中楼层 (共8层) 1室1厅 | 46.45平米 | 南,https://s1.ljcdn.com/pegasus/redskull/images/common/default_house_list.png?_v=202410161653269
20241031,房山,燕山,101122231746,宏塔社区南北两居近地铁周边配套齐全。,130万,17521元/平,中楼层 (共6层) 2室1厅 | 74.2平米 | 南 北,https://s1.ljcdn.com/pegasus/redskull/images/common/default_house_list.png?_v=202410161653269
20241031,房山,燕山,101122105922,中国铁建原香汇  步行到地铁  年轻人的选择房主自荐,55万,11841元/平,中楼层 (共8层) 1室1厅 | 46.45平米 | 东,https://s1.ljcdn.com/pegasus/redskull/images/common/default_house_list.png?_v=202410161653269
20241031,房山,燕山,101122102720,中国铁建原香汇 复式结构 年轻人喜欢房主自荐,45万,10310元/平,高楼层 (共14层) 1室1厅 | 43.65平米 | 东,https://s1.ljcdn.com/pegasus/redskull/images/common/default_house_list.png?_v=202410161653269
20241031,房山,燕山,101121442891,中国铁建原香汇  复式结构 业主着急出售房主自荐,42万,9867元/平,高楼层 (共14层) 1室0厅 | 42.57平米 | 东,https://s1.ljcdn.com/pegasus/redskull/images/common/default_house_list.png?_v=202410161653269
