20241031,海淀,西山,101126742771,门头馨村南区边户一层3居位置好客厅可观山！必看好房,655万,47235元/平,底层 (共4层) | 2005年 | 3室2厅 | 138.67平米 | 南 西 北,https://ke-image.ljcdn.com/110000-inspection/a6b91856-cd6e-412e-9c6c-c4883d2cd7c0_1000.jpg!m_fill,w_280,h_210,f_jpg?from=ke.com
20241031,海淀,西山,101126310233,巨山馨苑    全南朝向一居室    满五年唯一必看好房,330万,57054元/平,底层 (共6层) 1室1厅 | 57.84平米 | 南 北,https://ke-image.ljcdn.com/110000-inspection/pc1_FJMtrUk9A_2.jpg!m_fill,w_280,h_210,f_jpg?from=ke.com
20241031,海淀,西山,101125738062,馨村北二区 正规一居室 3层  视野好 看房方便必看好房,330万,49925元/平,中楼层 (共4层) | 2008年 | 1室1厅 | 66.1平米 | 南 北,https://ke-image.ljcdn.com/110000-inspection/pc1_ppzXKZOLy_2.jpg!m_fill,w_280,h_210,f_jpg?from=ke.com
20241031,海淀,西山,101125123406,北二区大两居 商品房 中楼层 户型方正 采光好必看好房,445万,49286元/平,中楼层 (共4层) | 2008年 | 2室1厅 | 90.29平米 | 南 北,https://ke-image.ljcdn.com/110000-inspection/ba495807-0929-4574-a2ed-3fd969baab33_1000.jpg!m_fill,w_280,h_210,f_jpg?from=ke.com
20241031,海淀,西山,101123186216,京泉馨苑 中间层三居南北通透双卧南满五年唯一必看好房,725万,57797元/平,中楼层 (共5层) 3室2厅 | 125.44平米 | 南 北,https://ke-image.ljcdn.com/110000-inspection/pc1_qUgeFaqOe.jpg!m_fill,w_280,h_210,f_jpg?from=ke.com
20241031,海淀,西山,101126977046,门头馨村北二区南向一居室户型好业主诚意必看好房,315万,53264元/平,中楼层 (共4层) 1室1厅 | 59.14平米 | 南,https://ke-image.ljcdn.com/110000-inspection/pc1_2XLhUv2Ya_2.jpg!m_fill,w_280,h_210,f_jpg?from=ke.com
20241031,海淀,西山,101126845795,御墅临枫两卧室朝南三居业主独佳委托 看房随时必看好房,1400万,84921元/平,中楼层 (共6层) 3室2厅 | 164.86平米 | 南 北,https://ke-image.ljcdn.com/110000-inspection/pc1_jX1MZ2PH0.jpg!m_fill,w_280,h_210,f_jpg?from=ke.com
20241031,海淀,西山,101125619327,中科院植物所家属院！温馨两居！直通植物园！仅契税,295万,55348元/平,中楼层 (共4层) 2室1厅 | 53.3平米 | 南 北,https://ke-image.ljcdn.com/110000-inspection/pc1_FM8GgRlSh_2.jpg!m_fill,w_280,h_210,f_jpg?from=ke.com
20241031,海淀,西山,101124059942,门头馨村北二区 低楼层商品房 交易成本低,396万,55712元/平,底层 (共4层) | 2009年 | 2室1厅 | 71.08平米 | 南 北,https://ke-image.ljcdn.com/110000-inspection/pc1_O4iPxuUVD_2.jpg!m_fill,w_280,h_210,f_jpg?from=ke.com
20241031,海淀,西山,101127223163,西山脚下 入驻海淀西山 户型方正 采光充足必看好房,345万,50219元/平,中楼层 (共4层) 3室1厅 | 68.7平米 | 南 北,https://ke-image.ljcdn.com/110000-inspection/pc1_VXXkE42eE_2.jpg!m_fill,w_280,h_210,f_jpg?from=ke.com
20241031,海淀,西山,101126484825,西山美墅馆F区日不落四面采光装修150万,1390万,87970元/平,顶层 (共4层) | 2007年 | 3室2厅 | 158.01平米 | 南 北 东 西,https://ke-image.ljcdn.com/110000-inspection/pc1_wVV3XrYur_2.jpg!m_fill,w_280,h_210,f_jpg?from=ke.com
20241031,海淀,西山,101126452348,LOFT户型 客厅带挑高 精装修 南北通透必看好房,1288万,142384元/平,底层 (共3层) | 2003年 | 3室2厅 | 90.46平米 | 南 北,https://ke-image.ljcdn.com/110000-inspection/pc1_QL7GVKjDs_2.jpg!m_fill,w_280,h_210,f_jpg?from=ke.com
20241031,海淀,西山,101126001019,巨山馨苑两居室楼层好看房方便采光好必看好房,398万,47269元/平,高楼层 (共6层) 2室1厅 | 84.2平米 | 南 北,https://ke-image.ljcdn.com/110000-inspection/c89548e7-5f32-4e7b-bfdc-b766302f39db_1000.jpg!m_fill,w_280,h_210,f_jpg?from=ke.com
20241031,海淀,西山,101125845011,钥匙房满5唯1南北通透2层*合格*出行便利必看好房,258万,45908元/平,低楼层 (共6层) 2室1厅 | 56.2平米 | 南 北,https://ke-image.ljcdn.com/110000-inspection/ea185842-e1a3-47e0-b4d8-35c53d02805a_1000.jpg!m_fill,w_280,h_210,f_jpg?from=ke.com
20241031,海淀,西山,101124791488,精装修 南北西三面采光 通透性好 挑空 免费车位必看好房,2399万,88593元/平,中楼层 (共4层) | 2006年 | 8室1厅 | 270.79平米 | 南 西 北,https://ke-image.ljcdn.com/110000-inspection/pc1_492r5pppW.jpg!m_fill,w_280,h_210,f_jpg?from=ke.com
20241031,海淀,西山,101123863531,东边户 阳台 双明卫户型 开盘首出必看好房,1568万,108520元/平,中楼层 (共5层) 3室2厅 | 144.49平米 | 南 北,https://ke-image.ljcdn.com/110000-inspection/71718eff-0785-44ee-a622-8f1f0fff9e03_1000.jpg!m_fill,w_280,h_210,f_jpg?from=ke.com
20241031,海淀,西山,101127254686,门头馨村南区 1室1厅 南新上,360万,60342元/平,中楼层 (共4层) | 2008年 | 1室1厅 | 59.66平米 | 南,https://ke-image.ljcdn.com/110000-inspection/557fc616-6ee3-4c2a-999c-0712aabd55d3_1000.jpg!m_fill,w_280,h_210,f_jpg?from=ke.com
20241031,海淀,西山,101127252744,门头馨村北二区两居 二层 满五唯一新上,408万,56620元/平,低楼层 (共3层) | 2009年 | 2室1厅 | 72.06平米 | 南 北,https://ke-image.ljcdn.com/110000-inspection/pc1_V0PpR0iCE_2.jpg!m_fill,w_280,h_210,f_jpg?from=ke.com
20241031,海淀,西山,101127231615,门头馨村北二区 2室1厅 南 北新上,529万,56999元/平,底层 (共4层) 2室1厅 | 92.81平米 | 南 北,https://ke-image.ljcdn.com/110000-inspection/3fbfb714-ca10-440f-8b10-930b79f3a24b_1000.jpg!m_fill,w_280,h_210,f_jpg?from=ke.com
20241031,海淀,西山,101127163418,巨山馨苑两居室中楼层采光视野好,420万,51396元/平,中楼层 (共6层) | 2010年 | 2室1厅 | 81.72平米 | 南 北,https://ke-image.ljcdn.com/110000-inspection/pc1_YnC8WAomR_1.jpg!m_fill,w_280,h_210,f_jpg?from=ke.com
20241031,海淀,西山,101127009020,中间楼层 视野开阔 采光好 方便看房 居住成本低,560万,58874元/平,中楼层 (共5层) 2室1厅 | 95.12平米 | 北 南,https://ke-image.ljcdn.com/110000-inspection/b0c686f3-9da1-424d-aa19-b89c32d57569_1000.jpg!m_fill,w_280,h_210,f_jpg?from=ke.com
20241031,海淀,西山,101126971820,首付50万 一层 位置好 两居室 香山脚下 环境好新上,299万,59800元/平,底层 (共4层) 2室1厅 | 50平米 | 东 北,https://ke-image.ljcdn.com/110000-inspection/b255e95e-0e9b-4ce7-9a1a-ee71d44de466_1000.jpg!m_fill,w_280,h_210,f_jpg?from=ke.com
20241031,海淀,西山,101126961913,西山观景三居室三卧室朝南观景小区花园有车位,1480万,87393元/平,中楼层 (共6层) 3室1厅 | 169.35平米 | 南 北,https://ke-image.ljcdn.com/110000-inspection/0a142aaa-1839-4c78-b2f0-895232ee7fc1_1000.jpg!m_fill,w_280,h_210,f_jpg?from=ke.com
20241031,海淀,西山,101126924032,满五年唯一 顶层复式 南北通透 采光好 精装修,470万,65855元/平,顶层 (共4层) | 2009年 | 3室2厅 | 71.37平米 | 南 北,https://ke-image.ljcdn.com/110000-inspection/221a82fe-ed0b-451b-833b-7f2c3a24c666_1000.jpg!m_fill,w_280,h_210,f_jpg?from=ke.com
20241031,海淀,西山,101126836915,巨山馨苑  南北一居室   明厨明卫,320万,50498元/平,高楼层 (共6层) 1室1厅 | 63.37平米 | 南 北,https://ke-image.ljcdn.com/110000-inspection/a4b167c8-ed9c-49f7-af5d-df640eb91684_1000.jpg!m_fill,w_280,h_210,f_jpg?from=ke.com
20241031,海淀,西山,101126746249,门头馨村北二区大两居南北通透低楼层可贷款,465万,51524元/平,中楼层 (共4层) 2室1厅 | 90.25平米 | 南 北,https://ke-image.ljcdn.com/110000-inspection/pc1_9schz6ZiS_2.jpg!m_fill,w_280,h_210,f_jpg?from=ke.com
20241031,海淀,西山,101126612297,门头馨村南区   一层大两居   南北通透,488万,52570元/平,底层 (共4层) 2室1厅 | 92.83平米 | 南 北,https://ke-image.ljcdn.com/110000-inspection/pc1_vIkt9Rw3l_2.jpg!m_fill,w_280,h_210,f_jpg?from=ke.com
20241031,海淀,西山,101126540195,西山美墅馆B区低楼层全明格局四居室 采光楼层好,1830万,98520元/平,中楼层 (共4层) 4室2厅 | 185.75平米 | 东 南 西,https://ke-image.ljcdn.com/110000-inspection/92d54944-4f7f-454c-8f9a-43aab993e02f_1000.jpg!m_fill,w_280,h_210,f_jpg?from=ke.com
20241031,海淀,西山,101126224398,巨山馨苑 1室1厅 南 北,350万,55284元/平,中楼层 (共6层) 1室1厅 | 63.31平米 | 南 北,https://ke-image.ljcdn.com/110000-inspection/pc1_jakePLmMS_2.jpg!m_fill,w_280,h_210,f_jpg?from=ke.com
20241031,海淀,西山,101126027045,门头馨村北二区 低楼层两居 南北通透 满五唯一,495万,53659元/平,底层 (共4层) 2室1厅 | 92.25平米 | 南 北,https://ke-image.ljcdn.com/110000-inspection/deca0ef5-84a6-4e41-8b91-c165736a7f20_1000.jpg!m_fill,w_280,h_210,f_jpg?from=ke.com
20241031,海淀,西山,101126002093,门头馨村南区 1室1厅 南 北,405万,59638元/平,顶层 (共4层) | 2004年 | 1室1厅 | 67.91平米 | 南 北,https://ke-image.ljcdn.com/110000-inspection/prod-3808e2ee-c116-43c9-8379-073e1098e078.jpg!m_fill,w_280,h_210,f_jpg?from=ke.com
20241031,海淀,西山,101125814939,门头馨村南区三居室 满五年唯一 南北通透诚心出售,625万,51155元/平,底层 (共4层) | 2005年 | 3室1厅 | 122.18平米 | 南 北,https://ke-image.ljcdn.com/110000-inspection/pc1_3h0NqMX1b_2.jpg!m_fill,w_280,h_210,f_jpg?from=ke.com
20241031,海淀,西山,101125746555,门头馨村南区 1室1厅 南 北,440万,65128元/平,底层 (共4层) 1室1厅 | 67.56平米 | 南 北,https://ke-image.ljcdn.com/110000-inspection/39352538-90e3-475c-82f1-ee3df8d81e4e_1000.jpg!m_fill,w_280,h_210,f_jpg?from=ke.com
20241031,海淀,西山,101125734549,门头馨村北二区 商品房南北2居室 仅有契税 位置好,416万,57698元/平,低楼层 (共3层) | 2009年 | 2室1厅 | 72.1平米 | 南 北,https://ke-image.ljcdn.com/110000-inspection/pc1_Ca2ftxVyi_2.jpg!m_fill,w_280,h_210,f_jpg?from=ke.com
20241031,海淀,西山,101125694526,门头馨村南区大两居室 精装修 不临街 看房方便,480万,50415元/平,中楼层 (共4层) 2室1厅 | 95.21平米 | 南 北,https://ke-image.ljcdn.com/110000-inspection/b48f34ff-70a1-47c7-8174-4b179b17d730_1000.jpg!m_fill,w_280,h_210,f_jpg?from=ke.com
20241031,海淀,西山,101125640496,瑞王坟甲12号院 2室1厅 南 北,240万,47497元/平,中楼层 (共6层) 2室1厅 | 50.53平米 | 南 北,https://ke-image.ljcdn.com/110000-inspection/pc1_Ul7w9e3kU_2.jpg!m_fill,w_280,h_210,f_jpg?from=ke.com
20241031,海淀,西山,101125627102,CEO平层 价可谈 给周期 大面宽 双通透 方便看,1499万,84006元/平,低楼层 (共6层) | 2006年 | 3室2厅 | 178.44平米 | 南 北,https://ke-image.ljcdn.com/110000-inspection/pc1_1VJ4PxnUX_2.jpg!m_fill,w_280,h_210,f_jpg?from=ke.com
20241031,海淀,西山,101125567228,近锦秋临凯文小区车位免费停车南北通透诚意出售,930万,102888元/平,中楼层 (共4层) | 2003年 | 2室1厅 | 90.39平米 | 南 北,https://ke-image.ljcdn.com/110000-inspection/pc1_WhFBmwFHa_2.jpg!m_fill,w_280,h_210,f_jpg?from=ke.com
20241031,海淀,西山,101125528740,西山美墅馆平墅全明格局双明卫楼层视野好无遮挡,1480万,78528元/平,中楼层 (共4层) | 2005年 | 4室2厅 | 188.47平米 | 东 南 西 北,https://ke-image.ljcdn.com/110000-inspection/1fc98d81-2afd-4c8c-b2fa-904b199fab4d_1000.jpg!m_fill,w_280,h_210,f_jpg?from=ke.com
20241031,海淀,西山,101125456624,楼层好中间楼层南北通透居住安静配套齐全,570万,60989元/平,中楼层 (共5层) 2室2厅 | 93.46平米 | 南 北,https://ke-image.ljcdn.com/110000-inspection/pc1_WUYfDOxbj_2.jpg!m_fill,w_280,h_210,f_jpg?from=ke.com
20241031,海淀,西山,101125429804,京泉馨苑 3层 采光好 业主诚心出售 明卫 近海外,578万,58520元/平,中楼层 (共5层) 2室1厅 | 98.77平米 | 南 北,https://ke-image.ljcdn.com/110000-inspection/e1357557-9408-4ccd-80c0-95b7642cbeb8_1000.jpg!m_fill,w_280,h_210,f_jpg?from=ke.com
20241031,海淀,西山,101125146578,无遮挡 南北通透 2层 位置好 采光充足 带阳台,298万,52558元/平,低楼层 (共3层) | 1993年 | 2室1厅 | 56.7平米 | 南 北,https://ke-image.ljcdn.com/110000-inspection/b6fd3a36-1842-4173-88a2-ce96ab47bc9e_1000.jpg!m_fill,w_280,h_210,f_jpg?from=ke.com
20241031,海淀,西山,101125000296,门头馨村北二区观景房视野开阔南北通透位置好,495万,53215元/平,顶层 (共4层) 2室2厅 | 93.02平米 | 南 北,https://ke-image.ljcdn.com/110000-inspection/2af80883-0776-43a2-9023-dc27737f783e_1000.jpg!m_fill,w_280,h_210,f_jpg?from=ke.com
20241031,海淀,西山,101125033091,香山煤厂街27号院 精装修2层满五年唯一商品房,370万,56027元/平,中楼层 (共4层) 2室1厅 | 66.04平米 | 南 北,https://ke-image.ljcdn.com/110000-inspection/4eb71654-1aa8-4907-bfcf-ac69b86a1fe5_1000.jpg!m_fill,w_280,h_210,f_jpg?from=ke.com
20241031,海淀,西山,101124944517,急售！双卧朝南三居满五唯一明厨明卫！首付一百多,650万,46353元/平,底层 (共4层) 3室1厅 | 140.23平米 | 南 西 北,https://ke-image.ljcdn.com/110000-inspection/pc1_8GcEO2ATR_1.jpg!m_fill,w_280,h_210,f_jpg?from=ke.com
20241031,海淀,西山,101124883638,门头馨村南区1居室 南北通透 带1固定租赁车位,390万,58105元/平,底层 (共4层) 1室1厅 | 67.12平米 | 南 北,https://ke-image.ljcdn.com/110000-inspection/6fcc80ed-2d73-4594-8e4f-d61450f30175_1000.jpg!m_fill,w_280,h_210,f_jpg?from=ke.com
20241031,海淀,西山,101124735356,门头馨村南区南北通透两居室 精装修居住安静,480万,52951元/平,底层 (共4层) 2室1厅 | 90.65平米 | 南 北,https://ke-image.ljcdn.com/110000-inspection/pc1_Lb8xXdDpb_2.jpg!m_fill,w_280,h_210,f_jpg?from=ke.com
20241031,海淀,西山,101124517779,颐和金茂府10号楼东边户三层 前后落地飘窗,3400万,155152元/平,中楼层 (共5层) | 2022年 | 5室2厅 | 219.14平米 | 东 南 北,https://ke-image.ljcdn.com/110000-inspection/1b2815db-83dc-49f3-a691-01eb31243ef5_1000.jpg!m_fill,w_280,h_210,f_jpg?from=ke.com
20241031,海淀,西山,101124480194,西山美墅馆毛坯房三居南北通透主卧室明卫视野好观山,1650万,102811元/平,中楼层 (共4层) 3室2厅 | 160.49平米 | 南 北,https://ke-image.ljcdn.com/110000-inspection/edf83976-181c-4c68-b917-b7b2aa2e8511_1000.jpg!m_fill,w_280,h_210,f_jpg?from=ke.com
20241031,海淀,西山,101124478118,精装修两居室有电梯中间楼层南北通透只有契税,950万,81539元/平,中楼层 (共6层) 2室1厅 | 116.51平米 | 南 北,https://ke-image.ljcdn.com/110000-inspection/7783cc25-5448-4d2e-8f90-12e71b030811_1000.jpg!m_fill,w_280,h_210,f_jpg?from=ke.com
20241031,海淀,西山,101124353268,商品房本板楼格局方正1层不爬楼有半地下不潮房主自荐,645万,67209元/平,底层 (共5层) | 2011年 | 2室1厅 | 95.97平米 | 南 北,https://ke-image.ljcdn.com/110000-inspection/pc1_zej9jfEnt_2.jpg!m_fill,w_280,h_210,f_jpg?from=ke.com
20241031,海淀,西山,101124288140,门头馨村北二区 低楼层1居室 户型方正满五年唯一,350万,59122元/平,底层 (共4层) | 2009年 | 1室1厅 | 59.2平米 | 南,https://ke-image.ljcdn.com/110000-inspection/77df2122-b293-4eb8-bff6-f8a3e9779b23_1000.jpg!m_fill,w_280,h_210,f_jpg?from=ke.com
20241031,海淀,西山,101123904754,京泉馨苑有房本2居室 中间层位置好能贷款 南北通透,555万,58874元/平,中楼层 (共5层) 2室1厅 | 94.27平米 | 南 北,https://ke-image.ljcdn.com/110000-inspection/pc1_VRWhVm1S9_2.jpg!m_fill,w_280,h_210,f_jpg?from=ke.com
20241031,海淀,西山,101123860866,颐和金茂府边户四居总成本低 精装修业主诚心出售,2750万,139509元/平,低楼层 (共6层) | 2022年 | 4室2厅 | 197.12平米 | 南 北,https://ke-image.ljcdn.com/110000-inspection/d632f097-137c-477e-8533-b98213fa91aa_1000.jpg!m_fill,w_280,h_210,f_jpg?from=ke.com
20241031,海淀,西山,101123102241,京泉馨苑 3室1厅 南 北,930万,79062元/平,中楼层 (共5层) 3室1厅 | 117.63平米 | 南 北,https://ke-image.ljcdn.com/110000-inspection/pc1_oIhadSa7a_2.jpg!m_fill,w_280,h_210,f_jpg?from=ke.com
20241031,海淀,西山,101123085740,门头馨村北二区 正规大一居 采光好出行便利,390万,65757元/平,底层 (共4层) | 2009年 | 1室1厅 | 59.31平米 | 南,https://ke-image.ljcdn.com/110000-inspection/8144a7e6-efba-4097-9e0a-fa75c8f18e2a_1000.jpg!m_fill,w_280,h_210,f_jpg?from=ke.com
20241031,海淀,西山,101122861687,门头馨村南区3居室 低楼层 2个卫生间 格局通透不临街,655万,53409元/平,底层 (共4层) | 2005年 | 3室1厅 | 122.64平米 | 南 北,https://ke-image.ljcdn.com/110000-inspection/pc1_PdMhREkNd_2.jpg!m_fill,w_280,h_210,f_jpg?from=ke.com
20241031,海淀,西山,101122846535,林果所家属院 居住安静 南北通透两居室,320万,56940元/平,中楼层 (共6层) 2室1厅 | 56.2平米 | 南 北,https://ke-image.ljcdn.com/110000-inspection/97c87f6f-948b-47af-a308-c32fdc4777c4_1000.jpg!m_fill,w_280,h_210,f_jpg?from=ke.com
20241031,海淀,西山,101122780743,商品房满五年唯一装修都是环保材料一层不用爬楼梯,690万,73195元/平,底层 (共5层) 2室1厅 | 94.27平米 | 南 北,https://ke-image.ljcdn.com/110000-inspection/pc1_gJOMWvnmT_2.jpg!m_fill,w_280,h_210,f_jpg?from=ke.com
20241031,海淀,西山,101122571386,京泉馨苑 三居室低楼层 南北通透位置好 有房本,730万,58196元/平,底层 (共5层) 3室1厅 | 125.44平米 | 南 北,https://ke-image.ljcdn.com/110000-inspection/pc1_u9pCLjRTE.jpg!m_fill,w_280,h_210,f_jpg?from=ke.com
20241031,海淀,西山,101122485842,京泉馨苑精装修满五年商品房带车位,599万,73371元/平,底层 (共5层) 2室1厅 | 81.64平米 | 北 南,https://ke-image.ljcdn.com/110000-inspection/pc1_HqepFAyTL_2.jpg!m_fill,w_280,h_210,f_jpg?from=ke.com
20241031,海淀,西山,101122204009,门头馨村北二区 南北通透卧室朝南落地窗采光视野好,439万,63633元/平,中楼层 (共4层) | 2008年 | 1室1厅 | 68.99平米 | 北 南 东,https://ke-image.ljcdn.com/110000-inspection/8a9bfa91-2495-4862-8f50-67e833d16f35_1000.jpg!m_fill,w_280,h_210,f_jpg?from=ke.com
20241031,海淀,西山,101121168432,京泉馨苑 3室1厅 南 北,1120万,89286元/平,中楼层 (共5层) 3室1厅 | 125.44平米 | 南 北,https://ke-image.ljcdn.com/110000-inspection/pc1_zpbBpWpuO_2.jpg!m_fill,w_280,h_210,f_jpg?from=ke.com
20241031,海淀,西山,101119484359,西山美墅馆A区 LOFT  二层 格局好 挑高4.8米,1520万,171403元/平,低楼层 (共3层) | 2003年 | 3室1厅 | 88.68平米 | 南 北,https://ke-image.ljcdn.com/110000-inspection/pc1_6aNzsZkUV_1.jpg!m_fill,w_280,h_210,f_jpg?from=ke.com
20241031,海淀,西山,101127307662,门头馨村北二区 1室1厅 南新上,360万,61048元/平,顶层 (共4层) | 2009年 | 1室1厅 | 58.97平米 | 南,https://ke-image.ljcdn.com/110000-inspection/pc1_5G8OR0B3T_2.jpg!m_fill,w_280,h_210,f_jpg?from=ke.com
20241031,海淀,西山,101127269224,京泉馨苑   顶层复式   满五年唯一  视野开阔新上,750万,49921元/平,顶层 (共5层) 4室2厅 | 150.24平米 | 南 北,https://ke-image.ljcdn.com/110000-inspection/45f4c809-6a7f-4e6b-a204-57649347e657_1000.jpg!m_fill,w_280,h_210,f_jpg?from=ke.com
20241031,海淀,西山,101127269205,门头馨村北二区 精装大两居 客厅朝南 商品房本新上,498万,55083元/平,中楼层 (共4层) | 2008年 | 2室1厅 | 90.41平米 | 南 北,https://ke-image.ljcdn.com/110000-inspection/pc1_HszcIj3rY_2.jpg!m_fill,w_280,h_210,f_jpg?from=ke.com
20241031,海淀,西山,101127263092,门头馨村北二区商品房仅契税 2层可贷款位置好新上,378万,63594元/平,中楼层 (共4层) | 2009年 | 1室1厅 | 59.44平米 | 南,https://ke-image.ljcdn.com/110000-inspection/pc1_pTkSsBozB_2.jpg!m_fill,w_280,h_210,f_jpg?from=ke.com
20241031,海淀,西山,101127235245,门头馨村北二区商品房满5年3室2卫 能贷款位置佳新上,610万,65932元/平,顶层 (共4层) 3室2厅 | 92.52平米 | 南 北,https://ke-image.ljcdn.com/110000-inspection/ba4bc4ba-315b-447c-b2d6-665eff58ade0_1000.jpg!m_fill,w_280,h_210,f_jpg?from=ke.com
20241031,海淀,西山,101127204656,门头馨村南区 2室1厅 南 北,460万,50639元/平,中楼层 (共4层) | 2004年 | 2室1厅 | 90.84平米 | 南 北,https://ke-image.ljcdn.com/110000-inspection/pc1_h8SUPAOFS.jpg!m_fill,w_280,h_210,f_jpg?from=ke.com
20241031,海淀,西山,101127199018,京泉馨苑 4室2厅 南 北,750万,57983元/平,顶层 (共5层) 4室2厅 | 129.35平米 | 南 北,https://ke-image.ljcdn.com/110000-inspection/pc1_CM0r2L5Fr_2.jpg!m_fill,w_280,h_210,f_jpg?from=ke.com
20241031,海淀,西山,101127168376,西山美墅馆B观景三居室 四面采光 客厅朝南新上,1370万,86518元/平,顶层 (共4层) 3室2厅 | 158.35平米 | 南 北,https://ke-image.ljcdn.com/110000-inspection/pc1_2xYbS1wlm_2.jpg!m_fill,w_280,h_210,f_jpg?from=ke.com
20241031,海淀,西山,101127125193,中间位置二层满五年精装修出门就是公园,450万,49790元/平,中楼层 (共4层) 2室2厅 | 90.38平米 | 南 北,https://ke-image.ljcdn.com/110000-inspection/311a5268-f26e-4301-bce0-afafca65a697_1000.jpg!m_fill,w_280,h_210,f_jpg?from=ke.com
20241031,海淀,西山,101127054355,燕西台 精装联排别墅 中间位置 带车库 南北向花园,3300万,83124元/平,底层 (共3层) 7室4厅 | 397平米 | 南 北,https://ke-image.ljcdn.com/110000-inspection/38ba603f-96c0-456c-9b78-056e7ef2518e_1000.jpg!m_fill,w_280,h_210,f_jpg?from=ke.com
20241031,海淀,西山,101127025176,西山美墅馆平墅四居精装修可拎包入住停车方便,1900万,100000元/平,中楼层 (共4层) | 2006年 | 4室2厅 | 190平米 | 南 北,https://ke-image.ljcdn.com/110000-inspection/pc1_UZUTigBie_2.jpg!m_fill,w_280,h_210,f_jpg?from=ke.com
20241031,海淀,西山,101126923939,满五年唯一 顶层复式 南北通透 采光好 把西边户型,420万,61802元/平,顶层 (共4层) 3室2厅 | 67.96平米 | 南 北,https://ke-image.ljcdn.com/110000-inspection/pc1_HIEXsLn1q.jpg!m_fill,w_280,h_210,f_jpg?from=ke.com
20241031,海淀,西山,101126902835,燕西台精装别墅中间位置高尔夫社区,3200万,98876元/平,底层 (共3层) 4室2厅 | 323.64平米 | 南 北,https://ke-image.ljcdn.com/110000-inspection/210e0821-8f61-49f5-8eea-4080705108bd_1000.jpg!m_fill,w_280,h_210,f_jpg?from=ke.com
20241031,海淀,西山,101126819995,城市独栋/7居6厅/金铂彩荟/冲动泳池/富丽堂皇,8000万,170634元/平,底层 (共3层) 7室6厅 | 468.84平米 | 南 北,https://ke-image.ljcdn.com/110000-inspection/pc1_dLKuHEU9Z_2.jpg!m_fill,w_280,h_210,f_jpg?from=ke.com
20241031,海淀,西山,101126817042,香山清琴山庄 7室3厅 东 南 西 北,12800万,204909元/平,地下室 (共2层) 7室3厅 | 624.67平米 | 东 南 西 北,https://ke-image.ljcdn.com/110000-inspection/pc1_xICbeu40I_2.jpg!m_fill,w_280,h_210,f_jpg?from=ke.com
20241031,海淀,西山,101126778069,西山美墅馆J区室内带电梯联排西边户,3980万,94477元/平,底层 (共4层) 5室2厅 | 421.27平米 | 南 西 北,https://ke-image.ljcdn.com/110000-inspection/pc1_Ya7jLCqw6_2.jpg!m_fill,w_280,h_210,f_jpg?from=ke.com
20241031,海淀,西山,101126578679,西山美墅馆D区 5室1厅 东 南 北,2320万,94187元/平,中楼层 (共4层) | 2008年 | 5室1厅 | 246.32平米 | 东 南 北,https://ke-image.ljcdn.com/110000-inspection/pc1_zJuJHnZXu_2.jpg!m_fill,w_280,h_210,f_jpg?from=ke.com
20241031,海淀,西山,101126566284,香山艺墅上叠拼别墅观西山多带三层100平,1820万,95982元/平,中楼层 (共4层) 3室1厅 | 189.62平米 | 东 西,https://ke-image.ljcdn.com/110000-inspection/a188c213-1c33-49c3-8af4-49ef45e17842_1000.jpg!m_fill,w_280,h_210,f_jpg?from=ke.com
20241031,海淀,西山,101126526499,京泉馨苑    顶层复式   南北通透,900万,58913元/平,顶层 (共5层) 4室2厅 | 152.77平米 | 南 北,https://ke-image.ljcdn.com/110000-inspection/pc1_W7MoETE3j_2.jpg!m_fill,w_280,h_210,f_jpg?from=ke.com
20241031,海淀,西山,101126448851,御墅临枫锦园三区 4室2厅 南 北,4584万,119928元/平,底层 (共3层) 4室2厅 | 382.23平米 | 南 北,https://ke-image.ljcdn.com/110000-inspection/pc1_eZ4nVL1nv_2.jpg!m_fill,w_280,h_210,f_jpg?from=ke.com
20241031,海淀,西山,101126442763,巨山馨苑 3室1厅 南 北,700万,53358元/平,高楼层 (共6层) 3室1厅 | 131.19平米 | 南 北,https://ke-image.ljcdn.com/110000-inspection/3b5a2caa-4706-418e-9911-b1e5ef5f2572_1000.jpg!m_fill,w_280,h_210,f_jpg?from=ke.com
20241031,海淀,西山,101126335286,御墅临枫锦园六区联排东边户 带三面花园 车库,4600万,106957元/平,底层 (共3层) | 2006年 | 5室2厅 | 430.08平米 | 南 北 东,https://ke-image.ljcdn.com/110000-inspection/996e8604-f991-45c5-8523-439c186ac57b_1000.jpg!m_fill,w_280,h_210,f_jpg?from=ke.com
20241031,海淀,西山,101126230879,香山清琴麓苑双拼别墅  位置好 装修保养好 拎包住房主自荐,3650万,99024元/平,底层 (共3层) 5室2厅 | 368.6平米 | 东 南 北,https://ke-image.ljcdn.com/110000-inspection/f9691f2a-87e6-4881-8716-e450cb11fce4_1000.jpg!m_fill,w_280,h_210,f_jpg?from=ke.com
20241031,海淀,西山,101126096223,香山国际高尔夫旁檀香山别墅 联排中间户,3200万,133462元/平,底层 (共3层) | 2004年 | 4室2厅 | 239.77平米 | 南 北,https://ke-image.ljcdn.com/110000-inspection/be081bf1-696d-40a4-ba67-ebba402e79a2_1000.jpg!m_fill,w_280,h_210,f_jpg?from=ke.com
20241031,海淀,西山,101125821142,LOFT户型一层层高4.8米南北通透3-4居,1200万,126369元/平,底层 (共3层) | 2003年 | 3室2厅 | 94.96平米 | 南 北,https://ke-image.ljcdn.com/110000-inspection/7afaf3c5-34ed-4990-97c0-784260f22565_1000.jpg!m_fill,w_280,h_210,f_jpg?from=ke.com
20241031,海淀,西山,101125779515,满五唯一  采光充足 把边户型 位置好 景观水系,828万,100413元/平,顶层 (共4层) 2室1厅 | 82.46平米 | 南 北,https://ke-image.ljcdn.com/110000-inspection/fa140ddc-c779-42b8-8443-5c36d0a2b7a5_1000.jpg!m_fill,w_280,h_210,f_jpg?from=ke.com
20241031,海淀,西山,101125718346,香山煤厂街27号东院南北向两居商品房本随时看,298万,54881元/平,中楼层 (共4层) | 1982年 | 2室1厅 | 54.3平米 | 南 北,https://ke-image.ljcdn.com/110000-inspection/pc1_OzV596Erb_2.jpg!m_fill,w_280,h_210,f_jpg?from=ke.com
20241031,海淀,西山,101125716454,檀香山双拼东边户 南北双入户 客厅挑空 带室内出库,3900万,88296元/平,底层 (共3层) 6室2厅 | 441.7平米 | 东 南 北,https://ke-image.ljcdn.com/110000-inspection/df738192-daca-4885-85f9-f3fb11d044f9_1000.jpg!m_fill,w_280,h_210,f_jpg?from=ke.com
20241031,海淀,西山,101125672224,香山艺墅上叠拼别墅观西山小区水系多带三层10,2150万,113069元/平,中楼层 (共4层) 4室2厅 | 190.15平米 | 东 西,https://ke-image.ljcdn.com/110000-inspection/pc1_mA72xF1TX.jpg!m_fill,w_280,h_210,f_jpg?from=ke.com
20241031,海淀,西山,101125666618,御墅临枫锦园三区 4室2厅 南 北,4700万,120693元/平,底层 (共3层) 4室2厅 | 389.42平米 | 南 北,https://ke-image.ljcdn.com/110000-inspection/9b5f6409-7968-4101-a174-033ddc8dabb0_1000.jpg!m_fill,w_280,h_210,f_jpg?from=ke.com
20241031,海淀,西山,101125626150,四季香山 品质三居  观绿化楼层 精装修,1580万,110854元/平,中楼层 (共5层) 3室2厅 | 142.53平米 | 南 北,https://ke-image.ljcdn.com/110000-inspection/pc1_FzeIkfj1s_2.jpg!m_fill,w_280,h_210,f_jpg?from=ke.com
20241031,海淀,西山,101125598385,联排别墅 带独立车库 位置好 南北通透 采光充足,3500万,101550元/平,底层 (共4层) 6室2厅 | 344.66平米 | 南 北,https://ke-image.ljcdn.com/110000-inspection/pc1_eR4OBTmbA_1.jpg!m_fill,w_280,h_210,f_jpg?from=ke.com
20241031,海淀,西山,101125591159,巨山馨苑 边户两居 采光好 看房方便,450万,53117元/平,高楼层 (共6层) 2室1厅 | 84.72平米 | 南 北,https://ke-image.ljcdn.com/110000-inspection/0ec1576e-3726-4f69-9078-fa73e62eb7dc_1000.jpg!m_fill,w_280,h_210,f_jpg?from=ke.com
20241031,海淀,西山,101125587361,L区前后花园无遮挡 中间位置视野大落地窗三居室,1585万,108733元/平,顶层 (共4层) | 2006年 | 3室2厅 | 145.77平米 | 南 北,https://ke-image.ljcdn.com/110000-inspection/pc1_LdwsvLkoz.jpg!m_fill,w_280,h_210,f_jpg?from=ke.com
20241031,海淀,西山,101125586737,南北通透 位置好 采光充足 视野开阔 不临街落地窗,397万,48409元/平,高楼层 (共6层) 2室1厅 | 82.01平米 | 南 北,https://ke-image.ljcdn.com/110000-inspection/pc1_LUJF82Dw7_1.jpg!m_fill,w_280,h_210,f_jpg?from=ke.com
20241031,海淀,西山,101125468132,南北通透格局好 采光充足视野好 配套齐全 出行便,449万,49548元/平,中楼层 (共4层) | 2004年 | 2室2厅 | 90.62平米 | 南 北,https://ke-image.ljcdn.com/110000-inspection/476a625d-540e-4828-b375-25b5e2f64c96_1000.jpg!m_fill,w_280,h_210,f_jpg?from=ke.com
20241031,海淀,西山,101125467486,科技住宅动静分区8米宽厅私厅入户百米楼距,3720万,150675元/平,中楼层 (共5层) | 2022年 | 4室2厅 | 246.89平米 | 南 北,https://ke-image.ljcdn.com/110000-inspection/pc1_wQ17QkqIo.jpg!m_fill,w_280,h_210,f_jpg?from=ke.com
20241031,海淀,西山,101125467343,海淀四季青御墅临枫 采光好 景观香山 电梯上叠户型,1968万,92599元/平,顶层 (共6层) | 2006年 | 5室2厅 | 212.53平米 | 南 北,https://ke-image.ljcdn.com/110000-inspection/dc0d98da-7cff-4d27-8a97-0fb1e2980708_1000.jpg!m_fill,w_280,h_210,f_jpg?from=ke.com
20241031,海淀,西山,101125467258,海淀城市别墅 户型正 格局好楼距宽 精装修 可谈,3799.9万,98571元/平,底层 (共3层) | 2006年 | 7室2厅 | 385.5平米 | 南 北,https://ke-image.ljcdn.com/110000-inspection/pc1_ZD8jYDUJq.jpg!m_fill,w_280,h_210,f_jpg?from=ke.com
20241031,海淀,西山,101125358979,燕西台 新中式联排别墅 西山别墅 价低 位置好,2500万,77321元/平,底层 (共3层) 4室2厅 | 323.33平米 | 南 北,https://ke-image.ljcdn.com/110000-inspection/pc1_GV3jREsc5.jpg!m_fill,w_280,h_210,f_jpg?from=ke.com
20241031,海淀,西山,101125285282,融创香山壹號院带110平地下室.带两个产权车位,3299万,150434元/平,底层 (共6层) | 2023年 | 4室3厅 | 219.3平米 | 南 北,https://ke-image.ljcdn.com/110000-inspection/pc1_RRINgzHht.jpg!m_fill,w_280,h_210,f_jpg?from=ke.com
20241031,海淀,西山,101125078299,CEO的家单层170平 千万装修 有电梯 停4辆车,6088万,121948元/平,底层 (共3层) | 2006年 | 6室3厅 | 499.23平米 | 南 北,https://ke-image.ljcdn.com/110000-inspection/pc1_fYnahXIYV_2.jpg!m_fill,w_280,h_210,f_jpg?from=ke.com
20241031,海淀,西山,101124944137,香山煤厂街26号院   一层  出行方便,320万,59591元/平,底层 (共3层) 2室1厅 | 53.7平米 | 南 北,https://ke-image.ljcdn.com/110000-inspection/pc1_D7sDnbHmx_2.jpg!m_fill,w_280,h_210,f_jpg?from=ke.com
20241031,海淀,西山,101124923049,京泉馨苑温馨两居室南北通透采光视野开阔诚意卖,520万,59511元/平,顶层 (共5层) 2室1厅 | 87.38平米 | 南 北,https://ke-image.ljcdn.com/110000-inspection/pc1_EFBz815lE.jpg!m_fill,w_280,h_210,f_jpg?from=ke.com
20241031,海淀,西山,101124905451,西山美墅馆B区 3室2厅 南 北,1710万,97093元/平,底层 (共4层) 3室2厅 | 176.12平米 | 南 北,https://ke-image.ljcdn.com/110000-inspection/pc1_fxgc6v48M_2.jpg!m_fill,w_280,h_210,f_jpg?from=ke.com
20241031,海淀,西山,101124821789,香山艺墅 五环外 观山墅 落地窗 随时看 楼距宽,2880万,100122元/平,底层 (共3层) 7室2厅 | 287.65平米 | 南 北,https://ke-image.ljcdn.com/110000-inspection/pc1_zW76d2FUW.jpg!m_fill,w_280,h_210,f_jpg?from=ke.com
20241031,海淀,西山,101124808071,门头馨村南区边户三居 精装修 一层 满五唯一,500万,52866元/平,底层 (共3层) | 2008年 | 3室1厅 | 94.58平米 | 东 南 北,https://ke-image.ljcdn.com/110000-inspection/pc1_XOfhZqMDF.jpg!m_fill,w_280,h_210,f_jpg?from=ke.com
20241031,海淀,西山,101124734789,西山美墅馆 中间楼层 南北通透 客厅带挑空 精装修,1450万,163510元/平,低楼层 (共3层) | 2003年 | 4室2厅 | 88.68平米 | 南 北,https://ke-image.ljcdn.com/110000-inspection/4449707d-b9c5-4c74-86ce-68ac7704c6c9_1000.jpg!m_fill,w_280,h_210,f_jpg?from=ke.com
20241031,海淀,西山,101124659717,业主人好 平层4居 海淀洋房 三面采光观山 有车位,1750万,94350元/平,中楼层 (共4层) 4室2厅 | 185.48平米 | 南 西 北,https://ke-image.ljcdn.com/110000-inspection/pc1_b37QALl3W.jpg!m_fill,w_280,h_210,f_jpg?from=ke.com
20241031,海淀,西山,101124648062,独门独院独梯独户全新装修可观西山免费3车位,1750万,74009元/平,中楼层 (共4层) | 2005年 | 4室2厅 | 236.46平米 | 南 北 东,https://ke-image.ljcdn.com/110000-inspection/pc1_m1ExKSC7r.jpg!m_fill,w_280,h_210,f_jpg?from=ke.com
20241031,海淀,西山,101124575445,御墅临枫五区联排别墅 毛坯房 北入户 满五唯一,4300万,83070元/平,底层 (共3层) 5室2厅 | 517.64平米 | 南 北,https://ke-image.ljcdn.com/110000-inspection/2303accd-3822-4c7d-bd7f-1a9c17e4d821_1000.jpg!m_fill,w_280,h_210,f_jpg?from=ke.com
20241031,海淀,西山,101124552187,满五年环境好小区有车位 交通方便,430万,65113元/平,顶层 (共4层) 2室1厅 | 66.04平米 | 南 北,https://ke-image.ljcdn.com/110000-inspection/pc1_xXfzZoasY_1.jpg!m_fill,w_280,h_210,f_jpg?from=ke.com
20241031,海淀,西山,101124540911,西山美墅馆G区联排别墅地下一层地上三层可加电梯,3099万,90043元/平,底层 (共4层) 3室2厅 | 344.17平米 | 南 北,https://ke-image.ljcdn.com/110000-inspection/b2be7573-6a69-4d81-b13a-108503ee1af4_1000.jpg!m_fill,w_280,h_210,f_jpg?from=ke.com
20241031,海淀,西山,101124344031,香山艺墅双拼西边户 临水系 位置好,3300万,103161元/平,底层 (共3层) 4室2厅 | 319.89平米 | 南 西 北,https://ke-image.ljcdn.com/110000-inspection/pc1_S7CrVCYmN_2.jpg!m_fill,w_280,h_210,f_jpg?from=ke.com
20241031,海淀,西山,101124315055,西山美墅馆A区  观景视野效果好 精装修两居,980万,118846元/平,顶层 (共4层) 2室2厅 | 82.46平米 | 南 北,https://ke-image.ljcdn.com/110000-inspection/pc1_B5r7OFhlX_2.jpg!m_fill,w_280,h_210,f_jpg?from=ke.com
20241031,海淀,西山,101124263756,西山美墅馆 一层三居室 精装修 自住 看房基本随时,1695万,99065元/平,底层 (共4层) 3室2厅 | 171.1平米 | 南 北,https://ke-image.ljcdn.com/110000-inspection/pc1_PLWatEra8_2.jpg!m_fill,w_280,h_210,f_jpg?from=ke.com
20241031,海淀,西山,101124066397,门头馨村北二区 商品房1居室 精装位置好,370万,62385元/平,中楼层 (共4层) | 2009年 | 1室1厅 | 59.31平米 | 南,https://ke-image.ljcdn.com/110000-inspection/pc1_820mGfgOU.jpg!m_fill,w_280,h_210,f_jpg?from=ke.com
20241031,海淀,西山,101124065663,巨山馨苑小两居采光好视野好无浪费,238万,48004元/平,顶层 (共6层) 2室1厅 | 49.58平米 | 南 北,https://ke-image.ljcdn.com/110000-inspection/pc1_GpJiDVq98.jpg!m_fill,w_280,h_210,f_jpg?from=ke.com
20241031,海淀,西山,101124045978,西山美墅馆K区 南向200米田园 新装修 随时入住,2580万,131439元/平,底层 (共4层) 4室2厅 | 196.29平米 | 东 西 南,https://ke-image.ljcdn.com/110000-inspection/pc1_lbqEhSc7e_2.jpg!m_fill,w_280,h_210,f_jpg?from=ke.com
20241031,海淀,西山,101123930736,燕西台406户型出房了精装修改造细节满分期待有缘人,3300万,81271元/平,底层 (共3层) 5室2厅 | 406.05平米 | 南 北,https://ke-image.ljcdn.com/110000-inspection/2028ada2-5c33-4016-8547-1ff6ac9ad5fa_1000.jpg!m_fill,w_280,h_210,f_jpg?from=ke.com
20241031,海淀,西山,101123797316,香山南营66号 北京植物园家属院 居住安静环境好,425万,60438元/平,顶层 (共3层) 2室1厅 | 70.32平米 | 南 北,https://ke-image.ljcdn.com/110000-inspection/88212e36-f078-45a4-9583-0807f5a72011_1000.jpg!m_fill,w_280,h_210,f_jpg?from=ke.com
20241031,海淀,西山,101123630169,御墅临枫锦园三区 4室2厅 南 西 北,6500万,112430元/平,底层 (共3层) 4室2厅 | 578.14平米 | 南 西 北,https://ke-image.ljcdn.com/110000-inspection/6b8285f9-a4f8-4660-8d02-191d0f6d2d0f_1000.jpg!m_fill,w_280,h_210,f_jpg?from=ke.com
20241031,海淀,西山,101123629371,全新未住 恒温恒湿恒氧 有车位储藏间 方便看房,2800万,147945元/平,高楼层 (共6层) | 2022年 | 4室1厅 | 189.26平米 | 南 北,https://ke-image.ljcdn.com/110000-inspection/pc1_uH0swO1YZ.jpg!m_fill,w_280,h_210,f_jpg?from=ke.com
20241031,海淀,西山,101123293940,225 东边户 二层 可拎包省心入住 看房方便,3180万,141127元/平,低楼层 (共6层) | 2023年 | 4室2厅 | 225.33平米 | 南 北,https://ke-image.ljcdn.com/110000-inspection/pc1_rsO23kVqr_2.jpg!m_fill,w_280,h_210,f_jpg?from=ke.com
20241031,海淀,西山,101123269491,大面宽16.2米、大边厅、三面采光、观山C位不临街,3900万,143183元/平,中楼层 (共6层) | 2023年 | 4室1厅 | 272.38平米 | 西 北 南,https://ke-image.ljcdn.com/110000-inspection/pc1_NA7DH4KE7_2.jpg!m_fill,w_280,h_210,f_jpg?from=ke.com
20241031,海淀,西山,101123103852,西山美墅馆A区 中间楼层 绿荫观景 鸟语花香,920万,140975元/平,低楼层 (共3层) 2室1厅 | 65.26平米 | 东 南 西 北,https://ke-image.ljcdn.com/110000-inspection/cc520279-bce1-4baa-b0ae-68cee13b6eb6_1000.jpg!m_fill,w_280,h_210,f_jpg?from=ke.com
20241031,海淀,西山,101123054241,御墅临枫电梯洋房三居房子位于6层单层面积133平房主自荐,1360万,102156元/平,顶层 (共6层) | 2006年 | 3室2厅 | 133.13平米 | 南 北,https://ke-image.ljcdn.com/110000-inspection/bdeb3280-a86f-4b4c-8a91-5fbe662128d0_1000.jpg!m_fill,w_280,h_210,f_jpg?from=ke.com
20241031,海淀,西山,101122954402,香山清琴麓苑中式双拼别墅独门独院私家车库。,3380万,104148元/平,底层 (共3层) 5室2厅 | 324.54平米 | 南 西 北,https://ke-image.ljcdn.com/110000-inspection/0e64d584-c0d1-4c9b-a27f-a3d90bf20ac5_1000.jpg!m_fill,w_280,h_210,f_jpg?from=ke.com
20241031,海淀,西山,101122734390,精装修双拼别墅 带室内车库客厅朝南面宽8米房主自荐,3950万,110862元/平,底层 (共3层) 4室1厅 | 356.3平米 | 西 北 南,https://ke-image.ljcdn.com/110000-inspection/fc23db5b-9a1a-45f4-9935-e1bc06f9b8b0_1000.jpg!m_fill,w_280,h_210,f_jpg?from=ke.com
20241031,海淀,西山,101122728255,二层小区中间位置临小区水系有阳台免费3车位,999万,92125元/平,中楼层 (共4层) | 2003年 | 3室1厅 | 108.44平米 | 南 北,https://ke-image.ljcdn.com/110000-inspection/pc1_fNSo3iq1g.jpg!m_fill,w_280,h_210,f_jpg?from=ke.com
20241031,海淀,西山,101122728074,西山美墅馆K区上叠拼视野好满五年唯一带免费车位,1750万,85613元/平,中楼层 (共4层) 4室2厅 | 204.41平米 | 南 北,https://ke-image.ljcdn.com/110000-inspection/pc1_nHXKaTpO5_2.jpg!m_fill,w_280,h_210,f_jpg?from=ke.com
20241031,海淀,西山,101122698332,双拼别墅 西四环 独门独院！满五唯一 独立双车库,3685万,102220元/平,底层 (共3层) 6室2厅 | 360.5平米 | 东 南 北,https://ke-image.ljcdn.com/110000-inspection/96b955d2-eca0-47c4-8e56-69eb0a20b5bd_1000.jpg!m_fill,w_280,h_210,f_jpg?from=ke.com
20241031,海淀,西山,101122697221,香山煤厂街26号院香山公园门口的小区一层的房子房主自荐,349万,63687元/平,底层 (共3层) | 1992年 | 2室1厅 | 54.8平米 | 南 北,https://ke-image.ljcdn.com/110000-inspection/pc1_buBduScyZ.jpg!m_fill,w_280,h_210,f_jpg?from=ke.com
20241031,海淀,西山,101122670574,门头馨村北二区 精装修2居 南北通透格局好 双卧朝南房主自荐,499万,53813元/平,顶层 (共4层) 2室2厅 | 92.73平米 | 南 北,https://ke-image.ljcdn.com/110000-inspection/pc1_ygzKUB7pn.jpg!m_fill,w_280,h_210,f_jpg?from=ke.com
20241031,海淀,西山,101122619308,西山美墅馆F区 5居 大上叠 全明格局 装修保养好,2230万,86805元/平,中楼层 (共4层) 4室2厅 | 256.9平米 | 东 南 西 北,https://ke-image.ljcdn.com/110000-inspection/17273617-6f87-4088-b382-e9d24de41089_1000.jpg!m_fill,w_280,h_210,f_jpg?from=ke.com
20241031,海淀,西山,101122613779,西山美墅馆F区全新装修小区中间位置业主人好,1820万,86891元/平,中楼层 (共4层) | 2005年 | 4室2厅 | 209.46平米 | 南 北,https://ke-image.ljcdn.com/110000-inspection/pc1_k5rU5fnIa_2.jpg!m_fill,w_280,h_210,f_jpg?from=ke.com
20241031,海淀,西山,101122548977,准新房可看不临气站 观山平墅 3.3米高 眼镜户型,3275万,149081元/平,顶层 (共6层) | 2023年 | 4室2厅 | 219.68平米 | 南 北,https://ke-image.ljcdn.com/110000-inspection/9a926569-8eee-4ff2-be6d-f001c3df4525_1000.jpg!m_fill,w_280,h_210,f_jpg?from=ke.com
20241031,海淀,西山,101122489954,御墅临枫锦园六区 5室2厅 南 北,4280万,104350元/平,底层 (共3层) 5室2厅 | 410.16平米 | 南 北,https://ke-image.ljcdn.com/110000-inspection/pc1_rME5xwHcP.jpg!m_fill,w_280,h_210,f_jpg?from=ke.com
20241031,海淀,西山,101122407296,西山美墅馆A区 空中云顶别墅 视野开阔 精装修,2800万,159137元/平,顶层 (共3层) | 2003年 | 5室2厅 | 175.95平米 | 南 西 北,https://ke-image.ljcdn.com/110000-inspection/0b02ae89-2c4a-4979-a218-dd91086dcc5c_1000.jpg!m_fill,w_280,h_210,f_jpg?from=ke.com
20241031,海淀,西山,101122290497,顶层复式 全南向 位置好 精装修 采光充足视野好,345万,58091元/平,顶层 (共4层) | 2009年 | 1室1厅 | 59.39平米 | 南,https://ke-image.ljcdn.com/110000-inspection/pc1_aKhuzbrDu_1.jpg!m_fill,w_280,h_210,f_jpg?from=ke.com
20241031,海淀,西山,101122244242,香山煤厂街27号院西院  观景好房  视野开阔,298万,58778元/平,顶层 (共4层) 2室1厅 | 50.7平米 | 南,https://ke-image.ljcdn.com/110000-inspection/pc1_dnAm78Zia_2.jpg!m_fill,w_280,h_210,f_jpg?from=ke.com
20241031,海淀,西山,101122089714,门头馨村北二区 满五唯一2居室 商品房低楼层只有契税,580万,62420元/平,底层 (共3层) | 2009年 | 2室2厅 | 92.92平米 | 南 北,https://ke-image.ljcdn.com/110000-inspection/pc1_0ambFdAwj.jpg!m_fill,w_280,h_210,f_jpg?from=ke.com
20241031,海淀,西山,101121165875,国家植物园旁 中间楼层 南北通透 楼龄新  居住安静房主自荐,420万,59558元/平,低楼层 (共3层) 2室1厅 | 70.52平米 | 南 北,https://ke-image.ljcdn.com/110000-inspection/ce350c70-e733-4ba8-bddf-bb174291f6b1_1000.jpg!m_fill,w_280,h_210,f_jpg?from=ke.com
20241031,海淀,西山,101121154325,香山壹号院下跃户型 大面宽 使用面积三百多平,3500万,154281元/平,底层 (共5层) | 2023年 | 3室2厅 | 226.86平米 | 南 西 北,https://ke-image.ljcdn.com/110000-inspection/pc1_ARvebpUwp.jpg!m_fill,w_280,h_210,f_jpg?from=ke.com
20241031,海淀,西山,101121099413,御墅临枫边户型联排 北入户南花园 客厅朝南面宽7米,4500万,103330元/平,底层 (共3层) 5室2厅 | 435.5平米 | 南 西 北,https://ke-image.ljcdn.com/110000-inspection/03a526df-7d00-4be3-93af-b1d8393dfadf_1000.jpg!m_fill,w_280,h_210,f_jpg?from=ke.com
20241031,海淀,西山,101119613752,西山美墅馆B区中间位置实用面积大视野开阔位置好,1550万,105702元/平,顶层 (共4层) 3室2厅 | 146.64平米 | 东 南 西 北,https://ke-image.ljcdn.com/110000-inspection/pc1_KKmkU6hr2.jpg!m_fill,w_280,h_210,f_jpg?from=ke.com
20241031,海淀,西山,101114088680,香山艺墅、大联排户型、把东边户号称：*小双拼”,3650万,122250元/平,底层 (共3层) 5室2厅 | 298.57平米 | 东 南 北,https://ke-image.ljcdn.com/110000-inspection/71337560-1cbc-41c9-b186-ab4f0534b7f1_1000.jpg!m_fill,w_280,h_210,f_jpg?from=ke.com
20241031,海淀,西山,101127350124,巨山馨苑 2室1厅 南 北,220万,43248元/平,顶层 (共6层) 2室1厅 | 50.87平米 | 南 北,https://s1.ljcdn.com/pegasus/redskull/images/common/default_house_list.png?_v=202410161653269
20241031,海淀,西山,101127239069,美墅馆C区西边户下叠拼三个卧室南室外空间60平米新上,2300万,99361元/平,底层 (共4层) 4室2厅 | 231.48平米 | 南 北,https://s1.ljcdn.com/pegasus/redskull/images/common/default_house_list.png?_v=202410161653269
20241031,海淀,西山,101127087921,观景西山 望香山景 三卧室朝南大客厅采光,1390万,82011元/平,中楼层 (共6层) 3室2厅 | 169.49平米 | 南 北,https://s1.ljcdn.com/pegasus/redskull/images/common/default_house_list.png?_v=202410161653269
20241031,海淀,西山,101127076594,西山脚下 入驻海淀西山 户型方正 采光充足,385万,59506元/平,底层 (共5层) 3室1厅 | 64.7平米 | 南 北,https://s1.ljcdn.com/pegasus/redskull/images/common/default_house_list.png?_v=202410161653269
20241031,海淀,西山,101126773082,独门独院下叠拼别墅花园100平免费3车位,1998万,110132元/平,底层 (共4层) 4室2厅 | 181.42平米 | 东 西 北,https://s1.ljcdn.com/pegasus/redskull/images/common/default_house_list.png?_v=202410161653269
20241031,海淀,西山,101126633738,香山清琴麓苑 6室2厅 南 北 西房主自荐,3680万,99838元/平,底层 (共3层) 6室2厅 | 368.6平米 | 南 北 西,https://s1.ljcdn.com/pegasus/redskull/images/common/default_house_list.png?_v=202410161653269
20241031,海淀,西山,101126566474,门头馨村南区 1室1厅 南 北,380万,55322元/平,底层 (共4层) | 2008年 | 1室1厅 | 68.69平米 | 南 北,https://s1.ljcdn.com/pegasus/redskull/images/common/default_house_list.png?_v=202410161653269
20241031,海淀,西山,101126314800,中间楼层 视野开阔 采光好 方便看房  居住成本低,560万,58756元/平,中楼层 (共5层) 2室1厅 | 95.31平米 | 南 北,https://s1.ljcdn.com/pegasus/redskull/images/common/default_house_list.png?_v=202410161653269
20241031,海淀,西山,101126033314,巨山馨苑 2室1厅 南 北,275万,51470元/平,顶层 (共6层) | 2010年 | 2室1厅 | 53.43平米 | 南 北,https://s1.ljcdn.com/pegasus/redskull/images/common/default_house_list.png?_v=202410161653269
20241031,海淀,西山,101125414810,融创香山壹號院 车位,50万,13072元/平,地下室 | 2023年 | 1室0厅 | 38.25平米 | 南,https://ke-image.ljcdn.com/110000-inspection/d2658ada-1946-493d-a60d-b4751553ddbc.jpg!m_fill,w_280,h_210,f_jpg?from=ke.com
20241031,海淀,西山,101125414735,融创香山壹號院 车位,50万,13072元/平,地下室 | 2023年 | 1室0厅 | 38.25平米 | 南,https://ke-image.ljcdn.com/110000-inspection/9b79531c-7253-4dd6-8444-3fd02aedf47a.jpg!m_fill,w_280,h_210,f_jpg?from=ke.com
20241031,海淀,西山,101125102627,京泉馨苑 有房本3居室 低楼层出行便利 南北通透,650万,60561元/平,底层 (共5层) | 2011年 | 3室2厅 | 107.33平米 | 南 北,https://s1.ljcdn.com/pegasus/redskull/images/common/default_house_list.png?_v=202410161653269
20241031,海淀,西山,101124157360,海淀区 交通方便 公园附近南北大复式诚意出售,900万,52460元/平,顶层 (共5层) 5室1厅 | 171.56平米 | 南 北,https://s1.ljcdn.com/pegasus/redskull/images/common/default_house_list.png?_v=202410161653269
20241031,海淀,西山,101123235845,御墅临枫锦园一区电梯房高楼层2室2卫满五唯一南北通透,1288万,96901元/平,高楼层 (共6层) | 2006年 | 2室2厅 | 132.92平米 | 南 北,https://s1.ljcdn.com/pegasus/redskull/images/common/default_house_list.png?_v=202410161653269
20241031,海淀,西山,101122670601,门头馨村北二区 南北通透2居室 2间卧室朝南房主自荐,499万,53732元/平,顶层 (共4层) 2室2厅 | 92.87平米 | 南 北,https://s1.ljcdn.com/pegasus/redskull/images/common/default_house_list.png?_v=202410161653269
