20241031,海淀,公主坟,101127243377,万方苑 1室1厅 东 北必看好房,610万,89352元/平,中楼层 (共14层) | 2003年 | 1室1厅 | 68.27平米 | 东 北,https://ke-image.ljcdn.com/110000-inspection/35ef920b-17e0-469d-9d57-51ad74cf4273_1000.jpg!m_fill,w_280,h_210,f_jpg?from=ke.com
20241031,海淀,公主坟,101127223177,翠微南里 3室1厅 南 北必看好房,630万,92648元/平,高楼层 (共6层) | 1989年 | 3室1厅 | 68平米 | 南 北,https://ke-image.ljcdn.com/110000-inspection/5adcbbc9-98ee-48e6-9bfb-89e0208a76ee_1000.jpg!m_fill,w_280,h_210,f_jpg?from=ke.com
20241031,海淀,公主坟,101127208081,翠微北里 三层 精装修 采光好 楼层好 南北通必看好房,738万,97878元/平,中楼层 (共6层) 3室1厅 | 75.4平米 | 南 北,https://ke-image.ljcdn.com/110000-inspection/0c839df1-6ef5-4bc0-b335-fbe4ae26c20b_1000.jpg!m_fill,w_280,h_210,f_jpg?from=ke.com
20241031,海淀,公主坟,101127199184,普惠北里 3室1厅 南 北必看好房,728万,92775元/平,中楼层 (共5层) 3室1厅 | 78.47平米 | 南 北,https://ke-image.ljcdn.com/110000-inspection/32ce11ad-9b60-4f28-a6b3-9ccc2f0b779a_1000.jpg!m_fill,w_280,h_210,f_jpg?from=ke.com
20241031,海淀,公主坟,101127128372,西三环翠微路16号院满五唯一南北通透全明格局。必看好房,1099万,131303元/平,底层 (共5层) 3室1厅 | 83.7平米 | 南 北,https://ke-image.ljcdn.com/110000-inspection/5235edc1-afd5-4d19-ab35-96f538a89491_1000.jpg!m_fill,w_280,h_210,f_jpg?from=ke.com
20241031,海淀,公主坟,101127248146,翠微北里小区的一套优质三居室。必看好房,850万,100819元/平,高楼层 (共24层) | 1999年 | 3室1厅 | 84.31平米 | 东南 北,https://ke-image.ljcdn.com/110000-inspection/35733b94-9ebc-4ebe-acd1-2c86a3d4a63f_1000.jpg!m_fill,w_280,h_210,f_jpg?from=ke.com
20241031,海淀,公主坟,101127167153,翠微路4号 东西三居室 满五唯一 视野好 交通便利,490万,86420元/平,顶层 (共5层) | 1976年 | 3室1厅 | 56.7平米 | 东 西,https://ke-image.ljcdn.com/110000-inspection/dd311122-435f-43f6-bec9-a0f965ff15ff_1000.jpg!m_fill,w_280,h_210,f_jpg?from=ke.com
20241031,海淀,公主坟,101127131913,翠微路2号院 2室1厅 南必看好房,460万,91270元/平,中楼层 (共5层) 2室1厅 | 50.4平米 | 南,https://ke-image.ljcdn.com/110000-inspection/e701c25a-e2d7-4357-870a-2269597db057_1000.jpg!m_fill,w_280,h_210,f_jpg?from=ke.com
20241031,海淀,公主坟,101127124000,万方苑小区南北通透无遮挡满五年唯一03年新上必看好房,1500万,121537元/平,中楼层 (共14层) | 2003年 | 3室1厅 | 123.42平米 | 南 北,https://ke-image.ljcdn.com/110000-inspection/pc1_qWPAzeAP2_1.jpg!m_fill,w_280,h_210,f_jpg?from=ke.com
20241031,海淀,公主坟,101127064610,满五唯一电梯房随时签约公主坟翠微两居室必看好房,520万,103175元/平,低楼层 (共24层) | 1989年 | 2室1厅 | 50.4平米 | 东南,https://ke-image.ljcdn.com/110000-inspection/9f41da06-9dff-4f86-888c-22366cea1efd_1000.jpg!m_fill,w_280,h_210,f_jpg?from=ke.com
20241031,海淀,公主坟,101127014826,双南向两居室 户型方正 带电梯高楼层 视野好必看好房,560万,94118元/平,高楼层 (共16层) | 1986年 | 2室1厅 | 59.5平米 | 南,https://ke-image.ljcdn.com/110000-inspection/a0df5ac1-73a4-4e2c-9351-3684584af7b4_1000.jpg!m_fill,w_280,h_210,f_jpg?from=ke.com
20241031,海淀,公主坟,101126956326,翠微路甲9号院 1室1厅 东,390万,87444元/平,中楼层 (共6层) 1室1厅 | 44.6平米 | 东,https://ke-image.ljcdn.com/110000-inspection/af590336-af3a-4a04-a0c3-eefe030defac_1000.jpg!m_fill,w_280,h_210,f_jpg?from=ke.com
20241031,海淀,公主坟,101126953260,电子部满五年央产房已做市政改造近地铁可看房必看好房,429万,86667元/平,底层 (共5层) 2室1厅 | 49.5平米 | 西北,https://ke-image.ljcdn.com/110000-inspection/4fccb429-8d0e-4208-8ba2-1070b8cd6010_1000.jpg!m_fill,w_280,h_210,f_jpg?from=ke.com
20241031,海淀,公主坟,101126951307,满五年唯一翠微中里次顶层正南两居室！采光好必看好房,558万,99112元/平,高楼层 (共21层) 2室1厅 | 56.3平米 | 南,https://ke-image.ljcdn.com/110000-inspection/5c8043ff-c505-4032-ae43-55d7212be6b6_1000.jpg!m_fill,w_280,h_210,f_jpg?from=ke.com
20241031,海淀,公主坟,101126923984,翠微南里 正对花园 高层带电梯 精装,460万,105264元/平,中楼层 (共18层) | 1987年 | 1室1厅 | 43.7平米 | 南,https://ke-image.ljcdn.com/110000-inspection/c3f1b6ae-7ea3-4d12-ad9e-17895e2ad34a_1000.jpg!m_fill,w_280,h_210,f_jpg?from=ke.com
20241031,海淀,公主坟,101126859630,链家优选万寿路边一居室中间层精装近地铁必看好房,360万,86331元/平,中楼层 (共5层) 1室1厅 | 41.7平米 | 西,https://ke-image.ljcdn.com/110000-inspection/24963eca-6b7e-452f-b4f3-e60a634ebc8e_1000.jpg!m_fill,w_280,h_210,f_jpg?from=ke.com
20241031,海淀,公主坟,101126808650,满五年唯一看房随时电梯中间层不临街安静必看好房,549万,86457元/平,中楼层 (共16层) 2室1厅 | 63.5平米 | 东南,https://ke-image.ljcdn.com/110000-inspection/958d12cb-e1f1-4389-8717-b668340e2b4c_1000.jpg!m_fill,w_280,h_210,f_jpg?from=ke.com
20241031,海淀,公主坟,101126728691,普惠南里 1室1厅 南必看好房,415万,103750元/平,底层 (共5层) 1室1厅 | 40平米 | 南,https://ke-image.ljcdn.com/110000-inspection/pc1_RtbafUUJE.jpg!m_fill,w_280,h_210,f_jpg?from=ke.com
20241031,海淀,公主坟,101126647028,柳林馆 2室1厅 东必看好房,520万,102971元/平,中楼层 (共24层) 2室1厅 | 50.5平米 | 东,https://ke-image.ljcdn.com/110000-inspection/pc1_VV2ukUJhY_1.jpg!m_fill,w_280,h_210,f_jpg?from=ke.com
20241031,海淀,公主坟,101126542682,满五年船舶家属楼有立体车库停车方便 管理好必看好房,1132万,119916元/平,中楼层 (共5层) | 1998年 | 3室1厅 | 94.4平米 | 南 北,https://ke-image.ljcdn.com/110000-inspection/pc1_ZJSiOByiR_1.jpg!m_fill,w_280,h_210,f_jpg?from=ke.com
20241031,海淀,公主坟,101126524807,翠微中里中间楼层明厨明卫两居室没有占用！必看好房,615万,95497元/平,中楼层 (共6层) 2室1厅 | 64.4平米 | 南 北,https://ke-image.ljcdn.com/110000-inspection/b2c5ec22-ee17-4f2b-8949-71572544c9ca_1000.jpg!m_fill,w_280,h_210,f_jpg?from=ke.com
20241031,海淀,公主坟,101126470617,西三环普惠北里朝南向一居室带客厅看房随时必看好房,429万,91863元/平,高楼层 (共7层) | 1991年 | 1室1厅 | 46.7平米 | 南,https://ke-image.ljcdn.com/110000-inspection/pc1_5hLOK20ky.jpg!m_fill,w_280,h_210,f_jpg?from=ke.com
20241031,海淀,公主坟,101126444926,新上翠微北里优质一居室房源户型好必看好房,439万,91459元/平,低楼层 (共24层) 1室1厅 | 48平米 | 南 西,https://ke-image.ljcdn.com/110000-inspection/pc1_5GTjfd05A_1.jpg!m_fill,w_280,h_210,f_jpg?from=ke.com
20241031,海淀,公主坟,101126388975,翠微东里小区优质楼层明厨明卫南北通透三居室必看好房,780万,101828元/平,低楼层 (共6层) | 1994年 | 3室1厅 | 76.6平米 | 南 北,https://ke-image.ljcdn.com/110000-inspection/pc1_pGvUMvdP3.jpg!m_fill,w_280,h_210,f_jpg?from=ke.com
20241031,海淀,公主坟,101126381280,南北通透双阳台田字格户型方正居住舒适明厨明卫必看好房,650万,91037元/平,底层 (共5层) | 1980年 | 3室1厅 | 71.4平米 | 南 北,https://ke-image.ljcdn.com/110000-inspection/pc1_yFckCyBTG_1.jpg!m_fill,w_280,h_210,f_jpg?from=ke.com
20241031,海淀,公主坟,101126329798,水利新宿舍2008年建成 两居室带客厅 看房方便必看好房,740万,94994元/平,低楼层 (共28层) | 2012年 | 2室1厅 | 77.9平米 | 东南,https://ke-image.ljcdn.com/110000-inspection/pc1_XJfeMzPhW.jpg!m_fill,w_280,h_210,f_jpg?from=ke.com
20241031,海淀,公主坟,101126309925,翠微南里（电子部）分房 中间层南北两居出售必看好房,540万,87097元/平,中楼层 (共4层) 2室1厅 | 62平米 | 南 北,https://ke-image.ljcdn.com/110000-inspection/410b9445-38bb-4cc4-b600-126c313f10cd_1000.jpg!m_fill,w_280,h_210,f_jpg?from=ke.com
20241031,海淀,公主坟,101126276270,万寿路地铁  翠微路2号院  财政部分房 96年楼,840万,101572元/平,低楼层 (共6层) 2室2厅 | 82.7平米 | 南 北,https://ke-image.ljcdn.com/110000-inspection/pc1_c4TKIkbjh_1.jpg!m_fill,w_280,h_210,f_jpg?from=ke.com
20241031,海淀,公主坟,101126260414,柳林馆一居室地铁公主坟 玉渊潭公园必看好房,325万,83763元/平,底层 (共6层) 1室1厅 | 38.8平米 | 南 北,https://ke-image.ljcdn.com/110000-inspection/pc1_tYTjhUwjQ.jpg!m_fill,w_280,h_210,f_jpg?from=ke.com
20241031,海淀,公主坟,101126229392,房子满五年唯一住房 户型好  位于小区中间必看好房,479万,95040元/平,中楼层 (共5层) | 1976年 | 2室1厅 | 50.4平米 | 南,https://ke-image.ljcdn.com/110000-inspection/pc1_8dURsnq55.jpg!m_fill,w_280,h_210,f_jpg?from=ke.com
20241031,海淀,公主坟,101125999011,翠微南里大三居南北通透高楼层无遮挡必看好房,840万,93334元/平,中楼层 (共18层) | 1987年 | 3室1厅 | 90平米 | 东 南 北,https://ke-image.ljcdn.com/110000-inspection/e6d77ddd-9570-4c33-9b0e-21823be8036b_1000.jpg!m_fill,w_280,h_210,f_jpg?from=ke.com
20241031,海淀,公主坟,101125995582,超低低低低低价电梯两居！业主D价超惊喜！必看好房,498万,88142元/平,中楼层 (共21层) 2室1厅 | 56.5平米 | 西南,https://ke-image.ljcdn.com/110000-inspection/4841825a-c2ab-4db6-a186-a0cdeb680869_1000.jpg!m_fill,w_280,h_210,f_jpg?from=ke.com
20241031,海淀,公主坟,101125995249,普惠北里板楼中间楼层南北向 有管理 满五年唯一必看好房,556万,99286元/平,中楼层 (共6层) | 1983年 | 2室1厅 | 56平米 | 南 北,https://ke-image.ljcdn.com/110000-inspection/5985ae75-3f79-4cdf-957f-d7e5e56b6d52_1000.jpg!m_fill,w_280,h_210,f_jpg?from=ke.com
20241031,海淀,公主坟,101125865994,翠微西里武警站岗小区 两居有钥匙  看房方便,638万,114215元/平,中楼层 (共20层) 2室1厅 | 55.86平米 | 东南 南,https://ke-image.ljcdn.com/110000-inspection/pc1_GLc1gB4Sj_1.jpg!m_fill,w_280,h_210,f_jpg?from=ke.com
20241031,海淀,公主坟,101125754386,板楼2层 很实用的小三居户型 适合一家自住 近公园必看好房,480万,85410元/平,中楼层 (共5层) 3室1厅 | 56.2平米 | 东 西,https://ke-image.ljcdn.com/110000-inspection/pc1_b0DISFYeG.jpg!m_fill,w_280,h_210,f_jpg?from=ke.com
20241031,海淀,公主坟,101125674943,30万精装 小户型 小区中间 安静采光好必看好房,405万,89365元/平,中楼层 (共6层) 1室1厅 | 45.32平米 | 南,https://ke-image.ljcdn.com/110000-inspection/79642587-b7a8-426c-9cf3-283229463c34_1000.jpg!m_fill,w_280,h_210,f_jpg?from=ke.com
20241031,海淀,公主坟,101125638508,正规三居明厨明卫采光充足视野开阔配套齐全必看好房,920万,111651元/平,中楼层 (共6层) 3室1厅 | 82.4平米 | 南 北,https://ke-image.ljcdn.com/110000-inspection/616a9f13-3fd4-4c09-828f-c12ba6c79b12_1000.jpg!m_fill,w_280,h_210,f_jpg?from=ke.com
20241031,海淀,公主坟,101125613454,万寿路18号院 低楼层 南北通透 明厨明卫 满五年必看好房,520万,85527元/平,低楼层 (共6层) 2室1厅 | 60.8平米 | 南 北,https://ke-image.ljcdn.com/110000-inspection/155be5c4-448b-44e2-b7f8-852052b12b2b_1000.jpg!m_fill,w_280,h_210,f_jpg?from=ke.com
20241031,海淀,公主坟,101125503021,西三环普惠北里小区2008年楼龄满五唯一户型方正,1298万,116350元/平,低楼层 (共15层) | 2012年 | 3室1厅 | 111.56平米 | 南 北,https://ke-image.ljcdn.com/110000-inspection/pc1_dVf5r0Ps0_1.jpg!m_fill,w_280,h_210,f_jpg?from=ke.com
20241031,海淀,公主坟,101125478023,近商场近公园近地铁朝南向诚心卖必看好房,375万,89499元/平,高楼层 (共6层) | 1996年 | 1室1厅 | 41.9平米 | 南,https://ke-image.ljcdn.com/110000-inspection/fc3d36f1-4dd8-46a4-b41f-dfb523aff640_1000.jpg!m_fill,w_280,h_210,f_jpg?from=ke.com
20241031,海淀,公主坟,101125030858,新登记两居室水利局单位正规南北两居采光好必看好房,444万,89879元/平,底层 (共5层) 2室1厅 | 49.4平米 | 南,https://ke-image.ljcdn.com/110000-inspection/pc1_1zB5Lik9F.jpg!m_fill,w_280,h_210,f_jpg?from=ke.com
20241031,海淀,公主坟,101124954817,万寿路18号院优质两居格局好 诚心出售房主自荐,458万,84659元/平,中楼层 (共6层) 2室1厅 | 54.1平米 | 南,https://ke-image.ljcdn.com/110000-inspection/pc1_vTaT1uQjH.jpg!m_fill,w_280,h_210,f_jpg?from=ke.com
20241031,海淀,公主坟,101124853147,精装修 南北通透板楼 一梯两户 把东边客厅带窗,1499万,98225元/平,高楼层 (共12层) 3室2厅 | 152.61平米 | 南 北,https://ke-image.ljcdn.com/110000-inspection/pc1_lRRlaFOex.jpg!m_fill,w_280,h_210,f_jpg?from=ke.com
20241031,海淀,公主坟,101124745900,翠微路2号院 1998年新楼龄 明厨明卫明厅户型好必看好房,399万,87886元/平,高楼层 (共6层) 1室1厅 | 45.4平米 | 南,https://ke-image.ljcdn.com/110000-inspection/pc1_Dh2VgVfxT.jpg!m_fill,w_280,h_210,f_jpg?from=ke.com
20241031,海淀,公主坟,101124691903,普惠南里 翠微区域 南北2居 1992建成 中间层必看好房,529万,88167元/平,低楼层 (共6层) | 1996年 | 2室1厅 | 60平米 | 南 北,https://ke-image.ljcdn.com/110000-inspection/pc1_3P60iO3AX_1.jpg!m_fill,w_280,h_210,f_jpg?from=ke.com
20241031,海淀,公主坟,101124247665,总监推荐普惠北里精装修满五年一居室视野开阔采光充足必看好房,419万,89722元/平,高楼层 (共7层) | 1991年 | 1室1厅 | 46.7平米 | 南,https://ke-image.ljcdn.com/110000-inspection/6117bf44-af5b-47b9-b7f8-c4b0535f30a5_1000.jpg!m_fill,w_280,h_210,f_jpg?from=ke.com
20241031,海淀,公主坟,101124210856,电梯高层、一手业主、产权干净、高层观景户型方正必看好房,1860万,105270元/平,高楼层 (共28层) 4室2厅 | 176.69平米 | 东南,https://ke-image.ljcdn.com/110000-inspection/pc1_eTc21AdFB.jpg!m_fill,w_280,h_210,f_jpg?from=ke.com
20241031,海淀,公主坟,101124171923,西三环 普惠南里 满五年 电梯房必看好房,429万,84118元/平,中楼层 (共20层) | 1990年 | 1室1厅 | 51平米 | 东南,https://ke-image.ljcdn.com/110000-inspection/pc1_OiEfIoPgQ_1.jpg!m_fill,w_280,h_210,f_jpg?from=ke.com
20241031,海淀,公主坟,101123861258,翠微中里独院管理 东南北小三居 满五年唯一 有车位必看好房,610万,90371元/平,高楼层 (共6层) 3室1厅 | 67.5平米 | 东 南 北,https://ke-image.ljcdn.com/110000-inspection/pc1_7SEKoyaQh.jpg!m_fill,w_280,h_210,f_jpg?from=ke.com
20241031,海淀,公主坟,101123807543,颐源居一期 小户型 精装 两居室必看好房,736万,101756元/平,底层 (共28层) | 1999年 | 2室1厅 | 72.33平米 | 西南,https://ke-image.ljcdn.com/110000-inspection/pc1_7akleXZal.jpg!m_fill,w_280,h_210,f_jpg?from=ke.com
20241031,海淀,公主坟,101123222924,翠微中里明厨明卫的三居室板楼中间层。诚心出售,608万,90075元/平,高楼层 (共6层) 3室1厅 | 67.5平米 | 南 西 北,https://ke-image.ljcdn.com/110000-inspection/pc1_IYnuw6b2Z.jpg!m_fill,w_280,h_210,f_jpg?from=ke.com
20241031,海淀,公主坟,101122668006,公主坟 万寿路 翠微南北通透两居室必看好房,556万,86457元/平,高楼层 (共6层) 2室1厅 | 64.31平米 | 南 北,https://ke-image.ljcdn.com/110000-inspection/pc1_xFH5wW5MN.jpg!m_fill,w_280,h_210,f_jpg?from=ke.com
20241031,海淀,公主坟,101121727094,房子正规一室一厅精装修 南向 有电梯必看好房,420万,88422元/平,低楼层 (共18层) | 1989年 | 1室1厅 | 47.5平米 | 南,https://ke-image.ljcdn.com/110000-inspection/pc1_9GY1Oy8SV.jpg!m_fill,w_280,h_210,f_jpg?from=ke.com
20241031,海淀,公主坟,101119128571,莲熙嘉园 海淀产权 2013年社区 精装修  朝南必看好房,418万,64023元/平,高楼层 (共27层) | 2016年 | 2室1厅 | 65.29平米 | 南,https://ke-image.ljcdn.com/110000-inspection/pc1_41ludOk6s_1.jpg!m_fill,w_280,h_210,f_jpg?from=ke.com
20241031,海淀,公主坟,101127135554,满五年唯一商品房户型方正电梯直达。必看好房,595万,94746元/平,顶层 (共18层) | 1987年 | 2室1厅 | 62.8平米 | 东南,https://ke-image.ljcdn.com/110000-inspection/8aaf474b-1569-4efa-b99c-9cd135203bc6_1000.jpg!m_fill,w_280,h_210,f_jpg?from=ke.com
20241031,海淀,公主坟,101127083777,万寿路地铁  翠微路2号院  南北两居必看好房,482万,80334元/平,顶层 (共6层) | 1983年 | 2室1厅 | 60平米 | 南 北,https://ke-image.ljcdn.com/110000-inspection/99a7c240-38c2-4061-834a-5c2a2f955399_1000.jpg!m_fill,w_280,h_210,f_jpg?from=ke.com
20241031,海淀,公主坟,101127070345,翠微 中间楼层  精装修 南北通透  两居室必看好房,425万,93613元/平,中楼层 (共6层) 2室1厅 | 45.4平米 | 南 北,https://ke-image.ljcdn.com/110000-inspection/f6adbe1b-6057-4959-8fd4-cbf1c2904a03_1000.jpg!m_fill,w_280,h_210,f_jpg?from=ke.com
20241031,海淀,公主坟,101126918097,柳林馆 科技部宿舍 双地铁站  西南三居室必看好房,776万,105867元/平,低楼层 (共24层) | 1989年 | 3室1厅 | 73.3平米 | 西南,https://ke-image.ljcdn.com/110000-inspection/36eae15d-30a8-4220-af77-a075e5b22599_1000.jpg!m_fill,w_280,h_210,f_jpg?from=ke.com
20241031,海淀,公主坟,101126830227,静源居 2室1厅 西必看好房,880万,86700元/平,高楼层 (共23层) | 2002年 | 2室1厅 | 101.5平米 | 西,https://ke-image.ljcdn.com/110000-inspection/pc1_4pCGwgoLq.jpg!m_fill,w_280,h_210,f_jpg?from=ke.com
20241031,海淀,公主坟,101126660318,此房满五年唯一业主诚心出售！必看好房,460万,79038元/平,底层 (共6层) 2室1厅 | 58.2平米 | 东 西,https://ke-image.ljcdn.com/110000-inspection/pc1_jUAXO5MRf.jpg!m_fill,w_280,h_210,f_jpg?from=ke.com
20241031,海淀,公主坟,101126611790,翠微两居中间层安静采光好没有占用必看好房,518万,88006元/平,中楼层 (共6层) 2室1厅 | 58.86平米 | 南 北,https://ke-image.ljcdn.com/110000-inspection/pc1_Zj9obGLGp.jpg!m_fill,w_280,h_210,f_jpg?from=ke.com
20241031,海淀,公主坟,101126324941,翠微南里优质的两居室多多支持。,380万,77205元/平,高楼层 (共6层) 2室1厅 | 49.22平米 | 西,https://ke-image.ljcdn.com/110000-inspection/pc1_50tIgIl1M.jpg!m_fill,w_280,h_210,f_jpg?from=ke.com
20241031,海淀,公主坟,101126141493,西三环普惠北里南北通透带客厅满五唯一,440万,88177元/平,高楼层 (共7层) 2室1厅 | 49.9平米 | 南 北,https://ke-image.ljcdn.com/110000-inspection/c6e49039-6348-45a1-82ea-5a9640b7759d_1000.jpg!m_fill,w_280,h_210,f_jpg?from=ke.com
20241031,海淀,公主坟,101126118882,翠微带围院三居室小区中间位置户型好房主自荐,840万,105621元/平,底层 (共6层) | 2000年 | 3室1厅 | 79.53平米 | 南 北,https://ke-image.ljcdn.com/110000-inspection/pc1_0u1u45icw.jpg!m_fill,w_280,h_210,f_jpg?from=ke.com
20241031,海淀,公主坟,101125698767,新上翠微北里经典东南两居室高层电梯房视野佳诚售房主自荐,575万,99827元/平,高楼层 (共24层) 2室1厅 | 57.6平米 | 东 南,https://ke-image.ljcdn.com/110000-inspection/f24e2264-d32c-4f01-914b-81635c3b05fc_1000.jpg!m_fill,w_280,h_210,f_jpg?from=ke.com
20241031,海淀,公主坟,101125441625,翠微中里 南北通透 不临街 精装修 采光好必看好房,520万,80746元/平,顶层 (共6层) 2室1厅 | 64.4平米 | 南 北,https://ke-image.ljcdn.com/110000-inspection/pc1_EmCpGJJce.jpg!m_fill,w_280,h_210,f_jpg?from=ke.com
20241031,海淀,公主坟,101124974660,户型方正 采光好 高层观景  有两个地下车位必看好房,1700万,96663元/平,低楼层 (共28层) 4室2厅 | 175.87平米 | 东南,https://ke-image.ljcdn.com/110000-inspection/pc1_6TbZD1f25.jpg!m_fill,w_280,h_210,f_jpg?from=ke.com
20241031,海淀,公主坟,101124971553,翠微东里 局长楼 4居室 南北通透 满五唯一商品房房主自荐,1089万,94042元/平,顶层 (共5层) 4室1厅 | 115.8平米 | 南 北,https://ke-image.ljcdn.com/110000-inspection/pc1_dak30Eqrs.jpg!m_fill,w_280,h_210,f_jpg?from=ke.com
20241031,海淀,公主坟,101124906070,诚意出售随时可以签约好房满五年唯一双南向电梯房必看好房,680万,84055元/平,低楼层 (共18层) 2室2厅 | 80.9平米 | 南,https://ke-image.ljcdn.com/110000-inspection/pc1_acCrFJW0B.jpg!m_fill,w_280,h_210,f_jpg?from=ke.com
20241031,海淀,公主坟,101124628433,翠微中里 95年楼龄 采光好 无遮挡 不临街,460万,83153元/平,中楼层 (共16层) | 1999年 | 1室1厅 | 55.32平米 | 南,https://ke-image.ljcdn.com/110000-inspection/pc1_PHyNoh2vv.jpg!m_fill,w_280,h_210,f_jpg?from=ke.com
20241031,海淀,公主坟,101124628142,翠微中里商品房带电梯 小两居采光足视野好 94年必看好房,418万,75561元/平,中楼层 (共16层) | 1999年 | 2室1厅 | 55.32平米 | 西南,https://ke-image.ljcdn.com/110000-inspection/pc1_K8NfuQdO7.jpg!m_fill,w_280,h_210,f_jpg?from=ke.com
20241031,海淀,公主坟,101124621798,万寿路小区 高层 南向大两居室 有客厅必看好房,540万,70774元/平,顶层 (共6层) 2室1厅 | 76.3平米 | 南,https://ke-image.ljcdn.com/110000-inspection/pc1_FoaFhNRuP.jpg!m_fill,w_280,h_210,f_jpg?from=ke.com
20241031,海淀,公主坟,101124254719,翠微中里带电梯看房方便采光足视野好94年建成必看好房,429万,77549元/平,高楼层 (共16层) | 1999年 | 1室1厅 | 55.32平米 | 东南,https://ke-image.ljcdn.com/110000-inspection/f483a83b-b053-49e9-9550-fce49b11737c_1000.jpg!m_fill,w_280,h_210,f_jpg?from=ke.com
20241031,海淀,公主坟,101123898907,翠微南里 南北通透两居  户型规整  满五年唯一必看好房,530万,91696元/平,低楼层 (共6层) 2室1厅 | 57.8平米 | 南 北,https://ke-image.ljcdn.com/110000-inspection/90220e65-947d-433e-8732-520499952966_1000.jpg!m_fill,w_280,h_210,f_jpg?from=ke.com
20241031,海淀,公主坟,101123595528,翠微优质电梯三居不临街生活配套齐全看房方便业主在京必看好房,688万,86216元/平,底层 (共21层) 3室1厅 | 79.8平米 | 西南 北,https://ke-image.ljcdn.com/110000-inspection/pc1_mffiEbJEl.jpg!m_fill,w_280,h_210,f_jpg?from=ke.com
20241031,海淀,公主坟,101123214678,万方苑满五年唯一高精装动静分离净高2.85必看好房,579万,84811元/平,底层 (共14层) | 2003年 | 1室1厅 | 68.27平米 | 东 北,https://ke-image.ljcdn.com/110000-inspection/pc1_r0i55AZfd.jpg!m_fill,w_280,h_210,f_jpg?from=ke.com
20241031,海淀,公主坟,101127282005,公主坟普惠南里 南北两居 满五唯一商品房 低楼层新上,590万,107079元/平,底层 (共6层) 2室1厅 | 55.1平米 | 南 北,https://ke-image.ljcdn.com/110000-inspection/5bfe3e8a-e510-48fa-bd84-71ea78fbf2be_1000.jpg!m_fill,w_280,h_210,f_jpg?from=ke.com
20241031,海淀,公主坟,101127228652,万寿路小区 满五年 东西向 低层两居 诚心出售新上,600万,94044元/平,低楼层 (共6层) 2室1厅 | 63.8平米 | 东 西,https://ke-image.ljcdn.com/110000-inspection/pc1_Iwe5D0yxF_1.jpg!m_fill,w_280,h_210,f_jpg?from=ke.com
20241031,海淀,公主坟,101127192561,翠微路2号院 低楼层 南北通透 明厨明卫 看房随时新上,630万,104305元/平,低楼层 (共6层) 2室1厅 | 60.4平米 | 南 北,https://ke-image.ljcdn.com/110000-inspection/89c06310-0953-4454-a95a-9f33f60bafd3_1000.jpg!m_fill,w_280,h_210,f_jpg?from=ke.com
20241031,海淀,公主坟,101127183398,翠微路2号院 近地铁 全南北向 中间层两居,495万,86691元/平,顶层 (共5层) 2室1厅 | 57.1平米 | 南 北,https://ke-image.ljcdn.com/110000-inspection/cfe2767d-497c-4257-af04-4e5eb7fbf3a9_1000.jpg!m_fill,w_280,h_210,f_jpg?from=ke.com
20241031,海淀,公主坟,101127166897,翠微路22号院 2室1厅 南 北,350万,71604元/平,地下室 (共6层) 2室1厅 | 48.88平米 | 南 北,https://ke-image.ljcdn.com/110000-inspection/9592dd83-ea4f-4441-bc2f-bbdf4e3eb827_1000.jpg!m_fill,w_280,h_210,f_jpg?from=ke.com
20241031,海淀,公主坟,101126951599,翠微北里华润集团家属楼满五年唯一商品房,820万,107895元/平,低楼层 (共24层) | 1989年 | 2室1厅 | 76平米 | 西南,https://ke-image.ljcdn.com/110000-inspection/4b998adf-2c97-400f-a93e-477b57ff3135_1000.jpg!m_fill,w_280,h_210,f_jpg?from=ke.com
20241031,海淀,公主坟,101126936573,颐源居一期 满五年唯一 西南朝向 安静,1230万,101377元/平,低楼层 (共28层) | 1999年 | 2室1厅 | 121.33平米 | 西南,https://ke-image.ljcdn.com/110000-inspection/60d78edc-ec67-445a-9798-c9826f933d1e_1000.jpg!m_fill,w_280,h_210,f_jpg?from=ke.com
20241031,海淀,公主坟,101126933400,万寿路电信宿舍 2室1厅 南 北,550万,98921元/平,中楼层 (共4层) 2室1厅 | 55.6平米 | 南 北,https://ke-image.ljcdn.com/110000-inspection/pc1_2k0HXJ9wJ.jpg!m_fill,w_280,h_210,f_jpg?from=ke.com
20241031,海淀,公主坟,101126914895,普惠南里板楼中间楼层南北向明厨明卫 看房方便,620万,99839元/平,低楼层 (共6层) 2室1厅 | 62.1平米 | 南 北,https://ke-image.ljcdn.com/110000-inspection/00932783-e8a1-45d0-9eac-0218f4c56770_1000.jpg!m_fill,w_280,h_210,f_jpg?from=ke.com
20241031,海淀,公主坟,101126893624,翠微路2号院1996年新楼龄南北通透低楼层上,612万,103031元/平,底层 (共6层) 2室1厅 | 59.4平米 | 东 南 北,https://ke-image.ljcdn.com/110000-inspection/05353288-8543-494f-90f0-1da4a268621e_1000.jpg!m_fill,w_280,h_210,f_jpg?from=ke.com
20241031,海淀,公主坟,101126836528,翠微西里武警站岗社区 带电梯高层两居室 停车方便,720万,130506元/平,高楼层 (共20层) 2室1厅 | 55.17平米 | 西南,https://ke-image.ljcdn.com/110000-inspection/14c8ea0d-8234-4fd9-8101-c26424e8250a_1000.jpg!m_fill,w_280,h_210,f_jpg?from=ke.com
20241031,海淀,公主坟,101126761681,公主坟商圈 翠微路20号院两居室 中楼层 户型方正,500万,87413元/平,低楼层 (共6层) 2室1厅 | 57.2平米 | 东 西,https://ke-image.ljcdn.com/110000-inspection/e5ff43de-bb44-4ee7-a2cc-e6afa5458b1b_1000.jpg!m_fill,w_280,h_210,f_jpg?from=ke.com
20241031,海淀,公主坟,101126723453,翠微路2号院1996年房龄东西通透小区中间位置,560万,91206元/平,高楼层 (共6层) 2室1厅 | 61.4平米 | 东 西,https://ke-image.ljcdn.com/110000-inspection/2902f042-27c9-4eb8-8788-c1ed4dbe1889_1000.jpg!m_fill,w_280,h_210,f_jpg?from=ke.com
20241031,海淀,公主坟,101126706147,翠微南里 精装修 南北通透2居室,499万,85475元/平,顶层 (共6层) | 1987年 | 2室1厅 | 58.38平米 | 南 北,https://ke-image.ljcdn.com/110000-inspection/pc1_8iivpKk5R_1.jpg!m_fill,w_280,h_210,f_jpg?from=ke.com
20241031,海淀,公主坟,101126665896,普惠南里 2室1厅 南 北,490万,88130元/平,顶层 (共6层) 2室1厅 | 55.6平米 | 南 北,https://ke-image.ljcdn.com/110000-inspection/97005fb5-5206-4364-aef1-1467572a4b52_1000.jpg!m_fill,w_280,h_210,f_jpg?from=ke.com
20241031,海淀,公主坟,101126592646,莲熙嘉园南向户型方正靠谱出售,340万,64443元/平,中楼层 (共27层) | 2016年 | 1室1厅 | 52.76平米 | 南,https://ke-image.ljcdn.com/110000-inspection/d413b18e-172e-4053-bcc5-e563532900bf_1000.jpg!m_fill,w_280,h_210,f_jpg?from=ke.com
20241031,海淀,公主坟,101126534036,翠微东里 精装修 带电梯 采光视野好,430万,100327元/平,低楼层 (共18层) 1室1厅 | 42.86平米 | 南,https://ke-image.ljcdn.com/110000-inspection/pc1_LsbsRRFIz_1.jpg!m_fill,w_280,h_210,f_jpg?from=ke.com
20241031,海淀,公主坟,101126526521,万寿路12号院 中间楼层 满五年 有钥匙,430万,101416元/平,中楼层 (共6层) 1室1厅 | 42.4平米 | 东,https://ke-image.ljcdn.com/110000-inspection/38d0a309-2772-473f-b172-8563c358e34e_1000.jpg!m_fill,w_280,h_210,f_jpg?from=ke.com
20241031,海淀,公主坟,101126515253,万寿路小区 3室1厅 南 北,599万,87039元/平,中楼层 (共5层) 3室1厅 | 68.82平米 | 南 北,https://ke-image.ljcdn.com/110000-inspection/7a722b72-d8df-4d09-930b-e16c1763bb22_1000.jpg!m_fill,w_280,h_210,f_jpg?from=ke.com
20241031,海淀,公主坟,101126511678,翠微南里 带电梯朝南两居 不临街,660万,96506元/平,低楼层 (共18层) 2室1厅 | 68.39平米 | 南,https://ke-image.ljcdn.com/110000-inspection/c5def21b-e994-492e-bb03-f6cc0529d9f0_1000.jpg!m_fill,w_280,h_210,f_jpg?from=ke.com
20241031,海淀,公主坟,101126476158,公主坟商圈商品房社区 精装修四居室 电梯直达,1460万,81968元/平,低楼层 (共20层) | 2002年 | 4室1厅 | 178.12平米 | 东 南 北,https://ke-image.ljcdn.com/110000-inspection/pc1_dchWBrkU0.jpg!m_fill,w_280,h_210,f_jpg?from=ke.com
20241031,海淀,公主坟,101126471749,翠微小教工楼南北通透精装修,485万,91441元/平,顶层 (共6层) 2室1厅 | 53.04平米 | 南 北,https://ke-image.ljcdn.com/110000-inspection/4e938ddc-5c36-40e5-b182-848a5a55e8be_1000.jpg!m_fill,w_280,h_210,f_jpg?from=ke.com
20241031,海淀,公主坟,101126414626,电梯房高楼层户型方正带客厅大一居室采光充足,460万,90197元/平,高楼层 (共20层) | 1990年 | 1室1厅 | 51平米 | 西南,https://ke-image.ljcdn.com/110000-inspection/pc1_l3yRUjrhK.jpg!m_fill,w_280,h_210,f_jpg?from=ke.com
20241031,海淀,公主坟,101126409876,万寿路公主坟新登记优质两居满五年家庭就一套住房房主自荐,515万,87556元/平,高楼层 (共6层) 2室1厅 | 58.82平米 | 南 北,https://ke-image.ljcdn.com/110000-inspection/24d73b82-ec3e-4eff-b3e9-9a9c6c6ee643_1000.jpg!m_fill,w_280,h_210,f_jpg?from=ke.com
20241031,海淀,公主坟,101126350799,颐源居小区 2室1厅 西南,1230万,105075元/平,低楼层 (共28层) 2室1厅 | 117.06平米 | 西南,https://ke-image.ljcdn.com/110000-inspection/pc1_yljunM6a9.jpg!m_fill,w_280,h_210,f_jpg?from=ke.com
20241031,海淀,公主坟,101126341572,翠微路 建成年代1996年 两居室带厅 满五年唯一,550万,93379元/平,顶层 (共6层) 2室1厅 | 58.9平米 | 南 北,https://ke-image.ljcdn.com/110000-inspection/pc1_zUkxMAQMk_1.jpg!m_fill,w_280,h_210,f_jpg?from=ke.com
20241031,海淀,公主坟,101126334068,万寿路翠微中里精装修小两居室 钢混带电梯 诚心出售,460万,95357元/平,低楼层 (共16层) | 1999年 | 2室1厅 | 48.24平米 | 东,https://ke-image.ljcdn.com/110000-inspection/pc1_abkULcQb6.jpg!m_fill,w_280,h_210,f_jpg?from=ke.com
20241031,海淀,公主坟,101126307021,翠微路2号院 双南两居室 中间楼层 满五唯一,510万,94973元/平,中楼层 (共5层) 2室1厅 | 53.7平米 | 南,https://ke-image.ljcdn.com/110000-inspection/pc1_BUCJgqte6_1.jpg!m_fill,w_280,h_210,f_jpg?from=ke.com
20241031,海淀,公主坟,101126251535,翠微北里华润集团家属楼西南向大一居室 居住舒适,528万,109091元/平,高楼层 (共24层) | 1989年 | 1室1厅 | 48.4平米 | 西南,https://ke-image.ljcdn.com/110000-inspection/pc1_dMJ3Z6lCg.jpg!m_fill,w_280,h_210,f_jpg?from=ke.com
20241031,海淀,公主坟,101126233091,翠微北里小区采光特好 不临街 电梯观景房,835万,105697元/平,中楼层 (共24层) 3室1厅 | 79平米 | 东 西 北,https://ke-image.ljcdn.com/110000-inspection/2455ae78-14cf-4593-8a37-b0c65dc22a5b_1000.jpg!m_fill,w_280,h_210,f_jpg?from=ke.com
20241031,海淀,公主坟,101126231775,万寿路27号院 1室1厅 南,518万,94011元/平,高楼层 (共6层) 1室1厅 | 55.1平米 | 南,https://ke-image.ljcdn.com/110000-inspection/pc1_uTEQjwCGx_1.jpg!m_fill,w_280,h_210,f_jpg?from=ke.com
20241031,海淀,公主坟,101126206570,西三环公主坟商圈封闭管理、商品房社区、环境管理好房主自荐,555万,92578元/平,低楼层 (共20层) 1室1厅 | 59.95平米 | 西南,https://ke-image.ljcdn.com/110000-inspection/pc1_fhJQBVnxJ.jpg!m_fill,w_280,h_210,f_jpg?from=ke.com
20241031,海淀,公主坟,101126100633,首创缘溪堂高层观景房三卧室朝南,3600万,110538元/平,中楼层 (共23层) 3室2厅 | 325.68平米 | 南 北,https://ke-image.ljcdn.com/110000-inspection/pc1_X8CNE1wb3.jpg!m_fill,w_280,h_210,f_jpg?from=ke.com
20241031,海淀,公主坟,101126092821,普惠南里 2室1厅 南 北房主自荐,299万,61271元/平,地下室 (共6层) 2室1厅 | 48.8平米 | 南 北,https://ke-image.ljcdn.com/110000-inspection/pc1_7YJyXJNP0_1.jpg!m_fill,w_280,h_210,f_jpg?from=ke.com
20241031,海淀,公主坟,101126054659,翠微中里通透三居 带电梯不临街 无遮挡 满五年,770万,96856元/平,低楼层 (共21层) 3室1厅 | 79.5平米 | 东南 北,https://ke-image.ljcdn.com/110000-inspection/7fd16775-3eb5-49e2-a6a8-6c93f42338b8_1000.jpg!m_fill,w_280,h_210,f_jpg?from=ke.com
20241031,海淀,公主坟,101126003997,公主坟翠微南里正南向一居室带电梯,422万,96634元/平,中楼层 (共18层) 1室1厅 | 43.67平米 | 南,https://ke-image.ljcdn.com/110000-inspection/pc1_clXh7jDGY_1.jpg!m_fill,w_280,h_210,f_jpg?from=ke.com
20241031,海淀,公主坟,101125996583,诚意出售南北向高层两居满五年唯一产权清晰。,568万,88529元/平,高楼层 (共6层) 2室1厅 | 64.16平米 | 南 北,https://ke-image.ljcdn.com/110000-inspection/16cae11d-c721-4f48-92b5-05f06e871f3c_1000.jpg!m_fill,w_280,h_210,f_jpg?from=ke.com
20241031,海淀,公主坟,101125987921,万寿路电信宿舍 1室1厅 南 北,416万,101217元/平,中楼层 (共4层) 1室1厅 | 41.1平米 | 南 北,https://ke-image.ljcdn.com/110000-inspection/pc1_27lO2RXgK.jpg!m_fill,w_280,h_210,f_jpg?from=ke.com
20241031,海淀,公主坟,101125964040,万寿路12号院 新上东西通透两居室中间楼层,515万,87735元/平,中楼层 (共6层) 2室1厅 | 58.7平米 | 东 西,https://ke-image.ljcdn.com/110000-inspection/pc1_K3id6Khde_1.jpg!m_fill,w_280,h_210,f_jpg?from=ke.com
20241031,海淀,公主坟,101125898047,普惠南里 1室1厅 东南,427万,83726元/平,低楼层 (共20层) 1室1厅 | 51平米 | 东南,https://ke-image.ljcdn.com/110000-inspection/pc1_ybkjx8GFJ.jpg!m_fill,w_280,h_210,f_jpg?from=ke.com
20241031,海淀,公主坟,101125896724,翠微中里 1室1厅 东,365万,74949元/平,顶层 (共12层) 1室1厅 | 48.7平米 | 东,https://ke-image.ljcdn.com/110000-inspection/pc1_NrZCCn4XW_2.jpg!m_fill,w_280,h_210,f_jpg?from=ke.com
20241031,海淀,公主坟,101125866263,房子南北通透 户型方正 靠谱卖 成本低,490万,84338元/平,顶层 (共6层) 2室1厅 | 58.1平米 | 南 北,https://ke-image.ljcdn.com/110000-inspection/pc1_SgfWixrAs.jpg!m_fill,w_280,h_210,f_jpg?from=ke.com
20241031,海淀,公主坟,101125826574,翠微中里带电梯东南向两居室 精装修 户型方正房主自荐,540万,97036元/平,低楼层 (共21层) 2室1厅 | 55.65平米 | 东 南,https://ke-image.ljcdn.com/110000-inspection/pc1_mYfXBQfOr_1.jpg!m_fill,w_280,h_210,f_jpg?from=ke.com
20241031,海淀,公主坟,101125824844,翠微路2号院 2室1厅 南 北,635万,104270元/平,高楼层 (共6层) 2室1厅 | 60.9平米 | 南 北,https://ke-image.ljcdn.com/110000-inspection/pc1_2osdod42r.jpg!m_fill,w_280,h_210,f_jpg?from=ke.com
20241031,海淀,公主坟,101125815190,满五年唯一精装自住电梯房随时签约,485万,96040元/平,低楼层 (共24层) 2室1厅 | 50.5平米 | 东南,https://ke-image.ljcdn.com/110000-inspection/pc1_60jngLyQZ.jpg!m_fill,w_280,h_210,f_jpg?from=ke.com
20241031,海淀,公主坟,101125776690,翠微路两居室 满五年唯一商品房 诚意卖 看房方便,430万,74266元/平,高楼层 (共6层) 2室1厅 | 57.9平米 | 东 西,https://ke-image.ljcdn.com/110000-inspection/pc1_cc1sYdtzx_1.jpg!m_fill,w_280,h_210,f_jpg?from=ke.com
20241031,海淀,公主坟,101125767329,【年轻家庭入手电梯二居】钢混楼龄新 净高3.03米,485万,102170元/平,低楼层 (共16层) | 1999年 | 2室1厅 | 47.47平米 | 东南,https://ke-image.ljcdn.com/110000-inspection/pc1_ypxzpUOUn.jpg!m_fill,w_280,h_210,f_jpg?from=ke.com
20241031,海淀,公主坟,101125762079,翠微东里小区采光好精装修纯南向两居,495万,86252元/平,顶层 (共6层) | 1986年 | 2室1厅 | 57.39平米 | 南,https://ke-image.ljcdn.com/110000-inspection/pc1_9CcWot4gA.jpg!m_fill,w_280,h_210,f_jpg?from=ke.com
20241031,海淀,公主坟,101125722328,万寿路小区高层一层居室采光视野好,430万,105393元/平,中楼层 (共5层) 1室1厅 | 40.8平米 | 南,https://ke-image.ljcdn.com/110000-inspection/pc1_wu4TVp6yI.jpg!m_fill,w_280,h_210,f_jpg?from=ke.com
20241031,海淀,公主坟,101125692632,翠微东里 带电梯精装修次顶层,800万,99084元/平,高楼层 (共18层) 3室1厅 | 80.74平米 | 南 北,https://ke-image.ljcdn.com/110000-inspection/pc1_sm7X7Burs_1.jpg!m_fill,w_280,h_210,f_jpg?from=ke.com
20241031,海淀,公主坟,101125616567,普惠北里水利局2008年楼龄新 大一居室诚心出售,518万,80611元/平,低楼层 (共28层) | 2012年 | 1室1厅 | 64.26平米 | 西北,https://ke-image.ljcdn.com/110000-inspection/pc1_6qZhUPWhW_1.jpg!m_fill,w_280,h_210,f_jpg?from=ke.com
20241031,海淀,公主坟,101125605661,西三环普惠南里小区南北通透两居室户型方正看房方便,520万,88738元/平,高楼层 (共6层) | 1996年 | 2室1厅 | 58.6平米 | 南 北,https://ke-image.ljcdn.com/110000-inspection/155ccb44-1820-4f6c-81e1-41ebb826cd67_1000.jpg!m_fill,w_280,h_210,f_jpg?from=ke.com
20241031,海淀,公主坟,101125524050,翠微路2号院 中间楼层 明厨明卫 满五年仅一套,620万,106713元/平,中楼层 (共6层) 2室1厅 | 58.1平米 | 南 北,https://ke-image.ljcdn.com/110000-inspection/pc1_NqTwRAeUX.jpg!m_fill,w_280,h_210,f_jpg?from=ke.com
20241031,海淀,公主坟,101125486596,翠微路2号院 带客厅三居室 南北通透精装修,730万,99727元/平,中楼层 (共6层) 3室1厅 | 73.2平米 | 南 北,https://ke-image.ljcdn.com/110000-inspection/pc1_jWgrMQ5pE.jpg!m_fill,w_280,h_210,f_jpg?from=ke.com
20241031,海淀,公主坟,101125443181,万寿路26号院  近地铁  视野好采光棒,799万,109603元/平,高楼层 (共18层) | 1994年 | 2室1厅 | 72.9平米 | 西南,https://ke-image.ljcdn.com/110000-inspection/62ade14f-251e-48fb-ab4a-861849aeb1cc_1000.jpg!m_fill,w_280,h_210,f_jpg?from=ke.com
20241031,海淀,公主坟,101125437867,柳林馆科技部 精装修 高层电梯 满5年 可贷款,487万,108706元/平,中楼层 (共24层) 1室1厅 | 44.8平米 | 西南,https://ke-image.ljcdn.com/110000-inspection/pc1_LOq3SDG0C_1.jpg!m_fill,w_280,h_210,f_jpg?from=ke.com
20241031,海淀,公主坟,101125364905,此房满五唯一纯南两居低楼层采光好。,520万,99484元/平,低楼层 (共6层) 2室1厅 | 52.27平米 | 南,https://ke-image.ljcdn.com/110000-inspection/7b300c04-799b-4771-bbd2-5610dfcaf1f4_1000.jpg!m_fill,w_280,h_210,f_jpg?from=ke.com
20241031,海淀,公主坟,101125359263,翠微西里武警站岗小区有食堂、车库视野好采光好,635万,113678元/平,高楼层 (共20层) 2室1厅 | 55.86平米 | 东南,https://ke-image.ljcdn.com/110000-inspection/pc1_6F2wRDoEL_1.jpg!m_fill,w_280,h_210,f_jpg?from=ke.com
20241031,海淀,公主坟,101125341429,翠微东里经典两居全南向满五唯一诚心出售房主自荐,698万,86280元/平,低楼层 (共18层) 2室1厅 | 80.9平米 | 南,https://ke-image.ljcdn.com/110000-inspection/pc1_waUy27JVP_1.jpg!m_fill,w_280,h_210,f_jpg?from=ke.com
20241031,海淀,公主坟,101125331685,万寿路26号院 1室1厅 南,380万,107649元/平,低楼层 (共18层) | 1994年 | 1室1厅 | 35.3平米 | 南,https://ke-image.ljcdn.com/110000-inspection/pc1_NPjZJdJtN.jpg!m_fill,w_280,h_210,f_jpg?from=ke.com
20241031,海淀,公主坟,101125325577,翠微中里单独管理满五年无抵押产权清晰随时签约,570万,98463元/平,低楼层 (共6层) 2室1厅 | 57.89平米 | 南,https://ke-image.ljcdn.com/110000-inspection/pc1_zKKR5LDi6_1.jpg!m_fill,w_280,h_210,f_jpg?from=ke.com
20241031,海淀,公主坟,101125179738,颐源居一期高层三室新装修视野无遮挡房主自荐,950万,118513元/平,高楼层 (共28层) | 1999年 | 3室2厅 | 80.16平米 | 南,https://ke-image.ljcdn.com/110000-inspection/352350d4-81f9-43b3-ae74-51107894e3b3_1000.jpg!m_fill,w_280,h_210,f_jpg?from=ke.com
20241031,海淀,公主坟,101125116840,万寿路小区 南北通透 中间层 近万寿路地铁,698万,95801元/平,中楼层 (共6层) | 2001年 | 3室1厅 | 72.86平米 | 南 北,https://ke-image.ljcdn.com/110000-inspection/pc1_At3GbPuSb_1.jpg!m_fill,w_280,h_210,f_jpg?from=ke.com
20241031,海淀,公主坟,101125105452,玉渊潭南路11号院养生四居室着急出售看房方便,4600万,88720元/平,低楼层 (共23层) 4室2厅 | 518.49平米 | 南 东南 北,https://ke-image.ljcdn.com/110000-inspection/pc1_rpO4hWVZ2.jpg!m_fill,w_280,h_210,f_jpg?from=ke.com
20241031,海淀,公主坟,101124957989,颐源居小区 高层景观 有车位 满五年唯一,1460万,102673元/平,高楼层 (共28层) 3室2厅 | 142.2平米 | 东南 东北,https://ke-image.ljcdn.com/110000-inspection/ea97591f-f451-4c1d-991d-0c92a2186167_1000.jpg!m_fill,w_280,h_210,f_jpg?from=ke.com
20241031,海淀,公主坟,101124747812,翠微路2号院 2室1厅 南 北,680万,112770元/平,底层 (共6层) | 1996年 | 2室1厅 | 60.3平米 | 南 北,https://ke-image.ljcdn.com/110000-inspection/pc1_FQYIX04Ss_1.jpg!m_fill,w_280,h_210,f_jpg?from=ke.com
20241031,海淀,公主坟,101124719259,普惠北里 一室一厅 楼龄新 环境好 交通便利 诚售,515万,79439元/平,高楼层 (共28层) | 2012年 | 1室1厅 | 64.83平米 | 西南,https://ke-image.ljcdn.com/110000-inspection/pc1_NyEpJMtvv.jpg!m_fill,w_280,h_210,f_jpg?from=ke.com
20241031,海淀,公主坟,101124710899,普惠南里实惠居住四个房间双卫精装修独立排水系统房主自荐,560万,81872元/平,地下室 (共6层) | 1996年 | 4室1厅 | 68.4平米 | 南 北,https://ke-image.ljcdn.com/110000-inspection/pc1_q9GzW4ZRc.jpg!m_fill,w_280,h_210,f_jpg?from=ke.com
20241031,海淀,公主坟,101124701946,公主坟翠微商圈 商品房社区 满五年 看房方便,1280万,93534元/平,低楼层 (共20层) | 2002年 | 3室1厅 | 136.85平米 | 南,https://ke-image.ljcdn.com/110000-inspection/baa4c568-dee4-4f23-9ee3-ec73057e31bd_1000.jpg!m_fill,w_280,h_210,f_jpg?from=ke.com
20241031,海淀,公主坟,101124627949,翠微南里满五唯一商品房高楼层精装修闹中取静,440万,76722元/平,顶层 (共6层) | 1987年 | 2室1厅 | 57.35平米 | 南 北,https://ke-image.ljcdn.com/110000-inspection/pc1_cbkz4ydOi.jpg!m_fill,w_280,h_210,f_jpg?from=ke.com
20241031,海淀,公主坟,101124570066,翠微东里正规一居带电梯满五年唯一商品房中间楼层房主自荐,416万,98114元/平,中楼层 (共18层) 1室1厅 | 42.4平米 | 南,https://ke-image.ljcdn.com/110000-inspection/pc1_1YVMyqjtt.jpg!m_fill,w_280,h_210,f_jpg?from=ke.com
20241031,海淀,公主坟,101124561765,翠微北满5年东南北向随时可以看本房随时可以签约,635万,81411元/平,顶层 (共5层) | 1998年 | 3室1厅 | 78平米 | 东南 北,https://ke-image.ljcdn.com/110000-inspection/pc1_xgoBPeOsp_1.jpg!m_fill,w_280,h_210,f_jpg?from=ke.com
20241031,海淀,公主坟,101124558061,颐源居二期新上正规四室客厅双卧室朝南落地飘窗,1688万,95980元/平,低楼层 (共28层) 4室2厅 | 175.87平米 | 西南,https://ke-image.ljcdn.com/110000-inspection/pc1_gMP2vwjLU_1.jpg!m_fill,w_280,h_210,f_jpg?from=ke.com
20241031,海淀,公主坟,101124519135,翠微东里发改委精装三居室业主诚心出售,750万,92937元/平,中楼层 (共18层) | 1987年 | 3室1厅 | 80.7平米 | 南 西 北,https://ke-image.ljcdn.com/110000-inspection/acc9a9ef-c10f-4a78-a960-0a7ebffa6e10_1000.jpg!m_fill,w_280,h_210,f_jpg?from=ke.com
20241031,海淀,公主坟,101124414661,翠微路2号院中间楼层全明格局明厨明卫看房方便,618万,102829元/平,中楼层 (共6层) 2室1厅 | 60.1平米 | 南 西 北,https://ke-image.ljcdn.com/110000-inspection/pc1_zz5fsAdKa_1.jpg!m_fill,w_280,h_210,f_jpg?from=ke.com
20241031,海淀,公主坟,101124353023,颐源居三期新上高层板楼南北通透视野开阔,2260万,147376元/平,高楼层 (共10层) 3室2厅 | 153.35平米 | 南 北,https://ke-image.ljcdn.com/110000-inspection/5e3a61f7-9da9-4117-86cd-78780110d3c4_1000.jpg!m_fill,w_280,h_210,f_jpg?from=ke.com
20241031,海淀,公主坟,101124318723,武警站岗社区翠微西里电梯两居室 小区好停车,700万,126881元/平,中楼层 (共20层) 2室1厅 | 55.17平米 | 南,https://ke-image.ljcdn.com/110000-inspection/5d15476c-b1a9-4b82-b489-b96cf7c6c4e2_1000.jpg!m_fill,w_280,h_210,f_jpg?from=ke.com
20241031,海淀,公主坟,101124213671,满五年唯一商品房东西通透诚心出售,465万,87407元/平,底层 (共6层) 2室1厅 | 53.2平米 | 东 西,https://ke-image.ljcdn.com/110000-inspection/f647562d-1528-4fd6-a3c8-9b8074abd820_1000.jpg!m_fill,w_280,h_210,f_jpg?from=ke.com
20241031,海淀,公主坟,101124148270,翠微路甲9号院 1室1厅 南,415万,94319元/平,顶层 (共6层) | 1987年 | 1室1厅 | 44平米 | 南,https://ke-image.ljcdn.com/110000-inspection/pc1_8SRxHVC6V.jpg!m_fill,w_280,h_210,f_jpg?from=ke.com
20241031,海淀,公主坟,101124072825,翠微中里 2室1厅 南,580万,101311元/平,中楼层 (共6层) 2室1厅 | 57.25平米 | 南,https://ke-image.ljcdn.com/110000-inspection/4ae5bbf4-b1b9-4ac6-b678-645d0eaee0d0_1000.jpg!m_fill,w_280,h_210,f_jpg?from=ke.com
20241031,海淀,公主坟,101124072667,翠微嘉园 2室1厅 东北,835万,102820元/平,中楼层 (共20层) 2室1厅 | 81.21平米 | 东北,https://ke-image.ljcdn.com/110000-inspection/da2f9722-b2f4-45c1-b283-1b286c0db570_1000.jpg!m_fill,w_280,h_210,f_jpg?from=ke.com
20241031,海淀,公主坟,101123937889,翠微中里建行家属楼高楼层正南向的两居室,550万,98744元/平,高楼层 (共21层) 2室1厅 | 55.7平米 | 南,https://ke-image.ljcdn.com/110000-inspection/pc1_rB9rDeswc.jpg!m_fill,w_280,h_210,f_jpg?from=ke.com
20241031,海淀,公主坟,101123936088,公主坟商圈 精装修两居室 格局方正 业主诚售,440万,88532元/平,顶层 (共5层) 2室1厅 | 49.7平米 | 东北,https://ke-image.ljcdn.com/110000-inspection/d5842c98-98dd-41fa-948c-074814ea0e60_1000.jpg!m_fill,w_280,h_210,f_jpg?from=ke.com
20241031,海淀,公主坟,101123899269,颐源居二期 大两居室 户型方正 客厅落地窗,908万,89520元/平,底层 (共28层) 2室1厅 | 101.43平米 | 西,https://ke-image.ljcdn.com/110000-inspection/pc1_dxE5DXfuU.jpg!m_fill,w_280,h_210,f_jpg?from=ke.com
20241031,海淀,公主坟,101123886277,南北通透户型 中间层有车位 位置安静 配套齐交通便利,449万,85983元/平,中楼层 (共6层) | 1979年 | 2室1厅 | 52.22平米 | 南 北,https://ke-image.ljcdn.com/110000-inspection/pc1_H3FZAFYhp.jpg!m_fill,w_280,h_210,f_jpg?from=ke.com
20241031,海淀,公主坟,101123873957,普惠南里一居精装修随时看 随时签,416万,98346元/平,底层 (共6层) 1室1厅 | 42.3平米 | 南,https://ke-image.ljcdn.com/110000-inspection/pc1_coUHa30nl.jpg!m_fill,w_280,h_210,f_jpg?from=ke.com
20241031,海淀,公主坟,101123689534,双南有小厅采光好楼道干净管理好 交通便利房主自荐,610万,102007元/平,中楼层 (共16层) 2室1厅 | 59.8平米 | 南,https://ke-image.ljcdn.com/110000-inspection/pc1_Xyr81JDGY_1.jpg!m_fill,w_280,h_210,f_jpg?from=ke.com
20241031,海淀,公主坟,101123689470,双南采光好楼道干净管理好配套齐全 交通便利房主自荐,590万,93950元/平,低楼层 (共16层) 2室1厅 | 62.8平米 | 南,https://ke-image.ljcdn.com/110000-inspection/23cc795a-487c-4888-b082-77f1f1fdee92_1000.jpg!m_fill,w_280,h_210,f_jpg?from=ke.com
20241031,海淀,公主坟,101123687262,低楼层*采光不好？看看这家怎么做的！,638万,111247元/平,低楼层 (共6层) 2室1厅 | 57.35平米 | 南 北,https://ke-image.ljcdn.com/110000-inspection/0bf44278-c56a-4464-bf77-9bc4aee2bfb2_1000.jpg!m_fill,w_280,h_210,f_jpg?from=ke.com
20241031,海淀,公主坟,101123623135,翠微路2号院 南北通透三居室 楼龄新 户型少有 中间层,805万,109973元/平,中楼层 (共6层) 3室1厅 | 73.2平米 | 南 北,https://ke-image.ljcdn.com/110000-inspection/3e0dc642-54cc-4d97-b5a3-c268cbb01ff3_1000.jpg!m_fill,w_280,h_210,f_jpg?from=ke.com
20241031,海淀,公主坟,101123599682,万寿路小区 中间楼层  精装修看房方便,550万,110000元/平,中楼层 (共6层) 2室1厅 | 50平米 | 南,https://ke-image.ljcdn.com/110000-inspection/pc1_SpfkhEkss.jpg!m_fill,w_280,h_210,f_jpg?from=ke.com
20241031,海淀,公主坟,101123596369,玉渊潭公园 改善四居室超大阳台 车位充足 低单价,1400万,78599元/平,低楼层 (共20层) 4室2厅 | 178.12平米 | 南 西 北,https://ke-image.ljcdn.com/110000-inspection/pc1_AUhLXzk0N_1.jpg!m_fill,w_280,h_210,f_jpg?from=ke.com
20241031,海淀,公主坟,101123461830,板楼南北通透视野开阔全天采光,2250万,138471元/平,低楼层 (共16层) 4室2厅 | 162.49平米 | 南 北,https://ke-image.ljcdn.com/110000-inspection/pc1_cdTreQNFX_1.jpg!m_fill,w_280,h_210,f_jpg?from=ke.com
20241031,海淀,公主坟,101123270910,总监推荐 靠谱卖一居室 翠微路甲9号院 随时可以签合同,388万,106888元/平,顶层 (共6层) 1室1厅 | 36.3平米 | 南,https://ke-image.ljcdn.com/110000-inspection/pc1_2XWjfWaFl.jpg!m_fill,w_280,h_210,f_jpg?from=ke.com
20241031,海淀,公主坟,101123249085,翠微南里层高3.1米商品房社区精装修21层采光好！,830万,97797元/平,高楼层 (共23层) | 2002年 | 2室1厅 | 84.87平米 | 西 北,https://ke-image.ljcdn.com/110000-inspection/pc1_XoXE602d1.jpg!m_fill,w_280,h_210,f_jpg?from=ke.com
20241031,海淀,公主坟,101123014714,翠微东里双南向两居成三居次顶层精装修无遮挡,936万,115200元/平,高楼层 (共18层) 2室1厅 | 81.25平米 | 南,https://ke-image.ljcdn.com/110000-inspection/pc1_82I30iJM2.jpg!m_fill,w_280,h_210,f_jpg?from=ke.com
20241031,海淀,公主坟,101122949082,万寿路12号院精装南北向两居低层不爬楼房主自荐,580万,100347元/平,底层 (共6层) 2室1厅 | 57.8平米 | 南 北,https://ke-image.ljcdn.com/110000-inspection/3d0fc9fe-000c-4360-8eb3-5dc9a8687ac8_1000.jpg!m_fill,w_280,h_210,f_jpg?from=ke.com
20241031,海淀,公主坟,101122889760,高层观景采光好2003年商品房3居室户型正,1230万,105553元/平,顶层 (共27层) | 2003年 | 3室2厅 | 116.53平米 | 东 南 北,https://ke-image.ljcdn.com/110000-inspection/f783dddf-1d69-48b9-8196-e4e54639b908_1000.jpg!m_fill,w_280,h_210,f_jpg?from=ke.com
20241031,海淀,公主坟,101122881608,莲熙嘉园 2室1厅 南,480万,73519元/平,中楼层 (共27层) | 2016年 | 2室1厅 | 65.29平米 | 南,https://ke-image.ljcdn.com/110000-inspection/pc1_9goBgNwnN_1.jpg!m_fill,w_280,h_210,f_jpg?from=ke.com
20241031,海淀,公主坟,101122866672,公主坟商圈 南北通透两居室 明厨明卫 业主诚售,608万,106016元/平,高楼层 (共6层) 2室1厅 | 57.35平米 | 南 北,https://ke-image.ljcdn.com/110000-inspection/b3fb759c-895f-4713-b7a7-bb77c01e7274_1000.jpg!m_fill,w_280,h_210,f_jpg?from=ke.com
20241031,海淀,公主坟,101122752199,普惠南里 2室1厅 南,640万,119627元/平,中楼层 (共6层) 2室1厅 | 53.5平米 | 南,https://ke-image.ljcdn.com/110000-inspection/pc1_VAiOaCpwG.jpg!m_fill,w_280,h_210,f_jpg?from=ke.com
20241031,海淀,公主坟,101122718854,海淀区2016年的房子南向两居室采光好,480万,73519元/平,高楼层 (共27层) | 2016年 | 2室1厅 | 65.29平米 | 南,https://ke-image.ljcdn.com/110000-inspection/1f60f77b-d513-4bf7-aca3-49196863692c_1000.jpg!m_fill,w_280,h_210,f_jpg?from=ke.com
20241031,海淀,公主坟,101122710212,翠微东里 高楼层 带电梯 采光视野好,669万,101672元/平,高楼层 (共18层) 2室1厅 | 65.8平米 | 南,https://ke-image.ljcdn.com/110000-inspection/pc1_qYRqwDuV0.jpg!m_fill,w_280,h_210,f_jpg?from=ke.com
20241031,海淀,公主坟,101122666679,翠微路2号院 2室1厅 南 北,550万,114108元/平,中楼层 (共5层) 2室1厅 | 48.2平米 | 南 北,https://ke-image.ljcdn.com/110000-inspection/262a4736-ca34-45d2-b1e5-6ff21d3ebc2d_1000.jpg!m_fill,w_280,h_210,f_jpg?from=ke.com
20241031,海淀,公主坟,101122661861,翠微南里 2室1厅 南 北,547万,93987元/平,中楼层 (共6层) 2室1厅 | 58.2平米 | 南 北,https://ke-image.ljcdn.com/110000-inspection/pc1_EQFnBTXG5.jpg!m_fill,w_280,h_210,f_jpg?from=ke.com
20241031,海淀,公主坟,101122397884,普惠南里田字格户型三居室看房方便。,710万,95688元/平,中楼层 (共6层) 3室1厅 | 74.2平米 | 南 北,https://ke-image.ljcdn.com/110000-inspection/pc1_Hmcc8Wuaa.jpg!m_fill,w_280,h_210,f_jpg?from=ke.com
20241031,海淀,公主坟,101122176465,莲熙嘉园  海淀产权 朝南 阳光充足房主自荐,428万,65554元/平,中楼层 (共27层) | 2016年 | 2室1厅 | 65.29平米 | 南,https://ke-image.ljcdn.com/110000-inspection/pc1_khqIyZnxt.jpg!m_fill,w_280,h_210,f_jpg?from=ke.com
20241031,海淀,公主坟,101121622887,新华书店家属院  精装修  中间层  明厨明卫,616万,100753元/平,中楼层 (共5层) | 1980年 | 2室1厅 | 61.14平米 | 南 北,https://ke-image.ljcdn.com/110000-inspection/pc1_dzIkGYcIB.jpg!m_fill,w_280,h_210,f_jpg?from=ke.com
20241031,海淀,公主坟,101121471818,满五年房改房  中间位置中间楼层,508万,106277元/平,中楼层 (共5层) 2室1厅 | 47.8平米 | 南 北,https://ke-image.ljcdn.com/110000-inspection/pc1_iTggzsGt9.jpg!m_fill,w_280,h_210,f_jpg?from=ke.com
20241031,海淀,公主坟,101121364535,公主坟商圈  翠微南里社区  南北通透两居室  精装修,620万,108109元/平,高楼层 (共6层) | 1987年 | 2室1厅 | 57.35平米 | 南 北,https://ke-image.ljcdn.com/110000-inspection/pc1_nkYZFvQR1_1.jpg!m_fill,w_280,h_210,f_jpg?from=ke.com
20241031,海淀,公主坟,101121043511,翠微东里 高楼层 有电梯 东南两居,560万,99965元/平,高楼层 (共18层) 2室1厅 | 56.02平米 | 东南,https://ke-image.ljcdn.com/110000-inspection/pc1_PUF6n6Y6h_1.jpg!m_fill,w_280,h_210,f_jpg?from=ke.com
20241031,海淀,公主坟,101121004124,全明格局户型好 带东窗户270度采光 没有占用房主自荐,675万,105535元/平,中楼层 (共6层) 2室1厅 | 63.96平米 | 南 北,https://ke-image.ljcdn.com/110000-inspection/pc1_ZPW8xOBi6.jpg!m_fill,w_280,h_210,f_jpg?from=ke.com
20241031,海淀,公主坟,101120965473,翠微路2号院 楼龄新 全明户型 精装修,550万,116773元/平,顶层 (共6层) | 1996年 | 2室1厅 | 47.1平米 | 南 北,https://ke-image.ljcdn.com/110000-inspection/pc1_fIUqhCZFa.jpg!m_fill,w_280,h_210,f_jpg?from=ke.com
20241031,海淀,公主坟,101120961044,翠微路2号院 1998年楼龄 南向一居 视野好,450万,107399元/平,高楼层 (共6层) 1室1厅 | 41.9平米 | 南,https://ke-image.ljcdn.com/110000-inspection/pc1_amJVzN3p4.jpg!m_fill,w_280,h_210,f_jpg?from=ke.com
20241031,海淀,公主坟,101120758147,柳林馆明厨明卫楼层好双南向配套齐全。,505万,100000元/平,中楼层 (共5层) 2室1厅 | 50.5平米 | 南,https://ke-image.ljcdn.com/110000-inspection/pc1_EuwMFA0Xe_1.jpg!m_fill,w_280,h_210,f_jpg?from=ke.com
20241031,海淀,公主坟,101120692158,翠微南里静源居2002年商品房精装修满五年唯一！,800万,78818元/平,低楼层 (共23层) | 2002年 | 2室1厅 | 101.5平米 | 东,https://ke-image.ljcdn.com/110000-inspection/pc1_EKeyqQxR6.jpg!m_fill,w_280,h_210,f_jpg?from=ke.com
20241031,海淀,公主坟,101119189752,科技部社区管理好人群素质高地铁公主坟视野好,440万,100457元/平,顶层 (共24层) | 1989年 | 1室1厅 | 43.8平米 | 西南,https://ke-image.ljcdn.com/110000-inspection/pc1_VC2eBjPm8.jpg!m_fill,w_280,h_210,f_jpg?from=ke.com
20241031,海淀,公主坟,101114075305,西三环 海淀区 莲熙嘉园 全南两居室,435万,66626元/平,底层 (共27层) 2室1厅 | 65.29平米 | 南,https://ke-image.ljcdn.com/110000-inspection/pc1_vbocxcP2b_1.jpg!m_fill,w_280,h_210,f_jpg?from=ke.com
20241031,海淀,公主坟,101110929188,莲熙嘉园全南两居室 业主诚心出售随时签约；,410万,62797元/平,中楼层 (共27层) | 2016年 | 2室1厅 | 65.29平米 | 南,https://ke-image.ljcdn.com/110000-inspection/pc1_HIYHTKhWn_1.jpg!m_fill,w_280,h_210,f_jpg?from=ke.com
20241031,海淀,公主坟,101127351128,颐源居小区 跃层户型 地库车位 中间位置 四代同堂,3500万,75822元/平,底层 (共16层) | 2003年 | 7室3厅 | 461.61平米 | 南 北,https://ke-image.ljcdn.com/110000-inspection/b8e88636-1f32-4a82-8959-e6067dd3bacc_1000.jpg!m_fill,w_280,h_210,f_jpg?from=ke.com
20241031,海淀,公主坟,101127348354,公主坟商圈 翠微东里带电梯三居 户型方正 业主诚售,855万,98616元/平,高楼层 (共18层) | 1986年 | 3室1厅 | 86.7平米 | 东 南 北,https://ke-image.ljcdn.com/110000-inspection/bd0f4267-20d5-45f5-8dfb-de91384bb681_1000.jpg!m_fill,w_280,h_210,f_jpg?from=ke.com
20241031,海淀,公主坟,101127326181,翠微嘉园 2室1厅 南 北,1020万,97786元/平,顶层 (共12层) | 2003年 | 2室1厅 | 104.31平米 | 南 北,https://ke-image.ljcdn.com/110000-inspection/pc1_AiY3z5w7T_2.jpg!m_fill,w_280,h_210,f_jpg?from=ke.com
20241031,海淀,公主坟,101127325303,翠微西里 武警站岗  满五年唯一 有电梯新上,650万,117989元/平,中楼层 (共20层) 2室1厅 | 55.09平米 | 西南,https://ke-image.ljcdn.com/110000-inspection/6c6e4b86-9005-4711-b345-8d95d4f02509_1000.jpg!m_fill,w_280,h_210,f_jpg?from=ke.com
20241031,海淀,公主坟,101127285791,南北通透两居室1993年电梯房单独管理新上,485万,87184元/平,低楼层 (共12层) 2室1厅 | 55.63平米 | 南 北,https://ke-image.ljcdn.com/110000-inspection/pc1_DEe8QkKGb.jpg!m_fill,w_280,h_210,f_jpg?from=ke.com
20241031,海淀,公主坟,101127263476,静源居 2室1厅 西北新上,1050万,94826元/平,低楼层 (共23层) | 2002年 | 2室1厅 | 110.73平米 | 西北,https://ke-image.ljcdn.com/110000-inspection/pc1_27G6hZD0h_1.jpg!m_fill,w_280,h_210,f_jpg?from=ke.com
20241031,海淀,公主坟,101127241733,翠微中里 1室1厅 西南新上,385万,76663元/平,低楼层 (共16层) | 1999年 | 1室1厅 | 50.22平米 | 西南,https://ke-image.ljcdn.com/110000-inspection/c8319e1f-56a7-4e09-b223-0afddc1c0ce9_1000.jpg!m_fill,w_280,h_210,f_jpg?from=ke.com
20241031,海淀,公主坟,101127237111,普惠南里两居室电梯房采光好满五年唯一新上,518万,89311元/平,高楼层 (共16层) 2室1厅 | 58平米 | 西 北,https://ke-image.ljcdn.com/110000-inspection/pc1_NleQ7TP7u.jpg!m_fill,w_280,h_210,f_jpg?from=ke.com
20241031,海淀,公主坟,101127174551,柳林馆 2室1厅 南 北,473万,86157元/平,底层 (共6层) 2室1厅 | 54.9平米 | 南 北,https://ke-image.ljcdn.com/110000-inspection/pc1_wz038luIj.jpg!m_fill,w_280,h_210,f_jpg?from=ke.com
20241031,海淀,公主坟,101127144896,公主坟商圈 翠微南里带电梯正南向两居室  业主诚售,660万,99398元/平,顶层 (共18层) | 1987年 | 2室1厅 | 66.4平米 | 南,https://ke-image.ljcdn.com/110000-inspection/pc1_AICi8PKbh_1.jpg!m_fill,w_280,h_210,f_jpg?from=ke.com
20241031,海淀,公主坟,101127120700,翠微南里  带电梯三居  满五唯一  户型方正,930万,102570元/平,低楼层 (共18层) 3室1厅 | 90.67平米 | 东 南 北,https://ke-image.ljcdn.com/110000-inspection/pc1_uVQYxyFAD_1.jpg!m_fill,w_280,h_210,f_jpg?from=ke.com
20241031,海淀,公主坟,101127108979,翠微路17号院 1室1厅 东,436万,92373元/平,高楼层 (共12层) 1室1厅 | 47.2平米 | 东,https://ke-image.ljcdn.com/110000-inspection/pc1_GAoR5FeKb.jpg!m_fill,w_280,h_210,f_jpg?from=ke.com
20241031,海淀,公主坟,101127074489,翠微中里26号楼带电梯2003年商品房次顶层！,680万,109926元/平,高楼层 (共14层) | 2003年 | 1室1厅 | 61.86平米 | 西,https://ke-image.ljcdn.com/110000-inspection/pc1_73gLvE1de.jpg!m_fill,w_280,h_210,f_jpg?from=ke.com
20241031,海淀,公主坟,101127070338,公主坟柳林馆精装修两居 满二只有契税 诚意出售,449万,88911元/平,顶层 (共5层) 2室1厅 | 50.5平米 | 南,https://ke-image.ljcdn.com/110000-inspection/pc1_wAbIq3TQx_1.jpg!m_fill,w_280,h_210,f_jpg?from=ke.com
20241031,海淀,公主坟,101127005392,颐源居小户型一居室看房方便精装修新上,520万,104713元/平,高楼层 (共28层) 1室1厅 | 49.66平米 | 西南,https://ke-image.ljcdn.com/110000-inspection/a9a2441b-44c8-4460-b138-5e16aff89b85_1000.jpg!m_fill,w_280,h_210,f_jpg?from=ke.com
20241031,海淀,公主坟,101126966056,国海广场 1室0厅 西,298万,60142元/平,中楼层 (共26层) | 2010年 | 1室0厅 | 49.55平米 | 西,https://ke-image.ljcdn.com/110000-inspection/bfbe5369-8d83-4a91-9c66-ad23c1e1b342_1000.jpg!m_fill,w_280,h_210,f_jpg?from=ke.com
20241031,海淀,公主坟,101126964955,国海广场 1室1厅 东,450万,56279元/平,中楼层 (共26层) | 2010年 | 1室1厅 | 79.96平米 | 东,https://ke-image.ljcdn.com/110000-inspection/bc8b3750-49e3-4dcc-ab08-3d1ecd05087d_1000.jpg!m_fill,w_280,h_210,f_jpg?from=ke.com
20241031,海淀,公主坟,101126927724,颐源居三期大平层四居室正对小区花园大面宽,2950万,125559元/平,低楼层 (共17层) 4室1厅 | 234.95平米 | 南 北,https://ke-image.ljcdn.com/110000-inspection/be38b814-404e-4665-973b-28b9d6c60ffb_1000.jpg!m_fill,w_280,h_210,f_jpg?from=ke.com
20241031,海淀,公主坟,101126913985,翠微嘉园 03年纯商品房社区 人车分流,650万,106680元/平,中楼层 (共20层) 1室1厅 | 60.93平米 | 东南,https://ke-image.ljcdn.com/110000-inspection/pc1_fBuFojvuM_1.jpg!m_fill,w_280,h_210,f_jpg?from=ke.com
20241031,海淀,公主坟,101126854491,颐源居三期 观景房 满五年唯一 有车位,1340万,114992元/平,高楼层 (共27层) | 2003年 | 2室2厅 | 116.53平米 | 东北,https://ke-image.ljcdn.com/110000-inspection/pc1_Stwd5844m.jpg!m_fill,w_280,h_210,f_jpg?from=ke.com
20241031,海淀,公主坟,101126809351,颐源居三期南北通透上跃复式全明格局,3050万,99942元/平,高楼层 (共10层) 3室2厅 | 305.18平米 | 南 北,https://ke-image.ljcdn.com/110000-inspection/pc1_KIsyXv4W6_1.jpg!m_fill,w_280,h_210,f_jpg?from=ke.com
20241031,海淀,公主坟,101126728537,翠微南里 两南一北三居室带客厅 满五唯一,635万,91315元/平,顶层 (共6层) 3室1厅 | 69.54平米 | 北 南,https://ke-image.ljcdn.com/110000-inspection/pc1_L8FdrcDIf.jpg!m_fill,w_280,h_210,f_jpg?from=ke.com
20241031,海淀,公主坟,101126564632,翠微中里优质次新房 钢混结构电梯大一居 诚心出售,440万,88710元/平,中楼层 (共16层) | 1995年 | 1室1厅 | 49.6平米 | 西南,https://ke-image.ljcdn.com/110000-inspection/pc1_7KcekVMmH.jpg!m_fill,w_280,h_210,f_jpg?from=ke.com
20241031,海淀,公主坟,101126533803,国悦府小区建成于2010年楼龄新大堂有保安值房主自荐,2310万,84787元/平,中楼层 (共19层) | 2011年 | 4室1厅 | 272.45平米 | 南,https://ke-image.ljcdn.com/110000-inspection/pc1_HgRH7sbmO.jpg!m_fill,w_280,h_210,f_jpg?from=ke.com
20241031,海淀,公主坟,101126344710,颐源居三期 双车位 业主外出 合适价格出手,2580万,84223元/平,底层 (共16层) 5室3厅 | 306.33平米 | 南 北,https://ke-image.ljcdn.com/110000-inspection/pc1_QSVuOhTy6.jpg!m_fill,w_280,h_210,f_jpg?from=ke.com
20241031,海淀,公主坟,101126340515,颐源居小区 东南向两居室 高楼层 采光好 视野好,830万,103543元/平,高楼层 (共28层) | 1999年 | 2室1厅 | 80.16平米 | 东南,https://ke-image.ljcdn.com/110000-inspection/pc1_kaseq1ySl_1.jpg!m_fill,w_280,h_210,f_jpg?from=ke.com
20241031,海淀,公主坟,101126336015,颐源居板楼满五唯一南北通透高楼层有车位,2600万,101515元/平,高楼层 (共16层) 4室3厅 | 256.12平米 | 南 北,https://ke-image.ljcdn.com/110000-inspection/pc1_zR26bGrnV.jpg!m_fill,w_280,h_210,f_jpg?from=ke.com
20241031,海淀,公主坟,101126333618,颐源居三期 只有3个单元有 真正品质大平层,2950万,125559元/平,低楼层 (共17层) 4室2厅 | 234.95平米 | 南 北,https://ke-image.ljcdn.com/110000-inspection/pc1_CINmmcQOs.jpg!m_fill,w_280,h_210,f_jpg?from=ke.com
20241031,海淀,公主坟,101126240293,颐源居二期小板楼复式房诚意出售可谈可谈,2660万,99619元/平,高楼层 (共7层) 5室2厅 | 267.02平米 | 北 南,https://ke-image.ljcdn.com/110000-inspection/b774b78d-2471-498f-aa93-f9e75dd1ec9b_1000.jpg!m_fill,w_280,h_210,f_jpg?from=ke.com
20241031,海淀,公主坟,101126226981,万寿路12号院 南北两居中间层采光好临地铁,560万,96886元/平,高楼层 (共6层) | 1994年 | 2室1厅 | 57.8平米 | 南 北,https://ke-image.ljcdn.com/110000-inspection/pc1_vfHo4gSMC.jpg!m_fill,w_280,h_210,f_jpg?from=ke.com
20241031,海淀,公主坟,101126131895,石店长介绍带客厅的大两居94年房龄近地铁单价低,581万,76954元/平,顶层 (共6层) 2室1厅 | 75.5平米 | 东 西,https://ke-image.ljcdn.com/110000-inspection/pc1_Bfc2tVHq3.jpg!m_fill,w_280,h_210,f_jpg?from=ke.com
20241031,海淀,公主坟,101126085740,公主坟翠微正规两居室看房方便随时签约,299万,61271元/平,地下室 (共6层) 2室1厅 | 48.8平米 | 南 北,https://ke-image.ljcdn.com/110000-inspection/pc1_xS5LsSCCx.jpg!m_fill,w_280,h_210,f_jpg?from=ke.com
20241031,海淀,公主坟,101125999308,翠微北里 东南朝向 全明观景两居室 价格能谈,570万,98959元/平,高楼层 (共24层) | 1988年 | 2室1厅 | 57.6平米 | 东南,https://ke-image.ljcdn.com/110000-inspection/pc1_YoRuW1zUo_2.jpg!m_fill,w_280,h_210,f_jpg?from=ke.com
20241031,海淀,公主坟,101125912109,2011年-70年产权高品质住宅-私家电梯入户,2280万,84432元/平,中楼层 (共19层) | 2011年 | 4室2厅 | 270.04平米 | 南,https://ke-image.ljcdn.com/110000-inspection/95f4c14a-7db4-4235-a7f0-cfedac02f4ef_1000.jpg!m_fill,w_280,h_210,f_jpg?from=ke.com
20241031,海淀,公主坟,101125729647,普惠南里 1室1厅 南,399万,90272元/平,顶层 (共5层) 1室1厅 | 44.2平米 | 南,https://ke-image.ljcdn.com/110000-inspection/pc1_aqFxqm2Wt.jpg!m_fill,w_280,h_210,f_jpg?from=ke.com
20241031,海淀,公主坟,101125721437,翠微南里 3室1厅 南 北,880万,114883元/平,中楼层 (共6层) 3室1厅 | 76.6平米 | 南 北,https://ke-image.ljcdn.com/110000-inspection/pc1_OYe2d9hYD.jpg!m_fill,w_280,h_210,f_jpg?from=ke.com
20241031,海淀,公主坟,101125719362,万寿路18号院 2室1厅 东 南,560万,102565元/平,底层 (共6层) | 1999年 | 2室1厅 | 54.6平米 | 东 南,https://ke-image.ljcdn.com/110000-inspection/pc1_irO3rY9u7_1.jpg!m_fill,w_280,h_210,f_jpg?from=ke.com
20241031,海淀,公主坟,101125699890,普惠南里 2室1厅 南,515万,93298元/平,中楼层 (共6层) 2室1厅 | 55.2平米 | 南,https://ke-image.ljcdn.com/110000-inspection/d113407f-c7db-4328-a337-72f8b2ceb477_1000.jpg!m_fill,w_280,h_210,f_jpg?from=ke.com
20241031,海淀,公主坟,101125628371,公主坟 普惠南里南北两居 精装修 采光无遮挡,530万,95324元/平,高楼层 (共6层) 2室1厅 | 55.6平米 | 南 北,https://ke-image.ljcdn.com/110000-inspection/pc1_ChD2vLokC.jpg!m_fill,w_280,h_210,f_jpg?from=ke.com
20241031,海淀,公主坟,101125624359,满五唯一 南北通透 明厨明卫 院中院 两个租赁车位,769万,96005元/平,顶层 (共6层) 3室1厅 | 80.1平米 | 南 北,https://ke-image.ljcdn.com/110000-inspection/pc1_gxs16tOUf.jpg!m_fill,w_280,h_210,f_jpg?from=ke.com
20241031,海淀,公主坟,101125611312,翠微嘉园 满五唯一商品房两居 着急出售房主自荐,830万,102205元/平,低楼层 (共20层) 2室1厅 | 81.21平米 | 东北,https://ke-image.ljcdn.com/110000-inspection/pc1_oYpMv1HVx_1.jpg!m_fill,w_280,h_210,f_jpg?from=ke.com
20241031,海淀,公主坟,101125527895,万寿路小区 满五年唯一 中间层 南北向 两居,570万,91084元/平,中楼层 (共6层) 2室1厅 | 62.58平米 | 南 北,https://ke-image.ljcdn.com/110000-inspection/pc1_nWi8Tnbbe_1.jpg!m_fill,w_280,h_210,f_jpg?from=ke.com
20241031,海淀,公主坟,101125438792,翠微南里带电梯南向一居室 高层采光好 财建家属楼,460万,108748元/平,高楼层 (共18层) 1室1厅 | 42.3平米 | 南,https://ke-image.ljcdn.com/110000-inspection/cc33e3a6-6544-4c33-a8ee-c4b01537f761_1000.jpg!m_fill,w_280,h_210,f_jpg?from=ke.com
20241031,海淀,公主坟,101125388832,房龄新2012年单价8万+物业很好客厅阳台,530万,82478元/平,中楼层 (共28层) | 2012年 | 1室1厅 | 64.26平米 | 西,https://ke-image.ljcdn.com/110000-inspection/pc1_f888cVTfk.jpg!m_fill,w_280,h_210,f_jpg?from=ke.com
20241031,海淀,公主坟,101125240564,满五年唯一住房 板楼通透 1996年建成 小区中间,570万,92986元/平,顶层 (共6层) 2室1厅 | 61.3平米 | 东 南,https://ke-image.ljcdn.com/110000-inspection/pc1_XQbSkzQop_2.jpg!m_fill,w_280,h_210,f_jpg?from=ke.com
20241031,海淀,公主坟,101125152118,翠微路2号院 96年楼龄 复式三居房本满五年,850万,87810元/平,顶层 (共6层) 3室3厅 | 96.8平米 | 南 北,https://ke-image.ljcdn.com/110000-inspection/pc1_OHwoHcyjW.jpg!m_fill,w_280,h_210,f_jpg?from=ke.com
20241031,海淀,公主坟,101125064878,2003年商品房社区  满五年唯一  近地铁,1180万,110137元/平,中楼层 (共23层) | 2002年 | 2室1厅 | 107.14平米 | 西,https://ke-image.ljcdn.com/110000-inspection/pc1_K6vYV0FyX.jpg!m_fill,w_280,h_210,f_jpg?from=ke.com
20241031,海淀,公主坟,101125053776,普惠南里 2室1厅 西南房主自荐,629万,83202元/平,中楼层 (共20层) | 1990年 | 2室1厅 | 75.6平米 | 西南,https://ke-image.ljcdn.com/110000-inspection/pc1_Uh9qGR0xB.jpg!m_fill,w_280,h_210,f_jpg?from=ke.com
20241031,海淀,公主坟,101125051466,静源居 2室1厅 东 南,1320万,102112元/平,高楼层 (共23层) | 2002年 | 2室1厅 | 129.27平米 | 东 南,https://ke-image.ljcdn.com/110000-inspection/pc1_hE6otANaQ_2.jpg!m_fill,w_280,h_210,f_jpg?from=ke.com
20241031,海淀,公主坟,101125020887,2011年-70年产权高品质私密住宅-带车位近地铁,1630万,95200元/平,中楼层 (共19层) | 2011年 | 3室2厅 | 171.22平米 | 西,https://ke-image.ljcdn.com/110000-inspection/pc1_OIPYoIY5U.jpg!m_fill,w_280,h_210,f_jpg?from=ke.com
20241031,海淀,公主坟,101124925896,公主坟翠微路南向两居室电梯房看房随时,490万,88082元/平,顶层 (共12层) 2室1厅 | 55.63平米 | 南,https://ke-image.ljcdn.com/110000-inspection/pc1_dYXEKSRws.jpg!m_fill,w_280,h_210,f_jpg?from=ke.com
20241031,海淀,公主坟,101124795246,国海广场 1室1厅 西房主自荐,458万,54930元/平,低楼层 (共26层) | 2010年 | 1室1厅 | 83.38平米 | 西,https://ke-image.ljcdn.com/110000-inspection/pc1_JoCKd54Ft_1.jpg!m_fill,w_280,h_210,f_jpg?from=ke.com
20241031,海淀,公主坟,101124685258,公主坟 柳林馆 田字格南北三居室 双地铁站,900万,108434元/平,高楼层 (共6层) | 1983年 | 3室1厅 | 83平米 | 南 北,https://ke-image.ljcdn.com/110000-inspection/pc1_sgDmr0xxw.jpg!m_fill,w_280,h_210,f_jpg?from=ke.com
20241031,海淀,公主坟,101124586670,国海广场 1室0厅 西房主自荐,315万,53663元/平,中楼层 (共26层) | 2010年 | 1室0厅 | 58.7平米 | 西,https://ke-image.ljcdn.com/110000-inspection/pc1_L8sUw2cYn.jpg!m_fill,w_280,h_210,f_jpg?from=ke.com
20241031,海淀,公主坟,101124569571,普惠北里 南北带客厅两居 管理好 配套齐全,585万,104465元/平,顶层 (共6层) | 1983年 | 2室1厅 | 56平米 | 南 北,https://ke-image.ljcdn.com/110000-inspection/pc1_pM5Q02qp8_2.jpg!m_fill,w_280,h_210,f_jpg?from=ke.com
20241031,海淀,公主坟,101124557912,国海广场 1室0厅 西,333万,62093元/平,低楼层 (共26层) | 2010年 | 1室0厅 | 53.63平米 | 西,https://ke-image.ljcdn.com/110000-inspection/pc1_jveKJ762w_1.jpg!m_fill,w_280,h_210,f_jpg?from=ke.com
20241031,海淀,公主坟,101124516672,翠微中里钢混结构楼龄新业主自住看房方便,615万,82297元/平,中楼层 (共16层) 2室1厅 | 74.73平米 | 西南,https://ke-image.ljcdn.com/110000-inspection/pc1_zgkpShSj5_1.jpg!m_fill,w_280,h_210,f_jpg?from=ke.com
20241031,海淀,公主坟,101124449085,首创•缘溪堂高层观景房装修好采光充足,3600万,121433元/平,中楼层 (共23层) 3室2厅 | 296.46平米 | 南 北,https://ke-image.ljcdn.com/110000-inspection/1aeb3482-13c4-4d7c-97a3-d8c1658fcd1a_1000.jpg!m_fill,w_280,h_210,f_jpg?from=ke.com
20241031,海淀,公主坟,101124256780,95年建成 钢混结构 房子带电梯 业主诚心出售,515万,89847元/平,中楼层 (共16层) | 1999年 | 2室1厅 | 57.32平米 | 西南,https://ke-image.ljcdn.com/110000-inspection/pc1_JTDTXpOPg.jpg!m_fill,w_280,h_210,f_jpg?from=ke.com
20241031,海淀,公主坟,101124209567,翠微南里 三居室 南北通透 满五年 只有契税 随时交易,655万,94191元/平,顶层 (共6层) 3室1厅 | 69.54平米 | 南 北,https://ke-image.ljcdn.com/110000-inspection/pc1_CDeYxQzZE.jpg!m_fill,w_280,h_210,f_jpg?from=ke.com
20241031,海淀,公主坟,101124207390,新登记优质好房中间层小区方便停车出行生活便利,565万,97583元/平,中楼层 (共6层) 2室1厅 | 57.9平米 | 东 西,https://ke-image.ljcdn.com/110000-inspection/pc1_QbeHN5gko.jpg!m_fill,w_280,h_210,f_jpg?from=ke.com
20241031,海淀,公主坟,101124090337,公主坟万寿路三环公园地产南北打平层全屋落地窗房主自荐,3370万,143435元/平,高楼层 (共17层) 4室2厅 | 234.95平米 | 南 北 东,https://ke-image.ljcdn.com/110000-inspection/pc1_BHUpwFPyt.jpg!m_fill,w_280,h_210,f_jpg?from=ke.com
20241031,海淀,公主坟,101124031114,翠微南里 2室1厅 南 北 东,533万,77924元/平,中楼层 (共5层) | 1963年 | 2室1厅 | 68.4平米 | 南 北 东,https://ke-image.ljcdn.com/110000-inspection/pc1_7y7AKPsVk_2.jpg!m_fill,w_280,h_210,f_jpg?from=ke.com
20241031,海淀,公主坟,101124001603,翠微南里 双南大两居 好楼层 采光好,732万,107034元/平,中楼层 (共18层) 2室1厅 | 68.39平米 | 南,https://ke-image.ljcdn.com/110000-inspection/pc1_p5CCEbHfP.jpg!m_fill,w_280,h_210,f_jpg?from=ke.com
20241031,海淀,公主坟,101123949028,颐源居小区平墅 园区中间位置 高层视野开阔 优选户型,2850万,121303元/平,高楼层 (共17层) 4室2厅 | 234.95平米 | 南 东 北,https://ke-image.ljcdn.com/110000-inspection/pc1_mIiUQ5fQo.jpg!m_fill,w_280,h_210,f_jpg?from=ke.com
20241031,海淀,公主坟,101123717288,翠微南里 全明两居 南北通透 精装修,525万,90487元/平,顶层 (共6层) | 1987年 | 2室1厅 | 58.02平米 | 南 北,https://ke-image.ljcdn.com/110000-inspection/pc1_8xqBXl1A4.jpg!m_fill,w_280,h_210,f_jpg?from=ke.com
20241031,海淀,公主坟,101123688600,新上 双卧朝南 中间层 户型方正 南北对流房主自荐,640万,92034元/平,高楼层 (共6层) 3室1厅 | 69.54平米 | 南 北,https://ke-image.ljcdn.com/110000-inspection/pc1_r9Ik1krbZ_1.jpg!m_fill,w_280,h_210,f_jpg?from=ke.com
20241031,海淀,公主坟,101123535305,三居室带客厅西南北三面采光满五年央产看房方便,850万,96482元/平,低楼层 (共24层) 3室1厅 | 88.1平米 | 西南,https://ke-image.ljcdn.com/110000-inspection/pc1_fdXj6BMwA_2.jpg!m_fill,w_280,h_210,f_jpg?from=ke.com
20241031,海淀,公主坟,101123315658,公主坟商圈翠微中里带电梯一居室采光好业主诚售,490万,92980元/平,顶层 (共12层) 1室1厅 | 52.7平米 | 西南,https://ke-image.ljcdn.com/110000-inspection/pc1_vTS9V60ZS.jpg!m_fill,w_280,h_210,f_jpg?from=ke.com
20241031,海淀,公主坟,101123286039,西三环 玉渊潭畔 颐源居三期 高层 高品质四居 双车位,2390万,133312元/平,高楼层 (共16层) 4室2厅 | 179.28平米 | 南 北,https://ke-image.ljcdn.com/110000-inspection/pc1_2GNzTs7UO.jpg!m_fill,w_280,h_210,f_jpg?from=ke.com
20241031,海淀,公主坟,101122989638,公主坟万寿路 翠微新出3居 满五唯一 随时可看产权清晰,735万,78192元/平,底层 (共3层) 3室1厅 | 94平米 | 东 西,https://ke-image.ljcdn.com/110000-inspection/pc1_XPf2XukId.jpg!m_fill,w_280,h_210,f_jpg?from=ke.com
20241031,海淀,公主坟,101122951310,国海广场  70年的产权商品房 落地飘窗 看房提前联系,570万,54687元/平,低楼层 (共26层) | 2010年 | 2室1厅 | 104.23平米 | 西南,https://ke-image.ljcdn.com/110000-inspection/pc1_IafnjoBaY.jpg!m_fill,w_280,h_210,f_jpg?from=ke.com
20241031,海淀,公主坟,101122949419,翠微路2号院南北通透两居1996年的楼龄随时可看,370万,64237元/平,地下室 (共6层) | 1996年 | 2室1厅 | 57.6平米 | 南 北,https://ke-image.ljcdn.com/110000-inspection/pc1_wPHtFdt79.jpg!m_fill,w_280,h_210,f_jpg?from=ke.com
20241031,海淀,公主坟,101122892796,普惠北里 双南向两居室 中间楼层 采光好 小区管理好,560万,113361元/平,中楼层 (共5层) 2室1厅 | 49.4平米 | 南,https://ke-image.ljcdn.com/110000-inspection/pc1_vnxmuwXt9.jpg!m_fill,w_280,h_210,f_jpg?from=ke.com
20241031,海淀,公主坟,101122671584,万寿路12号院 2室1厅 南 北,409万,80991元/平,地下室 (共6层) 2室1厅 | 50.5平米 | 南 北,https://ke-image.ljcdn.com/110000-inspection/pc1_6S7OszD4H.jpg!m_fill,w_280,h_210,f_jpg?from=ke.com
20241031,海淀,公主坟,101122524053,翠微路17号院万寿路地铁南向大一居 单位福利分房,480万,101053元/平,底层 (共12层) 1室1厅 | 47.5平米 | 南 北,https://ke-image.ljcdn.com/110000-inspection/pc1_UH3UHqRUy.jpg!m_fill,w_280,h_210,f_jpg?from=ke.com
20241031,海淀,公主坟,101122305233,翠微南里朝南大一居满五唯一不遮挡,460万,105264元/平,低楼层 (共18层) | 1987年 | 1室1厅 | 43.7平米 | 南,https://ke-image.ljcdn.com/110000-inspection/pc1_g7Jk3iTQM.jpg!m_fill,w_280,h_210,f_jpg?from=ke.com
20241031,海淀,公主坟,101122221784,首创•缘溪堂二期高层观景四室低于市价业主诚售！房主自荐,4550万,114955元/平,高楼层 (共23层) 4室2厅 | 395.81平米 | 南 北,https://ke-image.ljcdn.com/110000-inspection/pc1_oK377D8rd_1.jpg!m_fill,w_280,h_210,f_jpg?from=ke.com
20241031,海淀,公主坟,101121953487,海淀西三环缘溪堂西边户双明卫,4188万,105844元/平,低楼层 (共23层) 4室2厅 | 395.68平米 | 南 西 北,https://ke-image.ljcdn.com/110000-inspection/pc1_5YUSd45lC.jpg!m_fill,w_280,h_210,f_jpg?from=ke.com
20241031,海淀,公主坟,101121864099,翠微中里 1室1厅 东北,460万,80674元/平,中楼层 (共16层) 1室1厅 | 57.02平米 | 东北,https://ke-image.ljcdn.com/110000-inspection/pc1_H2WQfc8s1_1.jpg!m_fill,w_280,h_210,f_jpg?from=ke.com
20241031,海淀,公主坟,101121860719,翠微南里 1室1厅 西 南,399万,109556元/平,高楼层 (共6层) 1室1厅 | 36.42平米 | 西 南,https://ke-image.ljcdn.com/110000-inspection/pc1_tGXdJRxLH.jpg!m_fill,w_280,h_210,f_jpg?from=ke.com
20241031,海淀,公主坟,101121384218,翠微路4号两居室 位置好配套齐 产权清晰 可贷款诚意售,380万,77236元/平,地下室 (共6层) 2室1厅 | 49.2平米 | 东 西,https://ke-image.ljcdn.com/110000-inspection/pc1_gWxSk9UbI.jpg!m_fill,w_280,h_210,f_jpg?from=ke.com
20241031,海淀,公主坟,101121356985,公主坟 近地铁 视野开阔 采光好房龄较新,388万,58006元/平,中楼层 (共26层) | 2010年 | 1室1厅 | 66.89平米 | 东,https://ke-image.ljcdn.com/110000-inspection/pc1_rUdcuIhIV_2.jpg!m_fill,w_280,h_210,f_jpg?from=ke.com
20241031,海淀,公主坟,101120546391,复兴路17号院 满五唯一 地铁10号线 1号线,585万,56126元/平,高楼层 (共26层) | 2010年 | 2室1厅 | 104.23平米 | 南 西,https://ke-image.ljcdn.com/110000-inspection/pc1_zCdwChBE4_1.jpg!m_fill,w_280,h_210,f_jpg?from=ke.com
20241031,海淀,公主坟,101120193970,复兴路17号院长安街北公主坟地铁地理位置好。房主自荐,320万,54515元/平,中楼层 (共26层) | 2010年 | 1室0厅 | 58.7平米 | 西,https://ke-image.ljcdn.com/110000-inspection/193e59dc-a00e-4bce-b116-b0ce263fba23_1000.jpg!m_fill,w_280,h_210,f_jpg?from=ke.com
20241031,海淀,公主坟,101120059789,70年产权 精装房 尊享电梯入户 高层采光视野好,1125万,85279元/平,高楼层 (共19层) 2室1厅 | 131.92平米 | 西北,https://ke-image.ljcdn.com/110000-inspection/pc1_zjCnEODHi_1.jpg!m_fill,w_280,h_210,f_jpg?from=ke.com
20241031,海淀,公主坟,101118985894,高层观景西南采光好满五年唯一双明卫近公园,1480万,119125元/平,高楼层 (共28层) 2室1厅 | 124.24平米 | 西南,https://ke-image.ljcdn.com/110000-inspection/pc1_TyjbnIGuC.jpg!m_fill,w_280,h_210,f_jpg?from=ke.com
20241031,海淀,公主坟,101118764592,莲熙嘉园海淀产权全南两居室,468万,69862元/平,中楼层 (共27层) 2室1厅 | 66.99平米 | 南,https://ke-image.ljcdn.com/110000-inspection/pc1_CPKpMRwB1_1.jpg!m_fill,w_280,h_210,f_jpg?from=ke.com
20241031,海淀,公主坟,101127341071,翠微路 中间楼层 南北通透 看房方便,450万,100223元/平,中楼层 (共6层) 2室1厅 | 44.9平米 | 南 北,https://s1.ljcdn.com/pegasus/redskull/images/common/default_house_list.png?_v=202410161653269
20241031,海淀,公主坟,101127340049,翠微中里 1室1厅 西,410万,74115元/平,低楼层 (共16层) | 1999年 | 1室1厅 | 55.32平米 | 西,https://s1.ljcdn.com/pegasus/redskull/images/common/default_house_list.png?_v=202410161653269
20241031,海淀,公主坟,101127335431,翠微中里带电梯东南向小三居明窗全对外 精装修,789万,107494元/平,中楼层 (共21层) 3室1厅 | 73.4平米 | 东南 西南,https://s1.ljcdn.com/pegasus/redskull/images/common/default_house_list.png?_v=202410161653269
20241031,海淀,公主坟,101127324886,翠微中里 2室1厅 西南新上,528万,93452元/平,中楼层 (共21层) 2室1厅 | 56.5平米 | 西南,https://s1.ljcdn.com/pegasus/redskull/images/common/default_house_list.png?_v=202410161653269
20241031,海淀,公主坟,101127287144,万寿路电信宿舍 3室1厅 南 东 北新上,610万,97150元/平,中楼层 (共4层) 3室1厅 | 62.79平米 | 南 东 北,https://s1.ljcdn.com/pegasus/redskull/images/common/default_house_list.png?_v=202410161653269
20241031,海淀,公主坟,101127281226,翠微北里 2室1厅 东新上,475万,95382元/平,底层 (共24层) | 1989年 | 2室1厅 | 49.8平米 | 东,https://s1.ljcdn.com/pegasus/redskull/images/common/default_house_list.png?_v=202410161653269
20241031,海淀,公主坟,101127191012,翠微中里 1室1厅 西南,400万,82136元/平,中楼层 (共12层) 1室1厅 | 48.7平米 | 西南,https://s1.ljcdn.com/pegasus/redskull/images/common/default_house_list.png?_v=202410161653269
20241031,海淀,公主坟,101127123134,国悦府 1室1厅 南,375万,40245元/平,中楼层 (共19层) | 2011年 | 1室1厅 | 93.18平米 | 南,https://s1.ljcdn.com/pegasus/redskull/images/common/default_house_list.png?_v=202410161653269
20241031,海淀,公主坟,101127030308,新华联国际 4室2厅 南 北,1850万,67176元/平,中楼层 (共23层) | 2009年 | 4室2厅 | 275.4平米 | 南 北,https://s1.ljcdn.com/pegasus/redskull/images/common/default_house_list.png?_v=202410161653269
20241031,海淀,公主坟,101127029191,万寿路24号院 长安街边上 满五年 近地铁,420万,82402元/平,低楼层 (共6层) 2室1厅 | 50.97平米 | 西,https://s1.ljcdn.com/pegasus/redskull/images/common/default_house_list.png?_v=202410161653269
20241031,海淀,公主坟,101126996002,普惠南里优质三居室  户型好 三居室带电梯带客厅,900万,104530元/平,高楼层 (共16层) | 1986年 | 3室1厅 | 86.1平米 | 西南,https://s1.ljcdn.com/pegasus/redskull/images/common/default_house_list.png?_v=202410161653269
20241031,海淀,公主坟,101126982153,翠微北里小区 公主坟商圈 塔楼房主自荐,528万,98508元/平,底层 (共24层) 2室1厅 | 53.6平米 | 东南,https://s1.ljcdn.com/pegasus/redskull/images/common/default_house_list.png?_v=202410161653269
20241031,海淀,公主坟,101126907108,莲熙嘉园  海淀产权  2013年社区  朝南两居,450万,68924元/平,高楼层 (共27层) | 2016年 | 2室1厅 | 65.29平米 | 南,https://s1.ljcdn.com/pegasus/redskull/images/common/default_house_list.png?_v=202410161653269
20241031,海淀,公主坟,101126904352,满五唯一 两居室电梯房 距离地铁近,520万,89656元/平,高楼层 (共16层) | 1985年 | 2室1厅 | 58平米 | 西北,https://s1.ljcdn.com/pegasus/redskull/images/common/default_house_list.png?_v=202410161653269
20241031,海淀,公主坟,101126874108,万寿路12号院 1室1厅 南,395万,87778元/平,顶层 (共6层) 1室1厅 | 45平米 | 南,https://s1.ljcdn.com/pegasus/redskull/images/common/default_house_list.png?_v=202410161653269
20241031,海淀,公主坟,101126844599,翠微东里 南北通透 全明户型 业主诚意出售,750万,118111元/平,底层 (共6层) 3室1厅 | 63.5平米 | 西南 北,https://s1.ljcdn.com/pegasus/redskull/images/common/default_house_list.png?_v=202410161653269
20241031,海淀,公主坟,101126816672,翠微南里电子部福利房 南北两居 通透性好 中间层,600万,92166元/平,中楼层 (共6层) 2室1厅 | 65.1平米 | 南 北,https://s1.ljcdn.com/pegasus/redskull/images/common/default_house_list.png?_v=202410161653269
20241031,海淀,公主坟,101126800937,国悦府 1室1厅 北,500万,50414元/平,中楼层 (共19层) | 2011年 | 1室1厅 | 99.18平米 | 北,https://s1.ljcdn.com/pegasus/redskull/images/common/default_house_list.png?_v=202410161653269
20241031,海淀,公主坟,101126800455,公主坟商圈 翠微南里静源居 商品房社区三居室 诚售,1380万,91707元/平,中楼层 (共23层) | 2002年 | 3室2厅 | 150.48平米 | 东南,https://s1.ljcdn.com/pegasus/redskull/images/common/default_house_list.png?_v=202410161653269
20241031,海淀,公主坟,101126776001,国海广场 1室1厅 西,458万,54930元/平,中楼层 (共26层) | 2010年 | 1室1厅 | 83.38平米 | 西,https://s1.ljcdn.com/pegasus/redskull/images/common/default_house_list.png?_v=202410161653269
20241031,海淀,公主坟,101126770357,翠微中里 底楼层住房满五年,480万,111889元/平,底层 (共6层) | 1988年 | 2室0厅 | 42.9平米 | 南,https://s1.ljcdn.com/pegasus/redskull/images/common/default_house_list.png?_v=202410161653269
20241031,海淀,公主坟,101126679333,翠小教工宿舍楼房子南北通透楼龄新,515万,97097元/平,顶层 (共6层) 2室1厅 | 53.04平米 | 北 南,https://s1.ljcdn.com/pegasus/redskull/images/common/default_house_list.png?_v=202410161653269
20241031,海淀,公主坟,101126538274,颐源居三期 新上高层两居室 满五年唯一 有地下车位,1200万,110559元/平,中楼层 (共27层) | 2003年 | 2室1厅 | 108.54平米 | 南 西,https://s1.ljcdn.com/pegasus/redskull/images/common/default_house_list.png?_v=202410161653269
20241031,海淀,公主坟,101126500200,翠微路甲10号院 1室1厅 北,240万,57075元/平,顶层 (共6层) | 2013年 | 1室1厅 | 42.05平米 | 北,https://s1.ljcdn.com/pegasus/redskull/images/common/default_house_list.png?_v=202410161653269
20241031,海淀,公主坟,101126431304,新华联国际 3室2厅 南 北,1200万,70069元/平,中楼层 (共23层) | 2009年 | 3室2厅 | 171.26平米 | 南 北,https://s1.ljcdn.com/pegasus/redskull/images/common/default_house_list.png?_v=202410161653269
20241031,海淀,公主坟,101126066923,翠微北里  南北通透带客厅 东南观玉渊潭公园,849万,100712元/平,中楼层 (共24层) 3室1厅 | 84.3平米 | 东南 北,https://s1.ljcdn.com/pegasus/redskull/images/common/default_house_list.png?_v=202410161653269
20241031,海淀,公主坟,101125798656,翠微路甲10号院 管理好 2014年建成 可注册,230万,57186元/平,高楼层 (共6层) 1室0厅 | 40.22平米 | 南,https://s1.ljcdn.com/pegasus/redskull/images/common/default_house_list.png?_v=202410161653269
20241031,海淀,公主坟,101125495852,电子部宿舍 全明格局 视野采光好 小区管理好,395万,107630元/平,中楼层 (共6层) 1室1厅 | 36.7平米 | 南,https://s1.ljcdn.com/pegasus/redskull/images/common/default_house_list.png?_v=202410161653269
20241031,海淀,公主坟,101125487096,普惠南里 2居 单价只有6万多,310万,63525元/平,地下室 (共6层) 2室1厅 | 48.8平米 | 南 北,https://s1.ljcdn.com/pegasus/redskull/images/common/default_house_list.png?_v=202410161653269
20241031,海淀,公主坟,101125411438,翠微北里华润分房 方方正正 楼道从新粉刷 很干净,530万,102317元/平,低楼层 (共24层) | 1989年 | 2室1厅 | 51.8平米 | 南,https://s1.ljcdn.com/pegasus/redskull/images/common/default_house_list.png?_v=202410161653269
20241031,海淀,公主坟,101125034611,2009年 一梯一户 刷卡入户 南北通透板楼有车位,1880万,63773元/平,高楼层 (共23层) | 2009年 | 4室2厅 | 294.8平米 | 南 北,https://s1.ljcdn.com/pegasus/redskull/images/common/default_house_list.png?_v=202410161653269
20241031,海淀,公主坟,101124344446,颐源居小区翠微楼龄新的精装大一居看房随时诚意出售房主自荐,790万,106714元/平,高楼层 (共27层) | 2003年 | 1室1厅 | 74.03平米 | 西南,https://s1.ljcdn.com/pegasus/redskull/images/common/default_house_list.png?_v=202410161653269
20241031,海淀,公主坟,101124146000,板楼。一梯两户2003年商品房,1140万,76711元/平,低楼层 (共12层) 3室2厅 | 148.61平米 | 南 北,https://s1.ljcdn.com/pegasus/redskull/images/common/default_house_list.png?_v=202410161653269
20241031,海淀,公主坟,101123947347,普惠南里 少有的全南 三居室户型,1007万,125593元/平,低楼层 (共20层) | 1990年 | 3室1厅 | 80.18平米 | 东南,https://s1.ljcdn.com/pegasus/redskull/images/common/default_house_list.png?_v=202410161653269
20241031,海淀,公主坟,101123773160,公主坟板块南北通透大板楼 独梯独户 有车位 低成本,1250万,69841元/平,中楼层 (共23层) | 2009年 | 3室2厅 | 178.98平米 | 南 北,https://s1.ljcdn.com/pegasus/redskull/images/common/default_house_list.png?_v=202410161653269
20241031,海淀,公主坟,101123119577,普惠南里 中间楼层 带电梯 户型好,808万,100749元/平,中楼层 (共20层) | 1988年 | 3室1厅 | 80.2平米 | 南 西,https://s1.ljcdn.com/pegasus/redskull/images/common/default_house_list.png?_v=202410161653269
20241031,海淀,公主坟,101122665448,柳林馆 田字格户型满五年不唯一央产房主自荐,790万,95758元/平,顶层 (共6层) 3室1厅 | 82.5平米 | 南 北,https://s1.ljcdn.com/pegasus/redskull/images/common/default_house_list.png?_v=202410161653269
20241031,海淀,公主坟,101122525340,翠微嘉园 2003年商品房 三居两厅 双卫全明户型,1480万,96198元/平,低楼层 (共20层) | 2003年 | 3室2厅 | 153.85平米 | 南 北,https://s1.ljcdn.com/pegasus/redskull/images/common/default_house_list.png?_v=202410161653269
20241031,海淀,公主坟,101117274013,新华联国际 南向复式 落地窗 复式结构 只算一层面积,460万,99010元/平,低楼层 (共23层) | 2009年 | 1室1厅 | 46.46平米 | 南,https://s1.ljcdn.com/pegasus/redskull/images/common/default_house_list.png?_v=202410161653269
20241031,海淀,公主坟,101116768695,【单身小俩口一室】楼下商场 复式可注册办公 有照片,360万,96541元/平,低楼层 (共23层) | 2009年 | 1室1厅 | 37.29平米 | 南,https://s1.ljcdn.com/pegasus/redskull/images/common/default_house_list.png?_v=202410161653269
