20241031,石景山,老山,101127216059,老山西里 2室2厅 南 北必看好房,310万,50325元/平,中楼层 (共6层) | 1982年 | 2室2厅 | 61.6平米 | 南 北,https://ke-image.ljcdn.com/110000-inspection/pc1_ci4jzOaUY.jpg!m_fill,w_280,h_210,f_jpg?from=ke.com
20241031,石景山,老山,101127078177,老山西里 南北朝向 带电梯 二层 满五唯一必看好房,211万,42404元/平,低楼层 (共6层) | 1982年 | 2室1厅 | 49.76平米 | 南 北,https://ke-image.ljcdn.com/110000-inspection/042f87ce-3d2f-4ce3-872c-bd50c9a0d380_1000.jpg!m_fill,w_280,h_210,f_jpg?from=ke.com
20241031,石景山,老山,101127002098,带外挂电梯 中间层2居 南北通透 无遮挡 采光好必看好房,216万,43409元/平,中楼层 (共6层) | 1982年 | 2室1厅 | 49.76平米 | 南 北,https://ke-image.ljcdn.com/110000-inspection/pc1_KXSFjFKii.jpg!m_fill,w_280,h_210,f_jpg?from=ke.com
20241031,石景山,老山,101126931069,老山西里 距离地铁500米 满五年唯一 采光好必看好房,275万,41636元/平,高楼层 (共6层) 3室1厅 | 66.05平米 | 南 北,https://ke-image.ljcdn.com/110000-inspection/5aad8ae7-5490-4739-9274-286b46035e95_1000.jpg!m_fill,w_280,h_210,f_jpg?from=ke.com
20241031,石景山,老山,101126754041,老山东里 2室1厅 南必看好房,253万,40013元/平,中楼层 (共6层) 2室1厅 | 63.23平米 | 南,https://ke-image.ljcdn.com/110000-inspection/ebc76d87-f8c1-4760-a539-22f5c3442237_1000.jpg!m_fill,w_280,h_210,f_jpg?from=ke.com
20241031,石景山,老山,101126935310,老山西里 3室1厅 南 北必看好房,310万,50325元/平,中楼层 (共6层) | 1982年 | 3室1厅 | 61.6平米 | 南 北,https://ke-image.ljcdn.com/110000-inspection/pc1_rNE4I9G0n.jpg!m_fill,w_280,h_210,f_jpg?from=ke.com
20241031,石景山,老山,101126683078,老山西里 2室1厅 南 北,348万,47522元/平,中楼层 (共6层) | 1999年 | 2室1厅 | 73.23平米 | 南 北,https://ke-image.ljcdn.com/110000-inspection/pc1_lu8d9uw6e_1.jpg!m_fill,w_280,h_210,f_jpg?from=ke.com
20241031,石景山,老山,101125982345,老山东里 3室1厅 南 北必看好房,262万,42533元/平,顶层 (共6层) | 1983年 | 3室1厅 | 61.6平米 | 南 北,https://ke-image.ljcdn.com/110000-inspection/pc1_10l72UC8A.jpg!m_fill,w_280,h_210,f_jpg?from=ke.com
20241031,石景山,老山,101125384684,老山西里 中间3层三居室 随时看房必看好房,291万,47302元/平,中楼层 (共6层) 3室1厅 | 61.52平米 | 南 北,https://ke-image.ljcdn.com/110000-inspection/pc1_9VFHEGAll.jpg!m_fill,w_280,h_210,f_jpg?from=ke.com
20241031,石景山,老山,101125323489,老山西里 3室1厅 南 北,270万,45578元/平,底层 (共6层) | 1982年 | 3室1厅 | 59.24平米 | 南 北,https://ke-image.ljcdn.com/110000-inspection/51e8f66e-9d50-4e72-913d-7bfcbf88a236_1000.jpg!m_fill,w_280,h_210,f_jpg?from=ke.com
20241031,石景山,老山,101125185075,老山西里 3室1厅 南 北必看好房,405万,49002元/平,低楼层 (共6层) | 1998年 | 3室1厅 | 82.65平米 | 南 北,https://ke-image.ljcdn.com/110000-inspection/fcce3de6-b929-4b8e-906e-8b4f8dd35165_1000.jpg!m_fill,w_280,h_210,f_jpg?from=ke.com
20241031,石景山,老山,101124885029,急售房源 老山西里 1998年房龄 南北通透精装修必看好房,336万,48781元/平,中楼层 (共6层) | 1998年 | 2室1厅 | 68.88平米 | 南 北,https://ke-image.ljcdn.com/110000-inspection/1af1737e-a1ef-42a1-b257-cbaa60d99ea1_1000.jpg!m_fill,w_280,h_210,f_jpg?from=ke.com
20241031,石景山,老山,101126808380,老山东里 南北双阳台两居室 万达对面必看好房,248万,41639元/平,顶层 (共6层) | 1985年 | 2室1厅 | 59.56平米 | 南 北,https://ke-image.ljcdn.com/110000-inspection/pc1_4HI4r1fv7.jpg!m_fill,w_280,h_210,f_jpg?from=ke.com
20241031,石景山,老山,101125427468,南向两居室前后没有遮 有电梯必看好房,266万,44113元/平,高楼层 (共16层) | 1987年 | 2室1厅 | 60.3平米 | 南,https://ke-image.ljcdn.com/110000-inspection/pc1_nGibCP7xD.jpg!m_fill,w_280,h_210,f_jpg?from=ke.com
20241031,石景山,老山,101118973652,石景山老山西里 满五年家庭唯一住房,315万,47692元/平,中楼层 (共6层) | 1982年 | 3室1厅 | 66.05平米 | 南 北,https://s1.ljcdn.com/pegasus/redskull/images/common/default_house_list.png?_v=202410161653269
20241031,石景山,老山,101127282579,老山东里优质全南向两居室户型方正视野开阔新上,256万,40488元/平,中楼层 (共6层) | 1983年 | 2室1厅 | 63.23平米 | 南 北,https://ke-image.ljcdn.com/110000-inspection/pc1_cu1t0QfqB.jpg!m_fill,w_280,h_210,f_jpg?from=ke.com
20241031,石景山,老山,101127260055,老山西里 2室1厅 南新上,295万,47322元/平,中楼层 (共16层) | 1987年 | 2室1厅 | 62.34平米 | 南,https://ke-image.ljcdn.com/110000-inspection/pc1_2ngwKR5KI.jpg!m_fill,w_280,h_210,f_jpg?from=ke.com
20241031,石景山,老山,101127211688,老山西里 3室1厅 南 北新上,270万,43768元/平,顶层 (共5层) 3室1厅 | 61.69平米 | 南 北,https://ke-image.ljcdn.com/110000-inspection/pc1_txk45kzas.jpg!m_fill,w_280,h_210,f_jpg?from=ke.com
20241031,石景山,老山,101126968997,老山西里 3室1厅 南 北,437万,52874元/平,中楼层 (共6层) | 1998年 | 3室1厅 | 82.65平米 | 南 北,https://ke-image.ljcdn.com/110000-inspection/94d6afda-5d1a-4a13-bc37-7f9eef0bf7d5_1000.jpg!m_fill,w_280,h_210,f_jpg?from=ke.com
20241031,石景山,老山,101126918987,已加装电梯客厅带窗南北向两居室业主诚心出售,210万,41875元/平,顶层 (共6层) | 1983年 | 2室1厅 | 50.15平米 | 南 北,https://ke-image.ljcdn.com/110000-inspection/dac72574-22a1-4b51-b10c-9a7846561ce4_1000.jpg!m_fill,w_280,h_210,f_jpg?from=ke.com
20241031,石景山,老山,101126797230,老山东里 3室1厅 南,455万,46787元/平,低楼层 (共16层) | 1986年 | 3室1厅 | 97.25平米 | 南,https://ke-image.ljcdn.com/110000-inspection/pc1_RIpfLpXbr.jpg!m_fill,w_280,h_210,f_jpg?from=ke.com
20241031,石景山,老山,101126551836,双南两居安静 临车站花园 精装 上下水改造完房主自荐,280万,44466元/平,底层 (共16层) | 1987年 | 2室1厅 | 62.97平米 | 西南,https://ke-image.ljcdn.com/110000-inspection/79342e6f-5b50-4d1c-abdb-893145871c00_1000.jpg!m_fill,w_280,h_210,f_jpg?from=ke.com
20241031,石景山,老山,101126531883,老山东里 2室1厅 南,398万,50171元/平,高楼层 (共18层) | 1999年 | 2室1厅 | 79.33平米 | 南,https://ke-image.ljcdn.com/110000-inspection/614d3e3b-0102-40cd-8376-9c54f8408f41_1000.jpg!m_fill,w_280,h_210,f_jpg?from=ke.com
20241031,石景山,老山,101126524483,老山东里 3室1厅 南 北,328万,56368元/平,底层 (共6层) | 1983年 | 3室1厅 | 58.19平米 | 南 北,https://ke-image.ljcdn.com/110000-inspection/f2b1ff63-b67e-4c47-934b-7d1fa0107772_1000.jpg!m_fill,w_280,h_210,f_jpg?from=ke.com
20241031,石景山,老山,101126397792,老山西街27号院 客厅带窗户楼层二层 诚心出售,303万,45503元/平,低楼层 (共6层) | 1997年 | 2室1厅 | 66.59平米 | 东 西,https://ke-image.ljcdn.com/110000-inspection/c1ab16e9-2f91-4c79-b245-563e1662d381_1000.jpg!m_fill,w_280,h_210,f_jpg?from=ke.com
20241031,石景山,老山,101126354119,老山经典三居室带电梯业主诚心出售随时签约,330万,52936元/平,顶层 (共6层) | 1982年 | 3室1厅 | 62.34平米 | 南 北,https://ke-image.ljcdn.com/110000-inspection/pc1_dmZqR2L5m.jpg!m_fill,w_280,h_210,f_jpg?from=ke.com
20241031,石景山,老山,101126032104,老山西里 3室1厅 南 西 北,293万,45077元/平,中楼层 (共16层) | 1985年 | 3室1厅 | 65平米 | 南 西 北,https://ke-image.ljcdn.com/110000-inspection/ea0155d2-a149-4679-b6d9-a1c4357b60d4_1000.jpg!m_fill,w_280,h_210,f_jpg?from=ke.com
20241031,石景山,老山,101125956639,老山东里 2室1厅 南,277万,45937元/平,低楼层 (共16层) | 1985年 | 2室1厅 | 60.3平米 | 南,https://ke-image.ljcdn.com/110000-inspection/pc1_IBRaR8NbF.jpg!m_fill,w_280,h_210,f_jpg?from=ke.com
20241031,石景山,老山,101125876567,急售好房 老山东里 带电梯 精装修两居户型,268万,44445元/平,高楼层 (共16层) | 1987年 | 2室1厅 | 60.3平米 | 南,https://ke-image.ljcdn.com/110000-inspection/pc1_YSqovXJLP_1.jpg!m_fill,w_280,h_210,f_jpg?from=ke.com
20241031,石景山,老山,101125753917,老山东里 精装修 电梯正规两居室 满五年唯一房主自荐,274万,43953元/平,顶层 (共16层) | 1986年 | 2室1厅 | 62.34平米 | 南,https://ke-image.ljcdn.com/110000-inspection/bbb40a39-9a1a-43a9-b1d9-3eeb963e1e2d_1000.jpg!m_fill,w_280,h_210,f_jpg?from=ke.com
20241031,石景山,老山,101125746092,急售好房 老山东里 精装修 客厅带窗户两居,239万,47658元/平,高楼层 (共6层) | 1983年 | 2室1厅 | 50.15平米 | 南 北,https://ke-image.ljcdn.com/110000-inspection/c63c0727-f774-4919-b8ec-5d9a84f63c48_1000.jpg!m_fill,w_280,h_210,f_jpg?from=ke.com
20241031,石景山,老山,101125552422,老山西里 2室1厅 南,266万,45494元/平,低楼层 (共16层) | 1987年 | 2室1厅 | 58.47平米 | 南,https://ke-image.ljcdn.com/110000-inspection/pc1_yVfaT8X6M.jpg!m_fill,w_280,h_210,f_jpg?from=ke.com
20241031,石景山,老山,101125265284,老山东里 2室1厅 南 北,260万,43118元/平,中楼层 (共16层) | 1985年 | 2室1厅 | 60.3平米 | 南 北,https://ke-image.ljcdn.com/110000-inspection/pc1_hUfYY0XaG.jpg!m_fill,w_280,h_210,f_jpg?from=ke.com
20241031,石景山,老山,101124981004,老山西里南北两居室满五年唯一看房有钥匙,209万,39227元/平,高楼层 (共6层) | 1982年 | 2室1厅 | 53.28平米 | 南 西,https://ke-image.ljcdn.com/110000-inspection/pc1_7qoxIWNoC.jpg!m_fill,w_280,h_210,f_jpg?from=ke.com
20241031,石景山,老山,101124838197,急售房源 老山西里 带电梯户型,295万,45385元/平,中楼层 (共16层) | 1983年 | 2室1厅 | 65平米 | 东北,https://ke-image.ljcdn.com/110000-inspection/pc1_nOge71bMt.jpg!m_fill,w_280,h_210,f_jpg?from=ke.com
20241031,石景山,老山,101124832646,老山西里南北通透两居室 满五年唯一 一梯两户,349万,47802元/平,高楼层 (共6层) | 1999年 | 2室1厅 | 73.01平米 | 南 北,https://ke-image.ljcdn.com/110000-inspection/3835ec69-ebef-4eaa-8780-69e167865dc8_1000.jpg!m_fill,w_280,h_210,f_jpg?from=ke.com
20241031,石景山,老山,101124700388,老山西里 3室1厅 南 北,280万,44915元/平,顶层 (共6层) | 1982年 | 3室1厅 | 62.34平米 | 南 北,https://ke-image.ljcdn.com/110000-inspection/pc1_Uzv7x5c2y.jpg!m_fill,w_280,h_210,f_jpg?from=ke.com
20241031,石景山,老山,101124464270,老山西里 3室1厅 南 北,395万,47556元/平,高楼层 (共6层) | 1998年 | 3室1厅 | 83.06平米 | 南 北,https://ke-image.ljcdn.com/110000-inspection/pc1_Kkh6j1Ae9.jpg!m_fill,w_280,h_210,f_jpg?from=ke.com
20241031,石景山,老山,101124284064,满五唯一到地铁近塔楼电梯东南角精装老山西里两居,305万,48436元/平,低楼层 (共16层) | 1987年 | 2室1厅 | 62.97平米 | 东南,https://ke-image.ljcdn.com/110000-inspection/pc1_zsGBUhnOb.jpg!m_fill,w_280,h_210,f_jpg?from=ke.com
20241031,石景山,老山,101124039587,老山东里 筑五两居室 南北向 精装修,300万,50370元/平,顶层 (共6层) | 1983年 | 2室1厅 | 59.56平米 | 南 北,https://ke-image.ljcdn.com/110000-inspection/bbf253d4-fd8a-4f8b-88b6-ed684a6388c1_1000.jpg!m_fill,w_280,h_210,f_jpg?from=ke.com
20241031,石景山,老山,101124013626,老山东里 2室1厅 南,236万,40363元/平,底层 (共16层) | 1987年 | 2室1厅 | 58.47平米 | 南,https://ke-image.ljcdn.com/110000-inspection/pc1_EOaxqgQt1.jpg!m_fill,w_280,h_210,f_jpg?from=ke.com
20241031,石景山,老山,101123908095,老山东里 2室1厅 西南,298万,47325元/平,低楼层 (共16层) | 1985年 | 2室1厅 | 62.97平米 | 西南,https://ke-image.ljcdn.com/110000-inspection/6ee33234-c375-4a9a-b331-8f8347165104_1000.jpg!m_fill,w_280,h_210,f_jpg?from=ke.com
20241031,石景山,老山,101123780288,老山东里 2室0厅 南,269万,43151元/平,高楼层 (共16层) | 1985年 | 2室0厅 | 62.34平米 | 南,https://ke-image.ljcdn.com/110000-inspection/40df341d-938c-4e0d-b41a-10db67357b73_1000.jpg!m_fill,w_280,h_210,f_jpg?from=ke.com
20241031,石景山,老山,101123453219,老山西街7号院精装房满四按满五唯一,352万,53716元/平,中楼层 (共6层) 2室1厅 | 65.53平米 | 南 北,https://ke-image.ljcdn.com/110000-inspection/fc3c607a-9c83-4741-a918-5c274e3569b3_1000.jpg!m_fill,w_280,h_210,f_jpg?from=ke.com
20241031,石景山,老山,101123416848,老山西里 钢混结构 有钥匙 随时签约,238万,47298元/平,高楼层 (共6层) | 1982年 | 2室1厅 | 50.32平米 | 南 北,https://ke-image.ljcdn.com/110000-inspection/pc1_7wCndoBjt.jpg!m_fill,w_280,h_210,f_jpg?from=ke.com
20241031,石景山,老山,101123371342,老山东里 3室1厅 东 北,299万,46000元/平,低楼层 (共16层) | 1985年 | 3室1厅 | 65平米 | 东 北,https://ke-image.ljcdn.com/110000-inspection/pc1_oE9Fpiwm0.jpg!m_fill,w_280,h_210,f_jpg?from=ke.com
20241031,石景山,老山,101123329594,老山西里 2室1厅 南 北,220万,43782元/平,顶层 (共6层) 2室1厅 | 50.25平米 | 南 北,https://ke-image.ljcdn.com/110000-inspection/4f36c64d-d210-4ea7-8a4e-11043f1cc149_1000.jpg!m_fill,w_280,h_210,f_jpg?from=ke.com
20241031,石景山,老山,101123285705,首钢老山居民区房子是电梯房小三居室满五年房主自荐,320万,49231元/平,中楼层 (共16层) 3室1厅 | 65平米 | 西 北,https://ke-image.ljcdn.com/110000-inspection/pc1_TX9k6iJaA.jpg!m_fill,w_280,h_210,f_jpg?from=ke.com
20241031,石景山,老山,101123227879,带外挂电梯 老山东里南北两居室 钢混结构 万达对面,218万,43384元/平,中楼层 (共6层) | 1985年 | 2室1厅 | 50.25平米 | 南 北,https://ke-image.ljcdn.com/110000-inspection/pc1_dqnz4hkrS.jpg!m_fill,w_280,h_210,f_jpg?from=ke.com
20241031,石景山,老山,101123181208,老山东里 2室1厅 南 北房主自荐,219万,43522元/平,高楼层 (共6层) | 1983年 | 2室1厅 | 50.32平米 | 南 北,https://ke-image.ljcdn.com/110000-inspection/pc1_yrCRT4CMr.jpg!m_fill,w_280,h_210,f_jpg?from=ke.com
20241031,石景山,老山,101121293895,南北通透独立客厅 满五年唯一 随时签约,370万,47749元/平,高楼层 (共12层) | 1995年 | 2室1厅 | 77.49平米 | 南 北,https://ke-image.ljcdn.com/110000-inspection/pc1_XKi9gEgQg.jpg!m_fill,w_280,h_210,f_jpg?from=ke.com
20241031,石景山,老山,101120961885,老山东里 2室1厅 南,350万,58044元/平,高楼层 (共16层) | 1985年 | 2室1厅 | 60.3平米 | 南,https://ke-image.ljcdn.com/110000-inspection/pc1_AAeHqVoDv.jpg!m_fill,w_280,h_210,f_jpg?from=ke.com
20241031,石景山,老山,101120906246,急售房源 老山东里 精装修两居 南北通透房主自荐,252万,50150元/平,高楼层 (共6层) 2室1厅 | 50.25平米 | 南 北,https://ke-image.ljcdn.com/110000-inspection/pc1_zzKosDnDY.jpg!m_fill,w_280,h_210,f_jpg?from=ke.com
20241031,石景山,老山,101120894900,急售 老山东里 南北通透双阳台两居户型 精装修房主自荐,299万,50202元/平,高楼层 (共6层) | 1983年 | 2室1厅 | 59.56平米 | 南 北,https://ke-image.ljcdn.com/110000-inspection/pc1_JNv45dI5y.jpg!m_fill,w_280,h_210,f_jpg?from=ke.com
20241031,石景山,老山,101120451529,老山东里电梯房两居室双阳台满五年唯一钢混结构,309万,49071元/平,中楼层 (共16层) | 1987年 | 2室1厅 | 62.97平米 | 东南,https://ke-image.ljcdn.com/110000-inspection/7b66a1b8-d7e5-467c-85d1-8f01a5ccc7a6_1000.jpg!m_fill,w_280,h_210,f_jpg?from=ke.com
20241031,石景山,老山,101119535181,急售好房 老山西里 满五年唯一 中间楼层 地铁800米房主自荐,293万,47001元/平,中楼层 (共6层) 3室1厅 | 62.34平米 | 南 北,https://ke-image.ljcdn.com/110000-inspection/pc1_1BkuHeKAR.jpg!m_fill,w_280,h_210,f_jpg?from=ke.com
20241031,石景山,老山,101119372587,老山西街27号院  低楼层 无遮挡 随时可以看房签约,320万,48056元/平,低楼层 (共6层) | 1997年 | 2室1厅 | 66.59平米 | 东 西,https://ke-image.ljcdn.com/110000-inspection/151942ad-8bec-4cbb-9105-bf9e16b34c61_1000.jpg!m_fill,w_280,h_210,f_jpg?from=ke.com
20241031,石景山,老山,101119024432,老山西里南向两居室二层满五年唯一看房方便,285万,45074元/平,低楼层 (共6层) | 1982年 | 2室1厅 | 63.23平米 | 南,https://ke-image.ljcdn.com/110000-inspection/pc1_cqyhC1bCC.jpg!m_fill,w_280,h_210,f_jpg?from=ke.com
20241031,石景山,老山,101118064617,老山西街7号院 2室1厅 南 北,223万,41114元/平,中楼层 (共6层) 2室1厅 | 54.24平米 | 南 北,https://ke-image.ljcdn.com/110000-inspection/pc1_B7q189fPf.jpg!m_fill,w_280,h_210,f_jpg?from=ke.com
20241031,石景山,老山,101117671698,首钢老山居民区钢混两居室南北通透价格可谈,252万,50080元/平,顶层 (共6层) | 1983年 | 2室1厅 | 50.32平米 | 南 北,https://ke-image.ljcdn.com/110000-inspection/pc1_k6sLUbelb.jpg!m_fill,w_280,h_210,f_jpg?from=ke.com
20241031,石景山,老山,101117167281,老山东里电梯三居钢混结构可组合贷款,325万,50000元/平,低楼层 (共16层) | 1986年 | 3室1厅 | 65平米 | 西北,https://ke-image.ljcdn.com/110000-inspection/7a648d5e-59b1-4b89-9fee-4375613df196_1000.jpg!m_fill,w_280,h_210,f_jpg?from=ke.com
20241031,石景山,老山,101127310714,老山东里 2室1厅 南新上,262万,43450元/平,中楼层 (共16层) | 1986年 | 2室1厅 | 60.3平米 | 南,https://ke-image.ljcdn.com/110000-inspection/pc1_NmsoyAGp3.jpg!m_fill,w_280,h_210,f_jpg?from=ke.com
20241031,石景山,老山,101127019169,满五唯一 2居钢混结构 两部电梯 双阳台 不临街,320万,50818元/平,中楼层 (共16层) | 1986年 | 2室1厅 | 62.97平米 | 西南,https://ke-image.ljcdn.com/110000-inspection/a4974ca1-c877-47cc-9eff-63f0fa4e765c_1000.jpg!m_fill,w_280,h_210,f_jpg?from=ke.com
20241031,石景山,老山,101126710330,老山西里电梯两居双卧朝南舒适阳台卫生间4.2平,280万,44915元/平,低楼层 (共16层) | 1983年 | 2室1厅 | 62.34平米 | 南,https://ke-image.ljcdn.com/110000-inspection/7d846efc-58ef-4362-839a-37030cb78ddc_1000.jpg!m_fill,w_280,h_210,f_jpg?from=ke.com
20241031,石景山,老山,101126635095,老山东里 满五年唯一  看房有钥匙,479万,41067元/平,顶层 (共6层) | 1999年 | 3室1厅 | 116.64平米 | 南 北,https://ke-image.ljcdn.com/110000-inspection/pc1_n7oMqJh8H.jpg!m_fill,w_280,h_210,f_jpg?from=ke.com
20241031,石景山,老山,101126125180,老山东里 2室1厅 南 北,348万,47399元/平,高楼层 (共6层) | 1999年 | 2室1厅 | 73.42平米 | 南 北,https://ke-image.ljcdn.com/110000-inspection/pc1_k5mfNccuP.jpg!m_fill,w_280,h_210,f_jpg?from=ke.com
20241031,石景山,老山,101125883365,装修50万 南北通透 商品房 到八角地铁775米,285万,46199元/平,顶层 (共6层) | 1982年 | 2室1厅 | 61.69平米 | 南 北,https://ke-image.ljcdn.com/110000-inspection/pc1_oUiSFYEgx.jpg!m_fill,w_280,h_210,f_jpg?from=ke.com
20241031,石景山,老山,101125819451,急售好房 老山东里 南北通透两居户型 精装修房主自荐,186万,37015元/平,顶层 (共6层) | 1983年 | 2室1厅 | 50.25平米 | 南 北,https://ke-image.ljcdn.com/110000-inspection/pc1_20HwRgNlr_1.jpg!m_fill,w_280,h_210,f_jpg?from=ke.com
20241031,石景山,老山,101125762997,老山东里 满五年唯一 看房有钥匙 欢迎,558万,47828元/平,顶层 (共6层) | 1999年 | 3室2厅 | 116.67平米 | 南 北,https://ke-image.ljcdn.com/110000-inspection/pc1_zApPXQjrp.jpg!m_fill,w_280,h_210,f_jpg?from=ke.com
20241031,石景山,老山,101125753413,老山东里 2室1厅 南 北,342万,57422元/平,中楼层 (共6层) | 1983年 | 2室1厅 | 59.56平米 | 南 北,https://ke-image.ljcdn.com/110000-inspection/1ab4a4d6-184c-4894-a48b-899e6669b01f_1000.jpg!m_fill,w_280,h_210,f_jpg?from=ke.com
20241031,石景山,老山,101125752560,老山西街27号院 2室1厅 东 西,320万,48056元/平,高楼层 (共6层) | 1997年 | 2室1厅 | 66.59平米 | 东 西,https://ke-image.ljcdn.com/110000-inspection/pc1_qtF2cTzre.jpg!m_fill,w_280,h_210,f_jpg?from=ke.com
20241031,石景山,老山,101125749371,老山西里 2室1厅 南,305万,50581元/平,高楼层 (共16层) | 1987年 | 2室1厅 | 60.3平米 | 南,https://ke-image.ljcdn.com/110000-inspection/pc1_hQ2dtn2Eh_1.jpg!m_fill,w_280,h_210,f_jpg?from=ke.com
20241031,石景山,老山,101125737746,石景山路23号院 一层三居室,400万,50904元/平,底层 (共5层) | 1970年 | 3室1厅 | 78.58平米 | 南 北,https://ke-image.ljcdn.com/110000-inspection/873226af-07c0-4486-99ee-41a8cda5b2e3_1000.jpg!m_fill,w_280,h_210,f_jpg?from=ke.com
20241031,石景山,老山,101125737724,老山东里 2室1厅 南 北,340万,57086元/平,低楼层 (共6层) 2室1厅 | 59.56平米 | 南 北,https://ke-image.ljcdn.com/110000-inspection/pc1_Xv2CmSQGm.jpg!m_fill,w_280,h_210,f_jpg?from=ke.com
20241031,石景山,老山,101125334595,老山西街27号院 2室1厅 南 北,289万,51196元/平,顶层 (共6层) | 1993年 | 2室1厅 | 56.45平米 | 南 北,https://ke-image.ljcdn.com/110000-inspection/7e133f0a-86a4-4801-a5f4-b257ca704320_1000.jpg!m_fill,w_280,h_210,f_jpg?from=ke.com
20241031,石景山,老山,101125212980,老山东里 满五年商品房前后没有遮挡视野开阔。,240万,37957元/平,顶层 (共6层) 2室1厅 | 63.23平米 | 南 北,https://ke-image.ljcdn.com/110000-inspection/pc1_jYglRQQGm.jpg!m_fill,w_280,h_210,f_jpg?from=ke.com
20241031,石景山,老山,101124777813,老山西里 3室1厅 南 北,280万,45455元/平,高楼层 (共6层) 3室1厅 | 61.6平米 | 南 北,https://ke-image.ljcdn.com/110000-inspection/pc1_gtSZmESkQ.jpg!m_fill,w_280,h_210,f_jpg?from=ke.com
20241031,石景山,老山,101123917636,老山西街7号院 2室1厅 南 北,288万,41368元/平,顶层 (共6层) | 1987年 | 2室1厅 | 69.62平米 | 南 北,https://ke-image.ljcdn.com/110000-inspection/pc1_MXMXUI2Rg.jpg!m_fill,w_280,h_210,f_jpg?from=ke.com
20241031,石景山,老山,101122554284,老山西里 1室1厅 南 北,290万,50147元/平,中楼层 (共6层) 1室1厅 | 57.83平米 | 南 北,https://ke-image.ljcdn.com/110000-inspection/pc1_A670Y8Vfv.jpg!m_fill,w_280,h_210,f_jpg?from=ke.com
20241031,石景山,老山,101122145943,老山西里钢混两居室 满五年唯一近地铁,195万,38884元/平,顶层 (共6层) 2室1厅 | 50.15平米 | 南 北,https://ke-image.ljcdn.com/110000-inspection/pc1_so6gNPVQA_1.jpg!m_fill,w_280,h_210,f_jpg?from=ke.com
20241031,石景山,老山,101120900927,急售好房 老山东里 复式户型 1999年房龄,499万,42833元/平,顶层 (共6层) | 1999年 | 3室1厅 | 116.5平米 | 南 北,https://ke-image.ljcdn.com/110000-inspection/pc1_0rKvSsni3.jpg!m_fill,w_280,h_210,f_jpg?from=ke.com
20241031,石景山,老山,101120869602,老山西里 全南向两居室 双阳台精装 距地铁700米,295万,46656元/平,高楼层 (共6层) | 1982年 | 2室1厅 | 63.23平米 | 南,https://ke-image.ljcdn.com/110000-inspection/pc1_wAGpGph8e.jpg!m_fill,w_280,h_210,f_jpg?from=ke.com
20241031,石景山,老山,101127317432,老山东里 3室1厅 南 北 东新上,450万,49294元/平,底层 (共16层) | 1985年 | 3室1厅 | 91.29平米 | 南 北 东,https://s1.ljcdn.com/pegasus/redskull/images/common/default_house_list.png?_v=202410161653269
20241031,石景山,老山,101127294506,1998年满五唯一 客厅带落地窗精装修 商品房新上,350万,50375元/平,底层 (共6层) | 1998年 | 2室1厅 | 69.48平米 | 南 北,https://s1.ljcdn.com/pegasus/redskull/images/common/default_house_list.png?_v=202410161653269
20241031,石景山,老山,101126865503,老山东里 3室1厅 南 北房主自荐,340万,55195元/平,高楼层 (共6层) | 1983年 | 3室1厅 | 61.6平米 | 南 北,https://s1.ljcdn.com/pegasus/redskull/images/common/default_house_list.png?_v=202410161653269
20241031,石景山,老山,101126673296,老山西里 2室1厅 南 北,220万,43721元/平,中楼层 (共6层) | 1982年 | 2室1厅 | 50.32平米 | 南 北,https://s1.ljcdn.com/pegasus/redskull/images/common/default_house_list.png?_v=202410161653269
20241031,石景山,老山,101126299074,满5年成本 中间楼层  采光充足 价格可谈,258万,40804元/平,中楼层 (共6层) | 1984年 | 2室1厅 | 63.23平米 | 南,https://s1.ljcdn.com/pegasus/redskull/images/common/default_house_list.png?_v=202410161653269
20241031,石景山,老山,101126001942,老山东里 2室1厅 南 北,215万,40353元/平,高楼层 (共6层) | 1983年 | 2室1厅 | 53.28平米 | 南 北,https://s1.ljcdn.com/pegasus/redskull/images/common/default_house_list.png?_v=202410161653269
20241031,石景山,老山,101125753326,老山东里 2室1厅 南 北,220万,43782元/平,中楼层 (共6层) | 1982年 | 2室1厅 | 50.25平米 | 南 北,https://s1.ljcdn.com/pegasus/redskull/images/common/default_house_list.png?_v=202410161653269
20241031,石景山,老山,101125320605,老山东里 2室1厅 南,356万,50205元/平,高楼层 (共6层) | 1999年 | 2室1厅 | 70.91平米 | 南,https://s1.ljcdn.com/pegasus/redskull/images/common/default_house_list.png?_v=202410161653269
20241031,石景山,老山,101124505259,老山东里电梯房 业主诚心出售 靠谱签约,305万,46924元/平,高楼层 (共16层) | 1985年 | 2室1厅 | 65平米 | 东北,https://s1.ljcdn.com/pegasus/redskull/images/common/default_house_list.png?_v=202410161653269
20241031,石景山,老山,101124333278,老山东里 3室1厅 西北,330万,50770元/平,高楼层 (共16层) 3室1厅 | 65平米 | 西北,https://s1.ljcdn.com/pegasus/redskull/images/common/default_house_list.png?_v=202410161653269
20241031,石景山,老山,101123540382,老山东里 2室1厅 南,460万,57986元/平,低楼层 (共18层) 2室1厅 | 79.33平米 | 南,https://s1.ljcdn.com/pegasus/redskull/images/common/default_house_list.png?_v=202410161653269
