20241031,通州,玉桥,101126720086,合生二期精装三居满五唯一诚意出售全天采光必看好房,680万,48939元/平,低楼层 (共18层) | 2016年 | 3室1厅 | 138.95平米 | 南 北,https://ke-image.ljcdn.com/110000-inspection/pc1_ZLRM9FXDs_1.jpg!m_fill,w_280,h_210,f_jpg?from=ke.com
20241031,通州,玉桥,101126403428,幸福艺居 2室1厅 南 北必看好房,318万,39372元/平,底层 (共7层) 2室1厅 | 80.77平米 | 南 北,https://ke-image.ljcdn.com/110000-inspection/48b562f6-f46d-4fd1-8a3a-1e39ea182abe_1000.jpg!m_fill,w_280,h_210,f_jpg?from=ke.com
20241031,通州,玉桥,101126223684,合生滨江帝景二期 南向三居室 对公园视野好必看好房,456万,45834元/平,低楼层 (共18层) | 2016年 | 3室2厅 | 99.49平米 | 南,https://ke-image.ljcdn.com/110000-inspection/pc1_6cGobmz1a.jpg!m_fill,w_280,h_210,f_jpg?from=ke.com
20241031,通州,玉桥,101126219531,人车分流次新小区两个观景大阳台满五唯一环境美必看好房,520万,46417元/平,中楼层 (共27层) | 2014年 | 3室1厅 | 112.03平米 | 南 北,https://ke-image.ljcdn.com/110000-inspection/pc1_z20IPMfuk.jpg!m_fill,w_280,h_210,f_jpg?from=ke.com
20241031,通州,玉桥,101126111170,南北向双阳台落地大阳台小区大广场旁采光明亮必看好房,377万,39489元/平,高楼层 (共6层) 2室2厅 | 95.47平米 | 南 北,https://ke-image.ljcdn.com/110000-inspection/pc1_GQAj5tSAW.jpg!m_fill,w_280,h_210,f_jpg?from=ke.com
20241031,通州,玉桥,101127152742,玉桥东里 1室1厅 南必看好房,165万,33667元/平,高楼层 (共11层) 1室1厅 | 49.01平米 | 南,https://ke-image.ljcdn.com/110000-inspection/e813f7d6-ab99-4758-aee0-55c954ebbf24_1000.jpg!m_fill,w_280,h_210,f_jpg?from=ke.com
20241031,通州,玉桥,101126962711,美然百度城 3室2厅 南 北必看好房,465万,38994元/平,中楼层 (共5层) 3室2厅 | 119.25平米 | 南 北,https://ke-image.ljcdn.com/110000-inspection/73215938-5264-4675-b19c-9f5d4ce17b87_1000.jpg!m_fill,w_280,h_210,f_jpg?from=ke.com
20241031,通州,玉桥,101126873014,合生滨江帝景一期 2室1厅 南必看好房,378万,42240元/平,低楼层 (共18层) | 2014年 | 2室1厅 | 89.49平米 | 南,https://ke-image.ljcdn.com/110000-inspection/pc1_MWyiKf6G1_1.jpg!m_fill,w_280,h_210,f_jpg?from=ke.com
20241031,通州,玉桥,101126572369,格兰晴天 2室1厅 南 北必看好房,309万,39369元/平,中楼层 (共9层) 2室1厅 | 78.49平米 | 南 北,https://ke-image.ljcdn.com/110000-inspection/66e863bc-939a-4fee-812e-560805eca3a6_1000.jpg!m_fill,w_280,h_210,f_jpg?from=ke.com
20241031,通州,玉桥,101126311057,玉桥南里 南北通透2居 低楼层 有钥匙 急售,220万,32622元/平,底层 (共6层) 2室1厅 | 67.44平米 | 南 北,https://ke-image.ljcdn.com/110000-inspection/8a9e05d1-5291-4c37-9e67-abf6cada4536_1000.jpg!m_fill,w_280,h_210,f_jpg?from=ke.com
20241031,通州,玉桥,101126198620,合生滨江帝景二期 满五年唯一 正南向 无遮挡 三居房主自荐,490万,49301元/平,低楼层 (共18层) | 2016年 | 3室2厅 | 99.39平米 | 南,https://ke-image.ljcdn.com/110000-inspection/pc1_ZWpYRfxNE_1.jpg!m_fill,w_280,h_210,f_jpg?from=ke.com
20241031,通州,玉桥,101126197178,玉桥东里72平全南向高层两层商品房必看好房,266万,36731元/平,高楼层 (共21层) | 2010年 | 2室1厅 | 72.42平米 | 南,https://ke-image.ljcdn.com/110000-inspection/pc1_EkS4Keogw.jpg!m_fill,w_280,h_210,f_jpg?from=ke.com
20241031,通州,玉桥,101125790119,幸福艺居 1室0厅 东 西必看好房,156万,32332元/平,中楼层 (共7层) 1室0厅 | 48.25平米 | 东 西,https://ke-image.ljcdn.com/110000-inspection/d6fb35d9-2c42-4983-b86f-d31f11bbf174_1000.jpg!m_fill,w_280,h_210,f_jpg?from=ke.com
20241031,通州,玉桥,101125757037,格兰晴天三居室 电梯房采光好没遮挡。必看好房,540万,40959元/平,低楼层 (共9层) 3室1厅 | 131.84平米 | 南 西,https://ke-image.ljcdn.com/110000-inspection/01195f06-5ba1-4fcf-985f-75fd0e13708b_1000.jpg!m_fill,w_280,h_210,f_jpg?from=ke.com
20241031,通州,玉桥,101125735236,京艺天朗 1室1厅 南必看好房,211万,36205元/平,中楼层 (共12层) | 2004年 | 1室1厅 | 58.28平米 | 南,https://ke-image.ljcdn.com/110000-inspection/pc1_WoWkoZZPP_1.jpg!m_fill,w_280,h_210,f_jpg?from=ke.com
20241031,通州,玉桥,101125697403,合生滨江帝景二期 3室1厅 南必看好房,466万,46839元/平,高楼层 (共18层) | 2016年 | 3室1厅 | 99.49平米 | 南,https://ke-image.ljcdn.com/110000-inspection/pc1_5jD9FYR90_1.jpg!m_fill,w_280,h_210,f_jpg?from=ke.com
20241031,通州,玉桥,101125038731,幸福艺居南北两居诚心卖价格能商量停车免费必看好房,299万,34451元/平,高楼层 (共6层) 2室1厅 | 86.79平米 | 南 北,https://ke-image.ljcdn.com/110000-inspection/pc1_wKY7Mr6CY.jpg!m_fill,w_280,h_210,f_jpg?from=ke.com
20241031,通州,玉桥,101124903889,合生滨江帝景一期 2室1厅 南 北必看好房,398万,44705元/平,低楼层 (共18层) | 2014年 | 2室1厅 | 89.03平米 | 南 北,https://ke-image.ljcdn.com/110000-inspection/cc03a5c6-8f52-4814-90dc-3a72ab73869c_1000.jpg!m_fill,w_280,h_210,f_jpg?from=ke.com
20241031,通州,玉桥,101124628264,南北通透 楼层合适 视野开阔 格局方正 正规两居必看好房,265万,37027元/平,中楼层 (共6层) 2室1厅 | 71.57平米 | 南 北,https://ke-image.ljcdn.com/110000-inspection/fc1e1ee8-377e-4d57-bbb9-dc4d3ded0a93_1000.jpg!m_fill,w_280,h_210,f_jpg?from=ke.com
20241031,通州,玉桥,101124385743,此房满五唯一 中楼层 视野开阔 业主诚心出售必看好房,320万,36614元/平,中楼层 (共22层) | 2010年 | 3室1厅 | 87.4平米 | 南 北,https://ke-image.ljcdn.com/110000-inspection/c6a6f395-ab46-4b28-a320-a9458c578426_1000.jpg!m_fill,w_280,h_210,f_jpg?from=ke.com
20241031,通州,玉桥,101123951819,玉桥东里 中间楼层户型方正采光好必看好房,266万,36424元/平,中楼层 (共6层) 2室1厅 | 73.03平米 | 东 南 北,https://ke-image.ljcdn.com/110000-inspection/pc1_uePB3suIM.jpg!m_fill,w_280,h_210,f_jpg?from=ke.com
20241031,通州,玉桥,101123909355,京艺天朗雅园 满五唯一双通透双阳台中间楼层必看好房,338万,37850元/平,中楼层 (共6层) 2室1厅 | 89.3平米 | 南 北,https://ke-image.ljcdn.com/110000-inspection/cdb605c1-a92b-4196-9c08-226fd66f701a_1000.jpg!m_fill,w_280,h_210,f_jpg?from=ke.com
20241031,通州,玉桥,101123837604,玉桥东里 1室1厅 南必看好房,185万,36794元/平,高楼层 (共24层) | 2010年 | 1室1厅 | 50.28平米 | 南,https://ke-image.ljcdn.com/110000-inspection/pc1_2q1CcmN2G.jpg!m_fill,w_280,h_210,f_jpg?from=ke.com
20241031,通州,玉桥,101123532205,精装2居南向高档社区随时看房业主急售,368万,41122元/平,顶层 (共18层) | 2014年 | 2室2厅 | 89.49平米 | 南,https://ke-image.ljcdn.com/110000-inspection/2d794b22-9ab6-44fa-a93f-d67fcf86063e_1000.jpg!m_fill,w_280,h_210,f_jpg?from=ke.com
20241031,通州,玉桥,101123372175,美然百度城 1室1厅 东 西,160万,31330元/平,中楼层 (共5层) | 2002年 | 1室1厅 | 51.07平米 | 东 西,https://ke-image.ljcdn.com/110000-inspection/pc1_7Dd18NbiE.jpg!m_fill,w_280,h_210,f_jpg?from=ke.com
20241031,通州,玉桥,101127203390,玉桥东里必看好房,260万,35902元/平,低楼层 (共21层) | 2010年 | 2室1厅 | 72.42平米 | 南,https://ke-image.ljcdn.com/110000-inspection/pc1_4X8XpSeXb_1.jpg!m_fill,w_280,h_210,f_jpg?from=ke.com
20241031,通州,玉桥,101127195796,玉桥南里 1室1厅 南必看好房,158万,33404元/平,中楼层 (共6层) 1室1厅 | 47.3平米 | 南,https://ke-image.ljcdn.com/110000-inspection/pc1_llcpGINjO.jpg!m_fill,w_280,h_210,f_jpg?from=ke.com
20241031,通州,玉桥,101127060765,柳岸方园 2室2厅 北 南必看好房,475万,47016元/平,中楼层 (共12层) | 2005年 | 2室2厅 | 101.03平米 | 北 南,https://ke-image.ljcdn.com/110000-inspection/9a6a586d-3cdc-43a2-955c-ebec25723951_1000.jpg!m_fill,w_280,h_210,f_jpg?from=ke.com
20241031,通州,玉桥,101126859467,合生二期新上中高层三居产权清晰随时可看必看好房,499万,50207元/平,高楼层 (共18层) | 2016年 | 3室2厅 | 99.39平米 | 南,https://ke-image.ljcdn.com/110000-inspection/5acefbcc-6b2a-4a90-b2a8-8188e36118df_1000.jpg!m_fill,w_280,h_210,f_jpg?from=ke.com
20241031,通州,玉桥,101126727950,京艺天朗雅园一层南北通透两居室必看好房,465万,54920元/平,底层 (共5层) | 2008年 | 2室2厅 | 84.67平米 | 南 北,https://ke-image.ljcdn.com/110000-inspection/501c58eb-3e8d-4443-8ec9-e0d7de9a0d8b_1000.jpg!m_fill,w_280,h_210,f_jpg?from=ke.com
20241031,通州,玉桥,101126456079,此房准新房 业主买后没住过 视野开阔 无遮挡 采必看好房,459万,46182元/平,低楼层 (共18层) | 2016年 | 3室1厅 | 99.39平米 | 南,https://ke-image.ljcdn.com/110000-inspection/pc1_sSk819YUg.jpg!m_fill,w_280,h_210,f_jpg?from=ke.com
20241031,通州,玉桥,101126293714,幸福艺居1+2复式不临街不把边无遮挡必看好房,660万,34663元/平,底层 (共6层) 4室2厅 | 190.41平米 | 南 北,https://ke-image.ljcdn.com/110000-inspection/pc1_fX8eJYUth_1.jpg!m_fill,w_280,h_210,f_jpg?from=ke.com
20241031,通州,玉桥,101126283845,合生滨江帝景一期 2室1厅 南 北必看好房,410万,46099元/平,高楼层 (共18层) | 2014年 | 2室1厅 | 88.94平米 | 南 北,https://ke-image.ljcdn.com/110000-inspection/pc1_Vu8fgnZ2y_1.jpg!m_fill,w_280,h_210,f_jpg?from=ke.com
20241031,通州,玉桥,101124857466,公路局家属楼运河西大街边上的,230万,44557元/平,底层 (共6层) | 1992年 | 1室1厅 | 51.62平米 | 南 北,https://ke-image.ljcdn.com/110000-inspection/99b6c2c4-f006-475c-8fbc-b7e162b565b0_1000.jpg!m_fill,w_280,h_210,f_jpg?from=ke.com
20241031,通州,玉桥,101124563211,满五唯一南北通透全明户型总价适合交通便利必看好房,149万,26693元/平,顶层 (共6层) 2室1厅 | 55.82平米 | 南 北,https://ke-image.ljcdn.com/110000-inspection/bd9e1887-b207-41ab-86e0-4a9334071118_1000.jpg!m_fill,w_280,h_210,f_jpg?from=ke.com
20241031,通州,玉桥,101124330453,京艺天朗 两居室 满五唯一 电梯房 高楼层 没遮挡,188万,36315元/平,高楼层 (共12层) | 2004年 | 2室1厅 | 51.77平米 | 北,https://ke-image.ljcdn.com/110000-inspection/pc1_WYrNKYHSY_1.jpg!m_fill,w_280,h_210,f_jpg?from=ke.com
20241031,通州,玉桥,101123720554,玉桥南里 1室1厅 南必看好房,141万,28365元/平,顶层 (共6层) 1室1厅 | 49.71平米 | 南,https://ke-image.ljcdn.com/110000-inspection/742f997b-4fea-4fda-8a02-4deb82374b79_1000.jpg!m_fill,w_280,h_210,f_jpg?from=ke.com
20241031,通州,玉桥,101123344734,婚房装修环保材料偶尔居住南北向大两居,298万,34989元/平,中楼层 (共6层) 2室2厅 | 85.17平米 | 南 北,https://ke-image.ljcdn.com/110000-inspection/pc1_KrNK3KVF1.jpg!m_fill,w_280,h_210,f_jpg?from=ke.com
20241031,通州,玉桥,101122640088,玉桥东里中高层正规一居精装修可拎包入住必看好房,195万,37594元/平,中楼层 (共22层) | 2010年 | 1室1厅 | 51.87平米 | 东南,https://ke-image.ljcdn.com/110000-inspection/c37ac7c3-8247-4bc9-afb0-208e45474337_1000.jpg!m_fill,w_280,h_210,f_jpg?from=ke.com
20241031,通州,玉桥,101127238577,合生滨江帝景二期精装两居全明户型诚心卖新上,385万,42178元/平,底层 (共18层) | 2015年 | 2室1厅 | 91.28平米 | 南 北,https://ke-image.ljcdn.com/110000-inspection/pc1_OnXzlhCsl_1.jpg!m_fill,w_280,h_210,f_jpg?from=ke.com
20241031,通州,玉桥,101127222605,满五唯一南北通透全明户型小区中间看房方便新上,740万,53496元/平,低楼层 (共18层) | 2016年 | 3室2厅 | 138.33平米 | 南 北,https://ke-image.ljcdn.com/110000-inspection/257bd236-3c09-4a06-a1e8-1655b335b2ff_1000.jpg!m_fill,w_280,h_210,f_jpg?from=ke.com
20241031,通州,玉桥,101127202500,合生滨江帝景一期 3室2厅 南 北,760万,49039元/平,中楼层 (共27层) | 2014年 | 3室2厅 | 154.98平米 | 南 北,https://ke-image.ljcdn.com/110000-inspection/3d256cc0-10de-4156-8478-ea5e894fbe6a_1000.jpg!m_fill,w_280,h_210,f_jpg?from=ke.com
20241031,通州,玉桥,101127190010,合生滨江帝景二期 3室1厅 南,489万,49201元/平,中楼层 (共18层) | 2016年 | 3室1厅 | 99.39平米 | 南,https://ke-image.ljcdn.com/110000-inspection/pc1_ieqL5JaTw.jpg!m_fill,w_280,h_210,f_jpg?from=ke.com
20241031,通州,玉桥,101127186471,玉桥南里 1室1厅 南 北,175万,35461元/平,中楼层 (共6层) 1室1厅 | 49.35平米 | 南 北,https://ke-image.ljcdn.com/110000-inspection/720eae5e-9b45-4819-a6a0-6f91be46dc5b_1000.jpg!m_fill,w_280,h_210,f_jpg?from=ke.com
20241031,通州,玉桥,101127182319,格兰晴天 电梯正规两居室 精装修 高楼层,428万,46527元/平,高楼层 (共9层) 2室2厅 | 91.99平米 | 西南,https://ke-image.ljcdn.com/110000-inspection/pc1_DtBZhAJMK.jpg!m_fill,w_280,h_210,f_jpg?from=ke.com
20241031,通州,玉桥,101127174220,玉桥南里 2室1厅 南 北,240万,42314元/平,底层 (共6层) 2室1厅 | 56.72平米 | 南 北,https://ke-image.ljcdn.com/110000-inspection/30257dab-1111-439a-b5aa-009dacd99593_1000.jpg!m_fill,w_280,h_210,f_jpg?from=ke.com
20241031,通州,玉桥,101127140584,精装修满五唯一通透户型随时可看无抵押无贷,445万,46422元/平,高楼层 (共13层) 2室2厅 | 95.86平米 | 东 西,https://ke-image.ljcdn.com/110000-inspection/e176cb76-9f4b-4d85-a772-21ef5b28067d_1000.jpg!m_fill,w_280,h_210,f_jpg?from=ke.com
20241031,通州,玉桥,101127123427,格兰晴天 满五唯一 电梯两居室 户型方正,380万,42274元/平,顶层 (共9层) | 2004年 | 2室2厅 | 89.89平米 | 东南,https://ke-image.ljcdn.com/110000-inspection/550187df-b66d-4b53-bf21-8d4cd9c72025_1000.jpg!m_fill,w_280,h_210,f_jpg?from=ke.com
20241031,通州,玉桥,101127109583,远洋东方公馆低楼层精装修一梯一户配套齐全 交通方便,895万,48345元/平,底层 (共26层) | 2012年 | 3室1厅 | 185.13平米 | 南 北,https://ke-image.ljcdn.com/110000-inspection/41d14718-2382-4cc9-b88f-f6ee923ad6e4_1000.jpg!m_fill,w_280,h_210,f_jpg?from=ke.com
20241031,通州,玉桥,101127107072,幸福艺居 2室1厅 南 北,329万,40850元/平,中楼层 (共7层) 2室1厅 | 80.54平米 | 南 北,https://ke-image.ljcdn.com/110000-inspection/624cac3b-6461-49ef-a197-d68bec429789_1000.jpg!m_fill,w_280,h_210,f_jpg?from=ke.com
20241031,通州,玉桥,101127045817,京艺天朗 1室1厅 北,199万,38440元/平,中楼层 (共12层) | 2004年 | 1室1厅 | 51.77平米 | 北,https://ke-image.ljcdn.com/110000-inspection/65b87af6-d4ff-46f1-8d8f-e5af8ddbeb30_1000.jpg!m_fill,w_280,h_210,f_jpg?from=ke.com
20241031,通州,玉桥,101127004101,合生滨江帝景二期 2室1厅 南 北,449万,49260元/平,高楼层 (共18层) 2室1厅 | 91.15平米 | 南 北,https://ke-image.ljcdn.com/110000-inspection/056e89e7-a4b3-42d9-8cbc-bffc403b370c_1000.jpg!m_fill,w_280,h_210,f_jpg?from=ke.com
20241031,通州,玉桥,101126966389,欣艺景园 2室1厅 南 北,439万,49432元/平,中楼层 (共15层) 2室1厅 | 88.81平米 | 南 北,https://ke-image.ljcdn.com/110000-inspection/c12506af-0ec3-49e3-8982-a616735b2fd0_1000.jpg!m_fill,w_280,h_210,f_jpg?from=ke.com
20241031,通州,玉桥,101126954163,美然百度城低楼层小户型看房方便,160万,34461元/平,中楼层 (共5层) | 2002年 | 1室0厅 | 46.43平米 | 东 西,https://ke-image.ljcdn.com/110000-inspection/1ca5e504-82ba-442e-8f82-495e589d466a_1000.jpg!m_fill,w_280,h_210,f_jpg?from=ke.com
20241031,通州,玉桥,101126930583,合生滨江帝景二期 2室1厅 北 南,420万,46013元/平,底层 (共18层) | 2015年 | 2室1厅 | 91.28平米 | 北 南,https://ke-image.ljcdn.com/110000-inspection/ca34a6d7-d12f-4b79-91fb-31645d59bea8_1000.jpg!m_fill,w_280,h_210,f_jpg?from=ke.com
20241031,通州,玉桥,101126908813,柳岸方园南北通透经典两居业主诚心出售,480万,47375元/平,低楼层 (共10层) 2室2厅 | 101.32平米 | 南 北,https://ke-image.ljcdn.com/110000-inspection/pc1_V63n2NrM1.jpg!m_fill,w_280,h_210,f_jpg?from=ke.com
20241031,通州,玉桥,101126904850,景馨家园,350万,38470元/平,底层 (共18层) | 2005年 | 2室2厅 | 90.98平米 | 东 南 西 北,https://ke-image.ljcdn.com/110000-inspection/d6a34363-339f-47d9-992c-ca1a12091c8a_1000.jpg!m_fill,w_280,h_210,f_jpg?from=ke.com
20241031,通州,玉桥,101126884196,美然百度城 2室1厅 南 北,210万,31694元/平,顶层 (共5层) 2室1厅 | 66.26平米 | 南 北,https://ke-image.ljcdn.com/110000-inspection/4ecccd9e-e5c8-4581-a703-d9dc47513342_1000.jpg!m_fill,w_280,h_210,f_jpg?from=ke.com
20241031,通州,玉桥,101126842070,幸福艺居 2室1厅 南 北,315万,38957元/平,中楼层 (共7层) | 2002年 | 2室1厅 | 80.86平米 | 南 北,https://ke-image.ljcdn.com/110000-inspection/d45d34fb-70c2-4cd8-a73a-84d17857d978_1000.jpg!m_fill,w_280,h_210,f_jpg?from=ke.com
20241031,通州,玉桥,101126835352,玉桥西里70号院 3室2厅 南 北,435万,45517元/平,中楼层 (共6层) 3室2厅 | 95.57平米 | 南 北,https://ke-image.ljcdn.com/110000-inspection/029f8cf8-ff85-42a3-9bf2-c79096ce8d25_1000.jpg!m_fill,w_280,h_210,f_jpg?from=ke.com
20241031,通州,玉桥,101126811753,玉桥南里 2室1厅 南 北,199万,32238元/平,高楼层 (共6层) 2室1厅 | 61.73平米 | 南 北,https://ke-image.ljcdn.com/110000-inspection/83697c6d-02e5-4804-9747-08ecec8b0d16_1000.jpg!m_fill,w_280,h_210,f_jpg?from=ke.com
20241031,通州,玉桥,101126751113,京艺天朗 3室1厅 南 北,299万,36584元/平,高楼层 (共6层) | 2004年 | 3室1厅 | 81.73平米 | 南 北,https://ke-image.ljcdn.com/110000-inspection/pc1_8v0AOHYEt_1.jpg!m_fill,w_280,h_210,f_jpg?from=ke.com
20241031,通州,玉桥,101126744411,幸福艺居 2室1厅 南 北,350万,43360元/平,中楼层 (共7层) | 2002年 | 2室1厅 | 80.72平米 | 南 北,https://ke-image.ljcdn.com/110000-inspection/53ca0a63-274a-44e1-8659-3ecf9348e7ef_1000.jpg!m_fill,w_280,h_210,f_jpg?from=ke.com
20241031,通州,玉桥,101126732080,幸福艺居 2室1厅 南 北,205万,33525元/平,顶层 (共6层) 2室1厅 | 61.15平米 | 南 北,https://ke-image.ljcdn.com/110000-inspection/pc1_YQOmeIZJA_1.jpg!m_fill,w_280,h_210,f_jpg?from=ke.com
20241031,通州,玉桥,101126714937,玉桥西里70号院  南北通透  正规两居,290万,32699元/平,顶层 (共6层) 2室2厅 | 88.69平米 | 南 北,https://ke-image.ljcdn.com/110000-inspection/fa011d65-0cbd-4d29-be1e-777011b0ec1d_1000.jpg!m_fill,w_280,h_210,f_jpg?from=ke.com
20241031,通州,玉桥,101126656879,源泉苑 2室2厅 南 北,202万,28451元/平,顶层 (共6层) 2室2厅 | 71平米 | 南 北,https://ke-image.ljcdn.com/110000-inspection/5e4fe56e-8814-4aeb-b439-d980ec450c17_1000.jpg!m_fill,w_280,h_210,f_jpg?from=ke.com
20241031,通州,玉桥,101126655877,幸福艺居明亮的两居室采光好格局方正视野开阔,228万,34520元/平,顶层 (共7层) | 2002年 | 2室2厅 | 66.05平米 | 东 南 西,https://ke-image.ljcdn.com/110000-inspection/pc1_jdZlKCoJD.jpg!m_fill,w_280,h_210,f_jpg?from=ke.com
20241031,通州,玉桥,101126554894,格兰晴天 中间楼层 中间位置 满五唯一 南北两居,436万,44806元/平,中楼层 (共6层) 2室1厅 | 97.31平米 | 南 北,https://ke-image.ljcdn.com/110000-inspection/a902b733-9e37-45fe-8af5-ce6f5419c882_1000.jpg!m_fill,w_280,h_210,f_jpg?from=ke.com
20241031,通州,玉桥,101126545621,玉桥东里,210万,40533元/平,低楼层 (共24层) | 2010年 | 1室1厅 | 51.81平米 | 西南,https://ke-image.ljcdn.com/110000-inspection/pc1_zODf9MdtR.jpg!m_fill,w_280,h_210,f_jpg?from=ke.com
20241031,通州,玉桥,101126537081,柳岸方园 满五唯一 电梯中层 南向带阳台 随时看,223万,40181元/平,低楼层 (共12层) | 2005年 | 1室0厅 | 55.5平米 | 南,https://ke-image.ljcdn.com/110000-inspection/5828226e-8078-433f-82ac-a985fcd63325_1000.jpg!m_fill,w_280,h_210,f_jpg?from=ke.com
20241031,通州,玉桥,101126528557,玉桥南里两居室南北通透卫生间带窗,285万,37192元/平,中楼层 (共6层) 3室1厅 | 76.63平米 | 南 北,https://ke-image.ljcdn.com/110000-inspection/pc1_sQ1o2hHpz.jpg!m_fill,w_280,h_210,f_jpg?from=ke.com
20241031,通州,玉桥,101126491240,合生滨江帝景一期南北通透大三居 视野好 位置佳,659万,42467元/平,顶层 (共27层) | 2014年 | 3室2厅 | 155.18平米 | 南 北,https://ke-image.ljcdn.com/110000-inspection/pc1_O1w5S1DtU_1.jpg!m_fill,w_280,h_210,f_jpg?from=ke.com
20241031,通州,玉桥,101126474088,玉桥南里 2室1厅 南 北,258万,45487元/平,底层 (共6层) | 1992年 | 2室1厅 | 56.72平米 | 南 北,https://ke-image.ljcdn.com/110000-inspection/pc1_fan34aJoC_1.jpg!m_fill,w_280,h_210,f_jpg?from=ke.com
20241031,通州,玉桥,101126380903,格兰晴天精装修经典三居业主诚心出售,629万,47979元/平,中楼层 (共9层) | 2004年 | 3室1厅 | 131.1平米 | 南 北,https://ke-image.ljcdn.com/110000-inspection/pc1_nUryn053l.jpg!m_fill,w_280,h_210,f_jpg?from=ke.com
20241031,通州,玉桥,101126330002,幸福艺居 2室1厅 南 北,342万,42596元/平,低楼层 (共7层) 2室1厅 | 80.29平米 | 南 北,https://ke-image.ljcdn.com/110000-inspection/pc1_8hhOydkTM.jpg!m_fill,w_280,h_210,f_jpg?from=ke.com
20241031,通州,玉桥,101126271668,格兰晴天 户型方正 南北户型 两居室 诚意出售,299万,38172元/平,底层 (共9层) 2室1厅 | 78.33平米 | 南 北,https://ke-image.ljcdn.com/110000-inspection/pc1_1rhCS701x.jpg!m_fill,w_280,h_210,f_jpg?from=ke.com
20241031,通州,玉桥,101126260416,源泉苑 1室2厅 南 北,168万,28976元/平,中楼层 (共6层) | 1999年 | 1室2厅 | 57.98平米 | 南 北,https://ke-image.ljcdn.com/110000-inspection/pc1_QvYMhHXyM_1.jpg!m_fill,w_280,h_210,f_jpg?from=ke.com
20241031,通州,玉桥,101126212262,合生滨江帝景一期 2室1厅 北 南,455万,51159元/平,中楼层 (共18层) | 2014年 | 2室1厅 | 88.94平米 | 北 南,https://ke-image.ljcdn.com/110000-inspection/2c0f284d-70b9-46e6-8543-4889306b72c2_1000.jpg!m_fill,w_280,h_210,f_jpg?from=ke.com
20241031,通州,玉桥,101126171796,源泉苑 2室1厅 南 北,208万,29255元/平,顶层 (共6层) | 2000年 | 2室1厅 | 71.1平米 | 南 北,https://ke-image.ljcdn.com/110000-inspection/c679e752-e966-47b7-af20-9c834da6dd8a_1000.jpg!m_fill,w_280,h_210,f_jpg?from=ke.com
20241031,通州,玉桥,101126135401,合生滨江帝景一期 3室2厅 南 北,659万,42500元/平,顶层 (共27层) | 2014年 | 3室2厅 | 155.06平米 | 南 北,https://ke-image.ljcdn.com/110000-inspection/pc1_HG1VsYfXn.jpg!m_fill,w_280,h_210,f_jpg?from=ke.com
20241031,通州,玉桥,101126109825,玉桥东里 3室2厅 南 北,290万,25642元/平,顶层 (共6层) 3室2厅 | 113.1平米 | 南 北,https://ke-image.ljcdn.com/110000-inspection/63b49d11-2ccd-400f-93db-eed23947e8b7_1000.jpg!m_fill,w_280,h_210,f_jpg?from=ke.com
20241031,通州,玉桥,101126041239,合生滨江帝景二期小区喷泉北侧不临街三居,725万,52226元/平,低楼层 (共18层) | 2016年 | 3室2厅 | 138.82平米 | 南 北,https://ke-image.ljcdn.com/110000-inspection/80abea1d-90b4-41f5-a161-dee26c556159_1000.jpg!m_fill,w_280,h_210,f_jpg?from=ke.com
20241031,通州,玉桥,101125983129,合生滨江帝景二期 16年次新房社区 中间位置 精装,710万,51536元/平,中楼层 (共18层) | 2016年 | 3室2厅 | 137.77平米 | 南 北,https://ke-image.ljcdn.com/110000-inspection/1248a3b4-fa1f-4dab-a011-2f0042e7ee36_1000.jpg!m_fill,w_280,h_210,f_jpg?from=ke.com
20241031,通州,玉桥,101125976857,幸福艺居 1室1厅 南 北房主自荐,229万,36390元/平,中楼层 (共6层) | 2004年 | 1室1厅 | 62.93平米 | 南 北,https://ke-image.ljcdn.com/110000-inspection/f2517a99-afbe-4cc6-bdfe-5361d2ecd9b1_1000.jpg!m_fill,w_280,h_210,f_jpg?from=ke.com
20241031,通州,玉桥,101125947921,美然百度城 3室2厅 南 北,450万,47289元/平,顶层 (共9层) 3室2厅 | 95.16平米 | 南 北,https://ke-image.ljcdn.com/110000-inspection/pc1_vq8wlF8V6_1.jpg!m_fill,w_280,h_210,f_jpg?from=ke.com
20241031,通州,玉桥,101125854921,妇幼家属楼 正规南北通透三居室 采光好 视野佳,324万,30129元/平,高楼层 (共6层) 3室2厅 | 107.54平米 | 南 北,https://ke-image.ljcdn.com/110000-inspection/pc1_MB3j8xjBI.jpg!m_fill,w_280,h_210,f_jpg?from=ke.com
20241031,通州,玉桥,101125791677,满五唯一南北通透采光好交通方便,349万,37451元/平,顶层 (共6层) | 2004年 | 2室2厅 | 93.19平米 | 南 北,https://ke-image.ljcdn.com/110000-inspection/a945a122-7291-4468-ae28-16ef86fab411_1000.jpg!m_fill,w_280,h_210,f_jpg?from=ke.com
20241031,通州,玉桥,101125782203,美然百度城南北通透3居低楼层精装修,560万,46808元/平,中楼层 (共5层) | 2002年 | 3室2厅 | 119.64平米 | 南 北,https://ke-image.ljcdn.com/110000-inspection/d8895871-f879-456f-bab8-7b3d87ca7824_1000.jpg!m_fill,w_280,h_210,f_jpg?from=ke.com
20241031,通州,玉桥,101125769593,京艺天朗雅园 双卧朝南全明三居 中间楼层 满五唯一,610万,48409元/平,中楼层 (共6层) 3室2厅 | 126.01平米 | 南 北,https://ke-image.ljcdn.com/110000-inspection/2aa221e9-0324-47a3-80c7-28655746f312_1000.jpg!m_fill,w_280,h_210,f_jpg?from=ke.com
20241031,通州,玉桥,101125768283,美然百度城 3室2厅 南 北,485万,40922元/平,中楼层 (共9层) 3室2厅 | 118.52平米 | 南 北,https://ke-image.ljcdn.com/110000-inspection/2039a1e8-776e-4e40-a48a-bca25cb94823_1000.jpg!m_fill,w_280,h_210,f_jpg?from=ke.com
20241031,通州,玉桥,101125752855,南北通透采光好一梯一户户型好,950万,49838元/平,低楼层 (共26层) 3室2厅 | 190.62平米 | 东 南 北,https://ke-image.ljcdn.com/110000-inspection/pc1_QGVEoOTfR.jpg!m_fill,w_280,h_210,f_jpg?from=ke.com
20241031,通州,玉桥,101125752482,玉桥南里 3室1厅 南 北,265万,29870元/平,顶层 (共6层) 3室1厅 | 88.72平米 | 南 北,https://ke-image.ljcdn.com/110000-inspection/pc1_9CDpni2Xz_1.jpg!m_fill,w_280,h_210,f_jpg?from=ke.com
20241031,通州,玉桥,101125678439,格兰晴天  板楼三层三居    满5唯一房主自荐,498万,47597元/平,中楼层 (共6层) 3室2厅 | 104.63平米 | 南 北,https://ke-image.ljcdn.com/110000-inspection/bdccdf25-6949-4dbd-bfcf-909ea95608af_1000.jpg!m_fill,w_280,h_210,f_jpg?from=ke.com
20241031,通州,玉桥,101125667915,幸福艺居 1室1厅 东 西,175万,36270元/平,高楼层 (共7层) 1室1厅 | 48.25平米 | 东 西,https://ke-image.ljcdn.com/110000-inspection/pc1_g1fxRH2RK.jpg!m_fill,w_280,h_210,f_jpg?from=ke.com
20241031,通州,玉桥,101125632000,合生滨江帝景二期 精装修南北两居室 新换的系统窗,449万,49190元/平,低楼层 (共18层) | 2015年 | 2室1厅 | 91.28平米 | 南 北,https://ke-image.ljcdn.com/110000-inspection/pc1_yrJwdnTAq_1.jpg!m_fill,w_280,h_210,f_jpg?from=ke.com
20241031,通州,玉桥,101125433190,南向大阳台  采光好 电梯房  装修位置好,215万,38739元/平,低楼层 (共12层) | 2005年 | 1室1厅 | 55.5平米 | 南,https://ke-image.ljcdn.com/110000-inspection/10eabd5f-ac0f-4a6e-8ae2-0af80afd2931_1000.jpg!m_fill,w_280,h_210,f_jpg?from=ke.com
20241031,通州,玉桥,101125423918,落地窗满五唯一南北通透采光好交通方便,419万,43152元/平,中楼层 (共6层) | 2004年 | 2室2厅 | 97.1平米 | 南 北,https://ke-image.ljcdn.com/110000-inspection/bc96d9cb-5fb7-4b29-a260-cdab081e1467_1000.jpg!m_fill,w_280,h_210,f_jpg?from=ke.com
20241031,通州,玉桥,101125368963,滨江二期南北通透精装两居室一天未入住满五唯一诚售房主自荐,459万,50285元/平,中楼层 (共18层) | 2015年 | 2室2厅 | 91.28平米 | 南 北,https://ke-image.ljcdn.com/110000-inspection/pc1_eeDXTUNqx_1.jpg!m_fill,w_280,h_210,f_jpg?from=ke.com
20241031,通州,玉桥,101125360249,欣艺景园 南北通透 电梯房 卫生间有窗户,443万,49288元/平,低楼层 (共15层) 2室1厅 | 89.88平米 | 南 北,https://ke-image.ljcdn.com/110000-inspection/44a4aba5-3d43-47a4-b290-3502246772d0_1000.jpg!m_fill,w_280,h_210,f_jpg?from=ke.com
20241031,通州,玉桥,101125250126,玉桥东路19号院 南北2居 精装修 满5年诚心出售,330万,37142元/平,高楼层 (共6层) 2室1厅 | 88.85平米 | 南 北,https://ke-image.ljcdn.com/110000-inspection/pc1_GibtHv76L.jpg!m_fill,w_280,h_210,f_jpg?from=ke.com
20241031,通州,玉桥,101125241182,远洋东方公馆满五唯一 南北通透三居全明户型,919万,51787元/平,顶层 (共26层) | 2012年 | 3室2厅 | 177.46平米 | 南 北,https://ke-image.ljcdn.com/110000-inspection/bb15d1a3-857f-47b9-b3e0-5e03b519ae13_1000.jpg!m_fill,w_280,h_210,f_jpg?from=ke.com
20241031,通州,玉桥,101125229364,远洋东方公馆 2室1厅 南 北,660万,48434元/平,底层 (共18层) 2室1厅 | 136.27平米 | 南 北,https://ke-image.ljcdn.com/110000-inspection/517c06f7-6806-47fe-ab94-2e8e64f0a24f_1000.jpg!m_fill,w_280,h_210,f_jpg?from=ke.com
20241031,通州,玉桥,101125173661,合生滨江帝景一期 精装三居 高楼层无遮挡 产权清晰,535万,47713元/平,高楼层 (共27层) | 2014年 | 3室1厅 | 112.13平米 | 南,https://ke-image.ljcdn.com/110000-inspection/pc1_NTUEFubc4.jpg!m_fill,w_280,h_210,f_jpg?from=ke.com
20241031,通州,玉桥,101125131242,低楼层格局利用高不浪费面积旁边通州的 亮堂房主自荐,349万,43625元/平,低楼层 (共7层) 2室2厅 | 80平米 | 南 北,https://ke-image.ljcdn.com/110000-inspection/6fd995b4-0250-4bcb-a898-c37124946ae8_1000.jpg!m_fill,w_280,h_210,f_jpg?from=ke.com
20241031,通州,玉桥,101125100579,合生滨江帝景一期 3室1厅 南,538万,47916元/平,高楼层 (共27层) | 2014年 | 3室1厅 | 112.28平米 | 南,https://ke-image.ljcdn.com/110000-inspection/pc1_4AEphGehW_1.jpg!m_fill,w_280,h_210,f_jpg?from=ke.com
20241031,通州,玉桥,101125039339,格兰晴天 2室1厅 南 北,338万,43251元/平,低楼层 (共9层) 2室1厅 | 78.15平米 | 南 北,https://ke-image.ljcdn.com/110000-inspection/ce828d20-e2e9-4a0c-9088-b834e5ec9df9_1000.jpg!m_fill,w_280,h_210,f_jpg?from=ke.com
20241031,通州,玉桥,101124990653,柳岸方园 满五年唯一  户型方正 电梯中高楼层,609万,47412元/平,中楼层 (共11层) 3室1厅 | 128.45平米 | 南 北,https://ke-image.ljcdn.com/110000-inspection/pc1_PxAOiaIu2.jpg!m_fill,w_280,h_210,f_jpg?from=ke.com
20241031,通州,玉桥,101124974301,玉桥东里 南向1居室 2010年 带电梯 满五住房,200万,40808元/平,中楼层 (共11层) 1室1厅 | 49.01平米 | 南,https://ke-image.ljcdn.com/110000-inspection/pc1_4TFk6rdOc.jpg!m_fill,w_280,h_210,f_jpg?from=ke.com
20241031,通州,玉桥,101124960156,玉桥南里 2室1厅 南 北,235万,36497元/平,低楼层 (共6层) 2室1厅 | 64.39平米 | 南 北,https://ke-image.ljcdn.com/110000-inspection/pc1_ZGwD4EVs9.jpg!m_fill,w_280,h_210,f_jpg?from=ke.com
20241031,通州,玉桥,101124954762,玉桥南里 2室1厅 南 北,190万,38191元/平,中楼层 (共6层) 2室1厅 | 49.75平米 | 南 北,https://ke-image.ljcdn.com/110000-inspection/f61e5da1-cd66-41b6-8623-ed1904000096_1000.jpg!m_fill,w_280,h_210,f_jpg?from=ke.com
20241031,通州,玉桥,101124940930,格兰晴天 满五唯一 南北通透 户型方正 全明格局,283万,34930元/平,顶层 (共6层) | 2004年 | 2室1厅 | 81.02平米 | 南 北,https://ke-image.ljcdn.com/110000-inspection/pc1_615GGpD46.jpg!m_fill,w_280,h_210,f_jpg?from=ke.com
20241031,通州,玉桥,101124919755,源泉苑 3室1厅 南 北,285万,34621元/平,高楼层 (共6层) | 2001年 | 3室1厅 | 82.32平米 | 南 北,https://ke-image.ljcdn.com/110000-inspection/ac9303b6-bd70-425b-b711-07ae543b220c_1000.jpg!m_fill,w_280,h_210,f_jpg?from=ke.com
20241031,通州,玉桥,101124866010,柳岸方园 南北通透 电梯居室,479万,45620元/平,高楼层 (共11层) | 2005年 | 2室1厅 | 105平米 | 南 北,https://ke-image.ljcdn.com/110000-inspection/pc1_3JFDRuJq3.jpg!m_fill,w_280,h_210,f_jpg?from=ke.com
20241031,通州,玉桥,101124767723,玉桥东里精装三居室南北通透满五唯一商品房诚心出售房主自荐,370万,42335元/平,高楼层 (共22层) | 2010年 | 2室1厅 | 87.4平米 | 南 北,https://ke-image.ljcdn.com/110000-inspection/pc1_bCfsf2917.jpg!m_fill,w_280,h_210,f_jpg?from=ke.com
20241031,通州,玉桥,101124731318,玉桥东路19号院 2室1厅 南 北,345万,38419元/平,中楼层 (共6层) 2室1厅 | 89.8平米 | 南 北,https://ke-image.ljcdn.com/110000-inspection/8831e5df-b3c0-44f0-bbe5-f3075da49638_1000.jpg!m_fill,w_280,h_210,f_jpg?from=ke.com
20241031,通州,玉桥,101124719667,玉桥南里满五唯一小区改造完成,189万,30717元/平,顶层 (共6层) 2室1厅 | 61.53平米 | 南 北,https://ke-image.ljcdn.com/110000-inspection/pc1_wMdYdyCBb.jpg!m_fill,w_280,h_210,f_jpg?from=ke.com
20241031,通州,玉桥,101124633746,幸福艺居 1室1厅 南,245万,38933元/平,高楼层 (共6层) | 2004年 | 1室1厅 | 62.93平米 | 南,https://ke-image.ljcdn.com/110000-inspection/pc1_btYYwaI6O_1.jpg!m_fill,w_280,h_210,f_jpg?from=ke.com
20241031,通州,玉桥,101124517136,精装修两居室拎包入住 全屋地暖 全明格局。房主自荐,440万,48098元/平,低楼层 (共18层) | 2015年 | 2室1厅 | 91.48平米 | 南 北,https://ke-image.ljcdn.com/110000-inspection/b00f73b1-d37a-4d55-abda-b5c3baa43294_1000.jpg!m_fill,w_280,h_210,f_jpg?from=ke.com
20241031,通州,玉桥,101124489814,京艺天朗 2室1厅 南 北,330万,41432元/平,中楼层 (共12层) | 2004年 | 2室1厅 | 79.65平米 | 南 北,https://ke-image.ljcdn.com/110000-inspection/893ca4e1-4948-4ab1-8a1f-0a43ca7dffd5_1000.jpg!m_fill,w_280,h_210,f_jpg?from=ke.com
20241031,通州,玉桥,101124411292,幸福艺居 精装大2居 业主诚心出售 空间大 装修好房主自荐,299万,33286元/平,顶层 (共6层) 2室2厅 | 89.83平米 | 东 西,https://ke-image.ljcdn.com/110000-inspection/2d67b9d4-f81d-426c-a9f1-a7be7b8cd405_1000.jpg!m_fill,w_280,h_210,f_jpg?from=ke.com
20241031,通州,玉桥,101124350921,合生滨江帝景一期 3室2厅 南 北,698万,44856元/平,高楼层 (共27层) | 2014年 | 3室2厅 | 155.61平米 | 南 北,https://ke-image.ljcdn.com/110000-inspection/pc1_DHH1wFZYc.jpg!m_fill,w_280,h_210,f_jpg?from=ke.com
20241031,通州,玉桥,101124317202,玉桥东里,350万,40065元/平,中楼层 (共24层) | 2010年 | 3室1厅 | 87.36平米 | 南 北,https://ke-image.ljcdn.com/110000-inspection/pc1_2VkuScrLM_1.jpg!m_fill,w_280,h_210,f_jpg?from=ke.com
20241031,通州,玉桥,101124250130,玉桥商圈 京艺天朗南想一居室精装修满五唯一,256万,43926元/平,中楼层 (共12层) | 2004年 | 1室1厅 | 58.28平米 | 南,https://ke-image.ljcdn.com/110000-inspection/pc1_GZralwLmE.jpg!m_fill,w_280,h_210,f_jpg?from=ke.com
20241031,通州,玉桥,101124158526,幸福艺居 3室2厅 南 北,548万,46611元/平,低楼层 (共7层) 3室2厅 | 117.57平米 | 南 北,https://ke-image.ljcdn.com/110000-inspection/pc1_l9jXZS4aI.jpg!m_fill,w_280,h_210,f_jpg?from=ke.com
20241031,通州,玉桥,101124137214,远洋东方公馆 满五年唯一 中楼层 南北通透 采光好房主自荐,938万,52204元/平,低楼层 (共26层) 3室2厅 | 179.68平米 | 南 北,https://ke-image.ljcdn.com/110000-inspection/pc1_s9SeM9xfn.jpg!m_fill,w_280,h_210,f_jpg?from=ke.com
20241031,通州,玉桥,101124119175,幸福艺居此房满五唯一南北双通透采光通风效果佳,496万,42188元/平,中楼层 (共7层) 3室2厅 | 117.57平米 | 南 北,https://ke-image.ljcdn.com/110000-inspection/pc1_AhETW51nT_1.jpg!m_fill,w_280,h_210,f_jpg?from=ke.com
20241031,通州,玉桥,101124076535,玉桥板块   满五唯一  带电梯  视野好,210万,40565元/平,高楼层 (共12层) | 2004年 | 1室1厅 | 51.77平米 | 北,https://ke-image.ljcdn.com/110000-inspection/pc1_WfJxWFWHf_1.jpg!m_fill,w_280,h_210,f_jpg?from=ke.com
20241031,通州,玉桥,101124018772,玉桥南里 少有一居户型 大客厅 卧室朝南带阳台,165万,34884元/平,顶层 (共6层) 1室1厅 | 47.3平米 | 南,https://ke-image.ljcdn.com/110000-inspection/3a5e14fd-b3f8-4b5c-9186-b21e0c735a68_1000.jpg!m_fill,w_280,h_210,f_jpg?from=ke.com
20241031,通州,玉桥,101124017199,合生滨江帝景一期南向高楼层2居室诚意出售,430万,48051元/平,高楼层 (共18层) | 2014年 | 2室1厅 | 89.49平米 | 南,https://ke-image.ljcdn.com/110000-inspection/pc1_3o3wUVu4A.jpg!m_fill,w_280,h_210,f_jpg?from=ke.com
20241031,通州,玉桥,101123970090,合生滨江帝景一期 2室1厅 南,460万,51351元/平,中楼层 (共18层) 2室1厅 | 89.58平米 | 南,https://ke-image.ljcdn.com/110000-inspection/d996cfae-8b63-4266-baa7-a51710ad6e3f_1000.jpg!m_fill,w_280,h_210,f_jpg?from=ke.com
20241031,通州,玉桥,101123923024,幸福艺居精装1居室户型方正业主诚意出售,233万,35792元/平,高楼层 (共6层) | 2004年 | 1室1厅 | 65.1平米 | 南 北,https://ke-image.ljcdn.com/110000-inspection/96b20fd2-a1cb-414d-b00a-e01587f19604_1000.jpg!m_fill,w_280,h_210,f_jpg?from=ke.com
20241031,通州,玉桥,101123876733,房子南向精装修 拎包入住 中间楼层无遮挡 随时签约,418万,46158元/平,低楼层 (共18层) 2室1厅 | 90.56平米 | 南,https://ke-image.ljcdn.com/110000-inspection/35d1b297-b56c-42c5-ad36-3ab41660169a_1000.jpg!m_fill,w_280,h_210,f_jpg?from=ke.com
20241031,通州,玉桥,101123843283,美然百度城 正规一居室采光好 诚心出售 落地窗,175万,37692元/平,中楼层 (共5层) | 2002年 | 1室1厅 | 46.43平米 | 东,https://ke-image.ljcdn.com/110000-inspection/pc1_9jypT63nj.jpg!m_fill,w_280,h_210,f_jpg?from=ke.com
20241031,通州,玉桥,101123809534,玉桥东路19号院满五唯一商品房南北通透诚意出售,310万,34672元/平,顶层 (共6层) 2室1厅 | 89.41平米 | 南 北,https://ke-image.ljcdn.com/110000-inspection/pc1_hSKAeyueo.jpg!m_fill,w_280,h_210,f_jpg?from=ke.com
20241031,通州,玉桥,101123793535,远洋东方公馆 正规三居室 南北通透 大三居室,1100万,63991元/平,中楼层 (共18层) 3室2厅 | 171.9平米 | 南 北,https://ke-image.ljcdn.com/110000-inspection/pc1_9hOPdFhj6.jpg!m_fill,w_280,h_210,f_jpg?from=ke.com
20241031,通州,玉桥,101123793094,合生滨江帝景二期 南向对花园 无遮挡,408万,44989元/平,低楼层 (共18层) | 2015年 | 2室1厅 | 90.69平米 | 南,https://ke-image.ljcdn.com/110000-inspection/pc1_zt7LI2HVF.jpg!m_fill,w_280,h_210,f_jpg?from=ke.com
20241031,通州,玉桥,101123768682,源泉苑 2室1厅 南 北,222万,31557元/平,高楼层 (共6层) 2室1厅 | 70.35平米 | 南 北,https://ke-image.ljcdn.com/110000-inspection/b6f39ba9-845f-44e2-ad92-89378600316e_1000.jpg!m_fill,w_280,h_210,f_jpg?from=ke.com
20241031,通州,玉桥,101123737849,南北通透精装自住视野开阔满五唯一随时可看,749万,54146元/平,低楼层 (共18层) | 2016年 | 3室2厅 | 138.33平米 | 南 北,https://ke-image.ljcdn.com/110000-inspection/b6b38aeb-2708-4282-a424-1bccdde74730_1000.jpg!m_fill,w_280,h_210,f_jpg?from=ke.com
20241031,通州,玉桥,101123705784,合生滨江帝景二期 中间位置 精装修 东户三居,750万,54219元/平,低楼层 (共18层) | 2016年 | 3室2厅 | 138.33平米 | 南 北,https://ke-image.ljcdn.com/110000-inspection/pc1_yPoIIAcHq.jpg!m_fill,w_280,h_210,f_jpg?from=ke.com
20241031,通州,玉桥,101123689934,远洋高楼层精装修   双卧室朝南   看房随时,1150万,63847元/平,高楼层 (共26层) | 2012年 | 3室2厅 | 180.12平米 | 南 北,https://ke-image.ljcdn.com/110000-inspection/pc1_WgKGkVMr8_1.jpg!m_fill,w_280,h_210,f_jpg?from=ke.com
20241031,通州,玉桥,101123598663,玉桥商圈  地税局家属院南北通透两居室,340万,37930元/平,底层 (共6层) 2室1厅 | 89.64平米 | 南 北,https://ke-image.ljcdn.com/110000-inspection/bb30f32e-9531-4c24-b360-3fcafc9ef440_1000.jpg!m_fill,w_280,h_210,f_jpg?from=ke.com
20241031,通州,玉桥,101123436584,玉桥南里 1室1厅 南,199万,40563元/平,底层 (共6层) 1室1厅 | 49.06平米 | 南,https://ke-image.ljcdn.com/110000-inspection/pc1_dctTznndO.jpg!m_fill,w_280,h_210,f_jpg?from=ke.com
20241031,通州,玉桥,101123394819,合生滨江帝景一期 精装大三居 中楼层 没有遮挡 视野好,780万,50330元/平,中楼层 (共27层) | 2014年 | 3室2厅 | 154.98平米 | 南 北,https://ke-image.ljcdn.com/110000-inspection/f9812ef8-4ed6-4adf-8b19-0b7c2a00371e_1000.jpg!m_fill,w_280,h_210,f_jpg?from=ke.com
20241031,通州,玉桥,101123384338,合生滨江帝景一期 3室2厅 南 北,698万,45349元/平,低楼层 (共27层) | 2014年 | 3室2厅 | 153.92平米 | 南 北,https://ke-image.ljcdn.com/110000-inspection/pc1_v7r5CZp85.jpg!m_fill,w_280,h_210,f_jpg?from=ke.com
20241031,通州,玉桥,101123383130,远洋东方公馆 3室2厅 南 北,990万,51267元/平,低楼层 (共26层) | 2012年 | 3室2厅 | 193.11平米 | 南 北,https://ke-image.ljcdn.com/110000-inspection/pc1_aaTtAxjPy.jpg!m_fill,w_280,h_210,f_jpg?from=ke.com
20241031,通州,玉桥,101123332322,满五唯一 南北通透两居室 明厨明卫,246万,34969元/平,低楼层 (共6层) 2室1厅 | 70.35平米 | 南 北,https://ke-image.ljcdn.com/110000-inspection/65462c72-073e-4548-bc68-7c609be86650_1000.jpg!m_fill,w_280,h_210,f_jpg?from=ke.com
20241031,通州,玉桥,101123314974,幸福艺居低层优质两居室满五唯一户型方正南北通透,336万,40125元/平,底层 (共6层) | 2004年 | 2室1厅 | 83.74平米 | 南 北,https://ke-image.ljcdn.com/110000-inspection/8a90b9f8-847c-4ee3-a7e2-c85e59091959_1000.jpg!m_fill,w_280,h_210,f_jpg?from=ke.com
20241031,通州,玉桥,101123293810,玉桥南里满五年不临街小区已经改造完成,158万,32591元/平,高楼层 (共6层) 1室1厅 | 48.48平米 | 南 北,https://ke-image.ljcdn.com/110000-inspection/pc1_Lxf1QBiDF_1.jpg!m_fill,w_280,h_210,f_jpg?from=ke.com
20241031,通州,玉桥,101123260918,南北通透 楼层合适 视野开阔 格局方正,290万,34292元/平,顶层 (共6层) 2室1厅 | 84.57平米 | 南 北,https://ke-image.ljcdn.com/110000-inspection/pc1_VAiYwuFDU.jpg!m_fill,w_280,h_210,f_jpg?from=ke.com
20241031,通州,玉桥,101123260794,源泉苑 2室1厅 南 北,242万,34037元/平,中楼层 (共6层) 2室1厅 | 71.1平米 | 南 北,https://ke-image.ljcdn.com/110000-inspection/pc1_WzKjUH591.jpg!m_fill,w_280,h_210,f_jpg?from=ke.com
20241031,通州,玉桥,101123246209,玉桥东路19号院 满五唯一低楼层,360万,40161元/平,低楼层 (共6层) 2室1厅 | 89.64平米 | 南 北,https://ke-image.ljcdn.com/110000-inspection/pc1_c0YrgxH85.jpg!m_fill,w_280,h_210,f_jpg?from=ke.com
20241031,通州,玉桥,101123181662,幸福艺居 南北通透中间楼层没有遮挡采光充足,346万,42791元/平,中楼层 (共7层) 2室1厅 | 80.86平米 | 南 北,https://ke-image.ljcdn.com/110000-inspection/pc1_foFRWyGXR.jpg!m_fill,w_280,h_210,f_jpg?from=ke.com
20241031,通州,玉桥,101123135028,远洋东方公馆 3室2厅 南 北,898万,48392元/平,底层 (共26层) | 2012年 | 3室2厅 | 185.57平米 | 南 北,https://ke-image.ljcdn.com/110000-inspection/pc1_qMUnLKyr5_1.jpg!m_fill,w_280,h_210,f_jpg?from=ke.com
20241031,通州,玉桥,101123042682,幸福艺居 3室1厅 南 北,578万,42037元/平,中楼层 (共6层) | 2004年 | 3室1厅 | 137.5平米 | 南 北,https://ke-image.ljcdn.com/110000-inspection/pc1_4vGmBA6hD.jpg!m_fill,w_280,h_210,f_jpg?from=ke.com
20241031,通州,玉桥,101123037836,远洋东方公馆玉桥西里公园社区环境好,1100万,62077元/平,高楼层 (共26层) | 2012年 | 3室2厅 | 177.2平米 | 南 北,https://ke-image.ljcdn.com/110000-inspection/pc1_5b2l8zT6m_1.jpg!m_fill,w_280,h_210,f_jpg?from=ke.com
20241031,通州,玉桥,101122998801,玉桥东里,205万,39568元/平,中楼层 (共24层) | 2010年 | 1室1厅 | 51.81平米 | 南,https://ke-image.ljcdn.com/110000-inspection/pc1_r08oGmo11_1.jpg!m_fill,w_280,h_210,f_jpg?from=ke.com
20241031,通州,玉桥,101122980699,满五唯一南北通透楼层好采光好配套齐全,385万,44213元/平,中楼层 (共6层) | 2008年 | 2室1厅 | 87.08平米 | 南 北,https://ke-image.ljcdn.com/110000-inspection/pc1_7o0jp8tTs.jpg!m_fill,w_280,h_210,f_jpg?from=ke.com
20241031,通州,玉桥,101122932760,玉桥东里 南北1居室 商品房 满5唯一 电梯房房主自荐,210万,38030元/平,高楼层 (共21层) | 2010年 | 1室1厅 | 55.22平米 | 南 北 西,https://ke-image.ljcdn.com/110000-inspection/pc1_bz03EYMg6_1.jpg!m_fill,w_280,h_210,f_jpg?from=ke.com
20241031,通州,玉桥,101122864224,精装修 南北通透 中间楼层 正规三居 满五唯一,435万,44266元/平,中楼层 (共6层) 3室1厅 | 98.27平米 | 南 北,https://ke-image.ljcdn.com/110000-inspection/pc1_lKZwebHr1.jpg!m_fill,w_280,h_210,f_jpg?from=ke.com
20241031,通州,玉桥,101122313962,玉桥南里 2室2厅 南 北,325万,37177元/平,底层 (共6层) | 1997年 | 2室2厅 | 87.42平米 | 南 北,https://ke-image.ljcdn.com/110000-inspection/pc1_h9vxhD65o_1.jpg!m_fill,w_280,h_210,f_jpg?from=ke.com
20241031,通州,玉桥,101122285104,玉桥南里三居室户型方正南北通透楼层好视野好,413万,37512元/平,低楼层 (共6层) | 1997年 | 3室1厅 | 110.1平米 | 南 北,https://ke-image.ljcdn.com/110000-inspection/pc1_NHdN2ybm0.jpg!m_fill,w_280,h_210,f_jpg?from=ke.com
20241031,通州,玉桥,101121500962,玉桥南里南北通透2居室诚意出售,259万,37374元/平,中楼层 (共6层) 2室1厅 | 69.3平米 | 南 北,https://ke-image.ljcdn.com/110000-inspection/pc1_AR6pTQ4Jq.jpg!m_fill,w_280,h_210,f_jpg?from=ke.com
20241031,通州,玉桥,101121491983,玉桥南里 2室1厅 南,249万,36818元/平,中楼层 (共6层) 2室1厅 | 67.63平米 | 南,https://ke-image.ljcdn.com/110000-inspection/pc1_IPDSo5IrG.jpg!m_fill,w_280,h_210,f_jpg?from=ke.com
20241031,通州,玉桥,101121150087,幸福艺居 满五唯一 南北通透 采光充足 正规两居室,368万,39677元/平,中楼层 (共7层) 2室2厅 | 92.75平米 | 南 北,https://ke-image.ljcdn.com/110000-inspection/pc1_ne6iUkSRo.jpg!m_fill,w_280,h_210,f_jpg?from=ke.com
20241031,通州,玉桥,101120974483,幸福艺居 房子是精装修的东西通透采光和视野很好,275万,32338元/平,高楼层 (共7层) 2室1厅 | 85.04平米 | 东 西,https://ke-image.ljcdn.com/110000-inspection/pc1_IAiqfR28K_1.jpg!m_fill,w_280,h_210,f_jpg?from=ke.com
20241031,通州,玉桥,101120903336,精装3居品质社区业主诚售随时看房,518万,46176元/平,低楼层 (共27层) | 2014年 | 3室1厅 | 112.18平米 | 南,https://ke-image.ljcdn.com/110000-inspection/pc1_cpzQUSN4t.jpg!m_fill,w_280,h_210,f_jpg?from=ke.com
20241031,通州,玉桥,101119517133,幸福艺居 南北通透 客厅朝南 卧室朝南 就这栋楼有,230万,36549元/平,高楼层 (共6层) | 2004年 | 1室1厅 | 62.93平米 | 南 北,https://ke-image.ljcdn.com/110000-inspection/pc1_6o3hIX2pr.jpg!m_fill,w_280,h_210,f_jpg?from=ke.com
20241031,通州,玉桥,101118706313,幸福艺居南北双通透三居不临街不把边,451万,37574元/平,高楼层 (共7层) | 2002年 | 3室2厅 | 120.03平米 | 南 北,https://ke-image.ljcdn.com/110000-inspection/83906c85-49e1-4ec9-af48-4039b4ad18e5_1000.jpg!m_fill,w_280,h_210,f_jpg?from=ke.com
20241031,通州,玉桥,101127324869,玉桥南里 1室1厅 南 北新上,149万,28621元/平,顶层 (共6层) 1室1厅 | 52.06平米 | 南 北,https://ke-image.ljcdn.com/110000-inspection/7a559387-83e7-45f9-8819-cff30170fb44_1000.jpg!m_fill,w_280,h_210,f_jpg?from=ke.com
20241031,通州,玉桥,101127320369,京艺天朗 2室1厅 南 北新上,290万,33011元/平,顶层 (共6层) | 2004年 | 2室1厅 | 87.85平米 | 南 北,https://ke-image.ljcdn.com/110000-inspection/pc1_k31vjcoHw.jpg!m_fill,w_280,h_210,f_jpg?from=ke.com
20241031,通州,玉桥,101127317321,幸福艺居 2室1厅 南 北新上,335万,41724元/平,中楼层 (共7层) | 2002年 | 2室1厅 | 80.29平米 | 南 北,https://ke-image.ljcdn.com/110000-inspection/pc1_55d9w3he8.jpg!m_fill,w_280,h_210,f_jpg?from=ke.com
20241031,通州,玉桥,101127305115,公路局家属楼 2室1厅 南 北新上,210万,34230元/平,顶层 (共6层) | 1992年 | 2室1厅 | 61.35平米 | 南 北,https://ke-image.ljcdn.com/110000-inspection/pc1_fHbM1ZbxA.jpg!m_fill,w_280,h_210,f_jpg?from=ke.com
20241031,通州,玉桥,101127304591,高层南北通透全明两居视野开阔采光好二期中新上,430万,47108元/平,高楼层 (共18层) | 2015年 | 2室1厅 | 91.28平米 | 南 北,https://ke-image.ljcdn.com/110000-inspection/pc1_Y7uyY0k5q_1.jpg!m_fill,w_280,h_210,f_jpg?from=ke.com
20241031,通州,玉桥,101127269617,玉桥南里南北通透两居室满五唯一新上,210万,28287元/平,顶层 (共6层) 2室1厅 | 74.24平米 | 南 北,https://ke-image.ljcdn.com/110000-inspection/pc1_8mW7bUEhE_1.jpg!m_fill,w_280,h_210,f_jpg?from=ke.com
20241031,通州,玉桥,101127263000,幸福艺居 1室1厅 南 北新上,175万,34709元/平,顶层 (共6层) | 2005年 | 1室1厅 | 50.42平米 | 南 北,https://ke-image.ljcdn.com/110000-inspection/pc1_0WD4UNbhA.jpg!m_fill,w_280,h_210,f_jpg?from=ke.com
20241031,通州,玉桥,101127246880,满五年唯一电梯房楼层好视觉开阔采光足新上,449万,45719元/平,高楼层 (共18层) 2室2厅 | 98.21平米 | 西南 南,https://ke-image.ljcdn.com/110000-inspection/pc1_XeTT6E9fx.jpg!m_fill,w_280,h_210,f_jpg?from=ke.com
20241031,通州,玉桥,101127236388,玉桥南里 南北通透三居 满五唯一 无户口、无贷款新上,282万,30036元/平,顶层 (共6层) 3室1厅 | 93.89平米 | 南 北,https://ke-image.ljcdn.com/110000-inspection/pc1_vUSs3Rrau.jpg!m_fill,w_280,h_210,f_jpg?from=ke.com
20241031,通州,玉桥,101127232754,合生二期次新房社区满五唯一一层带下跃诚心卖新上,698万,70158元/平,底层 (共18层) | 2016年 | 6室2厅 | 99.49平米 | 南,https://ke-image.ljcdn.com/110000-inspection/pc1_Km4sDcIgP.jpg!m_fill,w_280,h_210,f_jpg?from=ke.com
20241031,通州,玉桥,101127220395,地税局家属院  南北两居 满五年 停车免费管理好房主自荐,298万,33540元/平,高楼层 (共6层) 2室2厅 | 88.85平米 | 南 北,https://ke-image.ljcdn.com/110000-inspection/92c47122-c91d-4f19-9e5d-4aacab305bc0_1000.jpg!m_fill,w_280,h_210,f_jpg?from=ke.com
20241031,通州,玉桥,101127202476,合生滨江小区南向两居室精装修满五唯一视野开阔诚售,399万,44586元/平,顶层 (共18层) | 2014年 | 2室1厅 | 89.49平米 | 南,https://ke-image.ljcdn.com/110000-inspection/pc1_uxzbe0zCY_1.jpg!m_fill,w_280,h_210,f_jpg?from=ke.com
20241031,通州,玉桥,101127198501,格兰晴天 2室1厅 南,430万,46745元/平,中楼层 (共9层) 2室1厅 | 91.99平米 | 南,https://ke-image.ljcdn.com/110000-inspection/879b4edf-d1d7-42c0-9a0e-a0033a7588da_1000.jpg!m_fill,w_280,h_210,f_jpg?from=ke.com
20241031,通州,玉桥,101127195982,玉桥南里 2室1厅 南 北,258万,34304元/平,高楼层 (共6层) 2室1厅 | 75.21平米 | 南 北,https://ke-image.ljcdn.com/110000-inspection/pc1_w0hkrwmcQ.jpg!m_fill,w_280,h_210,f_jpg?from=ke.com
20241031,通州,玉桥,101127180426,格兰晴天中间楼层南北通透四居室格局好采光棒,635万,45074元/平,中楼层 (共6层) 4室1厅 | 140.88平米 | 南 北,https://ke-image.ljcdn.com/110000-inspection/95afd9cb-75b1-4b8a-8265-7b5f06a133f6_1000.jpg!m_fill,w_280,h_210,f_jpg?from=ke.com
20241031,通州,玉桥,101127179710,幸福艺居南北通透三居室满五唯一,496万,41618元/平,中楼层 (共7层) | 2002年 | 3室1厅 | 119.18平米 | 南 北,https://ke-image.ljcdn.com/110000-inspection/pc1_pHLKh3C5A_1.jpg!m_fill,w_280,h_210,f_jpg?from=ke.com
20241031,通州,玉桥,101127128700,叠拼别墅户型方正南北通透带车库,720万,31373元/平,中楼层 (共4层) 4室2厅 | 229.5平米 | 南 北,https://ke-image.ljcdn.com/110000-inspection/pc1_MEAC1Wpry.jpg!m_fill,w_280,h_210,f_jpg?from=ke.com
20241031,通州,玉桥,101127089378,源泉苑中间楼栋南北通透户型方正全明格局诚心出售,213万,29958元/平,顶层 (共6层) 2室1厅 | 71.1平米 | 南 北,https://ke-image.ljcdn.com/110000-inspection/pc1_3GqanEg8m.jpg!m_fill,w_280,h_210,f_jpg?from=ke.com
20241031,通州,玉桥,101127081726,合生滨江帝景一期 3室1厅 南,620万,55293元/平,中楼层 (共27层) 3室1厅 | 112.13平米 | 南,https://ke-image.ljcdn.com/110000-inspection/9849c18e-d5cc-492a-a738-c84fe48078c3_1000.jpg!m_fill,w_280,h_210,f_jpg?from=ke.com
20241031,通州,玉桥,101127074770,精装南北通透三居两卫业主自住看房方便中间层,725万,46929元/平,低楼层 (共27层) | 2014年 | 3室2厅 | 154.49平米 | 南 北,https://ke-image.ljcdn.com/110000-inspection/2f67a06a-d1c7-4b6c-8d90-5cc75947e7eb_1000.jpg!m_fill,w_280,h_210,f_jpg?from=ke.com
20241031,通州,玉桥,101127069198,格兰晴天 3室2厅 南 北,618万,48124元/平,高楼层 (共6层) 3室2厅 | 128.42平米 | 南 北,https://ke-image.ljcdn.com/110000-inspection/2f9d2cdb-3813-4e1d-8a03-7a2559ea60a4_1000.jpg!m_fill,w_280,h_210,f_jpg?from=ke.com
20241031,通州,玉桥,101127069048,远洋东方公馆 3室1厅 南 北 西,800万,54304元/平,底层 (共18层) 3室1厅 | 147.32平米 | 南 北 西,https://ke-image.ljcdn.com/110000-inspection/pc1_yHhBTdOtU_1.jpg!m_fill,w_280,h_210,f_jpg?from=ke.com
20241031,通州,玉桥,101127065742,远洋东方公馆 3室2厅 南 北,1250万,65576元/平,高楼层 (共26层) 3室2厅 | 190.62平米 | 南 北,https://ke-image.ljcdn.com/110000-inspection/57c98a18-357d-4f75-8ac0-0419d29a10b8_1000.jpg!m_fill,w_280,h_210,f_jpg?from=ke.com
20241031,通州,玉桥,101127062986,电梯两居光线充足格局方正每个功能间面积都很,359万,43776元/平,低楼层 (共9层) 2室1厅 | 82.01平米 | 东 北,https://ke-image.ljcdn.com/110000-inspection/pc1_KN2lbu45M.jpg!m_fill,w_280,h_210,f_jpg?from=ke.com
20241031,通州,玉桥,101127062414,柳岸方园满五唯一户型方正大阳台,468万,46623元/平,中楼层 (共11层) | 2006年 | 2室1厅 | 100.38平米 | 东南,https://ke-image.ljcdn.com/110000-inspection/pc1_1ugoenBsQ.jpg!m_fill,w_280,h_210,f_jpg?from=ke.com
20241031,通州,玉桥,101127062394,玉桥西里70号院 正规两居 中间楼层,368万,44041元/平,中楼层 (共6层) 2室1厅 | 83.56平米 | 南 北,https://ke-image.ljcdn.com/110000-inspection/pc1_JIz2o0MOP.jpg!m_fill,w_280,h_210,f_jpg?from=ke.com
20241031,通州,玉桥,101127060798,远洋东方公馆 4室1厅 东 南 北,1320万,59414元/平,低楼层 (共20层) | 2012年 | 4室1厅 | 222.17平米 | 东 南 北,https://ke-image.ljcdn.com/110000-inspection/pc1_1FnP3zJyJ.jpg!m_fill,w_280,h_210,f_jpg?from=ke.com
20241031,通州,玉桥,101127055938,格兰晴天 南北通透 精装全明四居 满五唯一,620万,45059元/平,高楼层 (共6层) | 2004年 | 4室2厅 | 137.6平米 | 南 北 西,https://ke-image.ljcdn.com/110000-inspection/pc1_xymvF1MlU.jpg!m_fill,w_280,h_210,f_jpg?from=ke.com
20241031,通州,玉桥,101127055465,玉桥西里70号院 3室1厅 南 北,419万,43547元/平,底层 (共6层) 3室1厅 | 96.22平米 | 南 北,https://ke-image.ljcdn.com/110000-inspection/pc1_Mb3DgOfNk.jpg!m_fill,w_280,h_210,f_jpg?from=ke.com
20241031,通州,玉桥,101127019306,美然百度城 4室2厅 南 北,820万,35763元/平,中楼层 (共4层) 4室2厅 | 229.29平米 | 南 北,https://ke-image.ljcdn.com/110000-inspection/cfe80cec-7ac0-439b-bb29-4231b859931b_1000.jpg!m_fill,w_280,h_210,f_jpg?from=ke.com
20241031,通州,玉桥,101127011073,精装2居电梯房南北通透户型,556万,51496元/平,高楼层 (共15层) 2室2厅 | 107.97平米 | 南 北,https://ke-image.ljcdn.com/110000-inspection/pc1_1HLB4vhlb_1.jpg!m_fill,w_280,h_210,f_jpg?from=ke.com
20241031,通州,玉桥,101126982546,格兰晴天 精装修 带电梯 南北通透,340万,44480元/平,低楼层 (共9层) | 2004年 | 2室1厅 | 76.44平米 | 南 北,https://ke-image.ljcdn.com/110000-inspection/pc1_gUlvwUrzs_1.jpg!m_fill,w_280,h_210,f_jpg?from=ke.com
20241031,通州,玉桥,101126980661,此房满五唯一 格局方正 采光充足 视野开阔小区养房,283万,40557元/平,高楼层 (共21层) | 2010年 | 2室1厅 | 69.78平米 | 南,https://ke-image.ljcdn.com/110000-inspection/f56465fb-de2f-4e9f-9c83-cecfc3087549_1000.jpg!m_fill,w_280,h_210,f_jpg?from=ke.com
20241031,通州,玉桥,101126926426,玉桥南里 3室1厅 南 北,297万,31633元/平,顶层 (共6层) | 1996年 | 3室1厅 | 93.89平米 | 南 北,https://ke-image.ljcdn.com/110000-inspection/63eec8ad-e4e2-44b7-ad96-d6b75ce098c9_1000.jpg!m_fill,w_280,h_210,f_jpg?from=ke.com
20241031,通州,玉桥,101126866872,合生滨江二 期 大三居 南北通透 双阳台,725万,52624元/平,低楼层 (共18层) | 2016年 | 3室2厅 | 137.77平米 | 南 北,https://ke-image.ljcdn.com/110000-inspection/pc1_GsNTgUgwO.jpg!m_fill,w_280,h_210,f_jpg?from=ke.com
20241031,通州,玉桥,101126857753,格兰晴天 南北通透平层两居 满五唯一 诚意出售,450万,46793元/平,高楼层 (共6层) 2室2厅 | 96.17平米 | 南 北,https://ke-image.ljcdn.com/110000-inspection/pc1_9V1GoXBM9.jpg!m_fill,w_280,h_210,f_jpg?from=ke.com
20241031,通州,玉桥,101126842677,合生滨江帝景一期 4室3厅 南 北,1200万,76244元/平,底层 (共27层) 4室3厅 | 157.39平米 | 南 北,https://ke-image.ljcdn.com/110000-inspection/pc1_CpsrK1prR.jpg!m_fill,w_280,h_210,f_jpg?from=ke.com
20241031,通州,玉桥,101126733485,格兰晴天   采光好 无遮挡 改善好房,698万,49455元/平,中楼层 (共6层) 4室2厅 | 141.14平米 | 南 西 北,https://ke-image.ljcdn.com/110000-inspection/pc1_LL1r1GQz1_1.jpg!m_fill,w_280,h_210,f_jpg?from=ke.com
20241031,通州,玉桥,101126700676,玉桥南里 2室1厅 南 北,300万,37281元/平,中楼层 (共6层) 2室1厅 | 80.47平米 | 南 北,https://ke-image.ljcdn.com/110000-inspection/pc1_Zvrym9PuY.jpg!m_fill,w_280,h_210,f_jpg?from=ke.com
20241031,通州,玉桥,101126582445,合生滨江帝景一期 2室1厅 南 北房主自荐,490万,55094元/平,高楼层 (共18层) | 2014年 | 2室1厅 | 88.94平米 | 南 北,https://ke-image.ljcdn.com/110000-inspection/pc1_qpIPPZxEw_1.jpg!m_fill,w_280,h_210,f_jpg?from=ke.com
20241031,通州,玉桥,101126429937,合生二期精装修南北两居室全明格局 两梯两户,400万,43822元/平,低楼层 (共18层) | 2015年 | 2室2厅 | 91.28平米 | 南 北,https://ke-image.ljcdn.com/110000-inspection/8603a6c4-a35e-4115-ac58-55e714ccf826_1000.jpg!m_fill,w_280,h_210,f_jpg?from=ke.com
20241031,通州,玉桥,101126365197,此房满五唯一电梯两居南向落地阳台全明格局,443万,45530元/平,底层 (共11层) | 2005年 | 2室1厅 | 97.3平米 | 南 北,https://ke-image.ljcdn.com/110000-inspection/db2ebdf6-71e0-426f-bbac-a6f79dbd4c43_1000.jpg!m_fill,w_280,h_210,f_jpg?from=ke.com
20241031,通州,玉桥,101126341761,玉桥西里72号  1层  有花园,445万,48375元/平,底层 (共9层) 2室1厅 | 91.99平米 | 东 南,https://ke-image.ljcdn.com/110000-inspection/0ba4ab36-a94c-40f9-9bdd-94b7830b491a_1000.jpg!m_fill,w_280,h_210,f_jpg?from=ke.com
20241031,通州,玉桥,101126225771,合生滨江帝景二期 4室3厅 南 北,800万,57629元/平,底层 (共18层) | 2016年 | 4室3厅 | 138.82平米 | 南 北,https://ke-image.ljcdn.com/110000-inspection/a363b939-843a-4c98-a972-8e43c5cd54de_1000.jpg!m_fill,w_280,h_210,f_jpg?from=ke.com
20241031,通州,玉桥,101126211164,玉桥东里 77平米大两居 商品房报价 客户承担契税,288万,37374元/平,高楼层 (共24层) | 2010年 | 2室1厅 | 77.06平米 | 南 北,https://ke-image.ljcdn.com/110000-inspection/210cbffe-42fd-47cf-a47e-c7c45094d9ef_1000.jpg!m_fill,w_280,h_210,f_jpg?from=ke.com
20241031,通州,玉桥,101126026647,美然百度城 1室1厅 东 西,290万,56785元/平,中楼层 (共5层) | 2002年 | 1室1厅 | 51.07平米 | 东 西,https://ke-image.ljcdn.com/110000-inspection/c13895c3-7deb-4184-8065-d0d6be271197_1000.jpg!m_fill,w_280,h_210,f_jpg?from=ke.com
20241031,通州,玉桥,101126006169,柳岸方园玉桥西里8栋洋房社区,625万,47882元/平,中楼层 (共11层) 3室1厅 | 130.53平米 | 南 北,https://ke-image.ljcdn.com/110000-inspection/pc1_G933Jr2Qu.jpg!m_fill,w_280,h_210,f_jpg?from=ke.com
20241031,通州,玉桥,101125939338,柳岸方园 电梯南向一居 满五唯一 随时签约,258万,46554元/平,高楼层 (共12层) 1室0厅 | 55.42平米 | 南,https://ke-image.ljcdn.com/110000-inspection/pc1_QODeAEgYO.jpg!m_fill,w_280,h_210,f_jpg?from=ke.com
20241031,通州,玉桥,101125927887,京艺天朗雅园 2室2厅 南 北,420万,48116元/平,底层 (共6层) | 2008年 | 2室2厅 | 87.29平米 | 南 北,https://ke-image.ljcdn.com/110000-inspection/pc1_NLTBqjk88.jpg!m_fill,w_280,h_210,f_jpg?from=ke.com
20241031,通州,玉桥,101125864946,幸福艺居 2室2厅 西 东,288万,37796元/平,中楼层 (共7层) 2室2厅 | 76.2平米 | 西 东,https://ke-image.ljcdn.com/110000-inspection/pc1_Wzaj2OBct.jpg!m_fill,w_280,h_210,f_jpg?from=ke.com
20241031,通州,玉桥,101125843074,幸福艺居 2室1厅 南 北,345万,42932元/平,中楼层 (共7层) | 2002年 | 2室1厅 | 80.36平米 | 南 北,https://ke-image.ljcdn.com/110000-inspection/pc1_wtCyCMg7N.jpg!m_fill,w_280,h_210,f_jpg?from=ke.com
20241031,通州,玉桥,101125809894,合生滨江帝景二期不临街三居精装修看房方便,465万,48242元/平,顶层 (共18层) | 2016年 | 3室1厅 | 96.39平米 | 南,https://ke-image.ljcdn.com/110000-inspection/cd41e987-bca7-4e5e-a51a-8ea9c5093074_1000.jpg!m_fill,w_280,h_210,f_jpg?from=ke.com
20241031,通州,玉桥,101125796319,妇幼家属楼 3室2厅 南 北,350万,32547元/平,低楼层 (共6层) | 1999年 | 3室2厅 | 107.54平米 | 南 北,https://ke-image.ljcdn.com/110000-inspection/pc1_hakpMsg0h.jpg!m_fill,w_280,h_210,f_jpg?from=ke.com
20241031,通州,玉桥,101125756520,玉桥南里南北通透两居室已经改造,268万,36799元/平,底层 (共6层) | 1994年 | 2室1厅 | 72.83平米 | 南 北,https://ke-image.ljcdn.com/110000-inspection/a38f28fa-1396-4329-b2d9-41ff62b38e93_1000.jpg!m_fill,w_280,h_210,f_jpg?from=ke.com
20241031,通州,玉桥,101125755865,京艺天朗雅园 2室2厅 南 北房主自荐,390万,45020元/平,中楼层 (共6层) | 2008年 | 2室2厅 | 86.63平米 | 南 北,https://ke-image.ljcdn.com/110000-inspection/pc1_1KI8LQpj0.jpg!m_fill,w_280,h_210,f_jpg?from=ke.com
20241031,通州,玉桥,101125751066,幸福艺居优质4+5复式全明户型南北通透,489万,36164元/平,中楼层 (共5层) 3室2厅 | 135.22平米 | 南 北,https://ke-image.ljcdn.com/110000-inspection/3653499e-b5fb-488a-8a6e-16f6dea4057b_1000.jpg!m_fill,w_280,h_210,f_jpg?from=ke.com
20241031,通州,玉桥,101125742274,源泉苑正规一居室 南北通透 满五年房主自荐,168万,29021元/平,高楼层 (共6层) 1室2厅 | 57.89平米 | 南 北,https://ke-image.ljcdn.com/110000-inspection/pc1_0fgosfGAD_1.jpg!m_fill,w_280,h_210,f_jpg?from=ke.com
20241031,通州,玉桥,101125735785,下跃四居室上下独立入户南侧正对小区花园,648万,71453元/平,底层 (共18层) | 2015年 | 4室2厅 | 90.69平米 | 南,https://ke-image.ljcdn.com/110000-inspection/pc1_I5QVUxEHE.jpg!m_fill,w_280,h_210,f_jpg?from=ke.com
20241031,通州,玉桥,101125735070,源泉苑 敞亮三居室 无遮挡 采光好,316万,37116元/平,中楼层 (共6层) 3室1厅 | 85.14平米 | 南 北 东,https://ke-image.ljcdn.com/110000-inspection/pc1_oehxAAOoV_1.jpg!m_fill,w_280,h_210,f_jpg?from=ke.com
20241031,通州,玉桥,101125715438,玉桥南里南北通透3居、户型方正、成熟社区、采光好,268万,28697元/平,顶层 (共6层) 3室1厅 | 93.39平米 | 南 北,https://ke-image.ljcdn.com/110000-inspection/7b2a74b1-96ca-459a-98e7-74fd3e9e04e6_1000.jpg!m_fill,w_280,h_210,f_jpg?from=ke.com
20241031,通州,玉桥,101125704783,满五唯一商品房安静五居室两厅两明卫复式结构,558万,31195元/平,中楼层 (共5层) | 2004年 | 5室2厅 | 178.88平米 | 南 北 西,https://ke-image.ljcdn.com/110000-inspection/pc1_JXcmuvZFD.jpg!m_fill,w_280,h_210,f_jpg?from=ke.com
20241031,通州,玉桥,101125636956,幸福艺居正规3居南北通透明厨明卫车位充足,445万,42029元/平,中楼层 (共6层) 3室2厅 | 105.88平米 | 东 南 北,https://ke-image.ljcdn.com/110000-inspection/d28f2356-97f5-4ccd-8f17-6ce6f0fb7a89_1000.jpg!m_fill,w_280,h_210,f_jpg?from=ke.com
20241031,通州,玉桥,101125635235,玉桥南里 一居 户型通透 房子1999年,171万,26998元/平,顶层 (共6层) 1室1厅 | 63.34平米 | 东 南 西,https://ke-image.ljcdn.com/110000-inspection/pc1_ECVpNqfvf.jpg!m_fill,w_280,h_210,f_jpg?from=ke.com
20241031,通州,玉桥,101125632949,玉桥南里南北通透装修不错的两居室,215万,34025元/平,顶层 (共6层) 2室1厅 | 63.19平米 | 南 北,https://ke-image.ljcdn.com/110000-inspection/pc1_wozEScQdD_1.jpg!m_fill,w_280,h_210,f_jpg?from=ke.com
20241031,通州,玉桥,101125628933,幸福艺居南北通透精装修2居房主自荐,320万,34946元/平,顶层 (共6层) 2室1厅 | 91.57平米 | 南 北,https://ke-image.ljcdn.com/110000-inspection/pc1_lyUkF4xJ8_1.jpg!m_fill,w_280,h_210,f_jpg?from=ke.com
20241031,通州,玉桥,101125620258,房子户型方正 正规3居 南北通透 诚意出售,325万,28736元/平,高楼层 (共6层) 3室1厅 | 113.1平米 | 南 北,https://ke-image.ljcdn.com/110000-inspection/4b0d1e4c-1896-4076-8aff-52583b879c7f_1000.jpg!m_fill,w_280,h_210,f_jpg?from=ke.com
20241031,通州,玉桥,101125589815,幸福艺居 满五 上下二层 南北,361万,28254元/平,高楼层 (共7层) 3室2厅 | 127.77平米 | 南 北,https://ke-image.ljcdn.com/110000-inspection/ac2a2408-2af9-463e-bfea-da1c169c0274_1000.jpg!m_fill,w_280,h_210,f_jpg?from=ke.com
20241031,通州,玉桥,101125583576,玉桥南里 2室1厅 南 北,240万,39657元/平,低楼层 (共6层) 2室1厅 | 60.52平米 | 南 北,https://ke-image.ljcdn.com/110000-inspection/pc1_pkuy7pr8P_1.jpg!m_fill,w_280,h_210,f_jpg?from=ke.com
20241031,通州,玉桥,101125583023,京艺天朗 电梯南北通透两居装修好满五唯一,330万,41385元/平,高楼层 (共12层) | 2004年 | 2室1厅 | 79.74平米 | 南 北,https://ke-image.ljcdn.com/110000-inspection/pc1_hrDzCe98z.jpg!m_fill,w_280,h_210,f_jpg?from=ke.com
20241031,通州,玉桥,101125567773,景馨家园 2室1厅 西 东,380万,38065元/平,低楼层 (共18层) 2室1厅 | 99.83平米 | 西 东,https://ke-image.ljcdn.com/110000-inspection/ac8ee849-7561-4ff9-906e-8b7cd69f80cb_1000.jpg!m_fill,w_280,h_210,f_jpg?from=ke.com
20241031,通州,玉桥,101125541083,幸福艺居南北通透三居单价3万2车位充足免费,308万,29074元/平,顶层 (共6层) 3室1厅 | 105.94平米 | 南 北,https://ke-image.ljcdn.com/110000-inspection/pc1_7w7dZ7q9v.jpg!m_fill,w_280,h_210,f_jpg?from=ke.com
20241031,通州,玉桥,101125532522,幸福艺居 2室2厅 南 北,349万,38047元/平,顶层 (共6层) | 2004年 | 2室2厅 | 91.73平米 | 南 北,https://ke-image.ljcdn.com/110000-inspection/pc1_c1VtSJxuT.jpg!m_fill,w_280,h_210,f_jpg?from=ke.com
20241031,通州,玉桥,101125532407,京艺天朗 4室2厅 南 西 北,576万,40544元/平,顶层 (共12层) | 2004年 | 4室2厅 | 142.07平米 | 南 西 北,https://ke-image.ljcdn.com/110000-inspection/pc1_jYADc9vYS_1.jpg!m_fill,w_280,h_210,f_jpg?from=ke.com
20241031,通州,玉桥,101125517686,京艺天朗雅园 1室1厅 南 北,269万,39065元/平,顶层 (共6层) | 2008年 | 1室1厅 | 68.86平米 | 南 北,https://ke-image.ljcdn.com/110000-inspection/pc1_dd2l7b1z6.jpg!m_fill,w_280,h_210,f_jpg?from=ke.com
20241031,通州,玉桥,101125487624,玉桥南里 三居 南北通透 看房方便,395万,33950元/平,高楼层 (共6层) 3室1厅 | 116.35平米 | 南 北,https://ke-image.ljcdn.com/110000-inspection/7764a47b-a022-4445-8568-17547e4df5b6_1000.jpg!m_fill,w_280,h_210,f_jpg?from=ke.com
20241031,通州,玉桥,101125398309,远洋东方 南北通透高楼层采光好一梯一户,1080万,59961元/平,高楼层 (共26层) | 2012年 | 3室2厅 | 180.12平米 | 南 北,https://ke-image.ljcdn.com/110000-inspection/pc1_B8w1d8wQC.jpg!m_fill,w_280,h_210,f_jpg?from=ke.com
20241031,通州,玉桥,101125312758,妇幼家属楼 3室1厅 南 北,368万,33874元/平,中楼层 (共6层) 3室1厅 | 108.64平米 | 南 北,https://ke-image.ljcdn.com/110000-inspection/pc1_eWyztHnIl.jpg!m_fill,w_280,h_210,f_jpg?from=ke.com
20241031,通州,玉桥,101125299365,玉桥南里 1室1厅 南 北,187万,29854元/平,中楼层 (共6层) | 1999年 | 1室1厅 | 62.64平米 | 南 北,https://ke-image.ljcdn.com/110000-inspection/pc1_RvDyW04ss.jpg!m_fill,w_280,h_210,f_jpg?from=ke.com
20241031,通州,玉桥,101125220434,玉桥东里 3室1厅 南 北,340万,39135元/平,高楼层 (共24层) | 2010年 | 3室1厅 | 86.88平米 | 南 北,https://ke-image.ljcdn.com/110000-inspection/0ccd291f-d2ac-41db-af59-99953dda595d_1000.jpg!m_fill,w_280,h_210,f_jpg?from=ke.com
20241031,通州,玉桥,101125190659,玉桥南里 2室2厅 南 北,325万,37534元/平,中楼层 (共6层) 2室2厅 | 86.59平米 | 南 北,https://ke-image.ljcdn.com/110000-inspection/2e805383-f535-4ef9-a75a-9aeea985dafb_1000.jpg!m_fill,w_280,h_210,f_jpg?from=ke.com
20241031,通州,玉桥,101125047506,玉桥东里正规一居满五唯一高楼层视野开阔采光好,163万,31425元/平,顶层 (共22层) | 2010年 | 1室1厅 | 51.87平米 | 西南,https://ke-image.ljcdn.com/110000-inspection/pc1_R3hFZcTEJ_1.jpg!m_fill,w_280,h_210,f_jpg?from=ke.com
20241031,通州,玉桥,101124915337,合生滨江帝景二期 3室2厅 南 北,730万,52853元/平,低楼层 (共18层) | 2016年 | 3室2厅 | 138.12平米 | 南 北,https://ke-image.ljcdn.com/110000-inspection/pc1_GBsbYHaD4.jpg!m_fill,w_280,h_210,f_jpg?from=ke.com
20241031,通州,玉桥,101124888447,京艺天朗电梯两居客厅带东窗带南阳台全新装修,320万,40176元/平,中楼层 (共12层) | 2004年 | 2室1厅 | 79.65平米 | 东南,https://ke-image.ljcdn.com/110000-inspection/ead014b8-80cc-4ef4-90f0-48786f3260b6_1000.jpg!m_fill,w_280,h_210,f_jpg?from=ke.com
20241031,通州,玉桥,101124887383,合生滨江帝景二期 满5唯一 全南向2居 随时可看,409万,45099元/平,低楼层 (共18层) | 2015年 | 2室1厅 | 90.69平米 | 南,https://ke-image.ljcdn.com/110000-inspection/pc1_a8DdOqGe7.jpg!m_fill,w_280,h_210,f_jpg?from=ke.com
20241031,通州,玉桥,101124848208,格兰晴天 2室1厅 南 北,499万,48631元/平,低楼层 (共9层) | 2004年 | 2室1厅 | 102.61平米 | 南 北,https://ke-image.ljcdn.com/110000-inspection/pc1_Mq4xsLDO9.jpg!m_fill,w_280,h_210,f_jpg?from=ke.com
20241031,通州,玉桥,101124843256,远洋东方公馆  一梯一户 人车分流 精装修,759万,50923元/平,低楼层 (共18层) 3室1厅 | 149.05平米 | 南 北,https://ke-image.ljcdn.com/110000-inspection/pc1_0IscncjtG.jpg!m_fill,w_280,h_210,f_jpg?from=ke.com
20241031,通州,玉桥,101124781810,远洋东方公馆 边户三居 满五年唯一 精装修一梯一户,998万,52230元/平,低楼层 (共26层) | 2012年 | 3室2厅 | 191.08平米 | 南 北,https://ke-image.ljcdn.com/110000-inspection/5006a0d4-e4b2-494d-a1ae-06b3f66b4451_1000.jpg!m_fill,w_280,h_210,f_jpg?from=ke.com
20241031,通州,玉桥,101124743503,格兰晴天 满五唯一 诚意出售 带电梯 户型方正房主自荐,389万,39565元/平,低楼层 (共9层) | 2004年 | 2室1厅 | 98.32平米 | 南 西,https://ke-image.ljcdn.com/110000-inspection/pc1_5eiITcdfC.jpg!m_fill,w_280,h_210,f_jpg?from=ke.com
20241031,通州,玉桥,101124733970,美然百度城 满五年唯一 南北通透 采光好可用空间大房主自荐,249万,37946元/平,顶层 (共5层) 2室1厅 | 65.62平米 | 南 北,https://ke-image.ljcdn.com/110000-inspection/pc1_8WYZZgMbG.jpg!m_fill,w_280,h_210,f_jpg?from=ke.com
20241031,通州,玉桥,101124717343,2016年次新房社区满五唯一诚心出售,379万,41521元/平,底层 (共18层) | 2015年 | 2室1厅 | 91.28平米 | 南 北,https://ke-image.ljcdn.com/110000-inspection/pc1_XaCq7vJSv.jpg!m_fill,w_280,h_210,f_jpg?from=ke.com
20241031,通州,玉桥,101124625555,玉桥商圈 景馨家园东西通透两居室 满五唯一,390万,42240元/平,底层 (共12层) 2室1厅 | 92.33平米 | 东 西,https://ke-image.ljcdn.com/110000-inspection/pc1_RiOEqSF7p_1.jpg!m_fill,w_280,h_210,f_jpg?from=ke.com
20241031,通州,玉桥,101124590566,远洋东方公馆 4室2厅 南 北房主自荐,1420万,63916元/平,中楼层 (共20层) 4室2厅 | 222.17平米 | 南 北,https://ke-image.ljcdn.com/110000-inspection/pc1_Mm2U5PR10_1.jpg!m_fill,w_280,h_210,f_jpg?from=ke.com
20241031,通州,玉桥,101124554163,玉桥南里正规南北三居室 采光好 无遮挡 交通便利,315万,34069元/平,底层 (共6层) | 1993年 | 3室2厅 | 92.46平米 | 南 北,https://ke-image.ljcdn.com/110000-inspection/caf35761-8908-4643-9d0e-d831230ade3c_1000.jpg!m_fill,w_280,h_210,f_jpg?from=ke.com
20241031,通州,玉桥,101124541670,合生滨江帝景一期高楼层房子满五唯一精装修户型方房主自荐,430万,48002元/平,高楼层 (共18层) 2室1厅 | 89.58平米 | 南,https://ke-image.ljcdn.com/110000-inspection/pc1_2LW560bNv.jpg!m_fill,w_280,h_210,f_jpg?from=ke.com
20241031,通州,玉桥,101124448729,格局好可用空间大自住装修保持好,155万,33384元/平,顶层 (共5层) | 2002年 | 1室1厅 | 46.43平米 | 东 西,https://ke-image.ljcdn.com/110000-inspection/pc1_kvHEc05Lq.jpg!m_fill,w_280,h_210,f_jpg?from=ke.com
20241031,通州,玉桥,101124425312,玉桥板块 低楼层 全明户型三居室,560万,42115元/平,低楼层 (共6层) | 2004年 | 3室1厅 | 132.97平米 | 南 北,https://ke-image.ljcdn.com/110000-inspection/pc1_47cmHyfLd.jpg!m_fill,w_280,h_210,f_jpg?from=ke.com
20241031,通州,玉桥,101124174263,妇幼家属楼 2室1厅 南 北,216万,25362元/平,顶层 (共6层) 2室1厅 | 85.17平米 | 南 北,https://ke-image.ljcdn.com/110000-inspection/pc1_SsFly1rWf.jpg!m_fill,w_280,h_210,f_jpg?from=ke.com
20241031,通州,玉桥,101124060992,满五唯一、精装三居双卫、适合各类人群拎包入住,380万,31215元/平,底层 (共18层) 3室1厅 | 121.74平米 | 西 西北,https://ke-image.ljcdn.com/110000-inspection/pc1_mdfI5Gxka.jpg!m_fill,w_280,h_210,f_jpg?from=ke.com
20241031,通州,玉桥,101124050434,格兰晴天玉桥西里72号19栋楼大型社区,345万,42384元/平,中楼层 (共9层) 2室1厅 | 81.4平米 | 东南,https://ke-image.ljcdn.com/110000-inspection/pc1_5OP7EOGGl_1.jpg!m_fill,w_280,h_210,f_jpg?from=ke.com
20241031,通州,玉桥,101124007609,满五唯一  南北通透 采光充足 配套齐全 交通便利,260万,30528元/平,高楼层 (共6层) 2室1厅 | 85.17平米 | 南 北,https://ke-image.ljcdn.com/110000-inspection/pc1_hPjWG9cls_1.jpg!m_fill,w_280,h_210,f_jpg?from=ke.com
20241031,通州,玉桥,101123997392,南北通透采光通风好 业主自住装修可拎包入住诚心卖,310万,35288元/平,高楼层 (共6层) | 2004年 | 2室1厅 | 87.85平米 | 南 北,https://ke-image.ljcdn.com/110000-inspection/pc1_cSK6rj50a.jpg!m_fill,w_280,h_210,f_jpg?from=ke.com
20241031,通州,玉桥,101123871736,妇幼家属楼 3室2厅 南 北,355万,32385元/平,中楼层 (共6层) 3室2厅 | 109.62平米 | 南 北,https://ke-image.ljcdn.com/110000-inspection/pc1_hjvxgS7zJ.jpg!m_fill,w_280,h_210,f_jpg?from=ke.com
20241031,通州,玉桥,101123714200,满五家庭名下唯一住房无贷款小区刚改造完,160万,32680元/平,顶层 (共6层) 1室1厅 | 48.96平米 | 南 北,https://ke-image.ljcdn.com/110000-inspection/pc1_bG3gFJiNp_1.jpg!m_fill,w_280,h_210,f_jpg?from=ke.com
20241031,通州,玉桥,101123647381,源泉苑南北向两居室精装修满五唯一业主诚心出售,219万,31250元/平,顶层 (共6层) 2室2厅 | 70.08平米 | 南 北,https://ke-image.ljcdn.com/110000-inspection/pc1_CJyxWkEye_1.jpg!m_fill,w_280,h_210,f_jpg?from=ke.com
20241031,通州,玉桥,101123585172,幸福艺居 南北通透 产权清晰 业主诚心出售房主自荐,380万,30019元/平,高楼层 (共7层) 3室2厅 | 126.59平米 | 南 北,https://ke-image.ljcdn.com/110000-inspection/0a9c816b-de7d-45b1-b7f3-40d112472ae7_1000.jpg!m_fill,w_280,h_210,f_jpg?from=ke.com
20241031,通州,玉桥,101123476664,京艺天朗满五唯一不临街采光通风好,468万,37507元/平,中楼层 (共6层) 3室1厅 | 124.78平米 | 东 西,https://ke-image.ljcdn.com/110000-inspection/pc1_IlwrbeRSA.jpg!m_fill,w_280,h_210,f_jpg?from=ke.com
20241031,通州,玉桥,101123472423,玉桥东里 满5年唯一 商品房带电梯 南北1居中间位置房主自荐,185万,33735元/平,顶层 (共21层) | 2010年 | 1室1厅 | 54.84平米 | 南 北,https://ke-image.ljcdn.com/110000-inspection/pc1_Mr4Du0Mhl_1.jpg!m_fill,w_280,h_210,f_jpg?from=ke.com
20241031,通州,玉桥,101123343620,玉桥东里 东南1居 满5唯一 商品房 中间位置,200万,36043元/平,低楼层 (共21层) | 2010年 | 1室1厅 | 55.49平米 | 西南,https://ke-image.ljcdn.com/110000-inspection/pc1_EnPNJG2BO.jpg!m_fill,w_280,h_210,f_jpg?from=ke.com
20241031,通州,玉桥,101123342966,玉桥南里  实用型大2居 空间大价格低 上下学很方便,209万,27775元/平,顶层 (共6层) 2室1厅 | 75.25平米 | 南 北,https://ke-image.ljcdn.com/110000-inspection/pc1_TmsFqfGRh.jpg!m_fill,w_280,h_210,f_jpg?from=ke.com
20241031,通州,玉桥,101123225555,幸福艺居满五唯一精装修不临街不把边,248万,39409元/平,顶层 (共6层) | 2004年 | 1室1厅 | 62.93平米 | 南 北,https://ke-image.ljcdn.com/110000-inspection/pc1_c8yTxDZQm_1.jpg!m_fill,w_280,h_210,f_jpg?from=ke.com
20241031,通州,玉桥,101123219592,幸福艺居/电梯2居南北通透随时看房,465万,46566元/平,中楼层 (共11层) | 2005年 | 2室2厅 | 99.86平米 | 南 北,https://ke-image.ljcdn.com/110000-inspection/pc1_1h09UF4jO.jpg!m_fill,w_280,h_210,f_jpg?from=ke.com
20241031,通州,玉桥,101123209362,合生滨江 精装大三居 南北通透 高楼层视野好,760万,49115元/平,高楼层 (共27层) | 2014年 | 3室2厅 | 154.74平米 | 南 北,https://ke-image.ljcdn.com/110000-inspection/pc1_MYK0mju0W.jpg!m_fill,w_280,h_210,f_jpg?from=ke.com
20241031,通州,玉桥,101123209349,玉桥南里 2室1厅 南 北,258万,41795元/平,中楼层 (共6层) 2室1厅 | 61.73平米 | 南 北,https://ke-image.ljcdn.com/110000-inspection/pc1_U1pVWyESi.jpg!m_fill,w_280,h_210,f_jpg?from=ke.com
20241031,通州,玉桥,101123077924,合生滨江帝景二期新上中高层三居诚心出售,735万,53408元/平,高楼层 (共18层) | 2016年 | 3室2厅 | 137.62平米 | 南 北,https://ke-image.ljcdn.com/110000-inspection/pc1_Q3GMvgbuP_1.jpg!m_fill,w_280,h_210,f_jpg?from=ke.com
20241031,通州,玉桥,101123073337,满五唯一南北通透采光好配套齐全交通便利,299万,34001元/平,高楼层 (共6层) | 1999年 | 2室1厅 | 87.94平米 | 南 北,https://ke-image.ljcdn.com/110000-inspection/pc1_GW6XHtLPe_1.jpg!m_fill,w_280,h_210,f_jpg?from=ke.com
20241031,通州,玉桥,101123047904,京艺天朗雅园 2室1厅 南 北,369万,42375元/平,中楼层 (共6层) 2室1厅 | 87.08平米 | 南 北,https://ke-image.ljcdn.com/110000-inspection/pc1_gBVpBooUX.jpg!m_fill,w_280,h_210,f_jpg?from=ke.com
20241031,通州,玉桥,101122981306,此房南北通透满五唯一没有抵押看房方便,200万,35830元/平,顶层 (共6层) 2室1厅 | 55.82平米 | 南 北,https://ke-image.ljcdn.com/110000-inspection/pc1_74MA1wVC1_1.jpg!m_fill,w_280,h_210,f_jpg?from=ke.com
20241031,通州,玉桥,101122821557,玉桥南里 南北通透 户型方正 中间楼层 装修好,175万,34207元/平,中楼层 (共6层) 1室1厅 | 51.16平米 | 南 北,https://ke-image.ljcdn.com/110000-inspection/184baf96-d02e-4444-9e91-d569515289d4_1000.jpg!m_fill,w_280,h_210,f_jpg?from=ke.com
20241031,通州,玉桥,101122694107,美然百度城户型方正全明格局明厨明卫,165万,32309元/平,顶层 (共5层) | 2002年 | 1室1厅 | 51.07平米 | 东 西,https://ke-image.ljcdn.com/110000-inspection/pc1_c11WkDOa2.jpg!m_fill,w_280,h_210,f_jpg?from=ke.com
20241031,通州,玉桥,101122671247,满五唯一 南北通透 通风和采光好,160万,32936元/平,顶层 (共6层) 1室1厅 | 48.58平米 | 南 北,https://ke-image.ljcdn.com/110000-inspection/c30e07eb-ce07-4b97-b358-7caa907e5d35_1000.jpg!m_fill,w_280,h_210,f_jpg?from=ke.com
20241031,通州,玉桥,101122611989,格兰晴天低楼层南北通透三居室业主诚心出售,550万,52567元/平,低楼层 (共6层) 3室2厅 | 104.63平米 | 南 北,https://ke-image.ljcdn.com/110000-inspection/70635305-c116-4ffe-979f-7ff918151b7c_1000.jpg!m_fill,w_280,h_210,f_jpg?from=ke.com
20241031,通州,玉桥,101121617237,京艺天朗南北通透满五唯一视野采光好不临街,309万,35174元/平,高楼层 (共6层) | 2004年 | 2室1厅 | 87.85平米 | 南 北,https://ke-image.ljcdn.com/110000-inspection/pc1_MF84aVFDb_1.jpg!m_fill,w_280,h_210,f_jpg?from=ke.com
20241031,通州,玉桥,101121240755,精装修  户型方正 南向一居室,170万,35110元/平,高楼层 (共6层) 1室1厅 | 48.42平米 | 南,https://ke-image.ljcdn.com/110000-inspection/025acada-8576-41bb-a616-c6a1796b565e_1000.jpg!m_fill,w_280,h_210,f_jpg?from=ke.com
20241031,通州,玉桥,101119757530,合生滨江二期 一层下跃 有花园,800万,88340元/平,底层 (共18层) 5室2厅 | 90.56平米 | 南,https://ke-image.ljcdn.com/110000-inspection/pc1_8bh0IAVtq.jpg!m_fill,w_280,h_210,f_jpg?from=ke.com
20241031,通州,玉桥,101119275010,格兰晴天经典三居 业主诚心出售,566万,44476元/平,顶层 (共6层) | 2004年 | 3室2厅 | 127.26平米 | 南 北,https://ke-image.ljcdn.com/110000-inspection/44770854-efcc-428c-994f-d2585432ca5c_1000.jpg!m_fill,w_280,h_210,f_jpg?from=ke.com
20241031,通州,玉桥,101118052571,玉桥东里南北通透大三居满五唯一房主自荐,300万,25661元/平,顶层 (共6层) 3室2厅 | 116.91平米 | 南 北,https://ke-image.ljcdn.com/110000-inspection/pc1_e5upqCtoi.jpg!m_fill,w_280,h_210,f_jpg?from=ke.com
20241031,通州,玉桥,101127260604,运河西大街 南北通透  户型方正新上,222万,36604元/平,高楼层 (共6层) | 1992年 | 2室1厅 | 60.65平米 | 南 北,https://s1.ljcdn.com/pegasus/redskull/images/common/default_house_list.png?_v=202410161653269
20241031,通州,玉桥,101126936100,格兰晴天 2室1厅 南,430万,46755元/平,顶层 (共9层) | 2004年 | 2室1厅 | 91.97平米 | 南,https://s1.ljcdn.com/pegasus/redskull/images/common/default_house_list.png?_v=202410161653269
20241031,通州,玉桥,101126751670,玉桥西里70号院 3室1厅 南 北,320万,32644元/平,顶层 (共6层) 3室1厅 | 98.03平米 | 南 北,https://s1.ljcdn.com/pegasus/redskull/images/common/default_house_list.png?_v=202410161653269
20241031,通州,玉桥,101126612605,合生滨江帝景二期 全南3居 满2年精装修房主自荐,499万,50207元/平,低楼层 (共18层) | 2016年 | 3室1厅 | 99.39平米 | 南,https://s1.ljcdn.com/pegasus/redskull/images/common/default_house_list.png?_v=202410161653269
20241031,通州,玉桥,101126501106,滨江二期精装两居不边不街 视野开阔中间位置诚意卖,436万,48145元/平,中楼层 (共18层) 2室2厅 | 90.56平米 | 南,https://s1.ljcdn.com/pegasus/redskull/images/common/default_house_list.png?_v=202410161653269
20241031,通州,玉桥,101126416053,合生滨江帝景一期满五年唯一人车分流采光充足,536万,47743元/平,低楼层 (共27层) | 2014年 | 3室1厅 | 112.27平米 | 南,https://s1.ljcdn.com/pegasus/redskull/images/common/default_house_list.png?_v=202410161653269
20241031,通州,玉桥,101126414776,幸福艺居南北通透2层不带电梯房,345万,37611元/平,低楼层 (共6层) 2室1厅 | 91.73平米 | 南 北,https://s1.ljcdn.com/pegasus/redskull/images/common/default_house_list.png?_v=202410161653269
20241031,通州,玉桥,101126330396,源泉苑满五唯一两居室中间楼层诚意出售,235万,33277元/平,中楼层 (共6层) 2室1厅 | 70.62平米 | 南 北,https://s1.ljcdn.com/pegasus/redskull/images/common/default_house_list.png?_v=202410161653269
20241031,通州,玉桥,101125927139,玉桥东里 1室1厅 东南,199万,39406元/平,低楼层 (共21层) | 2010年 | 1室1厅 | 50.5平米 | 东南,https://s1.ljcdn.com/pegasus/redskull/images/common/default_house_list.png?_v=202410161653269
20241031,通州,玉桥,101125372905,玉桥南里 明厨明卫两居室 业主诚心出售,205万,30488元/平,顶层 (共6层) 2室1厅 | 67.24平米 | 南 北,https://s1.ljcdn.com/pegasus/redskull/images/common/default_house_list.png?_v=202410161653269
20241031,通州,玉桥,101120305547,合生滨江帝景二期 车位,15万,5214元/平,地下室 1室0厅 | 28.77平米 | 南,https://s1.ljcdn.com/pegasus/redskull/images/common/default_house_list.png?_v=202410161653269
20241031,通州,玉桥,101118759370,合生滨江帝景一期 车位,35万,12217元/平,地下室 1室0厅 | 28.65平米 | 东南 西北,https://s1.ljcdn.com/pegasus/redskull/images/common/default_house_list.png?_v=202410161653269
