20241024,朝阳,燕莎,101127004832,远洋新干线 3室2厅 东北必看好房,588万,44304元/平,高楼层 (共26层) 3室2厅 | 132.72平米 | 东北,https://ke-image.ljcdn.com/110000-inspection/pc1_zoVHxi4GX.jpg!m_fill,w_280,h_210,f_jpg?from=ke.com
20241024,朝阳,燕莎,101126993178,国际港 1室1厅 南必看好房,435万,61676元/平,高楼层 (共23层) | 2002年 | 1室1厅 | 70.53平米 | 南,https://ke-image.ljcdn.com/110000-inspection/pc1_ftHnjdzaH_1.jpg!m_fill,w_280,h_210,f_jpg?from=ke.com
20241024,朝阳,燕莎,101126680779,太阳宫 亮马桥 国际港 精装3居室必看好房,768万,57494元/平,低楼层 (共23层) 3室1厅 | 133.58平米 | 西北,https://ke-image.ljcdn.com/110000-inspection/pc1_Scd5L4Hkw_1.jpg!m_fill,w_280,h_210,f_jpg?from=ke.com
20241024,朝阳,燕莎,101126377483,东北三环 远洋新干线 方正三居室 单价4万必看好房,630万,40502元/平,中楼层 (共26层) 3室1厅 | 155.55平米 | 西北,https://ke-image.ljcdn.com/110000-inspection/pc1_Kpa1wxcLQ.jpg!m_fill,w_280,h_210,f_jpg?from=ke.com
20241024,朝阳,燕莎,101125871964,燕莎 三元桥 满五唯一 中间楼层 看房方便必看好房,300万,52873元/平,中楼层 (共6层) 2室1厅 | 56.74平米 | 南 北,https://ke-image.ljcdn.com/110000-inspection/28c362e1-a497-427a-a81a-c35f9a85b3e0_1000.jpg!m_fill,w_280,h_210,f_jpg?from=ke.com
20241024,朝阳,燕莎,101126885752,霞光里30号院 1室1厅 东南,230万,54233元/平,高楼层 (共6层) 1室1厅 | 42.41平米 | 东南,https://ke-image.ljcdn.com/110000-inspection/pc1_1rxiAiHkb_1.jpg!m_fill,w_280,h_210,f_jpg?from=ke.com
20241024,朝阳,燕莎,101124411341,朝阳燕莎 霞光里30号院 低楼层精装一居 满五年必看好房,228万,53761元/平,低楼层 (共6层) 1室1厅 | 42.41平米 | 西南,https://ke-image.ljcdn.com/110000-inspection/46d2a4ac-9859-4025-b612-a91bb89d828e_1000.jpg!m_fill,w_280,h_210,f_jpg?from=ke.com
20241024,朝阳,燕莎,101126381546,远洋新干线 2022年百万精装 人车分流 高层复式房主自荐,1580万,65131元/平,高楼层 (共22层) | 2005年 | 5室2厅 | 242.59平米 | 东北,https://ke-image.ljcdn.com/110000-inspection/pc1_VvPMCaQzT_1.jpg!m_fill,w_280,h_210,f_jpg?from=ke.com
20241024,朝阳,燕莎,101126088444,距地铁站600米 公积金贷款30年 仅契税必看好房,310万,53092元/平,中楼层 (共7层) 2室1厅 | 58.39平米 | 南,https://ke-image.ljcdn.com/110000-inspection/2ac750f8-85c0-4524-a970-49c45f3ce14c_1000.jpg!m_fill,w_280,h_210,f_jpg?from=ke.com
20241024,朝阳,燕莎,101125772411,全落地大窗面宽5米3客厅66平米全明格局必看好房,1130万,63097元/平,低楼层 (共31层) | 2007年 | 2室2厅 | 179.09平米 | 东 北,https://ke-image.ljcdn.com/110000-inspection/4f13dfb2-8ea7-4ad3-a7c9-aa77e2dd9219_1000.jpg!m_fill,w_280,h_210,f_jpg?from=ke.com
20241024,朝阳,燕莎,101125623276,国际港 2002年社区 满五唯一 南北通透必看好房,720万,56220元/平,中楼层 (共23层) | 2001年 | 3室1厅 | 128.07平米 | 南 北,https://ke-image.ljcdn.com/110000-inspection/f308a84e-edac-4bc7-95b9-181bdbf710ce_1000.jpg!m_fill,w_280,h_210,f_jpg?from=ke.com
20241024,朝阳,燕莎,101124866061,国际港 3室1厅 东北必看好房,670万,52636元/平,中楼层 (共23层) | 2002年 | 3室1厅 | 127.29平米 | 东北,https://ke-image.ljcdn.com/110000-inspection/e3d0c439-2b20-4d64-b12c-5c95a9b8df2f_1000.jpg!m_fill,w_280,h_210,f_jpg?from=ke.com
20241024,朝阳,燕莎,101126948644,远洋新干线 4室2厅 南 西,1450万,71142元/平,高楼层 (共23层) 4室2厅 | 203.82平米 | 南 西,https://ke-image.ljcdn.com/110000-inspection/pc1_jl8tgbCmh.jpg!m_fill,w_280,h_210,f_jpg?from=ke.com
20241024,朝阳,燕莎,101126912066,东北三环 远洋新干线精装 落地窗景观花园,750万,73819元/平,中楼层 (共21层) | 2005年 | 2室1厅 | 101.6平米 | 东北,https://ke-image.ljcdn.com/110000-inspection/pc1_aYLZPCmop_1.jpg!m_fill,w_280,h_210,f_jpg?from=ke.com
20241024,朝阳,燕莎,101126532542,远洋新干线 1室1厅 北,390万,61573元/平,中楼层 (共21层) | 2005年 | 1室1厅 | 63.34平米 | 北,https://ke-image.ljcdn.com/110000-inspection/pc1_qv84ScMX5.jpg!m_fill,w_280,h_210,f_jpg?from=ke.com
20241024,朝阳,燕莎,101126390861,远洋新干线 2010年商品房 东三环 霄云路,365万,57553元/平,低楼层 (共21层) | 2005年 | 1室1厅 | 63.42平米 | 东,https://ke-image.ljcdn.com/110000-inspection/90d92bd1-b752-4459-9e9d-9fe8d76ac1c8_1000.jpg!m_fill,w_280,h_210,f_jpg?from=ke.com
20241024,朝阳,燕莎,101126382366,霞光里30号院 2室1厅 南 北,299万,60077元/平,底层 (共6层) 2室1厅 | 49.77平米 | 南 北,https://ke-image.ljcdn.com/110000-inspection/pc1_Qm7WSSIyZ_1.jpg!m_fill,w_280,h_210,f_jpg?from=ke.com
20241024,朝阳,燕莎,101126329398,亮马名居 3室2厅 东北,1300万,79570元/平,低楼层 (共26层) | 2002年 | 3室2厅 | 163.38平米 | 东北,https://ke-image.ljcdn.com/110000-inspection/c4d06644-360d-4764-9f63-bd7628027658_1000.jpg!m_fill,w_280,h_210,f_jpg?from=ke.com
20241024,朝阳,燕莎,101126279153,亮马名居 1室1厅 东,850万,91863元/平,低楼层 (共26层) | 2002年 | 1室1厅 | 92.53平米 | 东,https://ke-image.ljcdn.com/110000-inspection/pc1_cwvXQE8mr_1.jpg!m_fill,w_280,h_210,f_jpg?from=ke.com
20241024,朝阳,燕莎,101126278338,燕莎 远洋新干线 D座 正规一居 落地窗 满五年房主自荐,521万,67892元/平,中楼层 (共21层) | 2005年 | 1室1厅 | 76.74平米 | 西,https://ke-image.ljcdn.com/110000-inspection/pc1_Zti9Xel02_1.jpg!m_fill,w_280,h_210,f_jpg?from=ke.com
20241024,朝阳,燕莎,101126277799,燕莎 远洋新干线 精装一居室,438万,60607元/平,高楼层 (共23层) | 2005年 | 1室1厅 | 72.27平米 | 北,https://ke-image.ljcdn.com/110000-inspection/c76a1638-bcaa-4b1a-93dc-ba4acd484445_1000.jpg!m_fill,w_280,h_210,f_jpg?from=ke.com
20241024,朝阳,燕莎,101126158248,燕莎 远洋新干线 西向三居室 明卫,1100万,72412元/平,中楼层 (共23层) 3室2厅 | 151.91平米 | 西 北,https://ke-image.ljcdn.com/110000-inspection/pc1_n9wDi5WBK.jpg!m_fill,w_280,h_210,f_jpg?from=ke.com
20241024,朝阳,燕莎,101126017472,亮马名居 百万精装东南朝向,1970万,102621元/平,低楼层 (共26层) | 2002年 | 3室1厅 | 191.97平米 | 东南,https://ke-image.ljcdn.com/110000-inspection/09a83cc6-693e-4c4e-8e71-9b9ec5a32b73_1000.jpg!m_fill,w_280,h_210,f_jpg?from=ke.com
20241024,朝阳,燕莎,101125954805,霄云路 燕莎 精装修 有燃气 诚意出售房主自荐,710万,83865元/平,中楼层 (共28层) | 2001年 | 1室1厅 | 84.66平米 | 西,https://ke-image.ljcdn.com/110000-inspection/pc1_6iGKgBY9b.jpg!m_fill,w_280,h_210,f_jpg?from=ke.com
20241024,朝阳,燕莎,101125940005,霞光里30号院 全明格局 中粮物业 安静无打扰,210万,48929元/平,顶层 (共6层) 1室1厅 | 42.92平米 | 东南,https://ke-image.ljcdn.com/110000-inspection/pc1_auvK5xFHq.jpg!m_fill,w_280,h_210,f_jpg?from=ke.com
20241024,朝阳,燕莎,101125911250,三元桥国际港南向一居高层视野好业主诚意出售,460万,69466元/平,高楼层 (共23层) | 2002年 | 1室1厅 | 66.22平米 | 南,https://ke-image.ljcdn.com/110000-inspection/77913d6f-a4d6-407d-acc8-48e60afe461d_1000.jpg!m_fill,w_280,h_210,f_jpg?from=ke.com
20241024,朝阳,燕莎,101125866466,朝阳燕莎 霞光里精装三居 楼层好 诚意出售,420万,60677元/平,中楼层 (共6层) 3室1厅 | 69.22平米 | 南 北,https://ke-image.ljcdn.com/110000-inspection/pc1_xgERPBDBg_1.jpg!m_fill,w_280,h_210,f_jpg?from=ke.com
20241024,朝阳,燕莎,101125808804,燕莎 远洋新干线 高层纯精装三居室 满五唯一,1299万,85794元/平,高楼层 (共21层) | 2005年 | 3室2厅 | 151.41平米 | 东南,https://ke-image.ljcdn.com/110000-inspection/pc1_IQS5oCnHx.jpg!m_fill,w_280,h_210,f_jpg?from=ke.com
20241024,朝阳,燕莎,101125787686,国际港 南北通透两居 客厅带阳台 三元桥 10号线,760万,62805元/平,中楼层 (共23层) | 2002年 | 2室1厅 | 121.01平米 | 南 北,https://ke-image.ljcdn.com/110000-inspection/3cf2316c-1436-46f0-9071-dd08dcaec494_1000.jpg!m_fill,w_280,h_210,f_jpg?from=ke.com
20241024,朝阳,燕莎,101125761388,燕莎 远洋新干线 精装南向一室一厅 满五唯一,580万,64153元/平,高楼层 (共21层) | 2005年 | 1室1厅 | 90.41平米 | 南,https://ke-image.ljcdn.com/110000-inspection/pc1_cray9xOpU.jpg!m_fill,w_280,h_210,f_jpg?from=ke.com
20241024,朝阳,燕莎,101125749013,距地铁600米低楼层正南正北通透格局明厨明卫,350万,58993元/平,低楼层 (共7层) 2室1厅 | 59.33平米 | 南 北,https://ke-image.ljcdn.com/110000-inspection/c6eb9f2f-ab91-42d9-81fd-4af8d0352d2f_1000.jpg!m_fill,w_280,h_210,f_jpg?from=ke.com
20241024,朝阳,燕莎,101125720737,三元桥燕莎第三使馆区 远洋新干线,508万,70576元/平,高楼层 (共22层) | 2005年 | 1室2厅 | 71.98平米 | 东,https://ke-image.ljcdn.com/110000-inspection/pc1_jT6oY9WWB.jpg!m_fill,w_280,h_210,f_jpg?from=ke.com
20241024,朝阳,燕莎,101125561180,新上 嘉和丽园 二次精装 正规一居 保养好 随时看,629万,74298元/平,低楼层 (共28层) | 2001年 | 1室1厅 | 84.66平米 | 西,https://ke-image.ljcdn.com/110000-inspection/pc1_eOyohKYTP_1.jpg!m_fill,w_280,h_210,f_jpg?from=ke.com
20241024,朝阳,燕莎,101125543126,三元桥 燕莎 精装一居室 高层 随时可以看房,460万,62230元/平,中楼层 (共23层) | 2002年 | 1室1厅 | 73.92平米 | 西,https://ke-image.ljcdn.com/110000-inspection/pc1_URvwcmfIG_1.jpg!m_fill,w_280,h_210,f_jpg?from=ke.com
20241024,朝阳,燕莎,101125495921,国际港 1室1厅 西,460万,62230元/平,低楼层 (共23层) | 2002年 | 1室1厅 | 73.92平米 | 西,https://ke-image.ljcdn.com/110000-inspection/pc1_3kbEdMHGR_1.jpg!m_fill,w_280,h_210,f_jpg?from=ke.com
20241024,朝阳,燕莎,101125424723,三元桥 远洋新干线 高层观景 3卧朝南 人车分流,1500万,73721元/平,高楼层 (共27层) | 2005年 | 4室1厅 | 203.47平米 | 南,https://ke-image.ljcdn.com/110000-inspection/pc1_x4tU07RfL_2.jpg!m_fill,w_280,h_210,f_jpg?from=ke.com
20241024,朝阳,燕莎,101125403881,国际港 2室1厅 南 北,760万,62805元/平,中楼层 (共23层) | 2002年 | 2室1厅 | 121.01平米 | 南 北,https://ke-image.ljcdn.com/110000-inspection/pc1_8dQWk3e82_1.jpg!m_fill,w_280,h_210,f_jpg?from=ke.com
20241024,朝阳,燕莎,101125301906,霞光里30号院位置安静楼层适中。看房有钥匙,260万,65360元/平,中楼层 (共6层) 1室1厅 | 39.78平米 | 东南,https://ke-image.ljcdn.com/110000-inspection/d7d9340b-40fb-4f7c-8780-0130aaf29bbb_1000.jpg!m_fill,w_280,h_210,f_jpg?from=ke.com
20241024,朝阳,燕莎,101125246213,远洋新干线  温馨一居 租金9000元 看房方便,450万,62605元/平,低楼层 (共27层) | 2005年 | 1室1厅 | 71.88平米 | 北,https://ke-image.ljcdn.com/110000-inspection/af061348-47db-4996-9f5c-f06656452d57_1000.jpg!m_fill,w_280,h_210,f_jpg?from=ke.com
20241024,朝阳,燕莎,101125072923,亮马名居 东南向精装大三居中间层,2250万,97572元/平,低楼层 (共21层) | 2002年 | 3室2厅 | 230.6平米 | 西南,https://ke-image.ljcdn.com/110000-inspection/pc1_o6Q00x95n_2.jpg!m_fill,w_280,h_210,f_jpg?from=ke.com
20241024,朝阳,燕莎,101125029627,霞光里30号院 满两年 中楼层 精装修 全明格局,315万,65462元/平,中楼层 (共6层) | 1987年 | 1室1厅 | 48.12平米 | 东南,https://ke-image.ljcdn.com/110000-inspection/pc1_zUSaYVHQQ.jpg!m_fill,w_280,h_210,f_jpg?from=ke.com
20241024,朝阳,燕莎,101124992005,万科物业管理好有业委会20年新装修 看朝阳公园,1950万,101410元/平,中楼层 (共26层) | 2002年 | 3室2厅 | 192.29平米 | 西南,https://ke-image.ljcdn.com/110000-inspection/pc1_LhsTLFI7H.jpg!m_fill,w_280,h_210,f_jpg?from=ke.com
20241024,朝阳,燕莎,101124792876,远洋新干线三元桥正规一居室南向户型方正,600万,66248元/平,中楼层 (共21层) | 2005年 | 1室1厅 | 90.57平米 | 南,https://ke-image.ljcdn.com/110000-inspection/e7a74f2f-974a-49be-8fe3-4d3d9e1c2f10_1000.jpg!m_fill,w_280,h_210,f_jpg?from=ke.com
20241024,朝阳,燕莎,101124523930,亮马名居 朝阳公园蓝港边东向高层观景两居室,1350万,94208元/平,中楼层 (共26层) | 2002年 | 2室1厅 | 143.3平米 | 东,https://ke-image.ljcdn.com/110000-inspection/cd9af456-d362-41ee-9cb5-e5c7dfa80ed7_1000.jpg!m_fill,w_280,h_210,f_jpg?from=ke.com
20241024,朝阳,燕莎,101124277602,霞光里30号院楼龄新3层明厅的2居室,362万,65226元/平,中楼层 (共6层) 2室1厅 | 55.5平米 | 东南 东北,https://ke-image.ljcdn.com/110000-inspection/1680f17d-be8d-4858-a348-507da773916d_1000.jpg!m_fill,w_280,h_210,f_jpg?from=ke.com
20241024,朝阳,燕莎,101124162809,嘉和丽园 40万二次精装 新风+地暖 满5唯1,790万,73007元/平,低楼层 (共28层) 2室1厅 | 108.21平米 | 西南 东北,https://ke-image.ljcdn.com/110000-inspection/2652c63b-c92b-489a-bef7-a7b1d2cdd09f_1000.jpg!m_fill,w_280,h_210,f_jpg?from=ke.com
20241024,朝阳,燕莎,101123956606,远洋新干线  两室两卫 高得房率 高层观景 满五唯一,975万,75758元/平,高楼层 (共27层) | 2005年 | 2室1厅 | 128.7平米 | 东,https://ke-image.ljcdn.com/110000-inspection/pc1_DaTJN0YFR.jpg!m_fill,w_280,h_210,f_jpg?from=ke.com
20241024,朝阳,燕莎,101123930637,东三环 燕莎 嘉和丽园 精装2居 满5唯1 看房随时,790万,74953元/平,低楼层 (共28层) 2室1厅 | 105.4平米 | 东南,https://ke-image.ljcdn.com/110000-inspection/pc1_w7eR20b1p.jpg!m_fill,w_280,h_210,f_jpg?from=ke.com
20241024,朝阳,燕莎,101123736876,远洋新干线 地暖落地窗 带大阳台 高层视野好,729万,53243元/平,高楼层 (共26层) 3室1厅 | 136.92平米 | 西北,https://ke-image.ljcdn.com/110000-inspection/57375b94-c91b-4ee5-946f-250c642fe27e_1000.jpg!m_fill,w_280,h_210,f_jpg?from=ke.com
20241024,朝阳,燕莎,101123423162,霞光里30号院低楼层的2居室看房提前约。,435万,63412元/平,底层 (共6层) 2室1厅 | 68.6平米 | 南 北,https://ke-image.ljcdn.com/110000-inspection/d917858d-e198-4aee-9c73-be5382eb6dfd_1000.jpg!m_fill,w_280,h_210,f_jpg?from=ke.com
20241024,朝阳,燕莎,101123398284,东三环 公园里 霄云路8号 高层观景房 平层大宅,5900万,132329元/平,高楼层 (共29层) 4室3厅 | 445.86平米 | 南 北,https://ke-image.ljcdn.com/110000-inspection/pc1_ZnECyLBvy_2.jpg!m_fill,w_280,h_210,f_jpg?from=ke.com
20241024,朝阳,燕莎,101123399877,远洋新干线 B座正规三居室 西向观景 不临街 明卫生间,950万,62645元/平,中楼层 (共27层) | 2005年 | 3室2厅 | 151.65平米 | 西北,https://ke-image.ljcdn.com/110000-inspection/5333363c-e82d-4d44-8277-c1c0d6a570eb_1000.jpg!m_fill,w_280,h_210,f_jpg?from=ke.com
20241024,朝阳,燕莎,101123275836,霞光里30号院 精装修 低楼层 不临街 采光好 无遮挡,270万,63500元/平,底层 (共6层) 1室1厅 | 42.52平米 | 东南,https://ke-image.ljcdn.com/110000-inspection/pc1_9w86bux5A_1.jpg!m_fill,w_280,h_210,f_jpg?from=ke.com
20241024,朝阳,燕莎,101122972223,朝阳公园蓝色港湾亮马名居高层精装两居室满五唯一,1320万,92115元/平,高楼层 (共26层) | 2002年 | 2室1厅 | 143.3平米 | 西,https://ke-image.ljcdn.com/110000-inspection/347a7455-027b-4eac-a8cd-6819fc1c03ec_1000.jpg!m_fill,w_280,h_210,f_jpg?from=ke.com
20241024,朝阳,燕莎,101122790025,远洋新干线  满五唯一  精装修 高楼层 人车分流,960万,73289元/平,中楼层 (共23层) 2室1厅 | 130.99平米 | 东,https://ke-image.ljcdn.com/110000-inspection/92fe4a0c-3a31-4451-87ce-6eca082e1025_1000.jpg!m_fill,w_280,h_210,f_jpg?from=ke.com
20241024,朝阳,燕莎,101122522185,嘉和丽园 高层观景  满5唯1 二次精装 带会所 看房方便,810万,76851元/平,中楼层 (共28层) 2室1厅 | 105.4平米 | 东南 西北,https://ke-image.ljcdn.com/110000-inspection/13c07782-1d0d-430a-b30f-6c6207cd330c_1000.jpg!m_fill,w_280,h_210,f_jpg?from=ke.com
20241024,朝阳,燕莎,101122126811,霄云路8号 观景四居室 看房方便  封闭管理,5000万,112143元/平,低楼层 (共29层) 4室2厅 | 445.86平米 | 南 北,https://ke-image.ljcdn.com/110000-inspection/pc1_gAkB3WrFF_2.jpg!m_fill,w_280,h_210,f_jpg?from=ke.com
20241024,朝阳,燕莎,101122081723,霞光里30号院精装修中间楼层一居室。卫生间大,230万,61597元/平,中楼层 (共6层) 1室1厅 | 37.34平米 | 东南,https://ke-image.ljcdn.com/110000-inspection/25e32fa6-c961-4f98-9772-77300ab8ee48_1000.jpg!m_fill,w_280,h_210,f_jpg?from=ke.com
20241024,朝阳,燕莎,101121686472,朝阳燕莎亮马桥霞光里精装两居  南北通透 采光好,348万,62377元/平,高楼层 (共6层) 2室1厅 | 55.79平米 | 南 北,https://ke-image.ljcdn.com/110000-inspection/0011cf36-869b-4077-9159-26b056ce283d_1000.jpg!m_fill,w_280,h_210,f_jpg?from=ke.com
20241024,朝阳,燕莎,101119968820,国际港 温馨一居 正南向 无遮挡 阳光充足,465万,69331元/平,低楼层 (共23层) | 2002年 | 1室1厅 | 67.07平米 | 东南,https://ke-image.ljcdn.com/110000-inspection/3ad97168-4377-4692-b402-9c8d7b4df552_1000.jpg!m_fill,w_280,h_210,f_jpg?from=ke.com
20241024,朝阳,燕莎,101119163029,南北通透格局好不爬楼配套设施齐全交通便利,320万,57867元/平,底层 (共6层) | 1992年 | 2室1厅 | 55.3平米 | 南 北,https://ke-image.ljcdn.com/110000-inspection/pc1_0rZ55PHAy_1.jpg!m_fill,w_280,h_210,f_jpg?from=ke.com
20241024,朝阳,燕莎,101117450586,精装修的两居室小区中间位置安静不临街业主自住,399万,64574元/平,顶层 (共6层) | 1987年 | 2室1厅 | 61.79平米 | 东南 西北,https://ke-image.ljcdn.com/110000-inspection/pc1_FUDW1ZOKH.jpg!m_fill,w_280,h_210,f_jpg?from=ke.com
20241024,朝阳,燕莎,101116279175,精装修的两居室小区中间位置安静不临街业主自住房主自荐,420万,77022元/平,底层 (共6层) | 1992年 | 2室1厅 | 54.53平米 | 东南 东北,https://ke-image.ljcdn.com/110000-inspection/pc1_8ljvPYYPs_2.jpg!m_fill,w_280,h_210,f_jpg?from=ke.com
20241024,朝阳,燕莎,101127191642,精装-真正的拎包入住 采光好 看房随时 满五唯一新上,299万,61957元/平,高楼层 (共6层) | 1987年 | 2室1厅 | 48.26平米 | 南,https://ke-image.ljcdn.com/110000-inspection/pc1_QrvItmVRu_1.jpg!m_fill,w_280,h_210,f_jpg?from=ke.com
20241024,朝阳,燕莎,101127117572,燕莎 国际港 西南大四居室 满五唯一新上,978万,52766元/平,低楼层 (共23层) | 2002年 | 4室2厅 | 185.35平米 | 西南,https://ke-image.ljcdn.com/110000-inspection/prod-5359e18b-190f-4281-ba33-1eb35d9dfc8c.jpg!m_fill,w_280,h_210,f_jpg?from=ke.com
20241024,朝阳,燕莎,101127117524,燕莎 太阳宫 与远洋新干线 优质两居室 满五唯一新上,739万,57009元/平,低楼层 (共21层) | 2005年 | 3室2厅 | 129.63平米 | 东,https://ke-image.ljcdn.com/110000-inspection/acde511d-77d4-4a92-aa6e-ee00e36f9090_1000.jpg!m_fill,w_280,h_210,f_jpg?from=ke.com
20241024,朝阳,燕莎,101127110338,华远九都汇 3室2厅 南 北新上,1950万,80809元/平,中楼层 (共11层) | 2011年 | 3室2厅 | 241.31平米 | 南 北,https://ke-image.ljcdn.com/110000-inspection/pc1_j0pF723Tt_1.jpg!m_fill,w_280,h_210,f_jpg?from=ke.com
20241024,朝阳,燕莎,101127080931,霞光里30号院精装修中间楼层3居安静舒适环境好新上,420万,60694元/平,中楼层 (共6层) 3室1厅 | 69.2平米 | 南 北,https://ke-image.ljcdn.com/110000-inspection/c8fe80e4-368d-4255-b387-4ca749848d30_1000.jpg!m_fill,w_280,h_210,f_jpg?from=ke.com
20241024,朝阳,燕莎,101127065519,低楼层精装修1居小区环境好近公交多地铁,237万,59819元/平,低楼层 (共6层) 1室1厅 | 39.62平米 | 东南,https://ke-image.ljcdn.com/110000-inspection/pc1_C0IHiAQtg_1.jpg!m_fill,w_280,h_210,f_jpg?from=ke.com
20241024,朝阳,燕莎,101127059312,华远九都汇 2室2厅 南新上,900万,84160元/平,高楼层 (共23层) | 2011年 | 2室2厅 | 106.94平米 | 南,https://ke-image.ljcdn.com/110000-inspection/4e90b488-56f1-426f-b01a-e5e8d9b22032_1000.jpg!m_fill,w_280,h_210,f_jpg?from=ke.com
20241024,朝阳,燕莎,101127036553,此房南北通透带客厅二层南北无遮挡,343万,54977元/平,低楼层 (共6层) | 1987年 | 2室1厅 | 62.39平米 | 南 北,https://ke-image.ljcdn.com/110000-inspection/4604b344-60b6-484c-8642-035065044777_1000.jpg!m_fill,w_280,h_210,f_jpg?from=ke.com
20241024,朝阳,燕莎,101126992514,全新装修没住过拎包住。次顶层视野开阔随时看房,1550万,86390元/平,高楼层 (共26层) | 2007年 | 3室1厅 | 179.42平米 | 东 西,https://ke-image.ljcdn.com/110000-inspection/pc1_Iu8S33rwz.jpg!m_fill,w_280,h_210,f_jpg?from=ke.com
20241024,朝阳,燕莎,101126930899,户型方正 采光视野好 2011年建成 价格合理,1799万,73062元/平,低楼层 (共23层) | 2011年 | 4室3厅 | 246.23平米 | 南 北,https://ke-image.ljcdn.com/110000-inspection/pc1_SEEXwYJ19_1.jpg!m_fill,w_280,h_210,f_jpg?from=ke.com
20241024,朝阳,燕莎,101126905236,朝阳燕莎 嘉和丽园  精装三居  满五年诚意售,1300万,64274元/平,中楼层 (共32层) 3室2厅 | 202.26平米 | 西南,https://ke-image.ljcdn.com/110000-inspection/pc1_SqRkHKT58_1.jpg!m_fill,w_280,h_210,f_jpg?from=ke.com
20241024,朝阳,燕莎,101126896640,燕莎三元桥亮马桥霞光里35号院两居室,313万,57128元/平,底层 (共5层) | 1981年 | 2室1厅 | 54.79平米 | 南,https://ke-image.ljcdn.com/110000-inspection/pc1_UpBdv7ItS.jpg!m_fill,w_280,h_210,f_jpg?from=ke.com
20241024,朝阳,燕莎,101126844802,燕莎 国际港 精装复式 随时看房,1998万,80332元/平,顶层 (共23层) | 2002年 | 4室2厅 | 248.72平米 | 东南,https://ke-image.ljcdn.com/110000-inspection/pc1_vviz1scNS_2.jpg!m_fill,w_280,h_210,f_jpg?from=ke.com
20241024,朝阳,燕莎,101126844789,燕莎 远洋新干线 精装东南两居室  地铁10号线,768万,76191元/平,高楼层 (共21层) | 2005年 | 2室1厅 | 100.8平米 | 东南,https://ke-image.ljcdn.com/110000-inspection/8060514b-e71e-4529-a38c-4fb5e22adc07_1000.jpg!m_fill,w_280,h_210,f_jpg?from=ke.com
20241024,朝阳,燕莎,101126782338,霞光里35号院 中底楼层 南北通透户型 有装修,390万,67838元/平,低楼层 (共6层) | 1987年 | 2室1厅 | 57.49平米 | 南 北,https://ke-image.ljcdn.com/110000-inspection/pc1_zgaThTEf4.jpg!m_fill,w_280,h_210,f_jpg?from=ke.com
20241024,朝阳,燕莎,101126675948,远洋新干线 5室3厅 西北,1760万,67163元/平,高楼层 (共23层) 5室3厅 | 262.05平米 | 西北,https://ke-image.ljcdn.com/110000-inspection/82644b2c-6ec2-4086-a990-e53ac7e7497f_1000.jpg!m_fill,w_280,h_210,f_jpg?from=ke.com
20241024,朝阳,燕莎,101126603842,远洋新干线 3室2厅 西南,1498万,53847元/平,高楼层 (共23层) 3室2厅 | 278.2平米 | 西南,https://ke-image.ljcdn.com/110000-inspection/1348131a-cd20-45da-8bc8-92374f0850ef_1000.jpg!m_fill,w_280,h_210,f_jpg?from=ke.com
20241024,朝阳,燕莎,101126578738,远洋新干线 2室1厅 东北,630万,47469元/平,低楼层 (共26层) | 2005年 | 2室1厅 | 132.72平米 | 东北,https://ke-image.ljcdn.com/110000-inspection/pc1_UxKowuhQc_1.jpg!m_fill,w_280,h_210,f_jpg?from=ke.com
20241024,朝阳,燕莎,101126510769,US联邦公寓 2室1厅 东 西 北,1148万,66466元/平,高楼层 (共31层) | 2007年 | 2室1厅 | 172.72平米 | 东 西 北,https://ke-image.ljcdn.com/110000-inspection/2fedf567-f151-40e4-b4b6-794d2c00aeff_1000.jpg!m_fill,w_280,h_210,f_jpg?from=ke.com
20241024,朝阳,燕莎,101126441022,燕莎 远洋新干线 精装两居室 朝小区花园,828万,63551元/平,低楼层 (共23层) | 2005年 | 2室2厅 | 130.29平米 | 西,https://ke-image.ljcdn.com/110000-inspection/8aff04fa-bc22-447b-aec0-493fbe3589a8_1000.jpg!m_fill,w_280,h_210,f_jpg?from=ke.com
20241024,朝阳,燕莎,101126365760,朝阳燕莎霞光里30号院精装一居 楼层好 拎包入住,275万,64844元/平,低楼层 (共6层) | 1992年 | 1室1厅 | 42.41平米 | 东南,https://ke-image.ljcdn.com/110000-inspection/17f7ada9-170f-45d2-910e-c802876e053a_1000.jpg!m_fill,w_280,h_210,f_jpg?from=ke.com
20241024,朝阳,燕莎,101126351425,亮马风情水岸旁 中间层西向两居室 视野采光无遮挡,1320万,68024元/平,中楼层 (共26层) | 2002年 | 2室2厅 | 194.05平米 | 西,https://ke-image.ljcdn.com/110000-inspection/73f920fc-0498-4c29-bd69-c133cadabc0b_1000.jpg!m_fill,w_280,h_210,f_jpg?from=ke.com
20241024,朝阳,燕莎,101126315917,国际港 4室2厅 西南,1050万,56877元/平,低楼层 (共23层) | 2002年 | 4室2厅 | 184.61平米 | 西南,https://ke-image.ljcdn.com/110000-inspection/pc1_XiZTTy2B5_1.jpg!m_fill,w_280,h_210,f_jpg?from=ke.com
20241024,朝阳,燕莎,101126315880,华远九都汇 3室1厅 南 北,1830万,88736元/平,中楼层 (共23层) | 2011年 | 3室1厅 | 206.23平米 | 南 北,https://ke-image.ljcdn.com/110000-inspection/pc1_ispwwEwJR_1.jpg!m_fill,w_280,h_210,f_jpg?from=ke.com
20241024,朝阳,燕莎,101126300854,嘉和丽园 户型方正 采光视野好  中间楼层满五唯一,580万,68510元/平,中楼层 (共28层) | 2001年 | 1室1厅 | 84.66平米 | 西,https://ke-image.ljcdn.com/110000-inspection/4e2f77bb-d709-4b2d-85f4-d306a3430901_1000.jpg!m_fill,w_280,h_210,f_jpg?from=ke.com
20241024,朝阳,燕莎,101126287176,华远九都汇 地暖 2012年  人车分流,528万,38787元/平,中楼层 (共7层) | 2011年 | 2室1厅 | 136.13平米 | 西北,https://ke-image.ljcdn.com/110000-inspection/pc1_2BzxOVelo.jpg!m_fill,w_280,h_210,f_jpg?from=ke.com
20241024,朝阳,燕莎,101126168075,福景苑高层观景  满五年唯一 看房随时,840万,69693元/平,中楼层 (共25层) | 2002年 | 1室1厅 | 120.53平米 | 西,https://ke-image.ljcdn.com/110000-inspection/404e534b-dd3f-4387-9806-6d804916d5d8_1000.jpg!m_fill,w_280,h_210,f_jpg?from=ke.com
20241024,朝阳,燕莎,101126154250,远洋新干线 橡树公馆 电梯刷卡 大堂有健身房,355万,55906元/平,中楼层 (共21层) | 2005年 | 1室1厅 | 63.5平米 | 北,https://ke-image.ljcdn.com/110000-inspection/d334a833-4301-47c8-89fe-3ec6c33ebe52_1000.jpg!m_fill,w_280,h_210,f_jpg?from=ke.com
20241024,朝阳,燕莎,101126125461,远洋新干线 温馨一居 月租9000+,510万,70677元/平,高楼层 (共22层) | 2005年 | 1室1厅 | 72.16平米 | 西,https://ke-image.ljcdn.com/110000-inspection/b9bd718a-df5a-439c-847d-bf26f714d24d_1000.jpg!m_fill,w_280,h_210,f_jpg?from=ke.com
20241024,朝阳,燕莎,101126115939,东三环 远洋新干线 满五唯一 一居室房主自荐,339万,66891元/平,低楼层 (共23层) | 2005年 | 1室1厅 | 50.68平米 | 北,https://ke-image.ljcdn.com/110000-inspection/pc1_7X8o6ZYX9.jpg!m_fill,w_280,h_210,f_jpg?from=ke.com
20241024,朝阳,燕莎,101126081430,US联邦公寓 车位,50万,9541元/平,地下室 1室0厅 | 52.41平米 | 东,https://ke-image.ljcdn.com/110000-inspection/pc1_lEX9930J8.jpg!m_fill,w_280,h_210,f_jpg?from=ke.com
20241024,朝阳,燕莎,101126081374,B1的车位位置很好去1单元、2单元都很方便,50万,9294元/平,地下室 1室0厅 | 53.8平米 | 东,https://ke-image.ljcdn.com/110000-inspection/pc1_ze2gzTycm.jpg!m_fill,w_280,h_210,f_jpg?from=ke.com
20241024,朝阳,燕莎,101126051108,燕莎 三元桥 精装两居室 70年住宅 满五唯一,780万,77381元/平,高楼层 (共21层) | 2005年 | 2室1厅 | 100.8平米 | 西南,https://ke-image.ljcdn.com/110000-inspection/f6879c7f-32a8-45ba-8873-b87809b9faa6_1000.jpg!m_fill,w_280,h_210,f_jpg?from=ke.com
20241024,朝阳,燕莎,101126039875,国际港 正规一居室 安静不临街 10号线三元桥,430万,66175元/平,中楼层 (共23层) | 2002年 | 1室1厅 | 64.98平米 | 东南,https://ke-image.ljcdn.com/110000-inspection/pc1_012dYu5wZ_1.jpg!m_fill,w_280,h_210,f_jpg?from=ke.com
20241024,朝阳,燕莎,101125968652,福景苑无遮挡店长点赞格局方正,1350万,75512元/平,中楼层 (共26层) | 2002年 | 2室2厅 | 178.78平米 | 南 西,https://ke-image.ljcdn.com/110000-inspection/pc1_MIqX8RpB8_1.jpg!m_fill,w_280,h_210,f_jpg?from=ke.com
20241024,朝阳,燕莎,101125862993,福景苑 2室2厅 西南,1320万,73596元/平,中楼层 (共26层) | 2002年 | 2室2厅 | 179.36平米 | 西南,https://ke-image.ljcdn.com/110000-inspection/483f190b-7ab1-4375-8177-322c7c7d30bf_1000.jpg!m_fill,w_280,h_210,f_jpg?from=ke.com
20241024,朝阳,燕莎,101125843822,东南向  采光充足 精装修 满五唯一 地暖加新风,1500万,50914元/平,低楼层 (共28层) 4室3厅 | 294.62平米 | 东南 南,https://ke-image.ljcdn.com/110000-inspection/pc1_3PX1okLJ4_1.jpg!m_fill,w_280,h_210,f_jpg?from=ke.com
20241024,朝阳,燕莎,101125822459,远洋公馆 一梯一户 南北通透 管家服务 车位充足,2290万,90279元/平,中楼层 (共23层) 4室2厅 | 253.66平米 | 西南 北,https://ke-image.ljcdn.com/110000-inspection/pc1_HsdmOhqzu_1.jpg!m_fill,w_280,h_210,f_jpg?from=ke.com
20241024,朝阳,燕莎,101125807341,远洋新干线 地铁10号线三元桥 北向两居室 70年,499万,58665元/平,高楼层 (共26层) | 2005年 | 2室1厅 | 85.06平米 | 北,https://ke-image.ljcdn.com/110000-inspection/b82c4b5a-5879-4c6c-9ae2-9d7055fbb5d4_1000.jpg!m_fill,w_280,h_210,f_jpg?from=ke.com
20241024,朝阳,燕莎,101125804709,亮马河景观三居~低于成交价~下楼朝阳公园蓝色港湾,2570万,95147元/平,高楼层 (共16层) | 2010年 | 3室2厅 | 270.11平米 | 南 北,https://ke-image.ljcdn.com/110000-inspection/e0d6715c-5ba7-4cb8-98ed-cdc4a626b4f1_1000.jpg!m_fill,w_280,h_210,f_jpg?from=ke.com
20241024,朝阳,燕莎,101125803310,远洋新干线 温馨南向一居室 租金12000,620万,68456元/平,低楼层 (共21层) | 2005年 | 1室1厅 | 90.57平米 | 南,https://ke-image.ljcdn.com/110000-inspection/7ccb094c-afb2-4699-a0ca-3298e3f3ead3_1000.jpg!m_fill,w_280,h_210,f_jpg?from=ke.com
20241024,朝阳,燕莎,101125743652,东北三环 燕莎 远洋新干线 落地窗 满2年 采光好,630万,70922元/平,低楼层 (共21层) | 2005年 | 2室1厅 | 88.83平米 | 东北,https://ke-image.ljcdn.com/110000-inspection/18602667-2786-438e-bbff-c20d65c1d628_1000.jpg!m_fill,w_280,h_210,f_jpg?from=ke.com
20241024,朝阳,燕莎,101125591821,霞光里30号院的通透格局楼层好配套方便齐全；,338万,49272元/平,中楼层 (共6层) 2室1厅 | 68.6平米 | 西南 东北,https://ke-image.ljcdn.com/110000-inspection/435692a1-2052-4fd4-9a2e-eee40857854c_1000.jpg!m_fill,w_280,h_210,f_jpg?from=ke.com
20241024,朝阳,燕莎,101125590494,东三环 三元桥 远洋新干线 3卧朝南 满5唯1,1499万,74201元/平,低楼层 (共27层) | 2005年 | 4室1厅 | 202.02平米 | 西南,https://ke-image.ljcdn.com/110000-inspection/pc1_6FBhuI6y0.jpg!m_fill,w_280,h_210,f_jpg?from=ke.com
20241024,朝阳,燕莎,101125576764,东北三环 燕莎 霞光里35号院 温馨两居室 诚售,330万,57402元/平,高楼层 (共6层) 2室1厅 | 57.49平米 | 东南 西北,https://ke-image.ljcdn.com/110000-inspection/pc1_sZ0nAkfdW.jpg!m_fill,w_280,h_210,f_jpg?from=ke.com
20241024,朝阳,燕莎,101125552215,户型方正 采光视野好 2011年建成 价格便宜,389万,36076元/平,低楼层 (共7层) | 2011年 | 1室2厅 | 107.83平米 | 西北,https://ke-image.ljcdn.com/110000-inspection/pc1_3QeWFyMX4_1.jpg!m_fill,w_280,h_210,f_jpg?from=ke.com
20241024,朝阳,燕莎,101125483300,6米7面宽大客厅精装修满五唯一商品房看房随时,2650万,112800元/平,底层 (共6层) | 2006年 | 3室2厅 | 234.93平米 | 南 西 北,https://ke-image.ljcdn.com/110000-inspection/f4325cbe-5b78-4194-a920-f1b6cfa76098_1000.jpg!m_fill,w_280,h_210,f_jpg?from=ke.com
20241024,朝阳,燕莎,101125482013,北京花园满五年唯一精装修。,2600万,110002元/平,底层 (共6层) | 2006年 | 3室2厅 | 236.36平米 | 南 北,https://ke-image.ljcdn.com/110000-inspection/pc1_bkHjXiNJ0_1.jpg!m_fill,w_280,h_210,f_jpg?from=ke.com
20241024,朝阳,燕莎,101125450922,燕莎三元桥US联邦公寓三面采光高层景观房,1950万,89577元/平,高楼层 (共31层) 3室1厅 | 217.69平米 | 南 东 北,https://ke-image.ljcdn.com/110000-inspection/945dfd11-77b8-44ec-92bb-0a0f156f00ba_1000.jpg!m_fill,w_280,h_210,f_jpg?from=ke.com
20241024,朝阳,燕莎,101125380872,华远九都汇 1室2厅 西,420万,36924元/平,中楼层 (共7层) | 2011年 | 1室2厅 | 113.75平米 | 西,https://ke-image.ljcdn.com/110000-inspection/97c39c10-5cb3-4514-9f48-f2bb854572bd_1000.jpg!m_fill,w_280,h_210,f_jpg?from=ke.com
20241024,朝阳,燕莎,101125365877,远洋新干线 中间楼层 正对小区花园 南向 精装修,1450万,71264元/平,中楼层 (共27层) 4室1厅 | 203.47平米 | 南 西南,https://ke-image.ljcdn.com/110000-inspection/6ee0ae87-3c04-4a76-bdae-cadd2feb4a36_1000.jpg!m_fill,w_280,h_210,f_jpg?from=ke.com
20241024,朝阳,燕莎,101125333254,西南向高层三居采光视野都好精装修看房随时,2200万,81824元/平,中楼层 (共26层) | 2002年 | 3室1厅 | 268.87平米 | 西南,https://ke-image.ljcdn.com/110000-inspection/pc1_RVj16tvUR_2.jpg!m_fill,w_280,h_210,f_jpg?from=ke.com
20241024,朝阳,燕莎,101125121776,东北三环 远洋新干线 西向落地窗 景观西山,565万,45909元/平,中楼层 (共26层) | 2005年 | 1室2厅 | 123.07平米 | 西,https://ke-image.ljcdn.com/110000-inspection/pc1_MKVewkFCr.jpg!m_fill,w_280,h_210,f_jpg?from=ke.com
20241024,朝阳,燕莎,101124932807,2011年社区 户型方正 诚意出售,320万,38597元/平,低楼层 (共7层) | 2011年 | 1室1厅 | 82.91平米 | 北,https://ke-image.ljcdn.com/110000-inspection/abaab770-903f-44a8-a575-ca518754f62d_1000.jpg!m_fill,w_280,h_210,f_jpg?from=ke.com
20241024,朝阳,燕莎,101124924068,华远九都汇2012年社区 人车分流,326万,35567元/平,高楼层 (共11层) | 2011年 | 1室1厅 | 91.66平米 | 南,https://ke-image.ljcdn.com/110000-inspection/faa61f6c-0113-4c7a-946e-c3087f5f30b6_1000.jpg!m_fill,w_280,h_210,f_jpg?from=ke.com
20241024,朝阳,燕莎,101124714294,远洋新干线 5室2厅 东 南 北,2680万,80353元/平,顶层 (共23层) | 2005年 | 5室2厅 | 333.53平米 | 东 南 北,https://ke-image.ljcdn.com/110000-inspection/546e48d0-dd4b-41c0-a81e-d27356f0872b_1000.jpg!m_fill,w_280,h_210,f_jpg?from=ke.com
20241024,朝阳,燕莎,101124687620,燕莎 福景苑  东向精装修 观景朝阳公园 两居室,1400万,78309元/平,中楼层 (共26层) | 2002年 | 2室2厅 | 178.78平米 | 东,https://ke-image.ljcdn.com/110000-inspection/pc1_1RSY3Fb7D_1.jpg!m_fill,w_280,h_210,f_jpg?from=ke.com
20241024,朝阳,燕莎,101124564752,华远九都汇 车位,38万,7478元/平,地下室 1室0厅 | 50.82平米 | 南,https://ke-image.ljcdn.com/110000-inspection/4fdad51c-9224-4a11-ac96-df95c6ecd4c2_1000.jpg!m_fill,w_280,h_210,f_jpg?from=ke.com
20241024,朝阳,燕莎,101124425756,霞光里30号院小区中间位置安静不临街全明格局,275万,65383元/平,中楼层 (共6层) 1室1厅 | 42.06平米 | 东南,https://ke-image.ljcdn.com/110000-inspection/6dcac0b3-2ff7-4611-a442-de7a62c5ed03_1000.jpg!m_fill,w_280,h_210,f_jpg?from=ke.com
20241024,朝阳,燕莎,101124418964,霞光里30号院精装修南北通透减少购房的成本。房主自荐,369万,67670元/平,中楼层 (共6层) | 1992年 | 2室1厅 | 54.53平米 | 东南 西北,https://ke-image.ljcdn.com/110000-inspection/02601c34-95ca-4e69-ad37-93ec9cff3b20_1000.jpg!m_fill,w_280,h_210,f_jpg?from=ke.com
20241024,朝阳,燕莎,101123899182,霞光里35号院满五年唯一南北通价格便宜,340万,64407元/平,底层 (共6层) | 1987年 | 2室1厅 | 52.79平米 | 东南 西北,https://ke-image.ljcdn.com/110000-inspection/pc1_6evzWw47V_1.jpg!m_fill,w_280,h_210,f_jpg?from=ke.com
20241024,朝阳,燕莎,101123899092,霞光里35号院中间层 精装修 南向钢混两居;,389万,70999元/平,中楼层 (共5层) | 1983年 | 2室1厅 | 54.79平米 | 南,https://ke-image.ljcdn.com/110000-inspection/pc1_gDm1EwA7H.jpg!m_fill,w_280,h_210,f_jpg?from=ke.com
20241024,朝阳,燕莎,101123839028,远洋新干线 05年次新房 诚心出售  花园社区,898万,65730元/平,中楼层 (共21层) | 2005年 | 2室1厅 | 136.62平米 | 西,https://ke-image.ljcdn.com/110000-inspection/55e5dcb7-9d2b-4248-a60f-eb3e3503cebd_1000.jpg!m_fill,w_280,h_210,f_jpg?from=ke.com
20241024,朝阳,燕莎,101123623073,霞光里30号院 精装修 采光好 视野无遮挡 价格合理,499万,61583元/平,顶层 (共6层) | 1987年 | 3室1厅 | 81.03平米 | 东南 西北,https://ke-image.ljcdn.com/110000-inspection/pc1_fadjzqLRs.jpg!m_fill,w_280,h_210,f_jpg?from=ke.com
20241024,朝阳,燕莎,101123599194,远洋新干线 精致小户型  房子满五年精装修交通方便,359万,56679元/平,低楼层 (共21层) | 2005年 | 1室1厅 | 63.34平米 | 北,https://ke-image.ljcdn.com/110000-inspection/61759aee-f06c-4711-bb6c-8b04a220339f_1000.jpg!m_fill,w_280,h_210,f_jpg?from=ke.com
20241024,朝阳,燕莎,101123510825,燕莎 亮马桥 2011年社区 安静不临街 采光棒,1800万,74593元/平,中楼层 (共11层) | 2011年 | 3室2厅 | 241.31平米 | 南 北,https://ke-image.ljcdn.com/110000-inspection/pc1_EMhFhbLNs.jpg!m_fill,w_280,h_210,f_jpg?from=ke.com
20241024,朝阳,燕莎,101123234784,简约式精装修可拎包入住中楼层费用少,340万,70657元/平,中楼层 (共6层) | 1987年 | 1室1厅 | 48.12平米 | 南,https://ke-image.ljcdn.com/110000-inspection/pc1_4oyCyb4wZ_2.jpg!m_fill,w_280,h_210,f_jpg?from=ke.com
20241024,朝阳,燕莎,101123231178,燕莎 亮马桥 国际港 一层四居室,940万,56086元/平,底层 (共23层) | 2002年 | 4室2厅 | 167.6平米 | 东南,https://ke-image.ljcdn.com/110000-inspection/pc1_pLB8F7FG9.jpg!m_fill,w_280,h_210,f_jpg?from=ke.com
20241024,朝阳,燕莎,101123180916,燕莎 亮马桥 2011年社区 高楼层正南向 视野景观棒,1050万,98186元/平,高楼层 (共23层) | 2011年 | 2室1厅 | 106.94平米 | 南,https://ke-image.ljcdn.com/110000-inspection/0d856c59-459b-4661-af4e-42902c41396f_1000.jpg!m_fill,w_280,h_210,f_jpg?from=ke.com
20241024,朝阳,燕莎,101123156724,霞光里30号院 满五唯一 大客厅 空间大,320万,72761元/平,底层 (共6层) | 1988年 | 2室1厅 | 43.98平米 | 南,https://ke-image.ljcdn.com/110000-inspection/b65768f8-9822-4c0c-87a7-e8154bac6e38_1000.jpg!m_fill,w_280,h_210,f_jpg?from=ke.com
20241024,朝阳,燕莎,101123107176,华远九都汇 户型方正 采光视野好 2011年建成 价格合理,249万,34661元/平,中楼层 (共11层) | 2011年 | 1室1厅 | 71.84平米 | 西,https://ke-image.ljcdn.com/110000-inspection/pc1_E1WWiPtkF.jpg!m_fill,w_280,h_210,f_jpg?from=ke.com
20241024,朝阳,燕莎,101123025435,燕莎 远洋新干线 大三居室 70年产权,760万,41927元/平,高楼层 (共26层) | 2005年 | 3室1厅 | 181.27平米 | 南,https://ke-image.ljcdn.com/110000-inspection/pc1_c7L1pBBNL.jpg!m_fill,w_280,h_210,f_jpg?from=ke.com
20241024,朝阳,燕莎,101122942178,朝阳燕莎 霞光里30号院精装双阳台两居 满五年,370万,64833元/平,顶层 (共6层) 2室1厅 | 57.07平米 | 东南,https://ke-image.ljcdn.com/110000-inspection/145b1b35-77e7-4c3f-902c-f0e3a2371cff_1000.jpg!m_fill,w_280,h_210,f_jpg?from=ke.com
20241024,朝阳,燕莎,101122854243,一线亮马河景观~高层南北通透三居~餐客分离~随时可看,2850万,105513元/平,中楼层 (共22层) | 2010年 | 3室2厅 | 270.11平米 | 南 北,https://ke-image.ljcdn.com/110000-inspection/24984287-d6bf-4afd-bd1d-8a2c9a7c1166_1000.jpg!m_fill,w_280,h_210,f_jpg?from=ke.com
20241024,朝阳,燕莎,101122722499,燕莎 亮马桥 市政地暖 2011年社区 诚意出售,1900万,92131元/平,中楼层 (共23层) | 2011年 | 3室2厅 | 206.23平米 | 南 北,https://ke-image.ljcdn.com/110000-inspection/pc1_6caJG81lW_1.jpg!m_fill,w_280,h_210,f_jpg?from=ke.com
20241024,朝阳,燕莎,101122719273,燕莎 正南向 2011年社区华远九都汇  精装修 市财地暖,1040万,97251元/平,低楼层 (共23层) | 2011年 | 1室1厅 | 106.94平米 | 南,https://ke-image.ljcdn.com/110000-inspection/d9beed20-602e-4c5a-90eb-a66ebc458a95_1000.jpg!m_fill,w_280,h_210,f_jpg?from=ke.com
20241024,朝阳,燕莎,101122650591,霞光里35号院 温馨小三居 诚心出售,345万,55998元/平,中楼层 (共5层) | 1981年 | 3室1厅 | 61.61平米 | 南 北,https://ke-image.ljcdn.com/110000-inspection/pc1_2avRwqe2j.jpg!m_fill,w_280,h_210,f_jpg?from=ke.com
20241024,朝阳,燕莎,101122447417,满五唯一3层的钢混结构精装修两居室；,359万,65523元/平,中楼层 (共5层) | 1983年 | 2室1厅 | 54.79平米 | 南,https://ke-image.ljcdn.com/110000-inspection/pc1_HePXc3onE_1.jpg!m_fill,w_280,h_210,f_jpg?from=ke.com
20241024,朝阳,燕莎,101122280599,福景苑西南向三居满五年唯一精装修拎包入住,2010万,74758元/平,低楼层 (共25层) | 2002年 | 3室2厅 | 268.87平米 | 西南,https://ke-image.ljcdn.com/110000-inspection/a10dd780-a4ee-4cd0-93e5-4272ae73e3c7_1000.jpg!m_fill,w_280,h_210,f_jpg?from=ke.com
20241024,朝阳,燕莎,101122181534,东南朝向全明格局自住装修拎包入住采光好,1390万,74102元/平,低楼层 (共31层) | 2007年 | 3室2厅 | 187.58平米 | 东南,https://ke-image.ljcdn.com/110000-inspection/2ca79acb-622c-476b-a426-da8b366c28c8_1000.jpg!m_fill,w_280,h_210,f_jpg?from=ke.com
20241024,朝阳,燕莎,101122144127,朝阳公园燕莎商圈蓝色港湾花园电梯洋房落地窗,2900万,107964元/平,高楼层 (共6层) | 2006年 | 4室1厅 | 268.61平米 | 南 北,https://ke-image.ljcdn.com/110000-inspection/pc1_YQlcUVJ4O.jpg!m_fill,w_280,h_210,f_jpg?from=ke.com
20241024,朝阳,燕莎,101121964151,四季世家南向两居观亮马河全景户型好采光充足,2680万,110153元/平,中楼层 (共16层) | 2010年 | 2室2厅 | 243.3平米 | 南,https://ke-image.ljcdn.com/110000-inspection/1f762b99-40b6-47b9-a91b-e9039624e9c2_1000.jpg!m_fill,w_280,h_210,f_jpg?from=ke.com
20241024,朝阳,燕莎,101121949325,US联邦公寓精装修可拎包入住格局方正金茂物业。,1420万,62696元/平,低楼层 (共26层) | 2007年 | 4室2厅 | 226.49平米 | 东 西,https://ke-image.ljcdn.com/110000-inspection/pc1_Mp7NrnZEq_1.jpg!m_fill,w_280,h_210,f_jpg?from=ke.com
20241024,朝阳,燕莎,101121925769,霞光里30号院 1室1厅 西南,308万,74110元/平,顶层 (共6层) | 1992年 | 1室1厅 | 41.56平米 | 西南,https://ke-image.ljcdn.com/110000-inspection/pc1_ewLxJ3MfP.jpg!m_fill,w_280,h_210,f_jpg?from=ke.com
20241024,朝阳,燕莎,101120946148,国际港 温馨复式四居室 满五年唯一 诚售,1500万,61984元/平,顶层 (共23层) | 2002年 | 4室1厅 | 242平米 | 南 北,https://ke-image.ljcdn.com/110000-inspection/3bab63f2-f0d0-4e6c-9609-aac58c9aa980_1000.jpg!m_fill,w_280,h_210,f_jpg?from=ke.com
20241024,朝阳,燕莎,101120862206,国际港  2002年社区 看房方便 精装修2居  满五年,540万,60309元/平,底层 (共23层) | 2002年 | 2室1厅 | 89.54平米 | 西 北,https://ke-image.ljcdn.com/110000-inspection/pc1_EJJkCAux5_2.jpg!m_fill,w_280,h_210,f_jpg?from=ke.com
20241024,朝阳,燕莎,101120277707,高楼层大格局采光好视野棒冬暖夏凉通风效果好,1780万,75498元/平,高楼层 (共31层) | 2007年 | 3室2厅 | 235.77平米 | 南 西,https://ke-image.ljcdn.com/110000-inspection/pc1_f8rvh59Ty_2.jpg!m_fill,w_280,h_210,f_jpg?from=ke.com
20241024,朝阳,燕莎,101119931584,东北三环 燕莎区京润水上花园 三层洋房出售,1100万,111393元/平,顶层 (共3层) | 1997年 | 2室1厅 | 98.75平米 | 南 北,https://ke-image.ljcdn.com/110000-inspection/pc1_sH9rsQGoe_1.jpg!m_fill,w_280,h_210,f_jpg?from=ke.com
20241024,朝阳,燕莎,101119931513,东北三环 燕莎区京润水上花园 三层洋房出售,1200万,121519元/平,顶层 (共3层) | 1997年 | 2室1厅 | 98.75平米 | 南 北,https://ke-image.ljcdn.com/110000-inspection/pc1_d6uBQwHol_1.jpg!m_fill,w_280,h_210,f_jpg?from=ke.com
20241024,朝阳,燕莎,101119028921,燕莎三元桥京润水上花园独栋别墅次临湖位置,4450万,136061元/平,底层 (共2层) 4室2厅 | 327.06平米 | 南 北,https://ke-image.ljcdn.com/110000-inspection/2ed41fec-ad74-44b6-a401-a026210218f3_1000.jpg!m_fill,w_280,h_210,f_jpg?from=ke.com
20241024,朝阳,燕莎,101117126114,霄云路8号 南北通透 观园林景观 自住保养好 封闭管理,6000万,134572元/平,中楼层 (共29层) | 2013年 | 4室3厅 | 445.86平米 | 南 北,https://ke-image.ljcdn.com/110000-inspection/pc1_54pVqWUBR_1.jpg!m_fill,w_280,h_210,f_jpg?from=ke.com
20241024,朝阳,燕莎,101117057342,格局好精装修地暖诚意出售,6300万,125960元/平,底层 (共2层) 12室3厅 | 500.16平米 | 东 南 西 北,https://ke-image.ljcdn.com/110000-inspection/b44b0576-72de-4748-8256-6eb009522ab7_1000.jpg!m_fill,w_280,h_210,f_jpg?from=ke.com
20241024,朝阳,燕莎,101116680699,东三环燕莎京润水上花园别墅双拼别墅东户,2200万,94873元/平,顶层 (共2层) 3室2厅 | 231.89平米 | 东 南 北,https://ke-image.ljcdn.com/110000-inspection/pc1_peuO0lzpP_1.jpg!m_fill,w_280,h_210,f_jpg?from=ke.com
20241024,朝阳,燕莎,101116585280,东向观景大两居 满五年唯一 中间楼层无遮挡,1530万,78846元/平,中楼层 (共26层) | 2002年 | 2室2厅 | 194.05平米 | 东,https://ke-image.ljcdn.com/110000-inspection/efc656bb-0310-440c-8ab1-c5f68335b72c_1000.jpg!m_fill,w_280,h_210,f_jpg?from=ke.com
20241024,朝阳,燕莎,101116455664,朝阳公园蓝色港湾高斓大厦南向采光无遮挡,620万,56354元/平,中楼层 (共22层) | 1996年 | 2室1厅 | 110.02平米 | 南,https://ke-image.ljcdn.com/110000-inspection/pc1_flp3ejcwa_1.jpg!m_fill,w_280,h_210,f_jpg?from=ke.com
20241024,朝阳,燕莎,101112838106,南向眼镜户型好南向观景视野好,2250万,92479元/平,低楼层 (共22层) | 2010年 | 2室1厅 | 243.3平米 | 南,https://ke-image.ljcdn.com/110000-inspection/pc1_qWxBEGuDP_1.jpg!m_fill,w_280,h_210,f_jpg?from=ke.com
20241024,朝阳,燕莎,101112586471,US联邦公寓 燕莎使馆区 现代轻奢 高层观景 拎包入住房主自荐,2350万,99295元/平,高楼层 (共31层) | 2007年 | 3室2厅 | 236.67平米 | 西南,https://ke-image.ljcdn.com/110000-inspection/pc1_PsXWKr0q8.jpg!m_fill,w_280,h_210,f_jpg?from=ke.com
20241024,朝阳,燕莎,101127193630,远洋新干线 2室1厅 东北,805万,70380元/平,低楼层 (共27层) | 2005年 | 2室1厅 | 114.38平米 | 东北,https://s1.ljcdn.com/pegasus/redskull/images/common/default_house_list.png?_v=202410161653269
20241024,朝阳,燕莎,101127128394,霄云里8号 1室1厅 北新上,260万,40112元/平,高楼层 (共13层) | 2009年 | 1室1厅 | 64.82平米 | 北,https://s1.ljcdn.com/pegasus/redskull/images/common/default_house_list.png?_v=202410161653269
20241024,朝阳,燕莎,101127115508,三元桥燕莎 国际港南北两居 满五唯一住房新上,635万,51956元/平,低楼层 (共23层) | 2002年 | 2室1厅 | 122.22平米 | 南 北,https://s1.ljcdn.com/pegasus/redskull/images/common/default_house_list.png?_v=202410161653269
20241024,朝阳,燕莎,101127110483,观公园50年产权可注册安静新上,230万,33324元/平,低楼层 (共13层) | 2009年 | 1室0厅 | 69.02平米 | 东北,https://s1.ljcdn.com/pegasus/redskull/images/common/default_house_list.png?_v=202410161653269
20241024,朝阳,燕莎,101127083191,华远九都汇 户型方正 采光视野好 2011年建成,1400万,87125元/平,中楼层 (共11层) | 2011年 | 2室1厅 | 160.69平米 | 南,https://s1.ljcdn.com/pegasus/redskull/images/common/default_house_list.png?_v=202410161653269
20241024,朝阳,燕莎,101126942021,燕莎 三元桥 国际港 高层全南四居室,1000万,60274元/平,高楼层 (共23层) 4室2厅 | 165.91平米 | 南,https://s1.ljcdn.com/pegasus/redskull/images/common/default_house_list.png?_v=202410161653269
20241024,朝阳,燕莎,101126843041,霄云里8号 1室0厅 东北,215万,31586元/平,中楼层 (共13层) | 2009年 | 1室0厅 | 68.07平米 | 东北,https://s1.ljcdn.com/pegasus/redskull/images/common/default_house_list.png?_v=202410161653269
20241024,朝阳,燕莎,101126682220,50年产权精装修小区安静有绿化可以注册,355万,33800元/平,中楼层 (共13层) | 2009年 | 2室1厅 | 105.03平米 | 西 南,https://s1.ljcdn.com/pegasus/redskull/images/common/default_house_list.png?_v=202410161653269
20241024,朝阳,燕莎,101126676010,华远九都汇小区 小亮马桥西路6号院,2090万,81197元/平,高楼层 (共23层) 4室2厅 | 257.4平米 | 南 北,https://s1.ljcdn.com/pegasus/redskull/images/common/default_house_list.png?_v=202410161653269
20241024,朝阳,燕莎,101126670327,远洋新干线 百万装修 7米宽落地窗横厅,1600万,74527元/平,高楼层 (共22层) | 2005年 | 3室1厅 | 214.69平米 | 东北,https://s1.ljcdn.com/pegasus/redskull/images/common/default_house_list.png?_v=202410161653269
20241024,朝阳,燕莎,101126654685,燕莎 远洋新干线  一居室 满五年 落地窗,450万,62414元/平,低楼层 (共23层) 1室1厅 | 72.1平米 | 北,https://s1.ljcdn.com/pegasus/redskull/images/common/default_house_list.png?_v=202410161653269
20241024,朝阳,燕莎,101126428594,霞光里35号院的2+1户型中间楼层位置安静。,315万,51162元/平,中楼层 (共5层) | 1983年 | 2室1厅 | 61.57平米 | 南 北,https://s1.ljcdn.com/pegasus/redskull/images/common/default_house_list.png?_v=202410161653269
20241024,朝阳,燕莎,101126162683,国际港 3室1厅 南,868万,61877元/平,低楼层 (共23层) | 2002年 | 3室1厅 | 140.28平米 | 南,https://ke-image.ljcdn.com/110000-inspection/rsp_pic_uploadbf2eb82e-6148-45bd-975e-844892f8f92a.jpg!m_fill,w_280,h_210,f_jpg?from=ke.com
20241024,朝阳,燕莎,101126123986,远洋新干线 2室2厅 西,915万,70030元/平,高楼层 (共23层) 2室2厅 | 130.66平米 | 西,https://s1.ljcdn.com/pegasus/redskull/images/common/default_house_list.png?_v=202410161653269
20241024,朝阳,燕莎,101125690864,霄云路8号 二次精装 南北通透 正对朝阳公园,5500万,125091元/平,中楼层 (共29层) | 2011年 | 4室3厅 | 439.68平米 | 南 北,https://s1.ljcdn.com/pegasus/redskull/images/common/default_house_list.png?_v=202410161653269
20241024,朝阳,燕莎,101125547635,福景苑精装大三居拎包入住满五唯一电梯采光层,2290万,85172元/平,高楼层 (共26层) | 2002年 | 3室2厅 | 268.87平米 | 西南,https://s1.ljcdn.com/pegasus/redskull/images/common/default_house_list.png?_v=202410161653269
20241024,朝阳,燕莎,101125115116,华远九都汇 1室0厅 西,215万,41251元/平,底层 (共7层) | 2011年 | 1室0厅 | 52.12平米 | 西,https://s1.ljcdn.com/pegasus/redskull/images/common/default_house_list.png?_v=202410161653269
20241024,朝阳,燕莎,101124753642,燕莎 远洋新干线  精装两居室 满五唯一 地暖,700万,68790元/平,中楼层 (共21层) | 2005年 | 2室1厅 | 101.76平米 | 西北,https://s1.ljcdn.com/pegasus/redskull/images/common/default_house_list.png?_v=202410161653269
20241024,朝阳,燕莎,101124649848,50年产权精装修小区安静有绿化可以注册,295万,29237元/平,低楼层 (共13层) | 2009年 | 2室1厅 | 100.9平米 | 南 西,https://s1.ljcdn.com/pegasus/redskull/images/common/default_house_list.png?_v=202410161653269
20241024,朝阳,燕莎,101124564671,华远九都汇 车位,37.5万,7043元/平,地下室 1室1厅 | 53.25平米 | 南,https://s1.ljcdn.com/pegasus/redskull/images/common/default_house_list.png?_v=202410161653269
20241024,朝阳,燕莎,101124555956,50年综合 可注册小区绿化优美停车方便,264万,32000元/平,中楼层 (共13层) | 2009年 | 1室1厅 | 82.5平米 | 东北,https://s1.ljcdn.com/pegasus/redskull/images/common/default_house_list.png?_v=202410161653269
20241024,朝阳,燕莎,101123894052,闹中取静50年可注册前后不临街视野好观绿林,225万,34648元/平,高楼层 (共13层) | 2009年 | 1室0厅 | 64.94平米 | 东北,https://s1.ljcdn.com/pegasus/redskull/images/common/default_house_list.png?_v=202410161653269
20241024,朝阳,燕莎,101123677845,50年产权精装修小区安静有绿化可以注册,300万,29730元/平,中楼层 (共13层) | 2009年 | 2室1厅 | 100.91平米 | 西南,https://s1.ljcdn.com/pegasus/redskull/images/common/default_house_list.png?_v=202410161653269
20241024,朝阳,燕莎,101121089036,燕莎 亮马桥 复式结构 精装修 地暖房,1150万,69248元/平,顶层 (共7层) | 2011年 | 2室2厅 | 166.07平米 | 西,https://s1.ljcdn.com/pegasus/redskull/images/common/default_house_list.png?_v=202410161653269
20241024,朝阳,燕莎,101120891816,燕莎霄云路霄云里8号新上精装修,400万,43650元/平,高楼层 (共13层) | 2009年 | 2室1厅 | 91.64平米 | 东,https://s1.ljcdn.com/pegasus/redskull/images/common/default_house_list.png?_v=202410161653269
