20241021,朝阳,西坝河,101127105893,此房源满五年家庭唯一住房业主诚心出售采光视野好必看好房,278万,48696元/平,顶层 (共6层) | 1984年 | 2室1厅 | 57.09平米 | 南 北,https://ke-image.ljcdn.com/110000-inspection/85a2efcd-f72b-4ec5-9ae7-6c68cc0a288e_1000.jpg!m_fill,w_280,h_210,f_jpg?from=ke.com
20241021,朝阳,西坝河,101127105705,西坝河中里 2室1厅 东南必看好房,366万,65982元/平,高楼层 (共13层) 2室1厅 | 55.47平米 | 东南,https://ke-image.ljcdn.com/110000-inspection/aefe571c-cfcd-4fe9-a696-40f43fda9f67_1000.jpg!m_fill,w_280,h_210,f_jpg?from=ke.com
20241021,朝阳,西坝河,101127097042,光熙门新上带厅商品楼  全部新装修 直接住 满五年必看好房,435万,63467元/平,高楼层 (共22层) 3室1厅 | 68.54平米 | 东 东北,https://ke-image.ljcdn.com/110000-inspection/2e519d11-ef0d-4d02-b886-b29e8929f918_1000.jpg!m_fill,w_280,h_210,f_jpg?from=ke.com
20241021,朝阳,西坝河,101126959977,西坝河北里 2室1厅 东 西 北必看好房,396万,68030元/平,低楼层 (共16层) 2室1厅 | 58.21平米 | 东 西 北,https://ke-image.ljcdn.com/110000-inspection/b480c5bc-fc24-4d52-a3f6-756e66904974_1000.jpg!m_fill,w_280,h_210,f_jpg?from=ke.com
20241021,朝阳,西坝河,101126929781,新上西坝河北里 明厅两居室 满五唯一 公积金30年必看好房,450万,67772元/平,中楼层 (共20层) | 1990年 | 2室1厅 | 66.4平米 | 西南,https://ke-image.ljcdn.com/110000-inspection/ab06f597-4694-4918-ba37-3f31ad44f364_1000.jpg!m_fill,w_280,h_210,f_jpg?from=ke.com
20241021,朝阳,西坝河,101127069033,西坝河北里住宅小区周边生活设施介绍。必看好房,420万,64576元/平,中楼层 (共7层) | 1995年 | 2室1厅 | 65.04平米 | 南,https://ke-image.ljcdn.com/110000-inspection/ca62529b-7814-4852-8fce-42d018b8dd7c_1000.jpg!m_fill,w_280,h_210,f_jpg?from=ke.com
20241021,朝阳,西坝河,101126935666,西坝河中里 1室1厅 南 北必看好房,257万,58014元/平,顶层 (共12层) | 1985年 | 1室1厅 | 44.3平米 | 南 北,https://ke-image.ljcdn.com/110000-inspection/02cdc246-c255-42bb-a2fd-2a48b96bc54c_1000.jpg!m_fill,w_280,h_210,f_jpg?from=ke.com
20241021,朝阳,西坝河,101126771522,圣馨家园南向两居中间位置精装修采光充足必看好房,830万,85842元/平,底层 (共28层) | 2010年 | 2室1厅 | 96.69平米 | 南,https://ke-image.ljcdn.com/110000-inspection/pc1_qJzAt5MVs.jpg!m_fill,w_280,h_210,f_jpg?from=ke.com
20241021,朝阳,西坝河,101126665512,西坝河北里 1室1厅 南,319万,69348元/平,高楼层 (共16层) 1室1厅 | 46平米 | 南,https://ke-image.ljcdn.com/110000-inspection/pc1_bPnHBmdzR_1.jpg!m_fill,w_280,h_210,f_jpg?from=ke.com
20241021,朝阳,西坝河,101126652339,三元桥 光熙门北里 大客厅两居 电梯直达 楼龄新必看好房,445万,67578元/平,低楼层 (共21层) 2室1厅 | 65.85平米 | 东南,https://ke-image.ljcdn.com/110000-inspection/e5d77c88-9853-4f62-99d1-6a6c08c7536f_1000.jpg!m_fill,w_280,h_210,f_jpg?from=ke.com
20241021,朝阳,西坝河,101126596376,西坝河中里 2室1厅 东 南必看好房,418万,58487元/平,中楼层 (共11层) 2室1厅 | 71.47平米 | 东 南,https://ke-image.ljcdn.com/110000-inspection/e574ed18-a3d4-4b58-9dd7-e4619aedf00c_1000.jpg!m_fill,w_280,h_210,f_jpg?from=ke.com
20241021,朝阳,西坝河,101126485748,西坝河南里 2室1厅 东南必看好房,380万,66307元/平,中楼层 (共13层) 2室1厅 | 57.31平米 | 东南,https://ke-image.ljcdn.com/110000-inspection/bb1d6107-e129-4b22-a22b-734913d1d0cc_1000.jpg!m_fill,w_280,h_210,f_jpg?from=ke.com
20241021,朝阳,西坝河,101126385939,光熙门北里东南2居室管理好近地铁,418万,67726元/平,高楼层 (共21层) | 1997年 | 2室1厅 | 61.72平米 | 东南,https://ke-image.ljcdn.com/110000-inspection/0937d88a-aa06-4cdf-9320-272a222680c9_1000.jpg!m_fill,w_280,h_210,f_jpg?from=ke.com
20241021,朝阳,西坝河,101126336313,西坝河中里*明厨明卫*边户全明*满五年唯一必看好房,399万,65154元/平,低楼层 (共6层) 2室1厅 | 61.24平米 | 东南 西北,https://ke-image.ljcdn.com/110000-inspection/77c78e38-4d45-433e-8381-c18347ae2964_1000.jpg!m_fill,w_280,h_210,f_jpg?from=ke.com
20241021,朝阳,西坝河,101126303654,西坝河东里中楼层一居室诚意出售必看好房,228万,53234元/平,中楼层 (共6层) | 1986年 | 1室1厅 | 42.83平米 | 南,https://ke-image.ljcdn.com/110000-inspection/a837f92f-2b75-42fc-bb86-0c6b1d2e1212_1000.jpg!m_fill,w_280,h_210,f_jpg?from=ke.com
20241021,朝阳,西坝河,101126271787,西坝河东里 满五唯一 全明格局 南北通透必看好房,615万,79212元/平,低楼层 (共24层) 3室1厅 | 77.64平米 | 南 北,https://ke-image.ljcdn.com/110000-inspection/4a6aade1-36b6-45c4-bacb-a83808212a89_1000.jpg!m_fill,w_280,h_210,f_jpg?from=ke.com
20241021,朝阳,西坝河,101126191796,西坝河东里    明厨明卫   南北通透  大院内必看好房,418万,67990元/平,顶层 (共6层) 2室1厅 | 61.48平米 | 南 北,https://ke-image.ljcdn.com/110000-inspection/25bfc076-9d9c-4e88-a731-c941b498abdf_1000.jpg!m_fill,w_280,h_210,f_jpg?from=ke.com
20241021,朝阳,西坝河,101126027906,西坝河东里 1室1厅 北必看好房,228万,52852元/平,中楼层 (共6层) | 1988年 | 1室1厅 | 43.14平米 | 北,https://ke-image.ljcdn.com/110000-inspection/c12266c7-3faf-43b4-802c-1a86d00e47ef_1000.jpg!m_fill,w_280,h_210,f_jpg?from=ke.com
20241021,朝阳,西坝河,101125980693,三环内双地铁 2012年房龄格局方正采光充足精装修必看好房,890万,79764元/平,中楼层 (共22层) | 2012年 | 2室1厅 | 111.58平米 | 西,https://ke-image.ljcdn.com/110000-inspection/e693cc5b-0f19-4118-8dde-c367937d9d31_1000.jpg!m_fill,w_280,h_210,f_jpg?from=ke.com
20241021,朝阳,西坝河,101125974073,西坝河东里板楼3居 南北通透 明厨明卫 满五年唯一,432万,56221元/平,顶层 (共6层) | 1985年 | 3室1厅 | 76.84平米 | 南 北,https://ke-image.ljcdn.com/110000-inspection/2fc5e4c4-26dc-4fc0-ae10-50b3da0e98c3_1000.jpg!m_fill,w_280,h_210,f_jpg?from=ke.com
20241021,朝阳,西坝河,101125939878,满五年 带电梯三居   带客厅 采光好必看好房,565万,70732元/平,高楼层 (共24层) | 1988年 | 3室1厅 | 79.88平米 | 南 西,https://ke-image.ljcdn.com/110000-inspection/pc1_cIRDxXbn5_1.jpg!m_fill,w_280,h_210,f_jpg?from=ke.com
20241021,朝阳,西坝河,101125636330,西坝河东里 大院 自如装修 能当两居必看好房,267万,61621元/平,低楼层 (共18层) 1室1厅 | 43.33平米 | 西南,https://ke-image.ljcdn.com/110000-inspection/56a634c7-cc23-4595-a02b-c4aa5245c752_1000.jpg!m_fill,w_280,h_210,f_jpg?from=ke.com
20241021,朝阳,西坝河,101125475395,太阳宫圣馨家园2010年社区南北通透必看好房,1110万,83566元/平,中楼层 (共28层) | 2010年 | 3室2厅 | 132.83平米 | 南 北,https://ke-image.ljcdn.com/110000-inspection/pc1_bs8J8BPXI_1.jpg!m_fill,w_280,h_210,f_jpg?from=ke.com
20241021,朝阳,西坝河,101125235450,2010年入住楼盘 满5年唯一 小区中间位置必看好房,750万,79031元/平,低楼层 (共28层) 2室2厅 | 94.9平米 | 东南,https://ke-image.ljcdn.com/110000-inspection/pc1_M8vOweJIj_1.jpg!m_fill,w_280,h_210,f_jpg?from=ke.com
20241021,朝阳,西坝河,101125217523,和平里小区次顶层西南二居室满五唯一采光好必看好房,410万,64731元/平,高楼层 (共21层) 2室1厅 | 63.34平米 | 西南,https://ke-image.ljcdn.com/110000-inspection/3b74606f-6574-465a-bbb3-6e6817171129_1000.jpg!m_fill,w_280,h_210,f_jpg?from=ke.com
20241021,朝阳,西坝河,101125210729,西坝河东里三居室社区大院配套完善交通位置便利必看好房,595万,75913元/平,低楼层 (共24层) | 1988年 | 3室1厅 | 78.38平米 | 东南,https://ke-image.ljcdn.com/110000-inspection/01577b98-87d3-42c7-aab7-50c82f32604f_1000.jpg!m_fill,w_280,h_210,f_jpg?from=ke.com
20241021,朝阳,西坝河,101125107960,满五年唯一管理好楼道干净小区中间位置安静不必看好房,420万,68182元/平,中楼层 (共20层) 2室1厅 | 61.6平米 | 东南 西南,https://ke-image.ljcdn.com/110000-inspection/eded5ecf-14a2-48a0-827b-c06ae22246aa_1000.jpg!m_fill,w_280,h_210,f_jpg?from=ke.com
20241021,朝阳,西坝河,101124945715,地铁边西坝河西里大卧室一居室带电梯,270万,57374元/平,低楼层 (共16层) 1室1厅 | 47.06平米 | 南,https://ke-image.ljcdn.com/110000-inspection/7f1ebb38-b72c-4f44-b266-817c18277444_1000.jpg!m_fill,w_280,h_210,f_jpg?from=ke.com
20241021,朝阳,西坝河,101124610776,三环内 西坝河 带客厅两居 满五年唯一 视野开阔必看好房,379万,61437元/平,低楼层 (共22层) | 1988年 | 2室1厅 | 61.69平米 | 西南,https://ke-image.ljcdn.com/110000-inspection/f72472a7-5f75-43ce-8e37-b7d27470c0df_1000.jpg!m_fill,w_280,h_210,f_jpg?from=ke.com
20241021,朝阳,西坝河,101124372996,西坝河东里 南北全明三居 临河景观 精装修地铁交汇房主自荐,635万,80503元/平,顶层 (共24层) 3室1厅 | 78.88平米 | 南 北,https://ke-image.ljcdn.com/110000-inspection/pc1_YgDiLIFLE_1.jpg!m_fill,w_280,h_210,f_jpg?from=ke.com
20241021,朝阳,西坝河,101123945952,西坝河南里  精装修小两居  正南向  带电梯必看好房,334万,60224元/平,低楼层 (共13层) 2室1厅 | 55.46平米 | 南,https://ke-image.ljcdn.com/110000-inspection/pc1_szC3XeHxi_1.jpg!m_fill,w_280,h_210,f_jpg?from=ke.com
20241021,朝阳,西坝河,101123672554,西坝河中里 2室1厅 南必看好房,418万,62175元/平,中楼层 (共22层) 2室1厅 | 67.23平米 | 南,https://ke-image.ljcdn.com/110000-inspection/16cf0a36-5e72-43f9-ad87-7176316657b9_1000.jpg!m_fill,w_280,h_210,f_jpg?from=ke.com
20241021,朝阳,西坝河,101123527011,光熙家园二期次顶层精装修一居室,390万,71573元/平,高楼层 (共21层) | 2009年 | 1室1厅 | 54.49平米 | 西,https://ke-image.ljcdn.com/110000-inspection/63951fc0-3df9-44ec-8aec-344875eb7602_1000.jpg!m_fill,w_280,h_210,f_jpg?from=ke.com
20241021,朝阳,西坝河,101122547803,西坝河西里 2室1厅 南 北,333万,58793元/平,底层 (共6层) | 1994年 | 2室1厅 | 56.64平米 | 南 北,https://ke-image.ljcdn.com/110000-inspection/70f32050-8d01-42fb-85e7-bfda375a1b7c_1000.jpg!m_fill,w_280,h_210,f_jpg?from=ke.com
20241021,朝阳,西坝河,101122220672,国展新座 南北通透两居两卫满五唯一看房随时必看好房,950万,82724元/平,中楼层 (共18层) 2室2厅 | 114.84平米 | 南 北,https://ke-image.ljcdn.com/110000-inspection/9e313dad-0d90-4d31-ac4b-175f08136801_1000.jpg!m_fill,w_280,h_210,f_jpg?from=ke.com
20241021,朝阳,西坝河,101121802634,西坝河北里  供电局单位家属院  南北通透必看好房,499万,69258元/平,底层 (共6层) 2室1厅 | 72.05平米 | 西南 东北,https://ke-image.ljcdn.com/110000-inspection/pc1_vUpYJfuV0_1.jpg!m_fill,w_280,h_210,f_jpg?from=ke.com
20241021,朝阳,西坝河,101126951117,西坝河东里2居 双卧朝南 中间楼层 满五年唯一,420万,69525元/平,中楼层 (共18层) | 1990年 | 2室1厅 | 60.41平米 | 南,https://ke-image.ljcdn.com/110000-inspection/pc1_0JsZtmHxL.jpg!m_fill,w_280,h_210,f_jpg?from=ke.com
20241021,朝阳,西坝河,101126928559,光熙门北里 3室1厅 西南必看好房,630万,71714元/平,中楼层 (共21层) 3室1厅 | 87.85平米 | 西南,https://ke-image.ljcdn.com/110000-inspection/f3c49310-0633-4e17-be85-2a388672ae66_1000.jpg!m_fill,w_280,h_210,f_jpg?from=ke.com
20241021,朝阳,西坝河,101126574759,西坝河东里 大院 全明格局 一层 边户 客厅带窗户必看好房,385万,66575元/平,底层 (共6层) | 1988年 | 2室1厅 | 57.83平米 | 南 北,https://ke-image.ljcdn.com/110000-inspection/70385e97-ccb0-4bed-92e2-8ba85f473361_1000.jpg!m_fill,w_280,h_210,f_jpg?from=ke.com
20241021,朝阳,西坝河,101126330588,房本满五年唯一正规三居室南北通透 不临街必看好房,445万,61152元/平,中楼层 (共7层) | 1993年 | 3室1厅 | 72.77平米 | 东南 西北,https://ke-image.ljcdn.com/110000-inspection/pc1_xtFIN8BB5.jpg!m_fill,w_280,h_210,f_jpg?from=ke.com
20241021,朝阳,西坝河,101126050577,英特公寓满五唯一70年住宅电梯板楼高层房主自荐,1199万,60188元/平,高楼层 (共12层) | 2002年 | 3室1厅 | 199.21平米 | 西南,https://ke-image.ljcdn.com/110000-inspection/2148b9b6-d12c-4c1a-aa7c-62315a1c1cb4_1000.jpg!m_fill,w_280,h_210,f_jpg?from=ke.com
20241021,朝阳,西坝河,101125930828,西坝河中里 户型方正 明厨明卫必看好房,545万,70115元/平,中楼层 (共6层) 3室1厅 | 77.73平米 | 东 南 北,https://ke-image.ljcdn.com/110000-inspection/50d74552-a5f7-47b8-a95a-741825f9895c_1000.jpg!m_fill,w_280,h_210,f_jpg?from=ke.com
20241021,朝阳,西坝河,101125555689,国展新座 南北通透三居室 有钥匙随时看,1250万,87664元/平,低楼层 (共14层) 3室2厅 | 142.59平米 | 南 北,https://ke-image.ljcdn.com/110000-inspection/21c9e407-53ad-4168-a59d-c8491390508d_1000.jpg!m_fill,w_280,h_210,f_jpg?from=ke.com
20241021,朝阳,西坝河,101124980611,优好房 *全明格局 电梯房 大客厅 不临街 无遮挡,470万,62112元/平,低楼层 (共24层) 2室1厅 | 75.67平米 | 东南,https://ke-image.ljcdn.com/110000-inspection/pc1_gj9nNTiy8_1.jpg!m_fill,w_280,h_210,f_jpg?from=ke.com
20241021,朝阳,西坝河,101124327498,国展新座 高层 东向一居室精装修满五唯一。,480万,84642元/平,中楼层 (共18层) 1室1厅 | 56.71平米 | 东,https://ke-image.ljcdn.com/110000-inspection/pc1_sEQoSo8q2_1.jpg!m_fill,w_280,h_210,f_jpg?from=ke.com
20241021,朝阳,西坝河,101123148738,西坝河北里201号院 中间楼层南北通透必看好房,375万,61597元/平,中楼层 (共6层) 2室1厅 | 60.88平米 | 南 北,https://ke-image.ljcdn.com/110000-inspection/20932570-0b59-4b6d-b604-952cc401f09e_1000.jpg!m_fill,w_280,h_210,f_jpg?from=ke.com
20241021,朝阳,西坝河,101122676954,金岛花园   空中楼阁   三面观河  视野好必看好房,1600万,49389元/平,顶层 (共22层) 6室2厅 | 323.96平米 | 东南,https://ke-image.ljcdn.com/110000-inspection/9d7f2cd1-e8a8-4202-9b55-c8c80c3f6448_1000.jpg!m_fill,w_280,h_210,f_jpg?from=ke.com
20241021,朝阳,西坝河,101126497279,太阳星城土星园三居 南北通透 明厨明卫 视野开阔,1100万,84453元/平,中楼层 (共28层) | 2010年 | 3室1厅 | 130.25平米 | 南 北,https://s1.ljcdn.com/pegasus/redskull/images/common/default_house_list.png?_v=202410161653269
20241021,朝阳,西坝河,101127124650,西坝河东里 大院里 大客厅 东南向 临地铁 采光好新上,450万,66955元/平,中楼层 (共18层) | 1987年 | 2室1厅 | 67.21平米 | 东南 西南,https://ke-image.ljcdn.com/110000-inspection/47613df2-9104-499e-a5c7-b934178bc003_1000.jpg!m_fill,w_280,h_210,f_jpg?from=ke.com
20241021,朝阳,西坝河,101127030095,西坝河东里 1室1厅 东北,245万,56792元/平,高楼层 (共6层) | 1988年 | 1室1厅 | 43.14平米 | 东北,https://ke-image.ljcdn.com/110000-inspection/e06efaa7-49fd-4d1b-9ea2-8d0728eababa_1000.jpg!m_fill,w_280,h_210,f_jpg?from=ke.com
20241021,朝阳,西坝河,101126996297,高楼层采光视野好楼下公交站配套齐全出行便利,545万,70323元/平,高楼层 (共20层) 3室1厅 | 77.5平米 | 东南 西北,https://ke-image.ljcdn.com/110000-inspection/fcb85289-1a2d-4030-815f-b248bc3ca874_1000.jpg!m_fill,w_280,h_210,f_jpg?from=ke.com
20241021,朝阳,西坝河,101126978074,西坝河北里 2室1厅 南,397万,79799元/平,底层 (共3层) 2室1厅 | 49.75平米 | 南,https://ke-image.ljcdn.com/110000-inspection/efc7d11d-cdb4-415a-b12f-3af62bb4c3bc_1000.jpg!m_fill,w_280,h_210,f_jpg?from=ke.com
20241021,朝阳,西坝河,101126951187,光北南院独立管理临河观景满五唯一电梯高层,480万,77283元/平,高楼层 (共18层) | 1989年 | 2室1厅 | 62.11平米 | 东南,https://ke-image.ljcdn.com/110000-inspection/6f4c6cb2-4d0d-450c-9be3-2e8d453e2205_1000.jpg!m_fill,w_280,h_210,f_jpg?from=ke.com
20241021,朝阳,西坝河,101126946715,西坝河西里 电梯楼两居室 双卧室南向,390万,66656元/平,高楼层 (共16层) 2室1厅 | 58.51平米 | 南,https://ke-image.ljcdn.com/110000-inspection/28f73dc0-5e84-40da-ba26-b58e21045151_1000.jpg!m_fill,w_280,h_210,f_jpg?from=ke.com
20241021,朝阳,西坝河,101126942853,光熙家园三期 3室1厅 南 北,1350万,94110元/平,低楼层 (共22层) | 2012年 | 3室1厅 | 143.45平米 | 南 北,https://ke-image.ljcdn.com/110000-inspection/dabc1b82-ef70-4396-9d88-6da46d7615cc_1000.jpg!m_fill,w_280,h_210,f_jpg?from=ke.com
20241021,朝阳,西坝河,101126942198,西坝河东里电梯高层两居室采光视野好房主自荐,460万,79325元/平,中楼层 (共18层) | 1987年 | 2室1厅 | 57.99平米 | 南,https://ke-image.ljcdn.com/110000-inspection/b526c269-a017-4e49-9115-7d11ab7fedfb_1000.jpg!m_fill,w_280,h_210,f_jpg?from=ke.com
20241021,朝阳,西坝河,101126922113,西坝河西里 2室1厅 南 北,350万,60891元/平,顶层 (共6层) 2室1厅 | 57.48平米 | 南 北,https://ke-image.ljcdn.com/110000-inspection/0de53ed5-711f-4fb3-8320-2438bd8f3758_1000.jpg!m_fill,w_280,h_210,f_jpg?from=ke.com
20241021,朝阳,西坝河,101126910632,西坝河南里 3室1厅 南 北,490万,63194元/平,高楼层 (共6层) 3室1厅 | 77.54平米 | 南 北,https://ke-image.ljcdn.com/110000-inspection/829ad98b-5829-4998-8734-45792c67aa1f_1000.jpg!m_fill,w_280,h_210,f_jpg?from=ke.com
20241021,朝阳,西坝河,101126908875,光熙门北里 2室1厅 东 西 北,550万,77443元/平,中楼层 (共18层) 2室1厅 | 71.02平米 | 东 西 北,https://ke-image.ljcdn.com/110000-inspection/c82ee096-020f-42db-bd01-464a47b333b7_1000.jpg!m_fill,w_280,h_210,f_jpg?from=ke.com
20241021,朝阳,西坝河,101126866319,中间楼层 明厨明卫 视野好 西坝河东里,420万,69262元/平,中楼层 (共6层) 2室1厅 | 60.64平米 | 南 北,https://ke-image.ljcdn.com/110000-inspection/cd023a2a-7412-43c4-8817-f091efaf0985_1000.jpg!m_fill,w_280,h_210,f_jpg?from=ke.com
20241021,朝阳,西坝河,101126846789,光熙家园二期 3室1厅 南 北,1395万,90193元/平,中楼层 (共21层) | 2009年 | 3室1厅 | 154.67平米 | 南 北,https://ke-image.ljcdn.com/110000-inspection/91a3c8f7-5b0e-434c-aca7-1c578458c405_1000.jpg!m_fill,w_280,h_210,f_jpg?from=ke.com
20241021,朝阳,西坝河,101126805079,光熙门北里 2室1厅 南,400万,66601元/平,低楼层 (共14层) 2室1厅 | 60.06平米 | 南,https://ke-image.ljcdn.com/110000-inspection/65b2b584-2be2-42c6-9938-5ec03cf1b2fd_1000.jpg!m_fill,w_280,h_210,f_jpg?from=ke.com
20241021,朝阳,西坝河,101126801897,西坝河东里 3室1厅 南 北,560万,77135元/平,底层 (共6层) 3室1厅 | 72.6平米 | 南 北,https://ke-image.ljcdn.com/110000-inspection/bf9a3992-3374-4727-ad8a-c34ef5a36ccb_1000.jpg!m_fill,w_280,h_210,f_jpg?from=ke.com
20241021,朝阳,西坝河,101126797404,国展新座 2室1厅 东北,820万,85613元/平,中楼层 (共18层) 2室1厅 | 95.78平米 | 东北,https://ke-image.ljcdn.com/110000-inspection/pc1_BtfVwg8hA.jpg!m_fill,w_280,h_210,f_jpg?from=ke.com
20241021,朝阳,西坝河,101126796159,柳芳北街9号院  西南2居 房本满5年,465万,71036元/平,中楼层 (共21层) 2室1厅 | 65.46平米 | 西南,https://ke-image.ljcdn.com/110000-inspection/51a59429-cc25-4a87-aec4-fb21ee231f87_1000.jpg!m_fill,w_280,h_210,f_jpg?from=ke.com
20241021,朝阳,西坝河,101126792353,精装修楼龄新满五年唯一配套齐全四条地铁,613万,66537元/平,顶层 (共7层) 3室1厅 | 92.13平米 | 南 北,https://ke-image.ljcdn.com/110000-inspection/pc1_vEoWP4znu_1.jpg!m_fill,w_280,h_210,f_jpg?from=ke.com
20241021,朝阳,西坝河,101126724080,西坝河中里 2室1厅 南,325万,62369元/平,中楼层 (共12层) 2室1厅 | 52.11平米 | 南,https://ke-image.ljcdn.com/110000-inspection/28e12ac7-fe99-4d15-80cd-1e456eef53d0_1000.jpg!m_fill,w_280,h_210,f_jpg?from=ke.com
20241021,朝阳,西坝河,101126662852,东里大院  南北通透 明厨明卫,360万,59017元/平,顶层 (共6层) | 1985年 | 2室1厅 | 61平米 | 南 北,https://ke-image.ljcdn.com/110000-inspection/490b348f-5683-4b2b-8b69-018aadf43922_1000.jpg!m_fill,w_280,h_210,f_jpg?from=ke.com
20241021,朝阳,西坝河,101126656705,满5年 精装修 业主诚心出售采光好,498万,78167元/平,高楼层 (共22层) 1室1厅 | 63.71平米 | 西北,https://ke-image.ljcdn.com/110000-inspection/27ae99eb-86de-4242-bf4e-14e328af0b20_1000.jpg!m_fill,w_280,h_210,f_jpg?from=ke.com
20241021,朝阳,西坝河,101126655999,西坝河中里 东南两居 带电梯 近地铁 满五年唯一,340万,56961元/平,低楼层 (共22层) | 1991年 | 2室1厅 | 59.69平米 | 东南 东北,https://ke-image.ljcdn.com/110000-inspection/77e4e2c2-fc09-4107-b965-8f15cdac9099_1000.jpg!m_fill,w_280,h_210,f_jpg?from=ke.com
20241021,朝阳,西坝河,101126635740,光熙门北里 2室1厅 西北,640万,78605元/平,低楼层 (共21层) 2室1厅 | 81.42平米 | 西北,https://ke-image.ljcdn.com/110000-inspection/1fe45485-dc94-4eb2-9b90-4472739bf8fa_1000.jpg!m_fill,w_280,h_210,f_jpg?from=ke.com
20241021,朝阳,西坝河,101126631196,西坝河中里 南北通透 户型方正 采光好 近地铁,420万,64976元/平,高楼层 (共12层) | 1986年 | 2室1厅 | 64.64平米 | 南 北,https://ke-image.ljcdn.com/110000-inspection/e25b4f1a-41f5-4166-bf5a-28ed86f18938_1000.jpg!m_fill,w_280,h_210,f_jpg?from=ke.com
20241021,朝阳,西坝河,101126618370,光熙家园三期 1室1厅 西,635万,98450元/平,中楼层 (共22层) | 2012年 | 1室1厅 | 64.5平米 | 西,https://ke-image.ljcdn.com/110000-inspection/89782c9e-4275-45ee-b6cb-32a6bec0fbb7_1000.jpg!m_fill,w_280,h_210,f_jpg?from=ke.com
20241021,朝阳,西坝河,101126549641,三环内 东南两居 层高2.9米 河景房 视野棒房主自荐,430万,71040元/平,顶层 (共16层) 2室1厅 | 60.53平米 | 东南,https://ke-image.ljcdn.com/110000-inspection/65a0e2b1-ea12-49d9-936e-c223367b0e46_1000.jpg!m_fill,w_280,h_210,f_jpg?from=ke.com
20241021,朝阳,西坝河,101126515844,西坝河东里带客厅95年楼龄非顶层两居房主自荐,439万,74673元/平,高楼层 (共6层) | 1995年 | 2室1厅 | 58.79平米 | 南 北,https://ke-image.ljcdn.com/110000-inspection/pc1_0OfF0ZA0T_1.jpg!m_fill,w_280,h_210,f_jpg?from=ke.com
20241021,朝阳,西坝河,101126494236,光熙门北里 2室1厅 西北,335万,56751元/平,低楼层 (共22层) | 1988年 | 2室1厅 | 59.03平米 | 西北,https://ke-image.ljcdn.com/110000-inspection/a5563096-846b-4b98-a99e-212b30e8d6fc_1000.jpg!m_fill,w_280,h_210,f_jpg?from=ke.com
20241021,朝阳,西坝河,101126445602,光熙家园一期 2室1厅 南,900万,97689元/平,中楼层 (共22层) 2室1厅 | 92.13平米 | 南,https://ke-image.ljcdn.com/110000-inspection/13a34193-65c3-42d5-8c30-96e29e570897_1000.jpg!m_fill,w_280,h_210,f_jpg?from=ke.com
20241021,朝阳,西坝河,101126418950,光熙门楼龄新管理好南向正规一居室,315万,67626元/平,低楼层 (共21层) 1室1厅 | 46.58平米 | 南,https://ke-image.ljcdn.com/110000-inspection/pc1_SJQq3W6m8_1.jpg!m_fill,w_280,h_210,f_jpg?from=ke.com
20241021,朝阳,西坝河,101126400183,西坝河东里双南向电梯房双轨交汇无遮挡随时签约,425万,68560元/平,低楼层 (共18层) 2室1厅 | 61.99平米 | 南,https://ke-image.ljcdn.com/110000-inspection/ce3ceb14-f00d-4066-ab8b-25a560529819_1000.jpg!m_fill,w_280,h_210,f_jpg?from=ke.com
20241021,朝阳,西坝河,101126397202,西坝河东里通透三居室大客厅随时看房,380万,55426元/平,高楼层 (共6层) | 1983年 | 3室1厅 | 68.56平米 | 东 西,https://ke-image.ljcdn.com/110000-inspection/d310bc47-8f65-47f4-8988-44e29f39eabf_1000.jpg!m_fill,w_280,h_210,f_jpg?from=ke.com
20241021,朝阳,西坝河,101126375077,西坝河中里 通透全明三居  采光充足 前后不临街房主自荐,470万,60700元/平,顶层 (共6层) | 1986年 | 3室1厅 | 77.43平米 | 东南 西北,https://ke-image.ljcdn.com/110000-inspection/22c42976-4668-412e-b36f-c4d5ff3823c4_1000.jpg!m_fill,w_280,h_210,f_jpg?from=ke.com
20241021,朝阳,西坝河,101126314053,西坝河北里 1室1厅 西南,360万,77620元/平,高楼层 (共20层) | 2002年 | 1室1厅 | 46.38平米 | 西南,https://ke-image.ljcdn.com/110000-inspection/e42caf28-e823-4e6e-a987-38aa19448b38_1000.jpg!m_fill,w_280,h_210,f_jpg?from=ke.com
20241021,朝阳,西坝河,101126272675,东里全明格局【婚房】【中央空调新风】拎包入住,390万,64666元/平,低楼层 (共18层) | 1990年 | 2室1厅 | 60.31平米 | 东 北,https://ke-image.ljcdn.com/110000-inspection/5d661954-7623-49c3-b7ed-69e01180af19_1000.jpg!m_fill,w_280,h_210,f_jpg?from=ke.com
20241021,朝阳,西坝河,101126265630,三元桥太阳宫西坝河东里大院带电梯。南向两居室。,399万,66038元/平,低楼层 (共18层) | 1987年 | 2室1厅 | 60.42平米 | 南,https://ke-image.ljcdn.com/110000-inspection/60532026-d5f9-4035-a2d9-a526fc104391_1000.jpg!m_fill,w_280,h_210,f_jpg?from=ke.com
20241021,朝阳,西坝河,101126264200,光熙门北里95年楼龄管理好20㎡阳台,530万,74775元/平,中楼层 (共21层) 2室1厅 | 70.88平米 | 东 北,https://ke-image.ljcdn.com/110000-inspection/71423a48-5f10-43c7-9600-7e91939b8109_1000.jpg!m_fill,w_280,h_210,f_jpg?from=ke.com
20241021,朝阳,西坝河,101126257859,西坝河中里 通透两居室 满五年唯一 明厨明卫,398万,62846元/平,高楼层 (共6层) 2室1厅 | 63.33平米 | 东南 西北,https://ke-image.ljcdn.com/110000-inspection/6ac5c9e4-c200-4244-8f8b-6db04d5e5aaf_1000.jpg!m_fill,w_280,h_210,f_jpg?from=ke.com
20241021,朝阳,西坝河,101126186475,西坝河南里 1室1厅 西南,298万,70885元/平,中楼层 (共6层) 1室1厅 | 42.04平米 | 西南,https://ke-image.ljcdn.com/110000-inspection/9392d1df-a445-411b-923f-13a0dd52d961_1000.jpg!m_fill,w_280,h_210,f_jpg?from=ke.com
20241021,朝阳,西坝河,101126138885,西坝河北里202号院 新上南北两居 看房方便,450万,75340元/平,中楼层 (共7层) | 1993年 | 2室1厅 | 59.73平米 | 南 北,https://ke-image.ljcdn.com/110000-inspection/3dc2e77e-0414-4b27-95a6-a3894f941b3f_1000.jpg!m_fill,w_280,h_210,f_jpg?from=ke.com
20241021,朝阳,西坝河,101126038617,光熙门北里带正规明厅可放沙发电视户型没浪费,489万,71828元/平,低楼层 (共21层) 2室1厅 | 68.08平米 | 东南 东北,https://ke-image.ljcdn.com/110000-inspection/c40e8d62-a1c0-4671-8ced-b3f081ada88a_1000.jpg!m_fill,w_280,h_210,f_jpg?from=ke.com
20241021,朝阳,西坝河,101126012324,西坝河南里 2室1厅 南 北,405万,70941元/平,底层 (共6层) 2室1厅 | 57.09平米 | 南 北,https://ke-image.ljcdn.com/110000-inspection/3e250798-cbfa-4ae6-a36a-c8fbcc213ec7_1000.jpg!m_fill,w_280,h_210,f_jpg?from=ke.com
20241021,朝阳,西坝河,101126005573,西坝河北里 2室1厅 西南 东北,530万,72943元/平,高楼层 (共6层) 2室1厅 | 72.66平米 | 西南 东北,https://ke-image.ljcdn.com/110000-inspection/a2736f81-afb5-416a-931c-69937f2eb5dd_1000.jpg!m_fill,w_280,h_210,f_jpg?from=ke.com
20241021,朝阳,西坝河,101125986752,光熙门北里层高2.8米精装修管理好,460万,70922元/平,中楼层 (共16层) | 1986年 | 2室1厅 | 64.86平米 | 南,https://ke-image.ljcdn.com/110000-inspection/ecda5d27-c60d-4c97-b761-aec956afd4a0_1000.jpg!m_fill,w_280,h_210,f_jpg?from=ke.com
20241021,朝阳,西坝河,101125972574,西坝河北里201号院南北通透满两年。,369万,65554元/平,顶层 (共6层) | 1980年 | 3室1厅 | 56.29平米 | 西南 东北,https://ke-image.ljcdn.com/110000-inspection/1b55d50a-56a5-4230-8f30-341e7310c766_1000.jpg!m_fill,w_280,h_210,f_jpg?from=ke.com
20241021,朝阳,西坝河,101125952813,光熙门北里独立管理近地铁安静不临街房主自荐,419万,63160元/平,中楼层 (共18层) 2室1厅 | 66.34平米 | 西北,https://ke-image.ljcdn.com/110000-inspection/75bd5e4f-982c-43cd-bc10-4359687c6827_1000.jpg!m_fill,w_280,h_210,f_jpg?from=ke.com
20241021,朝阳,西坝河,101125935575,西坝河边 化工部单位管理好 层高2.7米 三条地铁,509万,64244元/平,低楼层 (共16层) 3室1厅 | 79.23平米 | 东北,https://ke-image.ljcdn.com/110000-inspection/faed151f-26f7-4cdd-97c7-5037ecb39fd5_1000.jpg!m_fill,w_280,h_210,f_jpg?from=ke.com
20241021,朝阳,西坝河,101125933153,西坝河东里正南向一居室户型方正中间楼层不临街,259万,64030元/平,中楼层 (共6层) 1室1厅 | 40.45平米 | 南,https://ke-image.ljcdn.com/110000-inspection/pc1_hnq9lNmH3_1.jpg!m_fill,w_280,h_210,f_jpg?from=ke.com
20241021,朝阳,西坝河,101125924009,西坝河西里 1室1厅 南,258万,62866元/平,底层 (共6层) | 1994年 | 1室1厅 | 41.04平米 | 南,https://ke-image.ljcdn.com/110000-inspection/f5e701bd-26d1-431a-aa3e-472b69f2aaee_1000.jpg!m_fill,w_280,h_210,f_jpg?from=ke.com
20241021,朝阳,西坝河,101125923764,采光好 格局方正 布局合理 明厨明卫,509万,81336元/平,高楼层 (共21层) | 2009年 | 1室1厅 | 62.58平米 | 西 北,https://ke-image.ljcdn.com/110000-inspection/57c067c3-0924-4446-bccd-8dfb858f6791_1000.jpg!m_fill,w_280,h_210,f_jpg?from=ke.com
20241021,朝阳,西坝河,101125892689,西坝河中里*通透两居室*地铁双轨交汇*精装修房主自荐,390万,71285元/平,中楼层 (共12层) | 1986年 | 2室1厅 | 54.71平米 | 南 北,https://ke-image.ljcdn.com/110000-inspection/pc1_X9ykUqQrp_1.jpg!m_fill,w_280,h_210,f_jpg?from=ke.com
20241021,朝阳,西坝河,101125855507,光熙门北里近地铁管理好组合贷67-房龄,550万,82869元/平,中楼层 (共21层) 2室1厅 | 66.37平米 | 东南,https://ke-image.ljcdn.com/110000-inspection/e0bd4524-ffb9-4dde-a796-ad3deee9ddad_1000.jpg!m_fill,w_280,h_210,f_jpg?from=ke.com
20241021,朝阳,西坝河,101125727478,此房是满五年唯一商品房户型方正  管理好房主自荐,470万,65975元/平,低楼层 (共18层) | 1987年 | 2室1厅 | 71.24平米 | 东 西 北,https://ke-image.ljcdn.com/110000-inspection/58754e79-f06e-4bad-84fb-2385c0d2216b_1000.jpg!m_fill,w_280,h_210,f_jpg?from=ke.com
20241021,朝阳,西坝河,101125660193,西坝河中里 3室1厅 南 北,465万,59939元/平,顶层 (共6层) | 1986年 | 3室1厅 | 77.58平米 | 南 北,https://ke-image.ljcdn.com/110000-inspection/c1136d8a-eb48-4807-b9c4-26787e35c401_1000.jpg!m_fill,w_280,h_210,f_jpg?from=ke.com
20241021,朝阳,西坝河,101125653855,商品房社区 人车分流 满五唯一 只有契税 稳定签约,680万,79319元/平,低楼层 (共18层) 2室2厅 | 85.73平米 | 北 西 西北,https://ke-image.ljcdn.com/110000-inspection/pc1_MR6dzyVfN_1.jpg!m_fill,w_280,h_210,f_jpg?from=ke.com
20241021,朝阳,西坝河,101125634780,光熙门北里 2室1厅 东南,425万,68427元/平,低楼层 (共18层) | 1989年 | 2室1厅 | 62.11平米 | 东南,https://ke-image.ljcdn.com/110000-inspection/47cd9fe9-14f5-45b5-936c-654cd76ea07c_1000.jpg!m_fill,w_280,h_210,f_jpg?from=ke.com
20241021,朝阳,西坝河,101125606012,一年内新装修拎包入住品质生活,698万,105168元/平,中楼层 (共21层) | 1997年 | 2室1厅 | 66.37平米 | 东南 西南,https://ke-image.ljcdn.com/110000-inspection/892b53d7-675e-4bd3-bc5c-33e719b11611_1000.jpg!m_fill,w_280,h_210,f_jpg?from=ke.com
20241021,朝阳,西坝河,101125603792,光熙家园三期 南向 2居  安静 2012年建成房主自荐,1050万,90052元/平,低楼层 (共22层) | 2012年 | 2室1厅 | 116.6平米 | 南,https://ke-image.ljcdn.com/110000-inspection/fb2d93bd-85ca-404f-838d-2b5d21d23d80_1000.jpg!m_fill,w_280,h_210,f_jpg?from=ke.com
20241021,朝阳,西坝河,101125597616,双南两居室带小客厅高板楼楼层高视野好通风,478万,78246元/平,中楼层 (共14层) 2室1厅 | 61.09平米 | 南,https://ke-image.ljcdn.com/110000-inspection/fd07e4d9-82be-4e5a-9aee-4f4fa5378005_1000.jpg!m_fill,w_280,h_210,f_jpg?from=ke.com
20241021,朝阳,西坝河,101125407754,西坝河南里 2室0厅 南,450万,75188元/平,中楼层 (共22层) | 2004年 | 2室0厅 | 59.85平米 | 南,https://ke-image.ljcdn.com/110000-inspection/56861277-d793-41a9-8717-062414f34524_1000.jpg!m_fill,w_280,h_210,f_jpg?from=ke.com
20241021,朝阳,西坝河,101125401917,柳芳北街9号院 2室2厅 西南,410万,64761元/平,顶层 (共21层) | 1997年 | 2室2厅 | 63.31平米 | 西南,https://ke-image.ljcdn.com/110000-inspection/99e07667-930d-47b5-ba17-f7634e6c4ba6_1000.jpg!m_fill,w_280,h_210,f_jpg?from=ke.com
20241021,朝阳,西坝河,101125398545,光熙门北里小区环境好 双南二居室 中高层有钥匙随时,410万,69740元/平,中楼层 (共18层) | 1989年 | 2室1厅 | 58.79平米 | 南,https://ke-image.ljcdn.com/110000-inspection/16f546bc-983d-4e2f-abbf-65fcf5a3d3d0_1000.jpg!m_fill,w_280,h_210,f_jpg?from=ke.com
20241021,朝阳,西坝河,101125378228,西坝河多条地铁 满五唯一 双南向 高层观景 精装修,388万,63100元/平,高楼层 (共18层) | 1986年 | 2室1厅 | 61.49平米 | 西南,https://ke-image.ljcdn.com/110000-inspection/74310164-d72a-459f-9336-12a239ec9e56_1000.jpg!m_fill,w_280,h_210,f_jpg?from=ke.com
20241021,朝阳,西坝河,101125369485,西坝河东里南北通透明厨明卫明厅正规三居室精装房主自荐,528万,64786元/平,高楼层 (共6层) 3室1厅 | 81.5平米 | 南 北,https://ke-image.ljcdn.com/110000-inspection/176f4ce3-d611-46ae-85ed-df4df3191899_1000.jpg!m_fill,w_280,h_210,f_jpg?from=ke.com
20241021,朝阳,西坝河,101125328504,西坝河东里 1室1厅 西南,220万,50997元/平,顶层 (共6层) | 1988年 | 1室1厅 | 43.14平米 | 西南,https://ke-image.ljcdn.com/110000-inspection/983c71d6-1cfc-4c6a-8481-bedf233b07c0_1000.jpg!m_fill,w_280,h_210,f_jpg?from=ke.com
20241021,朝阳,西坝河,101125286623,西坝河东里精装修婚房两居临公园电梯高层视野好房主自荐,458万,74557元/平,中楼层 (共18层) | 1987年 | 2室1厅 | 61.43平米 | 南 西,https://ke-image.ljcdn.com/110000-inspection/49cb7541-5b6e-4813-b2e4-91874b480fcf_1000.jpg!m_fill,w_280,h_210,f_jpg?from=ke.com
20241021,朝阳,西坝河,101125231785,柳芳北街9号院 2室1厅 东南,460万,73284元/平,低楼层 (共21层) 2室1厅 | 62.77平米 | 东南,https://ke-image.ljcdn.com/110000-inspection/c66d8330-85cd-489c-b364-dac52d84ed93_1000.jpg!m_fill,w_280,h_210,f_jpg?from=ke.com
20241021,朝阳,西坝河,101125231552,柳芳北街9号院 3室1厅 西北 北 西,570万,64125元/平,中楼层 (共21层) | 1997年 | 3室1厅 | 88.89平米 | 西北 北 西,https://ke-image.ljcdn.com/110000-inspection/3279e5e5-4efd-427b-bb3e-2f5ebfbe2a82_1000.jpg!m_fill,w_280,h_210,f_jpg?from=ke.com
20241021,朝阳,西坝河,101125204782,西坝河西里 双南向 带客厅 中楼层 随时看房,369万,58787元/平,中楼层 (共18层) | 1989年 | 2室1厅 | 62.77平米 | 南,https://ke-image.ljcdn.com/110000-inspection/8eab4e6f-823b-4e93-9de7-391e4fe07aa9_1000.jpg!m_fill,w_280,h_210,f_jpg?from=ke.com
20241021,朝阳,西坝河,101125097730,圣馨家园 2室1厅 东南,786万,81207元/平,高楼层 (共27层) | 2010年 | 2室1厅 | 96.79平米 | 东南,https://ke-image.ljcdn.com/110000-inspection/592937c9-3a66-4a2d-903a-90f09c535a1f_1000.jpg!m_fill,w_280,h_210,f_jpg?from=ke.com
20241021,朝阳,西坝河,101125052977,光熙家园一期 全明格局 高楼层 两居室,920万,96174元/平,高楼层 (共24层) 2室1厅 | 95.66平米 | 西北,https://ke-image.ljcdn.com/110000-inspection/dce01531-0107-4506-90fd-4b3ea072c251_1000.jpg!m_fill,w_280,h_210,f_jpg?from=ke.com
20241021,朝阳,西坝河,101124987246,12年交房楼新南北朝向户型好,1420万,98990元/平,低楼层 (共22层) | 2012年 | 3室1厅 | 143.45平米 | 南 北,https://ke-image.ljcdn.com/110000-inspection/2de2deb2-0095-448c-a73c-e7ef80636403_1000.jpg!m_fill,w_280,h_210,f_jpg?from=ke.com
20241021,朝阳,西坝河,101124893906,光熙门北里 95年 楼临新 管理好,315万,71267元/平,中楼层 (共21层) 1室1厅 | 44.2平米 | 南,https://ke-image.ljcdn.com/110000-inspection/4ae34673-cc78-49b0-83ce-264a895596dd_1000.jpg!m_fill,w_280,h_210,f_jpg?from=ke.com
20241021,朝阳,西坝河,101124840177,国展新座西向一居室高层采光无遮挡满五唯一,495万,82597元/平,顶层 (共18层) 1室1厅 | 59.93平米 | 西,https://ke-image.ljcdn.com/110000-inspection/pc1_LiKgvBE3l.jpg!m_fill,w_280,h_210,f_jpg?from=ke.com
20241021,朝阳,西坝河,101124807293,光熙门北里 农业部家属楼  两室一厅 看房随时房主自荐,458万,64290元/平,低楼层 (共18层) | 1987年 | 2室1厅 | 71.24平米 | 东 北 东北,https://ke-image.ljcdn.com/110000-inspection/9ea5d655-4758-43a6-be0d-31a9a456cafe_1000.jpg!m_fill,w_280,h_210,f_jpg?from=ke.com
20241021,朝阳,西坝河,101124803654,光熙门北里一居室公积金贷款年限30年,299万,67510元/平,低楼层 (共14层) 1室1厅 | 44.29平米 | 南,https://ke-image.ljcdn.com/110000-inspection/67f3b3c7-1a70-4ced-8eef-9895f06e15b8_1000.jpg!m_fill,w_280,h_210,f_jpg?from=ke.com
20241021,朝阳,西坝河,101124722898,南北通透 双阳台 大客厅 明厨明卫,589万,74889元/平,低楼层 (共24层) | 1987年 | 3室1厅 | 78.65平米 | 南 西 北,https://ke-image.ljcdn.com/110000-inspection/62883764-3435-4231-a6e3-fcee6110056b_1000.jpg!m_fill,w_280,h_210,f_jpg?from=ke.com
20241021,朝阳,西坝河,101124665049,西坝河东里 2室1厅 东南,410万,70702元/平,中楼层 (共6层) | 1985年 | 2室1厅 | 57.99平米 | 东南,https://ke-image.ljcdn.com/110000-inspection/2a1a59ee-7379-4d69-a25c-7eeadfabfb54_1000.jpg!m_fill,w_280,h_210,f_jpg?from=ke.com
20241021,朝阳,西坝河,101124626553,西坝河西里 2室1厅 南,365万,64901元/平,低楼层 (共12层) | 1985年 | 2室1厅 | 56.24平米 | 南,https://ke-image.ljcdn.com/110000-inspection/pc1_ZuFgarJ8m.jpg!m_fill,w_280,h_210,f_jpg?from=ke.com
20241021,朝阳,西坝河,101124609731,光熙门北里 1室1厅 南,360万,77154元/平,中楼层 (共21层) 1室1厅 | 46.66平米 | 南,https://ke-image.ljcdn.com/110000-inspection/76fd58fa-0aca-4b8a-a92f-81691adfd79a_1000.jpg!m_fill,w_280,h_210,f_jpg?from=ke.com
20241021,朝阳,西坝河,101124600923,西坝河中里 地铁17号线西坝河站 精装修,405万,67726元/平,中楼层 (共22层) 2室1厅 | 59.8平米 | 东南,https://ke-image.ljcdn.com/110000-inspection/962db8b6-c73f-4cd5-8efe-71bbd29eea36_1000.jpg!m_fill,w_280,h_210,f_jpg?from=ke.com
20241021,朝阳,西坝河,101124580820,光熙门北里   阳光充足  交通便利 诚心出售,299万,64551元/平,低楼层 (共18层) | 1989年 | 1室1厅 | 46.32平米 | 南,https://ke-image.ljcdn.com/110000-inspection/030322f0-9ca7-4083-8d51-fbe226ac6c7a_1000.jpg!m_fill,w_280,h_210,f_jpg?from=ke.com
20241021,朝阳,西坝河,101124491528,三元桥四G交通发达全明大二居卫生间厨房有窗户采光好,337万,54922元/平,顶层 (共6层) | 1984年 | 2室1厅 | 61.36平米 | 南 北,https://ke-image.ljcdn.com/110000-inspection/37c696f4-f5c5-413d-8acc-fd6d65458701_1000.jpg!m_fill,w_280,h_210,f_jpg?from=ke.com
20241021,朝阳,西坝河,101124461393,西坝河东里 1室1厅 东南,200万,48793元/平,低楼层 (共24层) | 1988年 | 1室1厅 | 40.99平米 | 东南,https://ke-image.ljcdn.com/110000-inspection/8d735b52-43c1-4d28-8b94-57d46062cc91_1000.jpg!m_fill,w_280,h_210,f_jpg?from=ke.com
20241021,朝阳,西坝河,101124452367,西坝河东里 精装修 看房方便 高楼层,278万,56805元/平,高楼层 (共6层) 2室1厅 | 48.94平米 | 东,https://ke-image.ljcdn.com/110000-inspection/29458492-561a-4600-9a1d-b5e64951e3b2_1000.jpg!m_fill,w_280,h_210,f_jpg?from=ke.com
20241021,朝阳,西坝河,101124425614,满两年商品房精装修南北通透采光好居住舒适房主自荐,555万,71595元/平,低楼层 (共20层) | 1990年 | 3室1厅 | 77.52平米 | 东南 西北,https://ke-image.ljcdn.com/110000-inspection/pc1_qKk4hQbWg_1.jpg!m_fill,w_280,h_210,f_jpg?from=ke.com
20241021,朝阳,西坝河,101124386095,满五年唯一管理好楼道干净小区中间位置安静不临,400万,83178元/平,高楼层 (共20层) 2室1厅 | 48.09平米 | 西南,https://ke-image.ljcdn.com/110000-inspection/85e58a90-2ac8-437a-b49b-f9e28fe75b30_1000.jpg!m_fill,w_280,h_210,f_jpg?from=ke.com
20241021,朝阳,西坝河,101124337400,西坝河北里202号院 大客厅两居室 精装修 看房方便,560万,75584元/平,低楼层 (共6层) 2室1厅 | 74.09平米 | 东南 西北,https://ke-image.ljcdn.com/110000-inspection/pc1_EISPNSf3D_1.jpg!m_fill,w_280,h_210,f_jpg?from=ke.com
20241021,朝阳,西坝河,101124284902,圣馨家园凸出来的东南向两居中间楼层自住的精装修,890万,93981元/平,中楼层 (共28层) | 2010年 | 2室2厅 | 94.7平米 | 东南,https://ke-image.ljcdn.com/110000-inspection/e2bb676f-a635-41e2-aa8f-d3158016831d_1000.jpg!m_fill,w_280,h_210,f_jpg?from=ke.com
20241021,朝阳,西坝河,101124251938,太阳宫 国展新座 东南两居室 满五唯一仅契税 优选,950万,90150元/平,低楼层 (共18层) | 2003年 | 2室1厅 | 105.38平米 | 东南,https://ke-image.ljcdn.com/110000-inspection/cdb545eb-decd-4ae0-b5cc-88cc2659184b_1000.jpg!m_fill,w_280,h_210,f_jpg?from=ke.com
20241021,朝阳,西坝河,101124249076,西坝河中里  精装两居  阳光充足  户型方正,359万,60145元/平,中楼层 (共22层) | 1991年 | 2室1厅 | 59.69平米 | 东 南,https://ke-image.ljcdn.com/110000-inspection/8d13696b-c59d-4859-916e-72c40218b577_1000.jpg!m_fill,w_280,h_210,f_jpg?from=ke.com
20241021,朝阳,西坝河,101124158697,光熙家园三期 1室1厅 西,595万,93129元/平,顶层 (共22层) | 2012年 | 1室1厅 | 63.89平米 | 西,https://ke-image.ljcdn.com/110000-inspection/f167b9da-c7e2-40fd-a5ea-629762d2ea3b_1000.jpg!m_fill,w_280,h_210,f_jpg?from=ke.com
20241021,朝阳,西坝河,101124154733,西坝河东里     满五年唯一   采光好    有电梯,425万,70353元/平,低楼层 (共18层) | 1987年 | 2室1厅 | 60.41平米 | 西南,https://ke-image.ljcdn.com/110000-inspection/4883950c-91c0-4a56-9e4e-9c6c0b6d2457_1000.jpg!m_fill,w_280,h_210,f_jpg?from=ke.com
20241021,朝阳,西坝河,101124147949,太阳宫地铁10、12、17号线东里大院环境好满5唯一,550万,71727元/平,中楼层 (共24层) | 1986年 | 2室1厅 | 76.68平米 | 东南 南,https://ke-image.ljcdn.com/110000-inspection/b8f60a28-8c58-48a2-aa07-7ac6925c1a3c_1000.jpg!m_fill,w_280,h_210,f_jpg?from=ke.com
20241021,朝阳,西坝河,101124145574,西坝河南里 1室1厅 南,288万,74942元/平,中楼层 (共6层) | 1988年 | 1室1厅 | 38.43平米 | 南,https://ke-image.ljcdn.com/110000-inspection/22e174ae-6edc-4dc6-926a-40d0a3e36a92_1000.jpg!m_fill,w_280,h_210,f_jpg?from=ke.com
20241021,朝阳,西坝河,101124110882,总监推荐西坝河中里 中信分房管理好 楼下地铁朝向正房主自荐,388万,64069元/平,低楼层 (共22层) 2室1厅 | 60.56平米 | 东南,https://ke-image.ljcdn.com/110000-inspection/0ad90206-9853-4063-b409-885d5202db82_1000.jpg!m_fill,w_280,h_210,f_jpg?from=ke.com
20241021,朝阳,西坝河,101124102202,西坝河中里*通透全明两居室*地铁双轨交汇*随时看房,336万,54573元/平,顶层 (共6层) | 1986年 | 2室1厅 | 61.57平米 | 南 北,https://ke-image.ljcdn.com/110000-inspection/626d135e-05c4-469c-86ce-c6c929ee1fab_1000.jpg!m_fill,w_280,h_210,f_jpg?from=ke.com
20241021,朝阳,西坝河,101123973290,西坝河中里 3室1厅 南,498万,63708元/平,底层 (共11层) 3室1厅 | 78.17平米 | 南,https://ke-image.ljcdn.com/110000-inspection/d3af0074-6549-426a-a785-3166b049afd0_1000.jpg!m_fill,w_280,h_210,f_jpg?from=ke.com
20241021,朝阳,西坝河,101123932284,光熙家园精装修南北通透小三居拎包入住,1280万,98842元/平,低楼层 (共22层) 3室1厅 | 129.5平米 | 南 北,https://ke-image.ljcdn.com/110000-inspection/01f761d0-4421-4d7f-bd9f-999077dce218_1000.jpg!m_fill,w_280,h_210,f_jpg?from=ke.com
20241021,朝阳,西坝河,101123930860,光熙家园二期 南北通透明厨明卫三居  观景房 位置安静,1460万,91801元/平,高楼层 (共12层) | 2009年 | 3室2厅 | 159.04平米 | 南 北 东南,https://ke-image.ljcdn.com/110000-inspection/pc1_3izhIskpK_1.jpg!m_fill,w_280,h_210,f_jpg?from=ke.com
20241021,朝阳,西坝河,101123877023,满五年公 房 高楼层 采光好视野棒 楼龄新 交通便利,439万,63633元/平,高楼层 (共7层) 2室1厅 | 68.99平米 | 南 北,https://ke-image.ljcdn.com/110000-inspection/01a74e9a-1467-4326-b620-9feb6c96601d_1000.jpg!m_fill,w_280,h_210,f_jpg?from=ke.com
20241021,朝阳,西坝河,101123845144,光熙家园二期南北三居全明格局,1370万,89637元/平,高楼层 (共21层) | 2009年 | 3室2厅 | 152.84平米 | 南 北,https://ke-image.ljcdn.com/110000-inspection/01f1e406-3866-4117-af11-7df9380bc642_1000.jpg!m_fill,w_280,h_210,f_jpg?from=ke.com
20241021,朝阳,西坝河,101123821675,东里三居室 博洛尼精装修 中间楼层 采光视野好房主自荐,495万,73128元/平,中楼层 (共18层) | 1987年 | 3室1厅 | 67.69平米 | 西北,https://ke-image.ljcdn.com/110000-inspection/pc1_XfNyeWeY6_1.jpg!m_fill,w_280,h_210,f_jpg?from=ke.com
20241021,朝阳,西坝河,101123775250,户型方正格局布局合理居住舒适度高,1050万,94103元/平,高楼层 (共22层) | 2012年 | 2室1厅 | 111.58平米 | 西,https://ke-image.ljcdn.com/110000-inspection/15451b5b-6d1e-4fcf-96b6-c15ef98ee735_1000.jpg!m_fill,w_280,h_210,f_jpg?from=ke.com
20241021,朝阳,西坝河,101123771730,光熙家园一期 西北向一居户型方正,539万,84523元/平,中楼层 (共22层) 1室1厅 | 63.77平米 | 西 北,https://ke-image.ljcdn.com/110000-inspection/58b77cf9-d168-4e1e-b93d-3a457fee057f_1000.jpg!m_fill,w_280,h_210,f_jpg?from=ke.com
20241021,朝阳,西坝河,101123681777,西坝河中里*全明通透两居室*采光充足*随时看房,403万,65807元/平,顶层 (共6层) 2室1厅 | 61.24平米 | 东南 西北,https://ke-image.ljcdn.com/110000-inspection/pc1_aiHeljAPZ_1.jpg!m_fill,w_280,h_210,f_jpg?from=ke.com
20241021,朝阳,西坝河,101123605681,西坝河中里 2室1厅 南,400万,67103元/平,底层 (共22层) 2室1厅 | 59.61平米 | 南,https://ke-image.ljcdn.com/110000-inspection/0781b0fc-d75f-48a9-b81d-bbe0598cba6f_1000.jpg!m_fill,w_280,h_210,f_jpg?from=ke.com
20241021,朝阳,西坝河,101123530057,光熙家园三期楼新12年交房,1395万,97957元/平,中楼层 (共22层) | 2012年 | 3室2厅 | 142.41平米 | 西南,https://ke-image.ljcdn.com/110000-inspection/5620d01e-1607-4c5d-87c7-231eb768be61_1000.jpg!m_fill,w_280,h_210,f_jpg?from=ke.com
20241021,朝阳,西坝河,101123527785,12年楼龄高层南向两居室  安静不临街很少出的户型,1180万,103084元/平,高楼层 (共22层) | 2012年 | 2室2厅 | 114.47平米 | 南,https://ke-image.ljcdn.com/110000-inspection/16dd0055-559b-439a-b2ae-ad3ef2e2d913_1000.jpg!m_fill,w_280,h_210,f_jpg?from=ke.com
20241021,朝阳,西坝河,101123524850,房子婚房装修前面是小花园不临街通透性好,345万,60965元/平,高楼层 (共6层) | 1988年 | 2室1厅 | 56.59平米 | 东南 西北,https://ke-image.ljcdn.com/110000-inspection/b841cb1a-07f4-4034-b2bf-dfbca32631a4_1000.jpg!m_fill,w_280,h_210,f_jpg?from=ke.com
20241021,朝阳,西坝河,101123512363,西坝河南里 2室1厅 南,366万,62119元/平,低楼层 (共22层) | 1990年 | 2室1厅 | 58.92平米 | 南,https://ke-image.ljcdn.com/110000-inspection/pc1_ho9kx3dXY_1.jpg!m_fill,w_280,h_210,f_jpg?from=ke.com
20241021,朝阳,西坝河,101123457531,满五唯一 电梯楼两居室 近三环12号13号17号多地铁,349万,71444元/平,顶层 (共20层) 2室1厅 | 48.85平米 | 西南,https://ke-image.ljcdn.com/110000-inspection/pc1_Z1ofOpLBi_1.jpg!m_fill,w_280,h_210,f_jpg?from=ke.com
20241021,朝阳,西坝河,101123444066,西坝河西里 1室1厅 南 西,229万,46031元/平,顶层 (共6层) 1室1厅 | 49.75平米 | 南 西,https://ke-image.ljcdn.com/110000-inspection/72534a74-b6a3-49fd-938c-8f227fa02629_1000.jpg!m_fill,w_280,h_210,f_jpg?from=ke.com
20241021,朝阳,西坝河,101123415950,东里大院  不临街  满五年唯一,297万,52483元/平,顶层 (共6层) | 1988年 | 2室1厅 | 56.59平米 | 南 北,https://ke-image.ljcdn.com/110000-inspection/3708307e-9b56-481f-9518-72cbf2a2815a_1000.jpg!m_fill,w_280,h_210,f_jpg?from=ke.com
20241021,朝阳,西坝河,101123327823,西坝河北里 1室1厅 南,408万,85249元/平,低楼层 (共16层) 1室1厅 | 47.86平米 | 南,https://ke-image.ljcdn.com/110000-inspection/3948cf07-a004-4f1f-b1c2-f95e87c2df4f_1000.jpg!m_fill,w_280,h_210,f_jpg?from=ke.com
20241021,朝阳,西坝河,101123320194,正规三居室 带电梯 带16㎡明厅 精装修 两梯四户房主自荐,545万,73589元/平,低楼层 (共18层) | 1988年 | 3室1厅 | 74.06平米 | 东南 西南 东北,https://ke-image.ljcdn.com/110000-inspection/08013c59-fff7-41a3-b5b7-911a24fff09b_1000.jpg!m_fill,w_280,h_210,f_jpg?from=ke.com
20241021,朝阳,西坝河,101123290749,西坝河 南向一居 带独立客厅 河景房 诚心出售,325万,72384元/平,高楼层 (共18层) 1室1厅 | 44.9平米 | 南,https://ke-image.ljcdn.com/110000-inspection/daf7ddb0-e03e-4fdd-ab3f-491baae4cd4b_1000.jpg!m_fill,w_280,h_210,f_jpg?from=ke.com
20241021,朝阳,西坝河,101123251485,光熙门 南向三居 精装 河景房 商干院家属楼,660万,79490元/平,低楼层 (共18层) 3室1厅 | 83.03平米 | 西南,https://ke-image.ljcdn.com/110000-inspection/71963472-8628-4a82-8e8a-1550f93cc013_1000.jpg!m_fill,w_280,h_210,f_jpg?from=ke.com
20241021,朝阳,西坝河,101123226651,西坝河中里户型方正两居临地铁,439万,65562元/平,低楼层 (共22层) | 1991年 | 2室1厅 | 66.96平米 | 南,https://ke-image.ljcdn.com/110000-inspection/6b6a7e19-cefc-4476-bd23-d1b880f6893c_1000.jpg!m_fill,w_280,h_210,f_jpg?from=ke.com
20241021,朝阳,西坝河,101123187758,光熙门北里 楼龄新 带电梯 东南向 带客厅两居室,430万,72574元/平,中楼层 (共21层) 2室1厅 | 59.25平米 | 东南,https://ke-image.ljcdn.com/110000-inspection/5af5e0ac-a984-419f-b4f2-745295b91e8c_1000.jpg!m_fill,w_280,h_210,f_jpg?from=ke.com
20241021,朝阳,西坝河,101123175709,西坝河中里*通透全明两居室*采光充足*地铁双轨*,425万,70133元/平,高楼层 (共6层) | 1986年 | 2室1厅 | 60.6平米 | 南 北,https://ke-image.ljcdn.com/110000-inspection/deb32c65-8eba-4af4-8068-6fcd8a692a9a_1000.jpg!m_fill,w_280,h_210,f_jpg?from=ke.com
20241021,朝阳,西坝河,101123101760,西坝河西里 高楼层三居室 视野开阔 采光明亮房主自荐,520万,65890元/平,高楼层 (共16层) 3室1厅 | 78.92平米 | 东 北,https://ke-image.ljcdn.com/110000-inspection/pc1_n8xdAjRaX_1.jpg!m_fill,w_280,h_210,f_jpg?from=ke.com
20241021,朝阳,西坝河,101123064248,西坝河中里 2室0厅 东南,372万,65981元/平,中楼层 (共13层) | 1986年 | 2室0厅 | 56.38平米 | 东南,https://ke-image.ljcdn.com/110000-inspection/d86f6a46-5f5e-47fe-989b-4fb16ae96e3e_1000.jpg!m_fill,w_280,h_210,f_jpg?from=ke.com
20241021,朝阳,西坝河,101123060680,圣馨家园客厅主卧朝南的两居满五唯一。,940万,97218元/平,中楼层 (共28层) | 2010年 | 2室1厅 | 96.69平米 | 西南,https://ke-image.ljcdn.com/110000-inspection/ea6aad07-d072-48be-a798-b647374e8661_1000.jpg!m_fill,w_280,h_210,f_jpg?from=ke.com
20241021,朝阳,西坝河,101123060463,圣馨家园 2室1厅 南,890万,90947元/平,高楼层 (共28层) | 2010年 | 2室1厅 | 97.86平米 | 南,https://ke-image.ljcdn.com/110000-inspection/4e1813b6-c617-4d57-bf60-6e1d614e5a73_1000.jpg!m_fill,w_280,h_210,f_jpg?from=ke.com
20241021,朝阳,西坝河,101123057609,西坝河南里 2室1厅 东南,480万,72051元/平,低楼层 (共22层) | 2004年 | 2室1厅 | 66.62平米 | 东南,https://ke-image.ljcdn.com/110000-inspection/9d8e3ddf-6b18-43a7-9f30-4e6c3b67bbc8_1000.jpg!m_fill,w_280,h_210,f_jpg?from=ke.com
20241021,朝阳,西坝河,101123048126,西坝河东里精装修两居可以直接入住明厅南北通透,349万,57887元/平,顶层 (共6层) 2室1厅 | 60.29平米 | 南 北,https://ke-image.ljcdn.com/110000-inspection/4ef3e7e3-611e-4186-a3c6-ee0cc2594cfd_1000.jpg!m_fill,w_280,h_210,f_jpg?from=ke.com
20241021,朝阳,西坝河,101123044229,高楼层视野无遮挡采光好无噪音影响,330万,83949元/平,中楼层 (共22层) | 2012年 | 1室0厅 | 39.31平米 | 西,https://ke-image.ljcdn.com/110000-inspection/3e6135cc-84ba-432c-a871-f8ad841f33b5_1000.jpg!m_fill,w_280,h_210,f_jpg?from=ke.com
20241021,朝阳,西坝河,101123016221,太阳宫 西坝河北里 两室一厅 采光好,480万,76143元/平,顶层 (共6层) 2室1厅 | 63.04平米 | 东 西,https://ke-image.ljcdn.com/110000-inspection/14e0cbe2-8083-4c75-8234-b93b555ca32e_1000.jpg!m_fill,w_280,h_210,f_jpg?from=ke.com
20241021,朝阳,西坝河,101122758777,西坝河东里视野好 满五唯一商品房房主自荐,248万,62993元/平,顶层 (共24层) | 1986年 | 1室1厅 | 39.37平米 | 南,https://ke-image.ljcdn.com/110000-inspection/faeb3f71-b238-4379-9d76-a387bf38366a_1000.jpg!m_fill,w_280,h_210,f_jpg?from=ke.com
20241021,朝阳,西坝河,101122748573,圣馨家园 西南正规两居室 两梯四户 随时签约,920万,94080元/平,高楼层 (共28层) | 2010年 | 2室2厅 | 97.79平米 | 西南,https://ke-image.ljcdn.com/110000-inspection/d498bd2b-3587-41d8-8f0f-a988a339e36c_1000.jpg!m_fill,w_280,h_210,f_jpg?from=ke.com
20241021,朝阳,西坝河,101122748511,西坝河东里 小区中间 户型方正 全明格局 满五唯一房主自荐,269万,64804元/平,顶层 (共6层) 1室1厅 | 41.51平米 | 南,https://ke-image.ljcdn.com/110000-inspection/ca207062-2848-47a6-81d8-d2a36379b9fc_1000.jpg!m_fill,w_280,h_210,f_jpg?from=ke.com
20241021,朝阳,西坝河,101122556811,光熙门北里东南精装两居高楼层视野好房主自荐,519万,83562元/平,中楼层 (共18层) | 1989年 | 2室1厅 | 62.11平米 | 东南,https://ke-image.ljcdn.com/110000-inspection/a4cdc9a1-7d16-4125-ba2c-8034c6768407_1000.jpg!m_fill,w_280,h_210,f_jpg?from=ke.com
20241021,朝阳,西坝河,101122373405,圣馨家园阳光好的两居 小板楼里的房子 楼层好,920万,90766元/平,中楼层 (共13层) 2室2厅 | 101.36平米 | 西南,https://ke-image.ljcdn.com/110000-inspection/pc1_sssGM5LUW_1.jpg!m_fill,w_280,h_210,f_jpg?from=ke.com
20241021,朝阳,西坝河,101122340221,西坝河西里 2室1厅 南 北,299万,55065元/平,顶层 (共6层) 2室1厅 | 54.3平米 | 南 北,https://ke-image.ljcdn.com/110000-inspection/4897cb15-f3cd-411e-864d-01d9131d9b8b_1000.jpg!m_fill,w_280,h_210,f_jpg?from=ke.com
20241021,朝阳,西坝河,101122277723,光熙家园三期2012年房龄 东南朝向 采光充足 精装修,1430万,93931元/平,低楼层 (共22层) | 2012年 | 3室1厅 | 152.24平米 | 东南 南,https://ke-image.ljcdn.com/110000-inspection/c983de18-5c54-4e44-b6ab-f859ad7163a2_1000.jpg!m_fill,w_280,h_210,f_jpg?from=ke.com
20241021,朝阳,西坝河,101122272297,光熙家园二期 满五年家庭唯一住房 精装修 拎包入住,578万,93589元/平,低楼层 (共21层) 1室1厅 | 61.76平米 | 西北,https://ke-image.ljcdn.com/110000-inspection/d07c3943-bf0f-4e33-bb23-160fbd9f01e1_1000.jpg!m_fill,w_280,h_210,f_jpg?from=ke.com
20241021,朝阳,西坝河,101122236620,西坝河东里 精装修 带客厅 低楼层 上下楼方便,265万,68229元/平,底层 (共6层) | 1988年 | 1室1厅 | 38.84平米 | 西南,https://ke-image.ljcdn.com/110000-inspection/0804d00a-1884-42ba-bee1-205a219c8559_1000.jpg!m_fill,w_280,h_210,f_jpg?from=ke.com
20241021,朝阳,西坝河,101122173007,国展新座  装修好 看房方便 楼层好 位置好,650万,92858元/平,中楼层 (共18层) 1室1厅 | 70平米 | 西,https://ke-image.ljcdn.com/110000-inspection/0d2f94f8-472b-4bd9-bc23-219d8efcd9a1_1000.jpg!m_fill,w_280,h_210,f_jpg?from=ke.com
20241021,朝阳,西坝河,101122064275,光熙门北里高层两居室央产房管理好,446万,63371元/平,中楼层 (共21层) 2室1厅 | 70.38平米 | 东 北,https://ke-image.ljcdn.com/110000-inspection/d4ce0c00-a35d-428f-b052-1f4067754172_1000.jpg!m_fill,w_280,h_210,f_jpg?from=ke.com
20241021,朝阳,西坝河,101122050490,西坝河西里  正规三居室户型 交通便利安静不临街,508万,73656元/平,低楼层 (共12层) | 1985年 | 3室1厅 | 68.97平米 | 南 西 北,https://ke-image.ljcdn.com/110000-inspection/pc1_bJ5JMaPh2_1.jpg!m_fill,w_280,h_210,f_jpg?from=ke.com
20241021,朝阳,西坝河,101122016644,房子是满五年唯一商品房带客厅双朝南没遮挡,495万,77236元/平,高楼层 (共18层) | 1987年 | 2室1厅 | 64.09平米 | 西南,https://ke-image.ljcdn.com/110000-inspection/d53f9aff-2402-4cfe-8b3e-0242abf734d1_1000.jpg!m_fill,w_280,h_210,f_jpg?from=ke.com
20241021,朝阳,西坝河,101121893480,12年交房精装修两年采光好,620万,96125元/平,顶层 (共22层) | 2012年 | 1室1厅 | 64.5平米 | 西,https://ke-image.ljcdn.com/110000-inspection/8ab06615-cd50-4963-8676-b871981704b8_1000.jpg!m_fill,w_280,h_210,f_jpg?from=ke.com
20241021,朝阳,西坝河,101121790861,西坝河中里 高楼层两居室 视野好 满五年随时可看,409万,66743元/平,高楼层 (共22层) 2室1厅 | 61.28平米 | 东南 西南,https://ke-image.ljcdn.com/110000-inspection/37be01dd-f5fa-4f82-ad00-fd9f04ad0f8e_1000.jpg!m_fill,w_280,h_210,f_jpg?from=ke.com
20241021,朝阳,西坝河,101121704818,西坝河南里 精装修 2居室 视野好,425万,63490元/平,高楼层 (共22层) | 1990年 | 2室1厅 | 66.94平米 | 西北,https://ke-image.ljcdn.com/110000-inspection/9af2a407-d326-4beb-86e9-bf1f1c152321_1000.jpg!m_fill,w_280,h_210,f_jpg?from=ke.com
20241021,朝阳,西坝河,101121692601,布局合理 明厨明卫交通方便采光好,575万,90253元/平,顶层 (共22层) 1室1厅 | 63.71平米 | 西 北,https://ke-image.ljcdn.com/110000-inspection/3100a575-5078-45e2-9510-a0435936c9f4_1000.jpg!m_fill,w_280,h_210,f_jpg?from=ke.com
20241021,朝阳,西坝河,101121659255,西坝河双轨换乘电梯房无遮挡采光好,300万,67507元/平,高楼层 (共18层) | 1990年 | 1室1厅 | 44.44平米 | 南,https://ke-image.ljcdn.com/110000-inspection/d44f9ecb-3cef-4ecd-8139-d5bb6bbbbd4a_1000.jpg!m_fill,w_280,h_210,f_jpg?from=ke.com
20241021,朝阳,西坝河,101121544385,西坝河东里 满五唯一 带明厅 看房方便房主自荐,599万,85866元/平,低楼层 (共18层) | 1987年 | 3室1厅 | 69.76平米 | 东南,https://ke-image.ljcdn.com/110000-inspection/2c290758-e7ff-4966-ab47-7968bf7937e5_1000.jpg!m_fill,w_280,h_210,f_jpg?from=ke.com
20241021,朝阳,西坝河,101121432610,西坝河 光熙门 满五唯一 精装修 格局方正三居 有车位房主自荐,473万,69001元/平,低楼层 (共22层) 3室1厅 | 68.55平米 | 东 北,https://ke-image.ljcdn.com/110000-inspection/eb2c3cc1-bf1a-4b85-91d1-8a24571b3007_1000.jpg!m_fill,w_280,h_210,f_jpg?from=ke.com
20241021,朝阳,西坝河,101121411154,西坝河东里：小区中间位置有钥匙随时看房,450万,66667元/平,低楼层 (共18层) | 1987年 | 3室1厅 | 67.5平米 | 东 北,https://ke-image.ljcdn.com/110000-inspection/pc1_4V84fvIYx_2.jpg!m_fill,w_280,h_210,f_jpg?from=ke.com
20241021,朝阳,西坝河,101121384988,光熙门 西坝河 朝南一居 精装修 随时看房 满五唯一,247万,64240元/平,低楼层 (共6层) 1室1厅 | 38.45平米 | 西南,https://ke-image.ljcdn.com/110000-inspection/pc1_HZx7yq9Bg.jpg!m_fill,w_280,h_210,f_jpg?from=ke.com
20241021,朝阳,西坝河,101121196550,西坝河西里 大院内 双南两居 采光好 交通便利,323万,61361元/平,低楼层 (共12层) | 1985年 | 2室1厅 | 52.64平米 | 南 北,https://ke-image.ljcdn.com/110000-inspection/f1ce50db-a58b-4ea2-b927-2399b5bd8c9d_1000.jpg!m_fill,w_280,h_210,f_jpg?from=ke.com
20241021,朝阳,西坝河,101121125436,西坝河东里全明格局一居室婚房装修近地铁,285万,66918元/平,顶层 (共6层) | 1985年 | 1室1厅 | 42.59平米 | 南,https://ke-image.ljcdn.com/110000-inspection/pc1_eXyFpzsDb.jpg!m_fill,w_280,h_210,f_jpg?from=ke.com
20241021,朝阳,西坝河,101121117630,西坝河东里 带电梯 精装修 大院环境好 东南向,258万,61356元/平,低楼层 (共24层) 1室1厅 | 42.05平米 | 东南 南,https://ke-image.ljcdn.com/110000-inspection/cbf6c8c2-3e8a-40dc-b9d1-44630cebd5c8_1000.jpg!m_fill,w_280,h_210,f_jpg?from=ke.com
20241021,朝阳,西坝河,101121090127,光熙家园  满五唯一 地铁13号线,470万,78873元/平,中楼层 (共22层) 1室0厅 | 59.59平米 | 西,https://ke-image.ljcdn.com/110000-inspection/7d7aeefc-354a-439e-ac44-a6fc94429a56_1000.jpg!m_fill,w_280,h_210,f_jpg?from=ke.com
20241021,朝阳,西坝河,101121060981,西坝河北里住宅小区  供电局单位,499万,68677元/平,底层 (共6层) 2室1厅 | 72.66平米 | 西南 东北,https://ke-image.ljcdn.com/110000-inspection/f29373af-1d41-48e9-a0a4-b430b1025db0_1000.jpg!m_fill,w_280,h_210,f_jpg?from=ke.com
20241021,朝阳,西坝河,101120899822,2012年楼龄正规一居室 安静不临街很少出的户型,598万,89455元/平,中楼层 (共22层) | 2012年 | 1室1厅 | 66.85平米 | 东,https://ke-image.ljcdn.com/110000-inspection/2e340d62-3de0-438e-813b-0ffd07050687_1000.jpg!m_fill,w_280,h_210,f_jpg?from=ke.com
20241021,朝阳,西坝河,101120896251,西坝河东里    满五年    采光充足    视野开阔,298万,52199元/平,顶层 (共6层) 2室1厅 | 57.09平米 | 南 北,https://ke-image.ljcdn.com/110000-inspection/pc1_RoSOVm466.jpg!m_fill,w_280,h_210,f_jpg?from=ke.com
20241021,朝阳,西坝河,101120871558,英特公寓满五唯一精装修带车位近地铁,1600万,70321元/平,中楼层 (共19层) 3室1厅 | 227.53平米 | 南 北,https://ke-image.ljcdn.com/110000-inspection/pc1_xjOgrNm6S.jpg!m_fill,w_280,h_210,f_jpg?from=ke.com
20241021,朝阳,西坝河,101120557910,南北通透格局方正明厨明卫视野开阔采光充足,680万,92104元/平,底层 (共6层) 3室1厅 | 73.83平米 | 南 北,https://ke-image.ljcdn.com/110000-inspection/pc1_ZqAV20IKg.jpg!m_fill,w_280,h_210,f_jpg?from=ke.com
20241021,朝阳,西坝河,101120545151,西坝河东里 大院 南北通透 全明格局 看房方便,330万,66186元/平,高楼层 (共6层) | 1985年 | 2室1厅 | 49.86平米 | 南 北,https://ke-image.ljcdn.com/110000-inspection/e94a3bf0-1cf4-4cf8-8c5e-211179cdbff3_1000.jpg!m_fill,w_280,h_210,f_jpg?from=ke.com
20241021,朝阳,西坝河,101120469654,西坝河东里 中间楼层 满五年 采光好,252万,63960元/平,中楼层 (共24层) | 1988年 | 1室1厅 | 39.4平米 | 东南,https://ke-image.ljcdn.com/110000-inspection/bd7b5ec0-8492-4cff-b367-7328f26b903d_1000.jpg!m_fill,w_280,h_210,f_jpg?from=ke.com
20241021,朝阳,西坝河,101120302069,西坝河东里 双朝南 高楼层 采光好 精装修,490万,76111元/平,高楼层 (共18层) | 1987年 | 2室1厅 | 64.38平米 | 西南,https://ke-image.ljcdn.com/110000-inspection/ccc86379-e33f-4854-a1bb-d2311435e705_1000.jpg!m_fill,w_280,h_210,f_jpg?from=ke.com
20241021,朝阳,西坝河,101119846625,西坝河南里 双南向小两居 采光好 诚心出售房主自荐,330万,63732元/平,中楼层 (共12层) 2室0厅 | 51.78平米 | 东南 西北,https://ke-image.ljcdn.com/110000-inspection/pc1_mAALgggPW_1.jpg!m_fill,w_280,h_210,f_jpg?from=ke.com
20241021,朝阳,西坝河,101119748525,光熙门北里小区管理好高楼层河景房视野好,535万,91689元/平,中楼层 (共18层) 2室1厅 | 58.35平米 | 南,https://ke-image.ljcdn.com/110000-inspection/pc1_MznzdVx7K.jpg!m_fill,w_280,h_210,f_jpg?from=ke.com
20241021,朝阳,西坝河,101119466926,西坝河东里 带电梯两居室 南向 精装修 无遮挡,510万,80303元/平,中楼层 (共18层) | 1987年 | 2室1厅 | 63.51平米 | 南,https://ke-image.ljcdn.com/110000-inspection/6572202c-ef5e-439a-83d2-0af800277d96_1000.jpg!m_fill,w_280,h_210,f_jpg?from=ke.com
20241021,朝阳,西坝河,101119224815,西坝河北里202号院 小区安静不临街,420万,70317元/平,中楼层 (共7层) | 1993年 | 2室1厅 | 59.73平米 | 南 北,https://ke-image.ljcdn.com/110000-inspection/aeff67b0-78a3-408c-a216-69006e810795_1000.jpg!m_fill,w_280,h_210,f_jpg?from=ke.com
20241021,朝阳,西坝河,101118917749,光熙家园一期 2室1厅 西南,1100万,102997元/平,中楼层 (共22层) 2室1厅 | 106.8平米 | 西南,https://ke-image.ljcdn.com/110000-inspection/73674c0e-cf0f-4056-8cbc-627d61653bcf_1000.jpg!m_fill,w_280,h_210,f_jpg?from=ke.com
20241021,朝阳,西坝河,101118909782,光熙门北里楼道干净河景房二居室,510万,76877元/平,中楼层 (共18层) 2室1厅 | 66.34平米 | 东北,https://ke-image.ljcdn.com/110000-inspection/55c1cebc-8421-4438-9022-abc3a2271abb_1000.jpg!m_fill,w_280,h_210,f_jpg?from=ke.com
20241021,朝阳,西坝河,101118771898,柳芳北街 小两居 室内采光好 看房方便,322万,61194元/平,顶层 (共6层) 2室1厅 | 52.62平米 | 东北,https://ke-image.ljcdn.com/110000-inspection/78005f74-8bcc-4d93-862c-9364a29768b4_1000.jpg!m_fill,w_280,h_210,f_jpg?from=ke.com
20241021,朝阳,西坝河,101118512047,西坝河西里 南北两居室 全明格局 楼层好房主自荐,365万,63556元/平,低楼层 (共6层) | 1994年 | 2室1厅 | 57.43平米 | 南 北,https://ke-image.ljcdn.com/110000-inspection/pc1_3fu2R5nvh_1.jpg!m_fill,w_280,h_210,f_jpg?from=ke.com
20241021,朝阳,西坝河,101118496839,国展 三元桥 西坝河中里 双南向两居,373万,71415元/平,中楼层 (共12层) | 1986年 | 2室1厅 | 52.23平米 | 东南,https://ke-image.ljcdn.com/110000-inspection/add80a36-f1ee-4a07-85f4-f32bf35c64da_1000.jpg!m_fill,w_280,h_210,f_jpg?from=ke.com
20241021,朝阳,西坝河,101118371888,西坝河畔绿化好绿植多费用成本低业主稳定卖,430万,64391元/平,低楼层 (共22层) | 2004年 | 2室1厅 | 66.78平米 | 东 东北,https://ke-image.ljcdn.com/110000-inspection/0d49c62e-8c0b-4072-8c8d-4e472b0fd125_1000.jpg!m_fill,w_280,h_210,f_jpg?from=ke.com
20241021,朝阳,西坝河,101118358364,西坝河南里 2室1厅 西南,395万,67893元/平,高楼层 (共13层) | 1985年 | 2室1厅 | 58.18平米 | 西南,https://ke-image.ljcdn.com/110000-inspection/pc1_1Q5QolNoC_1.jpg!m_fill,w_280,h_210,f_jpg?from=ke.com
20241021,朝阳,西坝河,101118268600,光熙门北里   带电梯   正规三居室,446万,65100元/平,低楼层 (共22层) | 1988年 | 3室1厅 | 68.51平米 | 东 北,https://ke-image.ljcdn.com/110000-inspection/371a7199-67a7-475c-8a02-97a04abe28e4_1000.jpg!m_fill,w_280,h_210,f_jpg?from=ke.com
20241021,朝阳,西坝河,101117862945,柳芳北街9号院 2室1厅 西南,545万,83257元/平,高楼层 (共21层) 2室1厅 | 65.46平米 | 西南,https://ke-image.ljcdn.com/110000-inspection/pc1_aqsjy9UX8_2.jpg!m_fill,w_280,h_210,f_jpg?from=ke.com
20241021,朝阳,西坝河,101117537495,带电梯 双南向两居室 满五年 双阳台,495万,86463元/平,低楼层 (共24层) | 1988年 | 2室1厅 | 57.25平米 | 东南,https://ke-image.ljcdn.com/110000-inspection/pc1_Vu9SZ1Xfu.jpg!m_fill,w_280,h_210,f_jpg?from=ke.com
20241021,朝阳,西坝河,101115966319,光熙家园二期三环内2009年小区B单元采光好安静房主自荐,1600万,96742元/平,中楼层 (共21层) | 2009年 | 3室1厅 | 165.39平米 | 南 东 西,https://ke-image.ljcdn.com/110000-inspection/pc1_Ect5Dpt0O.jpg!m_fill,w_280,h_210,f_jpg?from=ke.com
20241021,朝阳,西坝河,101127165228,光熙门北里 30万精装修 大客厅大两居  视野超棒新上,580万,73764元/平,高楼层 (共21层) | 1995年 | 2室1厅 | 78.63平米 | 东 北,https://ke-image.ljcdn.com/110000-inspection/191597a6-5340-475c-b9a7-5a7b4a694ea9_1000.jpg!m_fill,w_280,h_210,f_jpg?from=ke.com
20241021,朝阳,西坝河,101127158142,西坝河东里 2室1厅 南新上,375万,61355元/平,中楼层 (共6层) | 1985年 | 2室1厅 | 61.12平米 | 南,https://ke-image.ljcdn.com/110000-inspection/pc1_wFq8aNBXX_1.jpg!m_fill,w_280,h_210,f_jpg?from=ke.com
20241021,朝阳,西坝河,101127144910,西坝河东里 3室1厅 西南 东北新上,498万,69964元/平,中楼层 (共18层) | 1987年 | 3室1厅 | 71.18平米 | 西南 东北,https://ke-image.ljcdn.com/110000-inspection/30652b6d-cafe-4f5c-bf0f-7218d4a82706_1000.jpg!m_fill,w_280,h_210,f_jpg?from=ke.com
20241021,朝阳,西坝河,101127136626,太阳宫精装三居 高楼层 户型方正 采光好 视野开阔新上,970万,99970元/平,高楼层 (共28层) 3室1厅 | 97.03平米 | 西南,https://ke-image.ljcdn.com/110000-inspection/e5ab3581-cc28-44da-950f-28856de0fab9_1000.jpg!m_fill,w_280,h_210,f_jpg?from=ke.com
20241021,朝阳,西坝河,101127114315,圣馨家园 2室1厅 西南 北新上,800万,82237元/平,高楼层 (共27层) | 2010年 | 2室1厅 | 97.28平米 | 西南 北,https://ke-image.ljcdn.com/110000-inspection/f986ae7f-dafb-4f81-9c0e-2d9f21803bb3_1000.jpg!m_fill,w_280,h_210,f_jpg?from=ke.com
20241021,朝阳,西坝河,101127089086,西坝河西里 电梯高楼层 南向两居室 满五唯一新上,439万,70796元/平,中楼层 (共16层) 2室1厅 | 62.01平米 | 南,https://ke-image.ljcdn.com/110000-inspection/265bccaf-952f-4294-b37d-cdf3f7e88169_1000.jpg!m_fill,w_280,h_210,f_jpg?from=ke.com
20241021,朝阳,西坝河,101127070842,房子满五唯一  带电梯 视野好 带电梯新上,550万,64426元/平,中楼层 (共18层) | 1987年 | 3室1厅 | 85.37平米 | 西南,https://ke-image.ljcdn.com/110000-inspection/72859113-45ba-4bd3-b9f4-678e6b811af0_1000.jpg!m_fill,w_280,h_210,f_jpg?from=ke.com
20241021,朝阳,西坝河,101127047708,光熙家园二期 1室1厅 西新上,418万,76712元/平,低楼层 (共21层) 1室1厅 | 54.49平米 | 西,https://ke-image.ljcdn.com/110000-inspection/c841a1b3-127f-45f4-b096-12de53ada80e_1000.jpg!m_fill,w_280,h_210,f_jpg?from=ke.com
20241021,朝阳,西坝河,101127047143,西坝河 化工部家属楼 三条地铁 层高2.7米 精装新上,419万,67040元/平,低楼层 (共16层) | 1987年 | 2室1厅 | 62.5平米 | 南 西,https://ke-image.ljcdn.com/110000-inspection/pc1_c4WXqtTjR_1.jpg!m_fill,w_280,h_210,f_jpg?from=ke.com
20241021,朝阳,西坝河,101127028579,西坝河东里 1室1厅 东北,245万,56792元/平,高楼层 (共6层) | 1988年 | 1室1厅 | 43.14平米 | 东北,https://ke-image.ljcdn.com/110000-inspection/54de9e1a-f7f2-4407-9765-e15782b64037_1000.jpg!m_fill,w_280,h_210,f_jpg?from=ke.com
20241021,朝阳,西坝河,101127005793,光熙门北里 农业部分房 上下水管更换 楼道贴瓷砖,474万,66536元/平,高楼层 (共18层) | 1987年 | 2室1厅 | 71.24平米 | 东,https://ke-image.ljcdn.com/110000-inspection/8e6e70d6-9fc5-415c-84fe-599b36a8be89_1000.jpg!m_fill,w_280,h_210,f_jpg?from=ke.com
20241021,朝阳,西坝河,101126981529,光熙门北里 2室1厅 东 西,336万,62085元/平,顶层 (共6层) | 2000年 | 2室1厅 | 54.12平米 | 东 西,https://ke-image.ljcdn.com/110000-inspection/ab8c62d6-9b65-4dda-8d27-38c0cb195d41_1000.jpg!m_fill,w_280,h_210,f_jpg?from=ke.com
20241021,朝阳,西坝河,101126976060,西坝河中里 2室1厅 南 北,399万,65111元/平,中楼层 (共22层) | 1988年 | 2室1厅 | 61.28平米 | 南 北,https://ke-image.ljcdn.com/110000-inspection/f3b80709-8c6b-428f-bb58-c45418907c4f_1000.jpg!m_fill,w_280,h_210,f_jpg?from=ke.com
20241021,朝阳,西坝河,101126961518,新上西坝河北里 中间层 满五唯一 95年东西向两居,380万,60280元/平,中楼层 (共6层) 2室1厅 | 63.04平米 | 东 西,https://ke-image.ljcdn.com/110000-inspection/1718103d-1fc3-430f-91de-3edbf90ee895_1000.jpg!m_fill,w_280,h_210,f_jpg?from=ke.com
20241021,朝阳,西坝河,101126856835,楼龄新观河景南北通透满五年 公 房交通便利,485万,65461元/平,顶层 (共6层) | 1998年 | 2室1厅 | 74.09平米 | 东南 西北,https://ke-image.ljcdn.com/110000-inspection/pc1_ADntCxFWZ_2.jpg!m_fill,w_280,h_210,f_jpg?from=ke.com
20241021,朝阳,西坝河,101126856387,光熙门北里带客厅两居 双卧室南向  近地铁,485万,70793元/平,底层 (共21层) 2室1厅 | 68.51平米 | 南,https://ke-image.ljcdn.com/110000-inspection/7b3634f4-23d5-4b66-8743-cefbac7513c1_1000.jpg!m_fill,w_280,h_210,f_jpg?from=ke.com
20241021,朝阳,西坝河,101126812028,光熙门南向3居室管理好满五年产权清晰,550万,69445元/平,低楼层 (共18层) | 1987年 | 3室1厅 | 79.2平米 | 西南,https://ke-image.ljcdn.com/110000-inspection/ba24aa55-2e24-43a9-b007-803d8f8ca78f_1000.jpg!m_fill,w_280,h_210,f_jpg?from=ke.com
20241021,朝阳,西坝河,101126808160,西坝河中里 1室1厅 西南 北,290万,65463元/平,高楼层 (共12层) 1室1厅 | 44.3平米 | 西南 北,https://ke-image.ljcdn.com/110000-inspection/e80e3951-064f-4f2c-b970-2fac0c6c1367_1000.jpg!m_fill,w_280,h_210,f_jpg?from=ke.com
20241021,朝阳,西坝河,101126733694,西坝河北里 3室1厅 西南 东北 东南 南,545万,57405元/平,顶层 (共7层) | 1995年 | 3室1厅 | 94.94平米 | 西南 东北 东南 南,https://ke-image.ljcdn.com/110000-inspection/pc1_kATzoydjj_1.jpg!m_fill,w_280,h_210,f_jpg?from=ke.com
20241021,朝阳,西坝河,101126688980,西坝河东里广场塔楼三居室位置好不临街满五年房主自荐,449万,66332元/平,顶层 (共18层) | 1987年 | 3室1厅 | 67.69平米 | 东北,https://ke-image.ljcdn.com/110000-inspection/pc1_HTVvw2P96.jpg!m_fill,w_280,h_210,f_jpg?from=ke.com
20241021,朝阳,西坝河,101126685463,西坝河北里 3室1厅 南 北,655万,70811元/平,中楼层 (共7层) | 1995年 | 3室1厅 | 92.5平米 | 南 北,https://ke-image.ljcdn.com/110000-inspection/d79bb9c8-b4a4-4ba9-abc4-2b13bb441fa6_1000.jpg!m_fill,w_280,h_210,f_jpg?from=ke.com
20241021,朝阳,西坝河,101126684623,户型比较好利用东向西向两居安静楼下正对小区花,1000万,77001元/平,低楼层 (共22层) | 2012年 | 3室1厅 | 129.87平米 | 东 西,https://ke-image.ljcdn.com/110000-inspection/pc1_75EloaJC5.jpg!m_fill,w_280,h_210,f_jpg?from=ke.com
20241021,朝阳,西坝河,101126672382,少有户型 两房一本 单独入户 中间可通随时看房,1258万,65975元/平,低楼层 (共24层) 4室2厅 | 190.68平米 | 东 西 北,https://ke-image.ljcdn.com/110000-inspection/pc1_8zulgof64.jpg!m_fill,w_280,h_210,f_jpg?from=ke.com
20241021,朝阳,西坝河,101126662957,光熙家园一期 2室1厅 西南,1120万,103954元/平,低楼层 (共22层) 2室1厅 | 107.74平米 | 西南,https://ke-image.ljcdn.com/110000-inspection/c8f9efe3-c280-466e-ae83-12e00154db9d_1000.jpg!m_fill,w_280,h_210,f_jpg?from=ke.com
20241021,朝阳,西坝河,101126652546,此房满五年98年建成无抵押产权清晰交通便利,580万,73999元/平,低楼层 (共8层) 2室1厅 | 78.38平米 | 南 北,https://ke-image.ljcdn.com/110000-inspection/pc1_ptKxnn6bI.jpg!m_fill,w_280,h_210,f_jpg?from=ke.com
20241021,朝阳,西坝河,101126644755,光熙家园二期 3室1厅 南 北,1320万,85532元/平,低楼层 (共21层) | 2009年 | 3室1厅 | 154.33平米 | 南 北,https://ke-image.ljcdn.com/110000-inspection/bcd5b2ad-24bd-4577-9769-7db45e29bd93_1000.jpg!m_fill,w_280,h_210,f_jpg?from=ke.com
20241021,朝阳,西坝河,101126561196,圣馨家园全明格局两居高层观景满五唯一房主自荐,880万,90806元/平,高楼层 (共27层) | 2010年 | 2室1厅 | 96.91平米 | 东南 北,https://ke-image.ljcdn.com/110000-inspection/23ed7ffd-85ba-4441-88f6-fa8d952bc298_1000.jpg!m_fill,w_280,h_210,f_jpg?from=ke.com
20241021,朝阳,西坝河,101126517556,东里大院 大客厅两居室 户型方正,470万,73438元/平,中楼层 (共24层) | 1989年 | 2室1厅 | 64平米 | 南,https://ke-image.ljcdn.com/110000-inspection/6cf1ee51-00b0-4a7a-a5b9-c6264409ecdb_1000.jpg!m_fill,w_280,h_210,f_jpg?from=ke.com
20241021,朝阳,西坝河,101126480408,光熙家园一期 1室0厅 南,560万,113522元/平,顶层 (共22层) | 2007年 | 1室0厅 | 49.33平米 | 南,https://ke-image.ljcdn.com/110000-inspection/pc1_UXuSMyLAO_1.jpg!m_fill,w_280,h_210,f_jpg?from=ke.com
20241021,朝阳,西坝河,101126448621,西坝河西里 2室1厅 南 北,235万,46702元/平,地下室 (共6层) 2室1厅 | 50.32平米 | 南 北,https://ke-image.ljcdn.com/110000-inspection/1655ed14-ca35-4731-adb8-824ca1357155_1000.jpg!m_fill,w_280,h_210,f_jpg?from=ke.com
20241021,朝阳,西坝河,101126333378,西坝河中里 3室1厅 南 北,560万,70833元/平,顶层 (共6层) | 1985年 | 3室1厅 | 79.06平米 | 南 北,https://ke-image.ljcdn.com/110000-inspection/b6aa02a1-60dd-4479-9517-4d80e43b64ba_1000.jpg!m_fill,w_280,h_210,f_jpg?from=ke.com
20241021,朝阳,西坝河,101126333173,西坝河南里 2室1厅 西南,388万,65942元/平,高楼层 (共22层) | 1990年 | 2室1厅 | 58.84平米 | 西南,https://ke-image.ljcdn.com/110000-inspection/b5a13acc-e4e5-48d7-9c57-4f57cb3874c0_1000.jpg!m_fill,w_280,h_210,f_jpg?from=ke.com
20241021,朝阳,西坝河,101126242772,二环外河边商品房金岛花园东南向大三居,1030万,71533元/平,高楼层 (共22层) 3室2厅 | 143.99平米 | 东南 西北 东北,https://ke-image.ljcdn.com/110000-inspection/fe95a7ec-ef3b-46af-afe4-5716ca015f67_1000.jpg!m_fill,w_280,h_210,f_jpg?from=ke.com
20241021,朝阳,西坝河,101126225903,西坝河北里202号院 1室1厅 东南,240万,53740元/平,底层 (共7层) | 1994年 | 1室1厅 | 44.66平米 | 东南,https://ke-image.ljcdn.com/110000-inspection/033b6661-c11c-4ddd-b879-ecca95c2681a_1000.jpg!m_fill,w_280,h_210,f_jpg?from=ke.com
20241021,朝阳,西坝河,101126225538,西坝河北里202号院 2室1厅 南 北,505万,65398元/平,高楼层 (共7层) | 1992年 | 2室1厅 | 77.22平米 | 南 北,https://ke-image.ljcdn.com/110000-inspection/pc1_2ZYjEYxe7_2.jpg!m_fill,w_280,h_210,f_jpg?from=ke.com
20241021,朝阳,西坝河,101126211396,西坝河南里*正南两居室*采光好*满五年唯一房主自荐,366万,70264元/平,底层 (共13层) | 1985年 | 2室0厅 | 52.09平米 | 南,https://ke-image.ljcdn.com/110000-inspection/48fbb71f-3c17-40a5-a947-8c5ba7d9d4ac_1000.jpg!m_fill,w_280,h_210,f_jpg?from=ke.com
20241021,朝阳,西坝河,101126203035,西坝河东里 满五唯一 双朝南 全明格局房主自荐,369万,63941元/平,顶层 (共6层) | 1986年 | 2室1厅 | 57.71平米 | 西南,https://ke-image.ljcdn.com/110000-inspection/pc1_QqNAyIXHY_1.jpg!m_fill,w_280,h_210,f_jpg?from=ke.com
20241021,朝阳,西坝河,101126202887,西坝河东里 高楼层 有电梯 满五年 精装修,221万,55140元/平,高楼层 (共24层) | 1987年 | 1室1厅 | 40.08平米 | 东南,https://ke-image.ljcdn.com/110000-inspection/860c552c-6d3a-4651-86fa-2dee7cf162b4_1000.jpg!m_fill,w_280,h_210,f_jpg?from=ke.com
20241021,朝阳,西坝河,101126202370,西坝河东里 满五唯一 没遮挡 双朝南,439万,68189元/平,低楼层 (共18层) | 1987年 | 2室1厅 | 64.38平米 | 西南,https://ke-image.ljcdn.com/110000-inspection/8c95e228-b8ca-451d-98f9-03c1d7bf7a30_1000.jpg!m_fill,w_280,h_210,f_jpg?from=ke.com
20241021,朝阳,西坝河,101126199143,太阳宫 国展新座开间东向 人车分流 交易仅契税,368万,78633元/平,高楼层 (共18层) | 2003年 | 1室0厅 | 46.8平米 | 东,https://ke-image.ljcdn.com/110000-inspection/pc1_7VkRNoSEl.jpg!m_fill,w_280,h_210,f_jpg?from=ke.com
20241021,朝阳,西坝河,101126192597,西坝河东里 大院  三居室 全南户型 看房方便,439万,63790元/平,顶层 (共6层) 3室1厅 | 68.82平米 | 南,https://ke-image.ljcdn.com/110000-inspection/09b015f1-39c1-417d-8630-848c803cfc45_1000.jpg!m_fill,w_280,h_210,f_jpg?from=ke.com
20241021,朝阳,西坝河,101126192126,东里大院电梯三居室有正规的客厅高楼层无遮挡。,617万,78310元/平,高楼层 (共18层) | 1987年 | 3室1厅 | 78.79平米 | 西南,https://ke-image.ljcdn.com/110000-inspection/pc1_ZSh25uRtX_2.jpg!m_fill,w_280,h_210,f_jpg?from=ke.com
20241021,朝阳,西坝河,101126181803,西坝河东里 满五唯一 正规三居明厅,450万,64507元/平,顶层 (共18层) | 1987年 | 3室1厅 | 69.76平米 | 东南,https://ke-image.ljcdn.com/110000-inspection/9e121d9d-f5ef-4f8f-b8b1-b25cb24e9ba5_1000.jpg!m_fill,w_280,h_210,f_jpg?from=ke.com
20241021,朝阳,西坝河,101126177929,西坝河东里全明格局2居室采光好全明格局,480万,83493元/平,底层 (共6层) 2室1厅 | 57.49平米 | 南,https://ke-image.ljcdn.com/110000-inspection/b0987478-105d-4d83-bb06-996adce15f89_1000.jpg!m_fill,w_280,h_210,f_jpg?from=ke.com
20241021,朝阳,西坝河,101126175250,西坝河中里*通透两居室*挑高高地铁17号旁房主自荐,359万,61024元/平,高楼层 (共12层) | 1985年 | 2室1厅 | 58.83平米 | 西南,https://ke-image.ljcdn.com/110000-inspection/86f13356-a8c8-481a-8f5e-7100c6e00268_1000.jpg!m_fill,w_280,h_210,f_jpg?from=ke.com
20241021,朝阳,西坝河,101126173772,西坝河中里*通透全明*老少皆宜*地铁双轨*随时看房房主自荐,665万,90798元/平,底层 (共6层) | 1988年 | 3室1厅 | 73.24平米 | 东南 西北,https://ke-image.ljcdn.com/110000-inspection/pc1_EwcXoQeqT.jpg!m_fill,w_280,h_210,f_jpg?from=ke.com
20241021,朝阳,西坝河,101126163835,满五年唯一商品房高楼层采光好视野无遮挡,2350万,77517元/平,顶层 (共21层) | 2009年 | 6室2厅 | 303.16平米 | 东 南 西,https://ke-image.ljcdn.com/110000-inspection/325a6420-2864-4701-8d77-21b8a5e39cdb_1000.jpg!m_fill,w_280,h_210,f_jpg?from=ke.com
20241021,朝阳,西坝河,101126148218,金岛花园 3室1厅 东南,1100万,76395元/平,高楼层 (共22层) 3室1厅 | 143.99平米 | 东南,https://ke-image.ljcdn.com/110000-inspection/eeedf2fc-23c0-4114-939f-9dc29ff78864_1000.jpg!m_fill,w_280,h_210,f_jpg?from=ke.com
20241021,朝阳,西坝河,101126055359,满五唯一格局方正 高层视野开阔 采光好 诚心出售房主自荐,470万,86255元/平,高楼层 (共21层) 1室1厅 | 54.49平米 | 西,https://ke-image.ljcdn.com/110000-inspection/58b639d5-a000-4911-894a-c10211ede25d_1000.jpg!m_fill,w_280,h_210,f_jpg?from=ke.com
20241021,朝阳,西坝河,101126054327,西坝河中里有客厅两居室环境好看房方便,425万,64886元/平,中楼层 (共22层) | 1988年 | 2室2厅 | 65.5平米 | 西 北,https://ke-image.ljcdn.com/110000-inspection/316c7751-0626-4174-ad73-d2e8059ae963_1000.jpg!m_fill,w_280,h_210,f_jpg?from=ke.com
20241021,朝阳,西坝河,101126034736,西坝河西里 满五唯一  公积金可贷款30年,320万,56900元/平,低楼层 (共12层) | 1985年 | 2室1厅 | 56.24平米 | 南,https://ke-image.ljcdn.com/110000-inspection/90ec6749-1f07-4cc2-9dcd-1bd68fa24d69_1000.jpg!m_fill,w_280,h_210,f_jpg?from=ke.com
20241021,朝阳,西坝河,101126021333,西坝河 南北通透 南向大客厅 95年 随时看房房主自荐,378万,64297元/平,顶层 (共6层) | 1995年 | 2室1厅 | 58.79平米 | 南 北,https://ke-image.ljcdn.com/110000-inspection/deec5eac-3b03-4cd3-8e5c-8fb412486eb8_1000.jpg!m_fill,w_280,h_210,f_jpg?from=ke.com
20241021,朝阳,西坝河,101125963715,太阳宫国展新座东南两居室满五唯一高楼层,949.99万,90192元/平,中楼层 (共18层) 2室1厅 | 105.33平米 | 东南,https://ke-image.ljcdn.com/110000-inspection/45c7b630-d717-4ba1-ab91-ebd116d6bc46_1000.jpg!m_fill,w_280,h_210,f_jpg?from=ke.com
20241021,朝阳,西坝河,101125924975,三环内 双地铁 2012年商品房 时尚精装修,568万,87318元/平,高楼层 (共22层) | 2012年 | 1室1厅 | 65.05平米 | 西,https://ke-image.ljcdn.com/110000-inspection/ce6e3914-0e56-4a9c-a4a3-c17ca8890a9a_1000.jpg!m_fill,w_280,h_210,f_jpg?from=ke.com
20241021,朝阳,西坝河,101125880546,柳芳北街9号院 2室1厅 东 南,610万,83459元/平,高楼层 (共21层) 2室1厅 | 73.09平米 | 东 南,https://ke-image.ljcdn.com/110000-inspection/cebdf488-fdbe-462d-9f76-fd29c828c944_1000.jpg!m_fill,w_280,h_210,f_jpg?from=ke.com
20241021,朝阳,西坝河,101125879576,西坝河东里 一层 安静不临街 田园空间,449万,90017元/平,底层 (共6层) | 1983年 | 2室2厅 | 49.88平米 | 东 南 西,https://ke-image.ljcdn.com/110000-inspection/pc1_T1xJzqaGN_2.jpg!m_fill,w_280,h_210,f_jpg?from=ke.com
20241021,朝阳,西坝河,101125878439,西坝河西里双南向小两居诚售采光好,408万,77508元/平,中楼层 (共12层) | 1985年 | 2室1厅 | 52.64平米 | 南,https://ke-image.ljcdn.com/110000-inspection/pc1_OUtS55v8Q_1.jpg!m_fill,w_280,h_210,f_jpg?from=ke.com
20241021,朝阳,西坝河,101125851072,此房满五年唯一1993年楼龄2梯6户管理好,430万,61097元/平,低楼层 (共21层) | 1993年 | 2室1厅 | 70.38平米 | 东北,https://ke-image.ljcdn.com/110000-inspection/2b9f2083-43df-4a6a-a70d-c6de30833174_1000.jpg!m_fill,w_280,h_210,f_jpg?from=ke.com
20241021,朝阳,西坝河,101125780712,太阳宫西坝河西里 三条地铁交汇 满五唯一 诚心出售,368万,62490元/平,中楼层 (共18层) | 1989年 | 2室1厅 | 58.89平米 | 西南,https://ke-image.ljcdn.com/110000-inspection/9dc0a248-bae8-4b1f-ad2c-7e08c51ac2fd_1000.jpg!m_fill,w_280,h_210,f_jpg?from=ke.com
20241021,朝阳,西坝河,101125751785,西坝河中里*精装视野好*地铁双轨 管理好 随时看房房主自荐,338万,60585元/平,顶层 (共13层) 2室1厅 | 55.79平米 | 东南,https://ke-image.ljcdn.com/110000-inspection/pc1_XxNk0jcFu_1.jpg!m_fill,w_280,h_210,f_jpg?from=ke.com
20241021,朝阳,西坝河,101125655230,光熙门北里 民航宿舍管理好 不临街 采光好 满五年房主自荐,468万,76409元/平,中楼层 (共21层) 2室1厅 | 61.25平米 | 东南,https://ke-image.ljcdn.com/110000-inspection/82e5e51a-023e-4108-b003-36484aeca297_1000.jpg!m_fill,w_280,h_210,f_jpg?from=ke.com
20241021,朝阳,西坝河,101125500191,西坝河东里 大院  南北三居 中间楼层 看房方便房主自荐,598万,78334元/平,中楼层 (共6层) | 1985年 | 3室1厅 | 76.34平米 | 南 北,https://ke-image.ljcdn.com/110000-inspection/pc1_1lxr1NFrI.jpg!m_fill,w_280,h_210,f_jpg?from=ke.com
20241021,朝阳,西坝河,101125410972,西坝河东里 大院 南北通透 中间楼层 公积金30年,563万,73270元/平,中楼层 (共6层) | 1985年 | 3室1厅 | 76.84平米 | 南 北,https://ke-image.ljcdn.com/110000-inspection/0925ad1b-1c1a-4a8a-b489-1c51543f29bb_1000.jpg!m_fill,w_280,h_210,f_jpg?from=ke.com
20241021,朝阳,西坝河,101125364500,光熙门北里满五年唯一商品正南向 楼下临河 地铁近房主自荐,319万,66877元/平,中楼层 (共22层) | 1988年 | 1室1厅 | 47.7平米 | 南,https://ke-image.ljcdn.com/110000-inspection/cd0474fe-4e55-4f41-b200-165e4f6dde49_1000.jpg!m_fill,w_280,h_210,f_jpg?from=ke.com
20241021,朝阳,西坝河,101125343072,金岛花园   闹中取静  环境好  阳光充足,900万,82547元/平,高楼层 (共22层) 2室2厅 | 109.03平米 | 东南,https://ke-image.ljcdn.com/110000-inspection/pc1_xlMQqBZln_1.jpg!m_fill,w_280,h_210,f_jpg?from=ke.com
20241021,朝阳,西坝河,101125338025,西坝河东里 一层 精装修 无遮挡 南北通透,580万,98657元/平,底层 (共6层) | 1995年 | 2室1厅 | 58.79平米 | 南 北,https://ke-image.ljcdn.com/110000-inspection/92d06f70-fcbe-40f8-aec0-a2897ebd21a1_1000.jpg!m_fill,w_280,h_210,f_jpg?from=ke.com
20241021,朝阳,西坝河,101125304433,2010年次新小区太阳宫地铁10号线和17号线,500万,88937元/平,高楼层 (共28层) | 2010年 | 1室1厅 | 56.22平米 | 东 北,https://ke-image.ljcdn.com/110000-inspection/pc1_dQ5gW25xV.jpg!m_fill,w_280,h_210,f_jpg?from=ke.com
20241021,朝阳,西坝河,101125304192,2010年次新小区东北三环太阳宫,500万,88937元/平,高楼层 (共28层) | 2010年 | 1室1厅 | 56.22平米 | 北 东,https://ke-image.ljcdn.com/110000-inspection/87107dc9-dc8a-43ab-9210-8e7199e9f28f_1000.jpg!m_fill,w_280,h_210,f_jpg?from=ke.com
20241021,朝阳,西坝河,101125297852,1995年楼龄有车位精装修大客厅双南两居必看,650万,87495元/平,低楼层 (共21层) 2室2厅 | 74.29平米 | 南,https://ke-image.ljcdn.com/110000-inspection/b052919d-2a73-4301-acae-52373e50df2d_1000.jpg!m_fill,w_280,h_210,f_jpg?from=ke.com
20241021,朝阳,西坝河,101125292087,西坝河东里 1室1厅 南,266万,72107元/平,低楼层 (共6层) 1室1厅 | 36.89平米 | 南,https://ke-image.ljcdn.com/110000-inspection/pc1_REvJJThVj.jpg!m_fill,w_280,h_210,f_jpg?from=ke.com
20241021,朝阳,西坝河,101125291580,西坝河东里 满五唯一 双朝南 高楼层 采光好,440万,70980元/平,高楼层 (共18层) 2室1厅 | 61.99平米 | 南,https://ke-image.ljcdn.com/110000-inspection/pc1_t0ZDZLA7r_2.jpg!m_fill,w_280,h_210,f_jpg?from=ke.com
20241021,朝阳,西坝河,101125289892,三元桥四DT立体交通周边配套齐高层二居,469万,74897元/平,中楼层 (共18层) | 1987年 | 2室1厅 | 62.62平米 | 南 北,https://ke-image.ljcdn.com/110000-inspection/pc1_MAQrVw7Mp.jpg!m_fill,w_280,h_210,f_jpg?from=ke.com
20241021,朝阳,西坝河,101125284330,落地阳台 视野开阔 安静 无遮挡 保持的很好拎包住,460万,83927元/平,低楼层 (共18层) | 2003年 | 1室0厅 | 54.81平米 | 西,https://ke-image.ljcdn.com/110000-inspection/pc1_2DMuvfLCy.jpg!m_fill,w_280,h_210,f_jpg?from=ke.com
20241021,朝阳,西坝河,101125284066,光熙门北里东南向满五年唯一商品3室2厅3卫,1050万,74153元/平,中楼层 (共21层) | 1995年 | 3室2厅 | 141.6平米 | 东南,https://ke-image.ljcdn.com/110000-inspection/pc1_KprIfUN5v.jpg!m_fill,w_280,h_210,f_jpg?from=ke.com
20241021,朝阳,西坝河,101125282696,西坝河南里  明厨明卫  南北通透三居  带电梯,620万,79959元/平,中楼层 (共6层) 3室1厅 | 77.54平米 | 南 北,https://ke-image.ljcdn.com/110000-inspection/ed2d5750-bb41-4f25-b47f-bd62b281358a_1000.jpg!m_fill,w_280,h_210,f_jpg?from=ke.com
20241021,朝阳,西坝河,101125282023,西坝河南里 东南大两居 满五年  无遮挡,358万,58872元/平,底层 (共12层) 2室1厅 | 60.81平米 | 东南,https://ke-image.ljcdn.com/110000-inspection/39c8d79e-ae8c-445f-a83c-00d36c10c52a_1000.jpg!m_fill,w_280,h_210,f_jpg?from=ke.com
20241021,朝阳,西坝河,101125281761,本楼新换上下水正南正北南北通透 采光好 不临街,448万,64881元/平,底层 (共6层) | 1990年 | 3室1厅 | 69.05平米 | 南 北,https://ke-image.ljcdn.com/110000-inspection/pc1_MCXTU5ocQ.jpg!m_fill,w_280,h_210,f_jpg?from=ke.com
20241021,朝阳,西坝河,101125274952,东里大院电梯房三条地铁10、12、17号线,252万,64009元/平,低楼层 (共24层) 1室1厅 | 39.37平米 | 东南,https://ke-image.ljcdn.com/110000-inspection/196077a5-65ab-488a-9072-93564dbca222_1000.jpg!m_fill,w_280,h_210,f_jpg?from=ke.com
20241021,朝阳,西坝河,101125273091,满五年唯一 南北通透户型 明厨明卫 精装修 采光,348万,56257元/平,顶层 (共6层) | 1985年 | 2室1厅 | 61.86平米 | 南 北,https://ke-image.ljcdn.com/110000-inspection/f341ae9f-369f-491f-8ed4-e97b03cd071b_1000.jpg!m_fill,w_280,h_210,f_jpg?from=ke.com
20241021,朝阳,西坝河,101125272725,西坝河东里大院明厨明卫精装修钢混结构房主自荐,269万,63534元/平,顶层 (共6层) | 1988年 | 1室1厅 | 42.34平米 | 南,https://ke-image.ljcdn.com/110000-inspection/9c6dc8dc-5ea0-4bf7-9834-24ba50de3354_1000.jpg!m_fill,w_280,h_210,f_jpg?from=ke.com
20241021,朝阳,西坝河,101125272651,精装修 西坝河东里大院 不临街,422万,73277元/平,中楼层 (共24层) | 1987年 | 2室1厅 | 57.59平米 | 东南,https://ke-image.ljcdn.com/110000-inspection/a7ed445c-f702-479e-9666-26a12ca44d2f_1000.jpg!m_fill,w_280,h_210,f_jpg?from=ke.com
20241021,朝阳,西坝河,101125271108,公积金贷款30年  西坝河中里  精装修两居室,335万,54322元/平,顶层 (共6层) | 1988年 | 2室2厅 | 61.67平米 | 东南 西北,https://ke-image.ljcdn.com/110000-inspection/5b31e4e1-2057-4778-9704-bdf84ce13715_1000.jpg!m_fill,w_280,h_210,f_jpg?from=ke.com
20241021,朝阳,西坝河,101125193234,西坝河中里  双南户型  交通便利   诚心出售,432万,74304元/平,中楼层 (共6层) 2室1厅 | 58.14平米 | 东南,https://ke-image.ljcdn.com/110000-inspection/48c46491-8e1b-4f2f-9f85-160050512916_1000.jpg!m_fill,w_280,h_210,f_jpg?from=ke.com
20241021,朝阳,西坝河,101125192298,金岛花园观景 满五唯一 闹中取静 交通便利,1030万,71533元/平,高楼层 (共22层) | 1998年 | 3室2厅 | 143.99平米 | 西南,https://ke-image.ljcdn.com/110000-inspection/e3e6a434-b2e0-4a5f-87a2-7b3ed12e7d46_1000.jpg!m_fill,w_280,h_210,f_jpg?from=ke.com
20241021,朝阳,西坝河,101125170548,西坝河东里3居 正规客厅 满五唯一 明厨明卫,509万,72240元/平,低楼层 (共18层) | 1988年 | 3室1厅 | 70.46平米 | 东南 西南,https://ke-image.ljcdn.com/110000-inspection/e89c6581-9b22-4cdc-8888-067703fe7d46_1000.jpg!m_fill,w_280,h_210,f_jpg?from=ke.com
20241021,朝阳,西坝河,101125112558,光熙家园二期 车位,53万,17685元/平,地下室 1室0厅 | 29.97平米 | 南,https://ke-image.ljcdn.com/110000-inspection/891714bd-b8da-4fa7-a5e0-c5b278660d77_1000.jpg!m_fill,w_280,h_210,f_jpg?from=ke.com
20241021,朝阳,西坝河,101125070071,和平里光熙家园三期2012年小区全明格局满五唯一,845万,77353元/平,顶层 (共22层) | 2012年 | 2室1厅 | 109.24平米 | 西北,https://ke-image.ljcdn.com/110000-inspection/d9492dda-8c47-48bd-9271-eaa3165b4e14_1000.jpg!m_fill,w_280,h_210,f_jpg?from=ke.com
20241021,朝阳,西坝河,101124910131,太阳宫10-17-13三条地铁小户型带租约精装,530万,95789元/平,中楼层 (共18层) | 2003年 | 1室0厅 | 55.33平米 | 西,https://ke-image.ljcdn.com/110000-inspection/pc1_uMwX9YsHB.jpg!m_fill,w_280,h_210,f_jpg?from=ke.com
20241021,朝阳,西坝河,101124908884,西坝河东里 大院 全明格局 满五唯一 钢混结构,429万,55241元/平,顶层 (共6层) | 1988年 | 3室1厅 | 77.66平米 | 东 南 西,https://ke-image.ljcdn.com/110000-inspection/ffa183f2-1973-41fc-8eae-ce0f2354988c_1000.jpg!m_fill,w_280,h_210,f_jpg?from=ke.com
20241021,朝阳,西坝河,101124886357,二手业主 不满2年 客厅面宽大 采光很好,870万,93378元/平,高楼层 (共28层) | 2010年 | 2室1厅 | 93.17平米 | 西南,https://ke-image.ljcdn.com/110000-inspection/pc1_ehooQaPI6.jpg!m_fill,w_280,h_210,f_jpg?from=ke.com
20241021,朝阳,西坝河,101124808767,柳芳北街9号院 2室2厅 东 南,430万,67888元/平,低楼层 (共21层) | 1997年 | 2室2厅 | 63.34平米 | 东 南,https://ke-image.ljcdn.com/110000-inspection/pc1_f5K0Ns2tk.jpg!m_fill,w_280,h_210,f_jpg?from=ke.com
20241021,朝阳,西坝河,101124782815,国展新座 1室1厅 西,598万,85429元/平,低楼层 (共18层) | 2003年 | 1室1厅 | 70平米 | 西,https://ke-image.ljcdn.com/110000-inspection/pc1_JuWucmwcY.jpg!m_fill,w_280,h_210,f_jpg?from=ke.com
20241021,朝阳,西坝河,101124741632,此房满五唯一 南北通透格局 一层无遮挡 采光充足,1280万,89863元/平,底层 (共14层) 3室2厅 | 142.44平米 | 南 北,https://ke-image.ljcdn.com/110000-inspection/pc1_Hb9sbMnQv.jpg!m_fill,w_280,h_210,f_jpg?from=ke.com
20241021,朝阳,西坝河,101124624222,格局好利用视野好自然光充足明厨明卫,327万,55974元/平,高楼层 (共6层) | 1988年 | 2室1厅 | 58.42平米 | 西北,https://ke-image.ljcdn.com/110000-inspection/pc1_vQ9UNAHTG.jpg!m_fill,w_280,h_210,f_jpg?from=ke.com
20241021,朝阳,西坝河,101124554282,西坝河东里 3室1厅 南 北,628万,80793元/平,高楼层 (共6层) | 1988年 | 3室1厅 | 77.73平米 | 南 北,https://ke-image.ljcdn.com/110000-inspection/pc1_HLE1cf2mM.jpg!m_fill,w_280,h_210,f_jpg?from=ke.com
20241021,朝阳,西坝河,101124508239,英特公寓满五年唯一商品房有车位居家精装修,1370万,60265元/平,中楼层 (共19层) 3室2厅 | 227.33平米 | 南 北,https://ke-image.ljcdn.com/110000-inspection/454e60c0-561c-4cb5-ae40-97304b76f5d4_1000.jpg!m_fill,w_280,h_210,f_jpg?from=ke.com
20241021,朝阳,西坝河,101124335090,国展新座2号楼南北通透1梯2户满五唯一,880万,97475元/平,顶层 (共14层) | 2003年 | 2室1厅 | 90.28平米 | 南 北,https://ke-image.ljcdn.com/110000-inspection/f9687368-4b8f-4a31-b447-9f521b889add_1000.jpg!m_fill,w_280,h_210,f_jpg?from=ke.com
20241021,朝阳,西坝河,101124334273,国展新座西北向两居室户型方正随时看房。,758万,88418元/平,低楼层 (共18层) 2室1厅 | 85.73平米 | 西北,https://ke-image.ljcdn.com/110000-inspection/11f653e0-9ea4-405b-b284-f81a1432594b_1000.jpg!m_fill,w_280,h_210,f_jpg?from=ke.com
20241021,朝阳,西坝河,101124218985,满五唯一 只有契税 对着绿化景观好 没有遮挡,820万,86407元/平,低楼层 (共28层) 2室1厅 | 94.9平米 | 东南,https://ke-image.ljcdn.com/110000-inspection/9ce8b773-a4f0-47fd-ae93-114882881b56_1000.jpg!m_fill,w_280,h_210,f_jpg?from=ke.com
20241021,朝阳,西坝河,101124171306,西坝河北里 三个南向卧室 大客厅 满五唯一,750万,75904元/平,低楼层 (共8层) 3室1厅 | 98.81平米 | 南 北,https://ke-image.ljcdn.com/110000-inspection/c885500a-7547-4bea-a73c-baa02500c09c_1000.jpg!m_fill,w_280,h_210,f_jpg?from=ke.com
20241021,朝阳,西坝河,101124155929,光熙门北里南向两居室小区中间位置满五年唯一住宅,428万,72938元/平,中楼层 (共16层) 2室1厅 | 58.68平米 | 南,https://ke-image.ljcdn.com/110000-inspection/pc1_QN8vn2vLj.jpg!m_fill,w_280,h_210,f_jpg?from=ke.com
20241021,朝阳,西坝河,101124121192,西坝河东里2居 双卧朝南 明厨明卫 满五年唯一,350万,62013元/平,顶层 (共5层) | 1986年 | 2室1厅 | 56.44平米 | 南,https://ke-image.ljcdn.com/110000-inspection/c907ada7-d134-414a-b4e6-663aebcae4a2_1000.jpg!m_fill,w_280,h_210,f_jpg?from=ke.com
20241021,朝阳,西坝河,101124103731,满五唯一 格局方正 视野开阔 南向无遮挡 业主诚心出售,999万,88041元/平,中楼层 (共22层) | 2007年 | 2室1厅 | 113.47平米 | 南,https://ke-image.ljcdn.com/110000-inspection/pc1_wmUrRuc21.jpg!m_fill,w_280,h_210,f_jpg?from=ke.com
20241021,朝阳,西坝河,101124094239,正规一室一厅 看房方便 视野采光无遮挡 带电梯,370万,79434元/平,低楼层 (共20层) | 1992年 | 1室1厅 | 46.58平米 | 西南,https://ke-image.ljcdn.com/110000-inspection/pc1_qLFOiv3sG_1.jpg!m_fill,w_280,h_210,f_jpg?from=ke.com
20241021,朝阳,西坝河,101124024462,西坝河东里 满五唯一 方正一居 中间楼层,270万,60688元/平,高楼层 (共18层) | 1988年 | 1室1厅 | 44.49平米 | 西南,https://ke-image.ljcdn.com/110000-inspection/089a5af2-5c16-41c6-b0f2-00d703497bdb_1000.jpg!m_fill,w_280,h_210,f_jpg?from=ke.com
20241021,朝阳,西坝河,101123811468,太阳宫 国展新座西南开间 次顶层 特殊户型 仅契税,660万,86808元/平,高楼层 (共18层) | 2003年 | 1室0厅 | 76.03平米 | 西南,https://ke-image.ljcdn.com/110000-inspection/pc1_hdk8aOKzL.jpg!m_fill,w_280,h_210,f_jpg?from=ke.com
20241021,朝阳,西坝河,101123772496,此房业主家庭名下满五唯一2000年双南朝向,478万,64291元/平,高楼层 (共7层) 2室1厅 | 74.35平米 | 西南,https://ke-image.ljcdn.com/110000-inspection/pc1_g2KvYNu7E_1.jpg!m_fill,w_280,h_210,f_jpg?from=ke.com
20241021,朝阳,西坝河,101123700265,此房满五年。2017年装修的中间楼层 带电梯 明厨明卫,450万,76740元/平,高楼层 (共16层) | 1990年 | 2室1厅 | 58.64平米 | 东南 西北,https://ke-image.ljcdn.com/110000-inspection/pc1_cVTJoL53G_1.jpg!m_fill,w_280,h_210,f_jpg?from=ke.com
20241021,朝阳,西坝河,101123650794,西坝河北里202号院 直观西坝河美景  南北通透两居室,399万,63264元/平,高楼层 (共7层) | 1992年 | 2室1厅 | 63.07平米 | 南 北,https://ke-image.ljcdn.com/110000-inspection/pc1_Y7OaEdSX3.jpg!m_fill,w_280,h_210,f_jpg?from=ke.com
20241021,朝阳,西坝河,101123626005,光熙门北里 好户型三居室 带一圈大阳台诚心卖,669万,81239元/平,高楼层 (共21层) 3室1厅 | 82.35平米 | 西南 东北,https://ke-image.ljcdn.com/110000-inspection/pc1_LRinQBlPB.jpg!m_fill,w_280,h_210,f_jpg?from=ke.com
20241021,朝阳,西坝河,101123566331,英特公寓小区70年产权小区环境好一梯两户,642万,68966元/平,中楼层 (共19层) | 2002年 | 1室1厅 | 93.09平米 | 东北,https://ke-image.ljcdn.com/110000-inspection/pc1_pQa07wpIV.jpg!m_fill,w_280,h_210,f_jpg?from=ke.com
20241021,朝阳,西坝河,101123531617,国展新座满五年唯一格局好利用。,840万,85107元/平,低楼层 (共18层) | 2003年 | 2室1厅 | 98.7平米 | 东,https://ke-image.ljcdn.com/110000-inspection/pc1_N4Cggh96m.jpg!m_fill,w_280,h_210,f_jpg?from=ke.com
20241021,朝阳,西坝河,101123454171,西坝河中里大客厅两居室无遮挡采光好,360万,58901元/平,顶层 (共11层) 2室1厅 | 61.12平米 | 西南,https://ke-image.ljcdn.com/110000-inspection/pc1_SMxR6RCJm_2.jpg!m_fill,w_280,h_210,f_jpg?from=ke.com
20241021,朝阳,西坝河,101123424150,西坝河西里满五年唯一住宅精装两居室南北通透房主自荐,399万,68853元/平,高楼层 (共6层) | 1994年 | 2室1厅 | 57.95平米 | 南 北,https://ke-image.ljcdn.com/110000-inspection/f34fc2da-2ad0-43f7-8a10-093471001b1a_1000.jpg!m_fill,w_280,h_210,f_jpg?from=ke.com
20241021,朝阳,西坝河,101123410608,西坝河东里精装修管理好近地铁,395万,64291元/平,顶层 (共5层) 2室1厅 | 61.44平米 | 南 北,https://ke-image.ljcdn.com/110000-inspection/df0ad97e-fe37-4d56-8bc9-ccf6b1ed835d_1000.jpg!m_fill,w_280,h_210,f_jpg?from=ke.com
20241021,朝阳,西坝河,101123362508,温馨一居 精装修 拎包入住 安静不吵 总价合适,420万,70731元/平,低楼层 (共22层) 1室1厅 | 59.38平米 | 西,https://ke-image.ljcdn.com/110000-inspection/85b59ddc-8c24-4781-ab30-c3a53f8f7e86_1000.jpg!m_fill,w_280,h_210,f_jpg?from=ke.com
20241021,朝阳,西坝河,101123322427,西坝河东里   带电梯   采光好    业主诚意出售,245万,61128元/平,低楼层 (共24层) | 1986年 | 1室1厅 | 40.08平米 | 东南,https://ke-image.ljcdn.com/110000-inspection/8abe9e2d-9069-4bed-9ff2-1560c7b453a2_1000.jpg!m_fill,w_280,h_210,f_jpg?from=ke.com
20241021,朝阳,西坝河,101123280486,光熙门 13/12/17三条地铁交汇  满五唯一 看房有钥匙,379万,64260元/平,中楼层 (共22层) 2室1厅 | 58.98平米 | 西北,https://ke-image.ljcdn.com/110000-inspection/f0f637b9-f9f7-40fb-b740-a0a3628aa965_1000.jpg!m_fill,w_280,h_210,f_jpg?from=ke.com
20241021,朝阳,西坝河,101123245641,光熙门 带客厅两居 南北通透 低楼层 随时看房,388万,70303元/平,低楼层 (共3层) | 1991年 | 2室1厅 | 55.19平米 | 南 北,https://ke-image.ljcdn.com/110000-inspection/0739b9e9-2b69-4251-9669-038a305f3cdb_1000.jpg!m_fill,w_280,h_210,f_jpg?from=ke.com
20241021,朝阳,西坝河,101123215596,光熙门北里 2室1厅 南,398万,64308元/平,低楼层 (共22层) 2室1厅 | 61.89平米 | 南,https://ke-image.ljcdn.com/110000-inspection/a9269e0c-5dff-4681-9dbd-efabd4a5f6e3_1000.jpg!m_fill,w_280,h_210,f_jpg?from=ke.com
20241021,朝阳,西坝河,101123206877,东北三环西坝河东里大院急售两居,410万,62845元/平,低楼层 (共18层) | 1988年 | 2室1厅 | 65.24平米 | 东 南,https://ke-image.ljcdn.com/110000-inspection/pc1_2pNfwF8fN.jpg!m_fill,w_280,h_210,f_jpg?from=ke.com
20241021,朝阳,西坝河,101123159522,西坝河西里 板楼带电梯 满五唯一 环境好,305万,68172元/平,低楼层 (共12层) | 1985年 | 1室1厅 | 44.74平米 | 南,https://ke-image.ljcdn.com/110000-inspection/3db8fea7-8c30-454c-8a8d-a918931f1620_1000.jpg!m_fill,w_280,h_210,f_jpg?from=ke.com
20241021,朝阳,西坝河,101123132156,太阳宫 国展新座 顶复户型 地铁10121317号线,1999万,92401元/平,高楼层 (共14层) | 2003年 | 4室2厅 | 216.34平米 | 南 北,https://ke-image.ljcdn.com/110000-inspection/pc1_LLEYzzuFZ.jpg!m_fill,w_280,h_210,f_jpg?from=ke.com
20241021,朝阳,西坝河,101123128028,西坝河西里 南向两居室 板楼中间层 采光明亮房主自荐,310万,54907元/平,中楼层 (共6层) | 1988年 | 2室1厅 | 56.46平米 | 西 南,https://ke-image.ljcdn.com/110000-inspection/pc1_rw99K0WA4_1.jpg!m_fill,w_280,h_210,f_jpg?from=ke.com
20241021,朝阳,西坝河,101122996793,西坝河东里 2室0厅 西南,398万,81060元/平,顶层 (共12层) | 1987年 | 2室0厅 | 49.1平米 | 西南,https://ke-image.ljcdn.com/110000-inspection/641e5c7f-7c1e-41e0-8ed8-e8224a40a7fc_1000.jpg!m_fill,w_280,h_210,f_jpg?from=ke.com
20241021,朝阳,西坝河,101122994038,东向大阳台  大客厅   不临街,550万,69506元/平,低楼层 (共24层) 2室1厅 | 79.13平米 | 东南,https://ke-image.ljcdn.com/110000-inspection/f59db917-6ccf-4829-88dd-1c36db992988_1000.jpg!m_fill,w_280,h_210,f_jpg?from=ke.com
20241021,朝阳,西坝河,101122977018,光熙门北里 带电梯 精装修 一居室,395万,82121元/平,低楼层 (共22层) 1室1厅 | 48.1平米 | 南,https://ke-image.ljcdn.com/110000-inspection/c8daec1b-5bd5-4db1-a880-5f4a7377c7e0_1000.jpg!m_fill,w_280,h_210,f_jpg?from=ke.com
20241021,朝阳,西坝河,101122975126,光熙门 大客厅两居 满五年唯一 户型方正 随时看房,479万,67637元/平,中楼层 (共16层) | 1986年 | 2室1厅 | 70.82平米 | 东北,https://ke-image.ljcdn.com/110000-inspection/076742e6-eb4c-4195-ac1a-bc5a1592f7ed_1000.jpg!m_fill,w_280,h_210,f_jpg?from=ke.com
20241021,朝阳,西坝河,101122969093,东北三环西坝河东里业主诚心售房,595万,79620元/平,低楼层 (共18层) | 1987年 | 2室1厅 | 74.73平米 | 南,https://ke-image.ljcdn.com/110000-inspection/pc1_3X2IiMWDD.jpg!m_fill,w_280,h_210,f_jpg?from=ke.com
20241021,朝阳,西坝河,101122967921,西坝河东里 2室1厅 南,480万,77407元/平,低楼层 (共18层) 2室1厅 | 62.01平米 | 南,https://ke-image.ljcdn.com/110000-inspection/07ba5e55-03f7-400d-b956-5d30520f859f_1000.jpg!m_fill,w_280,h_210,f_jpg?from=ke.com
20241021,朝阳,西坝河,101122967803,光熙家园一期西南向两居室精装修诚心出售,1020万,94673元/平,中楼层 (共22层) 2室1厅 | 107.74平米 | 西 南,https://ke-image.ljcdn.com/110000-inspection/9d729510-736f-4101-9ae2-3903c0a41dcf_1000.jpg!m_fill,w_280,h_210,f_jpg?from=ke.com
20241021,朝阳,西坝河,101122964870,此房满五年唯一商品房业主变现诚心卖装修很好,360万,77022元/平,高楼层 (共16层) | 1987年 | 2室1厅 | 46.74平米 | 西南 西 北,https://ke-image.ljcdn.com/110000-inspection/4a453f0a-8051-4220-b845-3690dc73b66c_1000.jpg!m_fill,w_280,h_210,f_jpg?from=ke.com
20241021,朝阳,西坝河,101122964632,西坝河东里 2室1厅 西南,382万,59884元/平,顶层 (共12层) | 1987年 | 2室1厅 | 63.79平米 | 西南,https://ke-image.ljcdn.com/110000-inspection/pc1_cpMNtHY27_1.jpg!m_fill,w_280,h_210,f_jpg?from=ke.com
20241021,朝阳,西坝河,101122961273,西坎河南里精装修东南向两居室出售。,350万,63315元/平,底层 (共13层) | 1985年 | 2室1厅 | 55.28平米 | 东 南,https://ke-image.ljcdn.com/110000-inspection/377fa057-6220-4ed4-b2c6-92f0a1ab7ab3_1000.jpg!m_fill,w_280,h_210,f_jpg?from=ke.com
20241021,朝阳,西坝河,101122960895,太阳宫板块 西坝河北里202号院小区,408万,68308元/平,高楼层 (共7层) | 1993年 | 2室1厅 | 59.73平米 | 东南 西北,https://ke-image.ljcdn.com/110000-inspection/b3b3e6ae-ef74-49eb-be4e-0fa243de7705_1000.jpg!m_fill,w_280,h_210,f_jpg?from=ke.com
20241021,朝阳,西坝河,101122959027,东里大院超大客厅带阳台明厨明卫楼下有在建地铁,550万,71727元/平,低楼层 (共24层) | 1986年 | 2室1厅 | 76.68平米 | 东南,https://ke-image.ljcdn.com/110000-inspection/a7fd0a86-3497-43c9-864e-07847c73978d_1000.jpg!m_fill,w_280,h_210,f_jpg?from=ke.com
20241021,朝阳,西坝河,101122958291,西坝河板块 西坝河西里正规电梯两居室,465万,77436元/平,低楼层 (共16层) 2室1厅 | 60.05平米 | 东南,https://ke-image.ljcdn.com/110000-inspection/pc1_eD9i1GWpP.jpg!m_fill,w_280,h_210,f_jpg?from=ke.com
20241021,朝阳,西坝河,101122956695,光熙家园二期 南向复式 满五年家庭唯一住宅 诚心卖房主自荐,1475万,74140元/平,低楼层 (共21层) 3室2厅 | 198.95平米 | 南,https://ke-image.ljcdn.com/110000-inspection/d8e8dcea-8edd-4575-8659-bbf76376376e_1000.jpg!m_fill,w_280,h_210,f_jpg?from=ke.com
20241021,朝阳,西坝河,101122953164,地铁坝河站双规两居室南向全明格局无遮挡,470万,83025元/平,底层 (共6层) 2室1厅 | 56.61平米 | 南,https://ke-image.ljcdn.com/110000-inspection/02974e40-3e36-42be-8d30-bff9a8e65ffe_1000.jpg!m_fill,w_280,h_210,f_jpg?from=ke.com
20241021,朝阳,西坝河,101122952140,西坝河东里   大客厅    南北通透    采光好,520万,75957元/平,顶层 (共6层) | 1985年 | 2室1厅 | 68.46平米 | 南 北,https://ke-image.ljcdn.com/110000-inspection/pc1_z6pYEb4iV_2.jpg!m_fill,w_280,h_210,f_jpg?from=ke.com
20241021,朝阳,西坝河,101122950165,东里电梯大三居带转角阳台高楼层90年钢混结构房主自荐,569万,66761元/平,高楼层 (共18层) | 1990年 | 3室1厅 | 85.23平米 | 西南 西北,https://ke-image.ljcdn.com/110000-inspection/28588742-ca9d-464c-b553-4411f09b6014_1000.jpg!m_fill,w_280,h_210,f_jpg?from=ke.com
20241021,朝阳,西坝河,101122874928,南北通透三居室 精装修 视野采光无遮挡 中间楼层,597万,64270元/平,低楼层 (共7层) | 1995年 | 3室1厅 | 92.89平米 | 南 北,https://ke-image.ljcdn.com/110000-inspection/4e5423cd-63b6-4cfa-8837-1c86ee0cb400_1000.jpg!m_fill,w_280,h_210,f_jpg?from=ke.com
20241021,朝阳,西坝河,101122828496,西坝河北里202号院精装两居南北通透房主自荐,318万,53329元/平,底层 (共7层) 2室1厅 | 59.63平米 | 南 北,https://ke-image.ljcdn.com/110000-inspection/9f4597fe-e42c-4188-a751-2bb88c0f41f2_1000.jpg!m_fill,w_280,h_210,f_jpg?from=ke.com
20241021,朝阳,西坝河,101122741244,双南向两居室带客厅无遮挡采光好,520万,77868元/平,低楼层 (共24层) | 1988年 | 2室1厅 | 66.78平米 | 东南,https://ke-image.ljcdn.com/110000-inspection/pc1_wbxaG6Gh6_2.jpg!m_fill,w_280,h_210,f_jpg?from=ke.com
20241021,朝阳,西坝河,101122727507,英特公寓适合改善型客户人车分流 小区环境好房主自荐,1598万,70295元/平,中楼层 (共19层) 3室1厅 | 227.33平米 | 南 北,https://ke-image.ljcdn.com/110000-inspection/31914892-6229-449b-bc44-a7805dda16b6_1000.jpg!m_fill,w_280,h_210,f_jpg?from=ke.com
20241021,朝阳,西坝河,101122717545,柳芳北街9号院  1993年小区  通透户型 大客厅两居,356万,63447元/平,顶层 (共6层) 2室1厅 | 56.11平米 | 东 西,https://ke-image.ljcdn.com/110000-inspection/72769674-8155-48d9-a79c-6b6a011cd628_1000.jpg!m_fill,w_280,h_210,f_jpg?from=ke.com
20241021,朝阳,西坝河,101122692782,光熙家园二期次顶层西向精装修一居室,413万,75683元/平,高楼层 (共21层) | 2009年 | 1室1厅 | 54.57平米 | 西,https://ke-image.ljcdn.com/110000-inspection/3299167c-83b1-4a03-a9dd-e81456f6d8df_1000.jpg!m_fill,w_280,h_210,f_jpg?from=ke.com
20241021,朝阳,西坝河,101122691713,光熙家园 三环内商品房  2008年楼龄  双地铁 业主诚售,1300万,78569元/平,顶层 (共23层) 3室2厅 | 165.46平米 | 南 西南,https://ke-image.ljcdn.com/110000-inspection/44c66595-dd12-4c11-93ec-a8436b56d6d9_1000.jpg!m_fill,w_280,h_210,f_jpg?from=ke.com
20241021,朝阳,西坝河,101122691534,光熙家园二期 A单元安静不吵 南北通透 明厨明卫大三居,1460万,91623元/平,低楼层 (共21层) | 2009年 | 3室2厅 | 159.35平米 | 南 北,https://ke-image.ljcdn.com/110000-inspection/8b7a6a64-2fc0-489d-b790-6ee968d5aac3_1000.jpg!m_fill,w_280,h_210,f_jpg?from=ke.com
20241021,朝阳,西坝河,101122642910,西坝河东里 满五唯一 中间楼层 带客厅,290万,69229元/平,中楼层 (共6层) 1室1厅 | 41.89平米 | 东南,https://ke-image.ljcdn.com/110000-inspection/pc1_hDAHFrqFZ_2.jpg!m_fill,w_280,h_210,f_jpg?from=ke.com
20241021,朝阳,西坝河,101122636972,柳芳北街9号院 2室1厅 西南,375万,69087元/平,中楼层 (共6层) 2室1厅 | 54.28平米 | 西南,https://ke-image.ljcdn.com/110000-inspection/6316d6c8-0b9f-41dd-83f7-e6efb592bd3e_1000.jpg!m_fill,w_280,h_210,f_jpg?from=ke.com
20241021,朝阳,西坝河,101122635375,此房满五唯一高楼层视野号不临街安静小区环境好,460万,64058元/平,中楼层 (共18层) | 1989年 | 2室1厅 | 71.81平米 | 西 西北,https://ke-image.ljcdn.com/110000-inspection/8e42717e-6f09-444a-ad0a-4387d0c6e4d1_1000.jpg!m_fill,w_280,h_210,f_jpg?from=ke.com
20241021,朝阳,西坝河,101122629867,西坝河北里 南北通透三居室 1998年楼龄 满五年唯一房主自荐,630万,68382元/平,高楼层 (共7层) | 1998年 | 3室1厅 | 92.13平米 | 南 北,https://ke-image.ljcdn.com/110000-inspection/pc1_uYQVurn1j.jpg!m_fill,w_280,h_210,f_jpg?from=ke.com
20241021,朝阳,西坝河,101122623607,东北三环国展三元桥东南朝向高楼层钢混带电梯,405万,64012元/平,中楼层 (共22层) 2室1厅 | 63.27平米 | 东南,https://ke-image.ljcdn.com/110000-inspection/pc1_n9nNG0jJu_2.jpg!m_fill,w_280,h_210,f_jpg?from=ke.com
20241021,朝阳,西坝河,101122620518,光熙家园二期 1室1厅 西北,455万,77553元/平,底层 (共21层) 1室1厅 | 58.67平米 | 西北,https://ke-image.ljcdn.com/110000-inspection/1e324571-d4b4-4fe7-be1f-9ab9f3c09d44_1000.jpg!m_fill,w_280,h_210,f_jpg?from=ke.com
20241021,朝阳,西坝河,101122619200,圣馨家园高层正规一居视野好装修好,580万,103002元/平,高楼层 (共28层) | 2010年 | 1室1厅 | 56.31平米 | 西北,https://ke-image.ljcdn.com/110000-inspection/0f4bd381-bb6b-4511-a442-448e779bcfd5_1000.jpg!m_fill,w_280,h_210,f_jpg?from=ke.com
20241021,朝阳,西坝河,101122618324,西坝河北里 满五唯一 中间楼层 朝南无遮挡,358万,84654元/平,中楼层 (共6层) 1室1厅 | 42.29平米 | 东南,https://ke-image.ljcdn.com/110000-inspection/pc1_rIB1VhQ9g.jpg!m_fill,w_280,h_210,f_jpg?from=ke.com
20241021,朝阳,西坝河,101122574270,金岛花园 复式观河 精装修 有钥匙,1800万,72825元/平,顶层 (共22层) 6室2厅 | 247.17平米 | 南 东南 西南,https://ke-image.ljcdn.com/110000-inspection/ad2dd2ef-8d51-41af-a672-abad55aad658_1000.jpg!m_fill,w_280,h_210,f_jpg?from=ke.com
20241021,朝阳,西坝河,101122536202,柳芳北街9号院 南向两居精装修97年楼龄,450万,71691元/平,中楼层 (共21层) | 1997年 | 2室1厅 | 62.77平米 | 东南,https://ke-image.ljcdn.com/110000-inspection/572dffed-0af4-43b2-a06a-2159adecba36_1000.jpg!m_fill,w_280,h_210,f_jpg?from=ke.com
20241021,朝阳,西坝河,101122534352,光熙家园一期 1室1厅 西,465万,78112元/平,中楼层 (共22层) 1室1厅 | 59.53平米 | 西,https://ke-image.ljcdn.com/110000-inspection/pc1_1WeAeuS9j.jpg!m_fill,w_280,h_210,f_jpg?from=ke.com
20241021,朝阳,西坝河,101122138116,金岛花园 3室1厅 东南,1380万,81412元/平,中楼层 (共22层) 3室1厅 | 169.51平米 | 东南,https://ke-image.ljcdn.com/110000-inspection/845db99c-210c-40e0-a3a4-3617e21ab8f9_1000.jpg!m_fill,w_280,h_210,f_jpg?from=ke.com
20241021,朝阳,西坝河,101121919795,英特公寓 4室2厅 西南 东北,1900万,59885元/平,顶层 (共12层) | 2002年 | 4室2厅 | 317.28平米 | 西南 东北,https://ke-image.ljcdn.com/110000-inspection/pc1_4dUS5oydM_2.jpg!m_fill,w_280,h_210,f_jpg?from=ke.com
20241021,朝阳,西坝河,101121883581,国展 三元桥  带个大客厅 交通出行方便 业主诚心出售,399万,63093元/平,中楼层 (共22层) 2室1厅 | 63.24平米 | 东南,https://ke-image.ljcdn.com/110000-inspection/a534b81d-cc7e-47be-9f62-75a17c29acf5_1000.jpg!m_fill,w_280,h_210,f_jpg?from=ke.com
20241021,朝阳,西坝河,101121397289,光熙门北里精装两居室满五年近地铁看房方便,485万,78978元/平,低楼层 (共21层) | 1991年 | 2室1厅 | 61.41平米 | 东南,https://ke-image.ljcdn.com/110000-inspection/pc1_hvY3cRp6F.jpg!m_fill,w_280,h_210,f_jpg?from=ke.com
20241021,朝阳,西坝河,101121395262,西坝河北里住宅小区    交通便利,465万,73939元/平,低楼层 (共6层) | 1995年 | 2室1厅 | 62.89平米 | 东 西,https://ke-image.ljcdn.com/110000-inspection/3d93fca0-340b-4fdb-b377-ce934b4b0dcc_1000.jpg!m_fill,w_280,h_210,f_jpg?from=ke.com
20241021,朝阳,西坝河,101121395261,西坝河北里住宅小区 出行方便交通便利,340万,64615元/平,底层 (共6层) | 1995年 | 1室1厅 | 52.62平米 | 东 西,https://ke-image.ljcdn.com/110000-inspection/pc1_Cd2ICL1m7_2.jpg!m_fill,w_280,h_210,f_jpg?from=ke.com
20241021,朝阳,西坝河,101121366787,光熙门北里小三居 户型方正 光线好 看房方便 诚心出售,606万,85570元/平,顶层 (共16层) | 1986年 | 3室1厅 | 70.82平米 | 西北,https://ke-image.ljcdn.com/110000-inspection/814adc77-38e0-4011-9ad8-76784256c096_1000.jpg!m_fill,w_280,h_210,f_jpg?from=ke.com
20241021,朝阳,西坝河,101121270905,金岛花园 东南两居双卫看房方便满五年唯一,820万,75209元/平,中楼层 (共22层) 2室2厅 | 109.03平米 | 东南,https://ke-image.ljcdn.com/110000-inspection/f44aac68-1f39-4987-ad0e-f0037bcdb955_1000.jpg!m_fill,w_280,h_210,f_jpg?from=ke.com
20241021,朝阳,西坝河,101121238860,东西通透中间楼层。前面无遮挡,300万,53581元/平,中楼层 (共6层) | 1986年 | 2室1厅 | 55.99平米 | 东 西,https://ke-image.ljcdn.com/110000-inspection/pc1_dzSPMkELs_2.jpg!m_fill,w_280,h_210,f_jpg?from=ke.com
20241021,朝阳,西坝河,101120956632,光熙门北里  南向两居室 户型好,430万,65370元/平,中楼层 (共22层) | 1993年 | 2室1厅 | 65.78平米 | 东 南,https://ke-image.ljcdn.com/110000-inspection/d3ab12d8-d81b-4e62-92d7-5a831f50c0e5_1000.jpg!m_fill,w_280,h_210,f_jpg?from=ke.com
20241021,朝阳,西坝河,101120946762,国展西坝河 一梯两户 满五唯一 精装修 随时看 不临街,1299万,65208元/平,中楼层 (共12层) | 2002年 | 3室1厅 | 199.21平米 | 西南 东北,https://ke-image.ljcdn.com/110000-inspection/48e45a6b-ce2f-4106-9d83-bf842f92ea66_1000.jpg!m_fill,w_280,h_210,f_jpg?from=ke.com
20241021,朝阳,西坝河,101120935084,西坝河北里小区正规带大客厅三居室,624万,61893元/平,顶层 (共7层) | 1995年 | 3室1厅 | 100.82平米 | 南 北,https://ke-image.ljcdn.com/110000-inspection/3c3e70d6-56ce-45ac-8b5b-60cd10f62daa_1000.jpg!m_fill,w_280,h_210,f_jpg?from=ke.com
20241021,朝阳,西坝河,101120886506,西坝河 1994年板楼一室一厅 满五唯一 有钥匙 全明格局,288万,56716元/平,顶层 (共6层) | 1994年 | 1室1厅 | 50.78平米 | 南,https://ke-image.ljcdn.com/110000-inspection/e1e8f81f-4b89-4811-93e1-489132cc8a93_1000.jpg!m_fill,w_280,h_210,f_jpg?from=ke.com
20241021,朝阳,西坝河,101120807841,西坝河东里满五年唯一住房南向一居室无遮挡采光好,328万,73808元/平,低楼层 (共18层) | 1990年 | 1室1厅 | 44.44平米 | 南,https://ke-image.ljcdn.com/110000-inspection/pc1_K3ToW2HxM.jpg!m_fill,w_280,h_210,f_jpg?from=ke.com
20241021,朝阳,西坝河,101120783582,光熙门北里南院  安静不临街  停车方便,488万,69093元/平,顶层 (共6层) | 1985年 | 3室1厅 | 70.63平米 | 东 西,https://ke-image.ljcdn.com/110000-inspection/test-08899613-1531-463e-876f-c0db4f5c9c1a.png!m_fill,w_280,h_210,f_jpg?from=ke.com
20241021,朝阳,西坝河,101120204514,精装带客厅二居室看房方便诚心出售,340万,60596元/平,顶层 (共6层) 2室1厅 | 56.11平米 | 西 东,https://ke-image.ljcdn.com/110000-inspection/pc1_mIrD2dm5P_2.jpg!m_fill,w_280,h_210,f_jpg?from=ke.com
20241021,朝阳,西坝河,101119363803,西坝河东里 带电梯一居室 中间楼层  满五年,280万,68310元/平,低楼层 (共24层) | 1988年 | 1室1厅 | 40.99平米 | 东南,https://ke-image.ljcdn.com/110000-inspection/pc1_8FGArhzjC.jpg!m_fill,w_280,h_210,f_jpg?from=ke.com
20241021,朝阳,西坝河,101119235204,西坝河东里大院新上三居室 小区中间 不临街,565万,83853元/平,高楼层 (共18层) | 1987年 | 3室1厅 | 67.38平米 | 西北,https://ke-image.ljcdn.com/110000-inspection/734173fb-137d-4d85-ae6b-57ec1852ff0c_1000.jpg!m_fill,w_280,h_210,f_jpg?from=ke.com
20241021,朝阳,西坝河,101118921152,太阳宫 西坝河 国展新座 10号线17号线 南北双阳台,1330万,93544元/平,中楼层 (共14层) | 2003年 | 3室1厅 | 142.18平米 | 南 北,https://ke-image.ljcdn.com/110000-inspection/65500a5b-a2e8-4cdf-9ec0-c7f4e6b3f568_1000.jpg!m_fill,w_280,h_210,f_jpg?from=ke.com
20241021,朝阳,西坝河,101118744465,英特公寓 南北三居室 高层视野好 满五年唯一房主自荐,1350万,59386元/平,高楼层 (共19层) | 2002年 | 3室1厅 | 227.33平米 | 西南 东北,https://ke-image.ljcdn.com/110000-inspection/pc1_4XAzm9smt_2.jpg!m_fill,w_280,h_210,f_jpg?from=ke.com
20241021,朝阳,西坝河,101118593585,C座高楼层南北通透高层安静不临街,1450万,72865元/平,高楼层 (共12层) | 2002年 | 3室1厅 | 199平米 | 西南 东北,https://ke-image.ljcdn.com/110000-inspection/2c3ebd80-ccdc-451c-a08c-18577f0c957f_1000.jpg!m_fill,w_280,h_210,f_jpg?from=ke.com
20241021,朝阳,西坝河,101118342574,通透二居室满五年唯一住房看房方便,450万,65020元/平,中楼层 (共12层) | 1985年 | 2室1厅 | 69.21平米 | 西南 东北,https://ke-image.ljcdn.com/110000-inspection/2bcf4dce-18ac-428f-ac74-3f76ba2c54cc_1000.jpg!m_fill,w_280,h_210,f_jpg?from=ke.com
20241021,朝阳,西坝河,101117855319,圣馨家园正规一居室高层视野好交通方便,580万,103002元/平,高楼层 (共28层) | 2010年 | 1室1厅 | 56.31平米 | 西北,https://ke-image.ljcdn.com/110000-inspection/pc1_4CXcB7vq6.jpg!m_fill,w_280,h_210,f_jpg?from=ke.com
20241021,朝阳,西坝河,101116021195,光熙家园二期视野开阔 精装修大户型,2200万,72569元/平,顶层 (共21层) | 2009年 | 6室1厅 | 303.16平米 | 东 南 西,https://ke-image.ljcdn.com/110000-inspection/640fe63b-f388-4794-b2cf-12d1b0e71950_1000.jpg!m_fill,w_280,h_210,f_jpg?from=ke.com
20241021,朝阳,西坝河,101115660630,光熙家园二期精装两居看房方便,750万,114121元/平,高楼层 (共23层) | 2009年 | 2室2厅 | 65.72平米 | 西北,https://ke-image.ljcdn.com/110000-inspection/pc1_LkjSSCb2Q_2.jpg!m_fill,w_280,h_210,f_jpg?from=ke.com
20241021,朝阳,西坝河,101114826941,三元桥英特公寓 带车位高层复式满五唯一！,1998万,63236元/平,高楼层 (共12层) | 2002年 | 5室3厅 | 315.96平米 | 南 北,https://ke-image.ljcdn.com/110000-inspection/pc1_R043jQck5_1.jpg!m_fill,w_280,h_210,f_jpg?from=ke.com
20241021,朝阳,西坝河,101127166272,西坝河东里 2室1厅 南 北新上,415万,68392元/平,高楼层 (共6层) | 1985年 | 2室1厅 | 60.68平米 | 南 北,https://s1.ljcdn.com/pegasus/redskull/images/common/default_house_list.png?_v=202410161653269
20241021,朝阳,西坝河,101127121855,圣馨家园全明格局两居室南北通透高楼层新上,768万,80101元/平,高楼层 (共28层) | 2010年 | 2室1厅 | 95.88平米 | 南 北,https://s1.ljcdn.com/pegasus/redskull/images/common/default_house_list.png?_v=202410161653269
20241021,朝阳,西坝河,101127084358,光熙门北里 3室1厅 东 西新上,400万,60433元/平,顶层 (共6层) | 2000年 | 3室1厅 | 66.19平米 | 东 西,https://s1.ljcdn.com/pegasus/redskull/images/common/default_house_list.png?_v=202410161653269
20241021,朝阳,西坝河,101127079976,西坝河北里202号院 3室1厅 南 北新上,380万,52220元/平,顶层 (共7层) | 1993年 | 3室1厅 | 72.77平米 | 南 北,https://s1.ljcdn.com/pegasus/redskull/images/common/default_house_list.png?_v=202410161653269
20241021,朝阳,西坝河,101127041989,西坝河东里 2室1厅 西南新上,420万,71466元/平,高楼层 (共18层) | 1987年 | 2室1厅 | 58.77平米 | 西南,https://s1.ljcdn.com/pegasus/redskull/images/common/default_house_list.png?_v=202410161653269
20241021,朝阳,西坝河,101127023619,西坝河北里201号院 2室1厅 东南 西北,375万,61597元/平,顶层 (共6层) | 1984年 | 2室1厅 | 60.88平米 | 东南 西北,https://s1.ljcdn.com/pegasus/redskull/images/common/default_house_list.png?_v=202410161653269
20241021,朝阳,西坝河,101127013909,地铁边西坝河中里小区东南向大客厅两居室,388万,62865元/平,低楼层 (共11层) | 1985年 | 2室1厅 | 61.72平米 | 东南,https://s1.ljcdn.com/pegasus/redskull/images/common/default_house_list.png?_v=202410161653269
20241021,朝阳,西坝河,101126924114,西坝河中里 2室1厅 西南,390万,63809元/平,高楼层 (共11层) 2室1厅 | 61.12平米 | 西南,https://s1.ljcdn.com/pegasus/redskull/images/common/default_house_list.png?_v=202410161653269
20241021,朝阳,西坝河,101126858043,圣馨家园新上方正南向两居满五唯一适合贷款,848万,89546元/平,低楼层 (共28层) | 2010年 | 2室1厅 | 94.7平米 | 东南,https://s1.ljcdn.com/pegasus/redskull/images/common/default_house_list.png?_v=202410161653269
20241021,朝阳,西坝河,101126791600,西坝河东里 2室1厅 南,420万,67753元/平,中楼层 (共18层) 2室1厅 | 61.99平米 | 南,https://s1.ljcdn.com/pegasus/redskull/images/common/default_house_list.png?_v=202410161653269
20241021,朝阳,西坝河,101126716935,西坝河东里一层有客厅精装修南北通透,375万,75666元/平,底层 (共6层) | 1985年 | 1室1厅 | 49.56平米 | 南 北,https://s1.ljcdn.com/pegasus/redskull/images/common/default_house_list.png?_v=202410161653269
20241021,朝阳,西坝河,101126610331,圣馨家园新出三居 南北通透 这个户型没有缺角,1199万,90477元/平,中楼层 (共28层) | 2010年 | 3室2厅 | 132.52平米 | 南 北,https://s1.ljcdn.com/pegasus/redskull/images/common/default_house_list.png?_v=202410161653269
20241021,朝阳,西坝河,101126567390,西坝河西里 2室1厅 南,426万,64890元/平,中楼层 (共16层) 2室1厅 | 65.65平米 | 南,https://s1.ljcdn.com/pegasus/redskull/images/common/default_house_list.png?_v=202410161653269
20241021,朝阳,西坝河,101126545157,西坝河南里 2室1厅 东北,385万,57652元/平,中楼层 (共22层) | 2004年 | 2室1厅 | 66.78平米 | 东北,https://s1.ljcdn.com/pegasus/redskull/images/common/default_house_list.png?_v=202410161653269
20241021,朝阳,西坝河,101126540213,西坝河东里 2室1厅 南,305万,48169元/平,顶层 (共6层) | 1985年 | 2室1厅 | 63.32平米 | 南,https://s1.ljcdn.com/pegasus/redskull/images/common/default_house_list.png?_v=202410161653269
20241021,朝阳,西坝河,101126540223,西坝河东里 2室1厅 南,305万,49902元/平,顶层 (共6层) | 1985年 | 2室1厅 | 61.12平米 | 南,https://s1.ljcdn.com/pegasus/redskull/images/common/default_house_list.png?_v=202410161653269
20241021,朝阳,西坝河,101126391309,太阳宫 圣馨家园两居室 低楼层 不临街 诚意出售,699万,75283元/平,底层 (共27层) | 2010年 | 2室1厅 | 92.85平米 | 东南,https://s1.ljcdn.com/pegasus/redskull/images/common/default_house_list.png?_v=202410161653269
20241021,朝阳,西坝河,101126188500,柳芳北街9号院 东南2居 电梯好楼层  业主诚意卖,470万,74203元/平,中楼层 (共21层) | 1997年 | 2室1厅 | 63.34平米 | 东南,https://s1.ljcdn.com/pegasus/redskull/images/common/default_house_list.png?_v=202410161653269
20241021,朝阳,西坝河,101125944412,西坝河东里 北京医院单位 管理好 满五年 双朝南,325万,63169元/平,高楼层 (共12层) 2室1厅 | 51.45平米 | 西南,https://s1.ljcdn.com/pegasus/redskull/images/common/default_house_list.png?_v=202410161653269
20241021,朝阳,西坝河,101125889181,光熙门北里 3室1厅 南 北,520万,74180元/平,中楼层 (共6层) | 1985年 | 3室1厅 | 70.1平米 | 南 北,https://s1.ljcdn.com/pegasus/redskull/images/common/default_house_list.png?_v=202410161653269
20241021,朝阳,西坝河,101125812313,没有遮挡 采光好 位置安静 居住舒适度高,950万,98161元/平,低楼层 (共27层) | 2010年 | 3室1厅 | 96.78平米 | 东南,https://s1.ljcdn.com/pegasus/redskull/images/common/default_house_list.png?_v=202410161653269
20241021,朝阳,西坝河,101125687063,圣馨家园全明格局的不临街看小区,765万,78438元/平,低楼层 (共28层) 2室1厅 | 97.53平米 | 东北 南,https://s1.ljcdn.com/pegasus/redskull/images/common/default_house_list.png?_v=202410161653269
20241021,朝阳,西坝河,101125579526,小区大院 管理好 全明格局 三条地铁 安静舒适,350万,61019元/平,高楼层 (共6层) 2室1厅 | 57.36平米 | 南 北,https://s1.ljcdn.com/pegasus/redskull/images/common/default_house_list.png?_v=202410161653269
20241021,朝阳,西坝河,101125299314,圣馨家园 西南向正规小三居 看房方便 随时签约,809万,83377元/平,底层 (共28层) 3室1厅 | 97.03平米 | 西南,https://s1.ljcdn.com/pegasus/redskull/images/common/default_house_list.png?_v=202410161653269
20241021,朝阳,西坝河,101124475347,西坝河北里 2室1厅 西南,385万,78813元/平,低楼层 (共20层) | 1992年 | 2室1厅 | 48.85平米 | 西南,https://s1.ljcdn.com/pegasus/redskull/images/common/default_house_list.png?_v=202410161653269
20241021,朝阳,西坝河,101122686802,光熙家园一期 3室1厅 南 北,1150万,89265元/平,低楼层 (共22层) 3室1厅 | 128.83平米 | 南 北,https://s1.ljcdn.com/pegasus/redskull/images/common/default_house_list.png?_v=202410161653269
